{"type":"FeatureCollection","source":"USGS National Hydrography Dataset","sourceUrl":"https://hydro.nationalmap.gov/arcgis/rest/services/nhd/MapServer/6","retrievedAt":"2026-09-29T02:21:01.844451+00:00","bbox":[-121.04,39.49,-120.28,40.2],"features":[{"type":"Feature","properties":{"name":"Middle Fork Feather River"},"geometry":{"type":"LineString","coordinates":[[-121.02447,39.820982],[-121.0247582,39.8208296],[-121.0251402,39.8207524]]}},{"type":"Feature","properties":{"name":"Middle Fork Feather River"},"geometry":{"type":"LineString","coordinates":[[-120.9305246,39.8480546],[-120.931032,39.8481996],[-120.9314878,39.8483304],[-120.9319554,39.8484408],[-120.932678,39.8486335],[-120.9333206,39.8487218]]}},{"type":"Feature","properties":{"name":"Middle Fork Feather River"},"geometry":{"type":"LineString","coordinates":[[-120.5100951,39.7893753],[-120.5100723,39.7893209]]}},{"type":"Feature","properties":{"name":"Middle Fork Feather River"},"geometry":{"type":"LineString","coordinates":[[-120.8955624,39.8493074],[-120.896253,39.8492386],[-120.896636,39.8493218]]}},{"type":"Feature","properties":{"name":"Middle Fork Feather River"},"geometry":{"type":"LineString","coordinates":[[-120.8551374,39.8630966],[-120.8553232,39.8628696],[-120.855674,39.8626542],[-120.8563264,39.8623509],[-120.8563436,39.8623382]]}},{"type":"Feature","properties":{"name":"Middle Fork Feather River"},"geometry":{"type":"LineString","coordinates":[[-121.0141672,39.8196342],[-121.0141704,39.8196343],[-121.0142779,39.8196879]]}},{"type":"Feature","properties":{"name":"Middle Fork Feather River"},"geometry":{"type":"LineString","coordinates":[[-120.7059748,39.8540421],[-120.706316,39.8539543],[-120.7068536,39.8536045],[-120.7076818,39.8533057],[-120.7079184,39.8532203],[-120.7079399,39.8532174]]}},{"type":"Feature","properties":{"name":"Middle Fork Feather River"},"geometry":{"type":"LineString","coordinates":[[-120.4540479,39.8143423],[-120.4545165,39.8143661],[-120.4547532,39.8142811],[-120.4549867,39.8142863],[-120.4551129,39.8142316]]}},{"type":"Feature","properties":{"name":"Middle Fork Feather River"},"geometry":{"type":"LineString","coordinates":[[-120.4537904,39.8143511],[-120.4540479,39.8143423]]}},{"type":"Feature","properties":{"name":"Middle Fork Feather River"},"geometry":{"type":"LineString","coordinates":[[-120.5614051,39.7562801],[-120.5615918,39.7561743],[-120.5617141,39.7559713],[-120.561794,39.7558479],[-120.5617398,39.7556487]]}},{"type":"Feature","properties":{"name":"Middle Fork Feather River"},"geometry":{"type":"LineString","coordinates":[[-120.8531672,39.8629812],[-120.8536068,39.8633366],[-120.8536577,39.8633508]]}},{"type":"Feature","properties":{"name":"Middle Fork Feather River"},"geometry":{"type":"LineString","coordinates":[[-120.847304,39.8612931],[-120.8477609,39.8612716]]}},{"type":"Feature","properties":{"name":"Middle Fork Feather River"},"geometry":{"type":"LineString","coordinates":[[-120.6397631,39.7927834],[-120.6397732,39.7930189],[-120.6400519,39.7936475],[-120.640354,39.7942293],[-120.6404381,39.7945717]]}},{"type":"Feature","properties":{"name":"Middle Fork Feather River"},"geometry":{"type":"LineString","coordinates":[[-121.0309655,39.818978],[-121.0313017,39.818891],[-121.0316415,39.8186878]]}},{"type":"Feature","properties":{"name":"Middle Fork Feather River"},"geometry":{"type":"LineString","coordinates":[[-121.032555,39.8170559],[-121.0325876,39.8170199],[-121.032594,39.8167948],[-121.0328366,39.8164835],[-121.0329624,39.8161703],[-121.0335576,39.8156436]]}},{"type":"Feature","properties":{"name":"Middle Fork Feather River"},"geometry":{"type":"LineString","coordinates":[[-120.9945281,39.8299825],[-120.9947118,39.8295871],[-120.9948366,39.829319],[-120.995082,39.8289178],[-120.9955324,39.8285858]]}},{"type":"Feature","properties":{"name":"Middle Fork Feather River"},"geometry":{"type":"LineString","coordinates":[[-120.6109355,39.7726353],[-120.6111626,39.7728201],[-120.6116142,39.7731731],[-120.612014,39.7738583],[-120.6122852,39.7746007],[-120.6128176,39.7756019],[-120.6136127,39.7762489]]}},{"type":"Feature","properties":{"name":"Middle Fork Feather River"},"geometry":{"type":"LineString","coordinates":[[-120.9821998,39.8378838],[-120.9824946,39.8377989],[-120.9826236,39.8377574]]}},{"type":"Feature","properties":{"name":"Middle Fork Feather River"},"geometry":{"type":"LineString","coordinates":[[-120.4813546,39.8054975],[-120.4816996,39.8057257],[-120.4820465,39.8058233],[-120.48216,39.8059159],[-120.4823351,39.8059197],[-120.4824485,39.8060123],[-120.4827926,39.8060846],[-120.4830838,39.8062061],[-120.4833139,39.8063013],[-120.4845213,39.8068229],[-120.4847485,39.8069005],[-120.4850416,39.8069693],[-120.4855668,39.8069807],[-120.4857649,39.8068949],[-120.4858488,39.8068743],[-120.4859553,39.8068585],[-120.486131,39.8068443],[-120.4863976,39.8068411],[-120.486642,39.8068643],[-120.4868255,39.8068773],[-120.4868789,39.8068921],[-120.4869399,39.8069249],[-120.4870086,39.8069805],[-120.4871151,39.8070413],[-120.4871689,39.8070695]]}},{"type":"Feature","properties":{"name":"Middle Fork Feather River"},"geometry":{"type":"LineString","coordinates":[[-120.4666445,39.8096859],[-120.466851,39.8096259],[-120.4670794,39.8095688],[-120.467384,39.8094926],[-120.467936,39.8093784],[-120.4682977,39.8092261],[-120.4684578,39.8091678]]}},{"type":"Feature","properties":{"name":"Middle Fork Feather River"},"geometry":{"type":"LineString","coordinates":[[-120.6665715,39.8221499],[-120.6665269,39.8225761],[-120.6665639,39.8232075],[-120.6666213,39.823606],[-120.6667023,39.8239952],[-120.6668572,39.8242955],[-120.6668572,39.8242963]]}},{"type":"Feature","properties":{"name":"Middle Fork Feather River"},"geometry":{"type":"LineString","coordinates":[[-120.6991703,39.8523401],[-120.6995605,39.8528255]]}},{"type":"Feature","properties":{"name":"Middle Fork Feather River"},"geometry":{"type":"LineString","coordinates":[[-121.0283203,39.8185691],[-121.0287999,39.8185772]]}},{"type":"Feature","properties":{"name":"Middle Fork Feather River"},"geometry":{"type":"LineString","coordinates":[[-121.0093054,39.818183],[-121.0093062,39.8181545],[-121.0094852,39.8180224]]}},{"type":"Feature","properties":{"name":"Middle Fork Feather River"},"geometry":{"type":"LineString","coordinates":[[-120.7900722,39.8650711],[-120.7914756,39.8650528],[-120.7922601,39.8649474]]}},{"type":"Feature","properties":{"name":"Middle Fork Feather River"},"geometry":{"type":"LineString","coordinates":[[-120.7236482,39.8590834],[-120.7240629,39.8593939],[-120.7241224,39.8595307],[-120.7255025,39.8599769],[-120.7261687,39.8602148],[-120.7266981,39.8604647],[-120.727137,39.8605801],[-120.7274661,39.860678]]}},{"type":"Feature","properties":{"name":"Middle Fork Feather River"},"geometry":{"type":"LineString","coordinates":[[-120.6136127,39.7762489],[-120.6145695,39.7766138],[-120.6150835,39.776728]]}},{"type":"Feature","properties":{"name":"Middle Fork Feather River"},"geometry":{"type":"LineString","coordinates":[[-120.5010617,39.7996289],[-120.5012089,39.7996479],[-120.5018442,39.7998417],[-120.502136,39.7998481],[-120.5025963,39.8000381],[-120.5033515,39.8001445],[-120.5034366,39.8002139]]}},{"type":"Feature","properties":{"name":"Middle Fork Feather River"},"geometry":{"type":"LineString","coordinates":[[-120.6559178,39.8115966],[-120.6559056,39.8119569],[-120.6559795,39.8120923]]}},{"type":"Feature","properties":{"name":"Middle Fork Feather River"},"geometry":{"type":"LineString","coordinates":[[-120.8568516,39.861965],[-120.8568646,39.8619555],[-120.8569886,39.8617325],[-120.8570058,39.8611787]]}},{"type":"Feature","properties":{"name":"Middle Fork Feather River"},"geometry":{"type":"LineString","coordinates":[[-120.831257,39.873281],[-120.8312992,39.873069],[-120.8311572,39.8727386],[-120.8311628,39.8725585],[-120.8312882,39.8722906],[-120.8314684,39.8720078],[-120.8316025,39.871772]]}},{"type":"Feature","properties":{"name":"Middle Fork Feather River"},"geometry":{"type":"LineString","coordinates":[[-120.9535458,39.8533955],[-120.9537783,39.8531435],[-120.9539453,39.852736]]}},{"type":"Feature","properties":{"name":"Middle Fork Feather River"},"geometry":{"type":"LineString","coordinates":[[-120.9693932,39.846026],[-120.9694006,39.8459039],[-120.9691588,39.8453972]]}},{"type":"Feature","properties":{"name":"Middle Fork Feather River"},"geometry":{"type":"LineString","coordinates":[[-120.6437385,39.7959333],[-120.6440499,39.7960431],[-120.6443553,39.7961377],[-120.6445888,39.7961425]]}},{"type":"Feature","properties":{"name":"Middle Fork Feather River"},"geometry":{"type":"LineString","coordinates":[[-120.3837715,39.8169717],[-120.3838523,39.8172077]]}},{"type":"Feature","properties":{"name":"Middle Fork Feather River"},"geometry":{"type":"LineString","coordinates":[[-120.8811942,39.8506773],[-120.8815941,39.8507934],[-120.8821712,39.8509732],[-120.8826146,39.8512862]]}},{"type":"Feature","properties":{"name":"Middle Fork Feather River"},"geometry":{"type":"LineString","coordinates":[[-120.5231801,39.7889797],[-120.5232716,39.7890313],[-120.5232795,39.7890765],[-120.5232797,39.7891079]]}},{"type":"Feature","properties":{"name":"Middle Fork Feather River"},"geometry":{"type":"LineString","coordinates":[[-120.8863184,39.8498132],[-120.886949,39.8495661],[-120.887536,39.8494867],[-120.8879231,39.8494746],[-120.8881826,39.8493633],[-120.8883046,39.8493655]]}},{"type":"Feature","properties":{"name":"Middle Fork Feather River"},"geometry":{"type":"LineString","coordinates":[[-120.529845,39.7794509],[-120.5297444,39.7789983]]}},{"type":"Feature","properties":{"name":"Middle Fork Feather River"},"geometry":{"type":"LineString","coordinates":[[-120.6956185,39.8499695],[-120.696261,39.8502551],[-120.6968571,39.8506013]]}},{"type":"Feature","properties":{"name":"Middle Fork Feather River"},"geometry":{"type":"LineString","coordinates":[[-120.5151521,39.7843834],[-120.5153086,39.7843207],[-120.5159709,39.7838345]]}},{"type":"Feature","properties":{"name":"Middle Fork Feather River"},"geometry":{"type":"LineString","coordinates":[[-120.4059205,39.8192573],[-120.4060117,39.8192729],[-120.4060957,39.8192747],[-120.4061415,39.8192803],[-120.4061875,39.8193399],[-120.4062869,39.8194547],[-120.4063477,39.8195281],[-120.4064083,39.8195655],[-120.4065153,39.8196129],[-120.4066069,39.8197005]]}},{"type":"Feature","properties":{"name":"Middle Fork Feather River"},"geometry":{"type":"LineString","coordinates":[[-120.7521451,39.8651528],[-120.7523277,39.8651342],[-120.7525552,39.8651202],[-120.7528927,39.8651673]]}},{"type":"Feature","properties":{"name":"Middle Fork Feather River"},"geometry":{"type":"LineString","coordinates":[[-120.526316,39.7902447],[-120.5264862,39.7900997],[-120.526551,39.7899209],[-120.5267908,39.7897459],[-120.5268732,39.7896261]]}},{"type":"Feature","properties":{"name":"Middle Fork Feather River"},"geometry":{"type":"LineString","coordinates":[[-120.5461829,39.7586271],[-120.5461752,39.7585369],[-120.5464196,39.7582265],[-120.546426,39.7580465],[-120.5467399,39.7577109]]}},{"type":"Feature","properties":{"name":"Middle Fork Feather River"},"geometry":{"type":"LineString","coordinates":[[-120.5127083,39.7853419],[-120.5130026,39.7851271]]}},{"type":"Feature","properties":{"name":"Middle Fork Feather River"},"geometry":{"type":"LineString","coordinates":[[-121.0207732,39.8195669],[-121.0212872,39.8199811],[-121.02157,39.8203012],[-121.0216654,39.8204752],[-121.0218044,39.8207162],[-121.0219048,39.8208475],[-121.02225,39.8210335],[-121.0227132,39.8211766]]}},{"type":"Feature","properties":{"name":"Middle Fork Feather River"},"geometry":{"type":"LineString","coordinates":[[-120.4131469,39.8194863],[-120.4137989,39.8192307],[-120.414542,39.8191617]]}},{"type":"Feature","properties":{"name":"Middle Fork Feather River"},"geometry":{"type":"LineString","coordinates":[[-121.0179188,39.8212278],[-121.0182358,39.8212919],[-121.0186278,39.8212152],[-121.0189952,39.8210381],[-121.0193177,39.8209288],[-121.0195944,39.8206689],[-121.0197362,39.8203106],[-121.0199156,39.8200242],[-121.0201794,39.8198288]]}},{"type":"Feature","properties":{"name":"Middle Fork Feather River"},"geometry":{"type":"LineString","coordinates":[[-120.3868341,39.8186711],[-120.3874761,39.8186857],[-120.3888261,39.8192783]]}},{"type":"Feature","properties":{"name":"Middle Fork Feather River"},"geometry":{"type":"LineString","coordinates":[[-120.802886,39.866436],[-120.8034406,39.8668537]]}},{"type":"Feature","properties":{"name":"Middle Fork Feather River"},"geometry":{"type":"LineString","coordinates":[[-120.7274661,39.860678],[-120.7279473,39.8608211],[-120.7291966,39.8608632],[-120.7297914,39.8609227],[-120.7301841,39.861],[-120.7309633,39.8612856],[-120.73135,39.8614045],[-120.7318646,39.861884],[-120.7322956,39.8621665],[-120.7326275,39.8623235],[-120.7327845,39.8623949]]}},{"type":"Feature","properties":{"name":"Middle Fork Feather River"},"geometry":{"type":"LineString","coordinates":[[-120.9526721,39.8531977],[-120.9529318,39.8534072]]}},{"type":"Feature","properties":{"name":"Middle Fork Feather River"},"geometry":{"type":"LineString","coordinates":[[-120.3888261,39.8192783],[-120.3893147,39.8194927],[-120.3901317,39.8195111],[-120.3907855,39.8192107],[-120.3916639,39.819104]]}},{"type":"Feature","properties":{"name":"Middle Fork Feather River"},"geometry":{"type":"LineString","coordinates":[[-120.9689771,39.843529],[-120.969104,39.8434356]]}},{"type":"Feature","properties":{"name":"Middle Fork Feather River"},"geometry":{"type":"LineString","coordinates":[[-120.4915707,39.8055883],[-120.4916089,39.8056205],[-120.4916853,39.8056313]]}},{"type":"Feature","properties":{"name":"Middle Fork Feather River"},"geometry":{"type":"LineString","coordinates":[[-120.5978311,39.7583561],[-120.5976385,39.7591889],[-120.5975403,39.7596691],[-120.5975839,39.7599529],[-120.5977074,39.7603355],[-120.5976712,39.7605312],[-120.5975559,39.7609145]]}},{"type":"Feature","properties":{"name":"Middle Fork Feather River"},"geometry":{"type":"LineString","coordinates":[[-120.7926954,39.8648888],[-120.7929434,39.8648555],[-120.7941012,39.8648092],[-120.7945776,39.8649316],[-120.7946564,39.8649954]]}},{"type":"Feature","properties":{"name":"Middle Fork Feather River"},"geometry":{"type":"LineString","coordinates":[[-120.7751951,39.8678046],[-120.7758377,39.8678168],[-120.7760643,39.8677987],[-120.7762496,39.8677346],[-120.7767387,39.8673761]]}},{"type":"Feature","properties":{"name":"Middle Fork Feather River"},"geometry":{"type":"LineString","coordinates":[[-120.81951,39.8713363],[-120.8198542,39.8715357],[-120.8202588,39.8716785],[-120.8207502,39.871967]]}},{"type":"Feature","properties":{"name":"Middle Fork Feather River"},"geometry":{"type":"LineString","coordinates":[[-120.6763323,39.8365525],[-120.676337,39.8365563],[-120.6766812,39.8367435],[-120.6768211,39.8368503]]}},{"type":"Feature","properties":{"name":"Middle Fork Feather River"},"geometry":{"type":"LineString","coordinates":[[-120.5243306,39.7835812],[-120.5243703,39.7835279],[-120.5245767,39.7834107],[-120.5247442,39.7832745],[-120.5248129,39.7831725],[-120.5248507,39.7830741],[-120.5248665,39.7828987],[-120.5248052,39.7826947],[-120.524836,39.7825469],[-120.5248208,39.7824203],[-120.5248356,39.7822945],[-120.5249423,39.7820445],[-120.5249423,39.7818825],[-120.524935,39.7817201],[-120.5249428,39.7815851],[-120.5249956,39.7813927],[-120.5250192,39.7811633],[-120.5249728,39.7810317],[-120.5249652,39.7809595],[-120.52495,39.7808151],[-120.5249351,39.7807607],[-120.5249123,39.7806837],[-120.5249122,39.7806251],[-120.5249427,39.7805491],[-120.5249804,39.7804735],[-120.5251413,39.7803417],[-120.5253394,39.7802109],[-120.5254686,39.7801279],[-120.5255457,39.7800755],[-120.5256065,39.7800453],[-120.525675,39.7800513],[-120.5257589,39.7800485],[-120.5259193,39.7800745]]}},{"type":"Feature","properties":{"name":"Middle Fork Feather River"},"geometry":{"type":"LineString","coordinates":[[-120.4039153,39.8195503],[-120.4042639,39.8196031],[-120.4044779,39.8193647]]}},{"type":"Feature","properties":{"name":"Middle Fork Feather River"},"geometry":{"type":"LineString","coordinates":[[-120.86901,39.8579243],[-120.8693864,39.8577358],[-120.8698686,39.8573065]]}},{"type":"Feature","properties":{"name":"Middle Fork Feather River"},"geometry":{"type":"LineString","coordinates":[[-120.8345646,39.8707334],[-120.8349004,39.8708266],[-120.8354832,39.8708825],[-120.8358964,39.8707551],[-120.835913,39.8707429]]}},{"type":"Feature","properties":{"name":"Middle Fork Feather River"},"geometry":{"type":"LineString","coordinates":[[-120.3859399,39.8191465],[-120.3864085,39.8191121],[-120.3868341,39.8186711]]}},{"type":"Feature","properties":{"name":"Middle Fork Feather River"},"geometry":{"type":"LineString","coordinates":[[-120.5261064,39.7903507],[-120.5261332,39.7903355],[-120.526316,39.7902447]]}},{"type":"Feature","properties":{"name":"Middle Fork Feather River"},"geometry":{"type":"LineString","coordinates":[[-120.4193171,39.8152139],[-120.4193868,39.8151977],[-120.4196154,39.8151351],[-120.4197678,39.8150619],[-120.419936,39.8148811],[-120.4200384,39.8147775]]}},{"type":"Feature","properties":{"name":"Middle Fork Feather River"},"geometry":{"type":"LineString","coordinates":[[-120.8306423,39.8736789],[-120.831257,39.873281]]}},{"type":"Feature","properties":{"name":"Middle Fork Feather River"},"geometry":{"type":"LineString","coordinates":[[-120.5579099,39.7513523],[-120.5579099,39.7511313],[-120.5579398,39.7510463],[-120.5579707,39.7509795],[-120.5580702,39.7508869],[-120.5581999,39.7507681],[-120.5582533,39.7506791],[-120.5583215,39.7505859],[-120.5583824,39.7505331],[-120.558421,39.7505159],[-120.5584739,39.7505035],[-120.5585125,39.7505089],[-120.5585431,39.7505095],[-120.558566,39.7505009],[-120.5586268,39.7504527],[-120.5587566,39.7502887]]}},{"type":"Feature","properties":{"name":"Middle Fork Feather River"},"geometry":{"type":"LineString","coordinates":[[-120.6404381,39.7945717],[-120.6407222,39.7948027],[-120.6409927,39.7949043]]}},{"type":"Feature","properties":{"name":"Middle Fork Feather River"},"geometry":{"type":"LineString","coordinates":[[-120.5139408,39.7847103],[-120.5141698,39.7846115]]}},{"type":"Feature","properties":{"name":"Middle Fork Feather River"},"geometry":{"type":"LineString","coordinates":[[-120.5464196,39.7590059],[-120.5462901,39.7588951],[-120.546206,39.7587987],[-120.5461601,39.7587347],[-120.5461601,39.7586941],[-120.5461829,39.7586271]]}},{"type":"Feature","properties":{"name":"Middle Fork Feather River"},"geometry":{"type":"LineString","coordinates":[[-120.8808731,39.8506226],[-120.881013,39.8506365],[-120.8811942,39.8506773]]}},{"type":"Feature","properties":{"name":"Middle Fork Feather River"},"geometry":{"type":"LineString","coordinates":[[-120.7770905,39.8669047],[-120.7771578,39.8667611],[-120.7772235,39.8665371],[-120.7772875,39.8663015],[-120.7774025,39.866002]]}},{"type":"Feature","properties":{"name":"Middle Fork Feather River"},"geometry":{"type":"LineString","coordinates":[[-120.7602168,39.8646334],[-120.7603365,39.8645456],[-120.7609283,39.8644602],[-120.7615539,39.8645561],[-120.7620846,39.8647145],[-120.7624293,39.8649013],[-120.7631142,39.86541],[-120.7638035,39.8657837],[-120.764151,39.8658804],[-120.7644417,39.8659311],[-120.7651474,39.8659527]]}},{"type":"Feature","properties":{"name":"Middle Fork Feather River"},"geometry":{"type":"LineString","coordinates":[[-120.9686462,39.8437875],[-120.9686454,39.8437734],[-120.9689771,39.843529]]}},{"type":"Feature","properties":{"name":"Middle Fork Feather River"},"geometry":{"type":"LineString","coordinates":[[-120.9179558,39.8517816],[-120.9184841,39.8514556],[-120.9188278,39.8511336]]}},{"type":"Feature","properties":{"name":"Middle Fork Feather River"},"geometry":{"type":"LineString","coordinates":[[-121.0094852,39.8180224],[-121.0098952,39.8179844],[-121.0100742,39.8178523],[-121.0105066,39.8178598]]}},{"type":"Feature","properties":{"name":"Middle Fork Feather River"},"geometry":{"type":"LineString","coordinates":[[-120.977152,39.8409211],[-120.9774418,39.840729],[-120.9779274,39.8401067],[-120.9782074,39.8398675],[-120.978415,39.8395813],[-120.978652,39.8393085],[-120.9790808,39.8386403],[-120.9793208,39.8384006],[-120.9794854,39.8382541]]}},{"type":"Feature","properties":{"name":"Middle Fork Feather River"},"geometry":{"type":"LineString","coordinates":[[-120.7102439,39.8526153],[-120.710277,39.8525911],[-120.7113357,39.8523867],[-120.7128681,39.8523812]]}},{"type":"Feature","properties":{"name":"Middle Fork Feather River"},"geometry":{"type":"LineString","coordinates":[[-120.6445888,39.7961425],[-120.6455087,39.7965665],[-120.6460277,39.7967573],[-120.6463732,39.7968993],[-120.6469521,39.7970463],[-120.6476355,39.7975557],[-120.648153,39.7977913],[-120.6490126,39.7977799],[-120.6494967,39.7977735],[-120.6501402,39.7977415],[-120.6504365,39.7976123]]}},{"type":"Feature","properties":{"name":"Middle Fork Feather River"},"geometry":{"type":"LineString","coordinates":[[-120.5338463,39.7705949],[-120.5339302,39.7704119],[-120.5339529,39.7703493],[-120.533953,39.7703043]]}},{"type":"Feature","properties":{"name":"Middle Fork Feather River"},"geometry":{"type":"LineString","coordinates":[[-120.5130026,39.7851271],[-120.5131321,39.7851973]]}},{"type":"Feature","properties":{"name":"Middle Fork Feather River"},"geometry":{"type":"LineString","coordinates":[[-120.6221688,39.7786767],[-120.6223882,39.7790865],[-120.6228992,39.7795025],[-120.6233582,39.7797371]]}},{"type":"Feature","properties":{"name":"Middle Fork Feather River"},"geometry":{"type":"LineString","coordinates":[[-120.6647701,39.8166625],[-120.6652777,39.8163349],[-120.665517,39.8163397]]}},{"type":"Feature","properties":{"name":"Middle Fork Feather River"},"geometry":{"type":"LineString","coordinates":[[-120.6740913,39.8303855],[-120.6740821,39.8306555]]}},{"type":"Feature","properties":{"name":"Middle Fork Feather River"},"geometry":{"type":"LineString","coordinates":[[-121.0105066,39.8178598],[-121.0108694,39.8178393],[-121.0112394,39.8179624]]}},{"type":"Feature","properties":{"name":"Middle Fork Feather River"},"geometry":{"type":"LineString","coordinates":[[-120.7993388,39.8666625],[-120.7996664,39.8666499],[-120.8005183,39.8665707],[-120.8011328,39.8664976],[-120.8016628,39.8663725],[-120.8019204,39.8663571]]}},{"type":"Feature","properties":{"name":"Middle Fork Feather River"},"geometry":{"type":"LineString","coordinates":[[-120.97251,39.842655],[-120.9727112,39.8426284],[-120.9735926,39.8424636],[-120.974012,39.842311]]}},{"type":"Feature","properties":{"name":"Middle Fork Feather River"},"geometry":{"type":"LineString","coordinates":[[-120.8839164,39.8512675],[-120.8840958,39.8511357],[-120.8845316,39.8505309]]}},{"type":"Feature","properties":{"name":"Middle Fork Feather River"},"geometry":{"type":"LineString","coordinates":[[-120.3931189,39.8186949],[-120.3936227,39.8183285],[-120.3940913,39.8182939],[-120.3942697,39.8182079],[-120.3947401,39.8181283],[-120.3952173,39.8178689],[-120.3956875,39.8177893],[-120.3958677,39.8176583],[-120.3959101,39.8174655]]}},{"type":"Feature","properties":{"name":"Middle Fork Feather River"},"geometry":{"type":"LineString","coordinates":[[-120.6577999,39.8008871],[-120.6577898,39.8011843],[-120.6575964,39.8017209],[-120.6571111,39.8023457]]}},{"type":"Feature","properties":{"name":"Middle Fork Feather River"},"geometry":{"type":"LineString","coordinates":[[-120.653262,39.7969487],[-120.6537273,39.7970033],[-120.654016,39.7970991],[-120.6543002,39.7973301],[-120.6544645,39.7976487],[-120.654433,39.7977157]]}},{"type":"Feature","properties":{"name":"Middle Fork Feather River"},"geometry":{"type":"LineString","coordinates":[[-120.446934,39.8168253],[-120.4469513,39.8167671],[-120.4473165,39.8163699],[-120.4476166,39.8161513],[-120.4480869,39.8160715]]}},{"type":"Feature","properties":{"name":"Middle Fork Feather River"},"geometry":{"type":"LineString","coordinates":[[-120.6260656,39.7803171],[-120.6262687,39.7804091],[-120.6266048,39.7808215],[-120.627233,39.7812823],[-120.6275042,39.7815678],[-120.6277469,39.7818105],[-120.6279897,39.7820104],[-120.6282324,39.7821674]]}},{"type":"Feature","properties":{"name":"Middle Fork Feather River"},"geometry":{"type":"LineString","coordinates":[[-120.4784734,39.8052771],[-120.4793674,39.8051183],[-120.4801245,39.8050125],[-120.4805074,39.8051097]]}},{"type":"Feature","properties":{"name":"Middle Fork Feather River"},"geometry":{"type":"LineString","coordinates":[[-120.6838965,39.846392],[-120.684303,39.8464001],[-120.6858919,39.8460715],[-120.6864174,39.8460819],[-120.6870522,39.8463197],[-120.6878517,39.8465013]]}},{"type":"Feature","properties":{"name":"Middle Fork Feather River"},"geometry":{"type":"LineString","coordinates":[[-120.6808651,39.8397116],[-120.6809604,39.8398019],[-120.6812012,39.8405215]]}},{"type":"Feature","properties":{"name":"Middle Fork Feather River"},"geometry":{"type":"LineString","coordinates":[[-121.0251402,39.8207524],[-121.0253903,39.8207345],[-121.025708,39.8206419],[-121.0262089,39.8202607]]}},{"type":"Feature","properties":{"name":"Middle Fork Feather River"},"geometry":{"type":"LineString","coordinates":[[-120.939835,39.8500283],[-120.9399532,39.8500081],[-120.9409478,39.8495914],[-120.9411985,39.8494423],[-120.9417134,39.84925]]}},{"type":"Feature","properties":{"name":"Middle Fork Feather River"},"geometry":{"type":"LineString","coordinates":[[-120.8570058,39.8611787],[-120.8570082,39.8611022],[-120.8569026,39.8607399],[-120.8565618,39.8604183],[-120.8561698,39.8598705],[-120.8561936,39.8591052],[-120.8562224,39.8590702]]}},{"type":"Feature","properties":{"name":"Middle Fork Feather River"},"geometry":{"type":"LineString","coordinates":[[-120.3820775,39.8144921],[-120.3821693,39.8144985],[-120.3823219,39.8144389],[-120.3826115,39.8143329],[-120.3827873,39.8143549],[-120.3829245,39.8144301],[-120.3830845,39.8145643],[-120.3831151,39.8146641],[-120.3831073,39.8147901],[-120.3830461,39.8148833],[-120.3830005,39.8149497],[-120.3829243,39.8150517],[-120.3829165,39.8151055],[-120.3829547,39.8151379],[-120.3830313,39.8151577],[-120.3831305,39.8151599],[-120.3832755,39.8151317],[-120.3834659,39.8151539],[-120.3835653,39.8152103]]}},{"type":"Feature","properties":{"name":"Middle Fork Feather River"},"geometry":{"type":"LineString","coordinates":[[-120.8937942,39.8493002],[-120.8943778,39.8493409],[-120.8947242,39.8494823],[-120.8947828,39.8494769]]}},{"type":"Feature","properties":{"name":"Middle Fork Feather River"},"geometry":{"type":"LineString","coordinates":[[-121.0130156,39.8191526],[-121.0133634,39.8192601],[-121.0138822,39.8194942],[-121.0141672,39.8196342]]}},{"type":"Feature","properties":{"name":"Middle Fork Feather River"},"geometry":{"type":"LineString","coordinates":[[-120.6665117,39.8219671],[-120.6665819,39.8220505],[-120.6665715,39.8221499]]}},{"type":"Feature","properties":{"name":"Middle Fork Feather River"},"geometry":{"type":"LineString","coordinates":[[-120.4430284,39.8195101],[-120.4431728,39.8194315],[-120.4438815,39.8192219],[-120.4448336,39.8187475]]}},{"type":"Feature","properties":{"name":"Middle Fork Feather River"},"geometry":{"type":"LineString","coordinates":[[-120.6312806,39.7825054],[-120.6315874,39.7824958],[-120.6319907,39.782337],[-120.6321929,39.7822418],[-120.6323185,39.7821655],[-120.6324368,39.7821169],[-120.6326166,39.7821159]]}},{"type":"Feature","properties":{"name":"Middle Fork Feather River"},"geometry":{"type":"LineString","coordinates":[[-120.6027848,39.7660514],[-120.6028727,39.7661179],[-120.6030342,39.7661893],[-120.6032763,39.7662613],[-120.603683,39.7663147],[-120.6042663,39.7663269],[-120.6050875,39.7662087],[-120.6054929,39.7662031]]}},{"type":"Feature","properties":{"name":"Middle Fork Feather River"},"geometry":{"type":"LineString","coordinates":[[-120.9907992,39.8301796],[-120.9909528,39.8300587],[-120.9911228,39.8299412]]}},{"type":"Feature","properties":{"name":"Middle Fork Feather River"},"geometry":{"type":"LineString","coordinates":[[-120.7572321,39.8662987],[-120.7572462,39.8662965],[-120.757712,39.8661615],[-120.7584218,39.8659049],[-120.7602168,39.8646334]]}},{"type":"Feature","properties":{"name":"Middle Fork Feather River"},"geometry":{"type":"LineString","coordinates":[[-120.4334964,39.8198511],[-120.4338829,39.8201407],[-120.4341577,39.8203135],[-120.4344631,39.8205589],[-120.4347528,39.8207815],[-120.4348826,39.8209241],[-120.4349206,39.8210015],[-120.4350965,39.8211405],[-120.4352793,39.8212527],[-120.4354419,39.8213281]]}},{"type":"Feature","properties":{"name":"Middle Fork Feather River"},"geometry":{"type":"LineString","coordinates":[[-120.9999177,39.8299022],[-121.0000252,39.8299041]]}},{"type":"Feature","properties":{"name":"Middle Fork Feather River"},"geometry":{"type":"LineString","coordinates":[[-120.8316025,39.871772],[-120.8316675,39.8715596],[-120.8317818,39.8712903],[-120.831966,39.8710894]]}},{"type":"Feature","properties":{"name":"Middle Fork Feather River"},"geometry":{"type":"LineString","coordinates":[[-120.526934,39.7799429],[-120.5269797,39.7799485],[-120.5272238,39.7799401],[-120.5272696,39.7799455],[-120.5273307,39.7799695],[-120.527399,39.7800385],[-120.5274524,39.7800757],[-120.5275287,39.7801043],[-120.5276127,39.7801015],[-120.5276663,39.7800937],[-120.5278491,39.7800211]]}},{"type":"Feature","properties":{"name":"Middle Fork Feather River"},"geometry":{"type":"LineString","coordinates":[[-120.5846582,39.7438995],[-120.584882,39.7439171],[-120.5852675,39.7440171],[-120.5855039,39.7444079]]}},{"type":"Feature","properties":{"name":"Middle Fork Feather River"},"geometry":{"type":"LineString","coordinates":[[-120.7128681,39.8523812],[-120.7132645,39.8523797],[-120.7139026,39.8525275],[-120.7147771,39.8525897],[-120.7161131,39.8528413]]}},{"type":"Feature","properties":{"name":"Middle Fork Feather River"},"geometry":{"type":"LineString","coordinates":[[-120.4628303,39.8108741],[-120.4636498,39.8106023],[-120.4646534,39.8103091],[-120.4654236,39.8100105],[-120.4660155,39.8097983],[-120.4666445,39.8096859]]}},{"type":"Feature","properties":{"name":"Middle Fork Feather River"},"geometry":{"type":"LineString","coordinates":[[-120.4413909,39.8198743],[-120.4414972,39.8198811],[-120.4416119,39.8199017],[-120.441726,39.8199131],[-120.4418177,39.8199197]]}},{"type":"Feature","properties":{"name":"Middle Fork Feather River"},"geometry":{"type":"LineString","coordinates":[[-120.8703022,39.8564882],[-120.8703236,39.855899],[-120.8704893,39.8553356]]}},{"type":"Feature","properties":{"name":"Middle Fork Feather River"},"geometry":{"type":"LineString","coordinates":[[-120.9693442,39.8468263],[-120.9694386,39.8464778],[-120.9693932,39.846026]]}},{"type":"Feature","properties":{"name":"Middle Fork Feather River"},"geometry":{"type":"LineString","coordinates":[[-120.866332,39.8583786],[-120.8667006,39.8583113],[-120.8676152,39.8583248],[-120.868497,39.8581609],[-120.8689996,39.8579294],[-120.86901,39.8579243]]}},{"type":"Feature","properties":{"name":"Middle Fork Feather River"},"geometry":{"type":"LineString","coordinates":[[-120.4551129,39.8142316],[-120.4552835,39.8141577],[-120.4561072,39.8139955],[-120.4565273,39.8136895],[-120.4570008,39.8135197],[-120.4578394,39.8129525],[-120.4586113,39.8126091],[-120.458705,39.8125408]]}},{"type":"Feature","properties":{"name":"Middle Fork Feather River"},"geometry":{"type":"LineString","coordinates":[[-120.5587566,39.7502887],[-120.5588437,39.7501555],[-120.5590833,39.7499803],[-120.5591858,39.7499489],[-120.5593388,39.7498507],[-120.5599929,39.7495041],[-120.5607621,39.7492049],[-120.5624626,39.7489703],[-120.5631713,39.748869],[-120.5636217,39.7487456],[-120.563957,39.7486688],[-120.5641405,39.7485933],[-120.5644861,39.7484903]]}},{"type":"Feature","properties":{"name":"Middle Fork Feather River"},"geometry":{"type":"LineString","coordinates":[[-120.8662778,39.8583884],[-120.866332,39.8583786]]}},{"type":"Feature","properties":{"name":"Middle Fork Feather River"},"geometry":{"type":"LineString","coordinates":[[-120.8758284,39.8527676],[-120.8760754,39.8526805],[-120.8764862,39.8524681]]}},{"type":"Feature","properties":{"name":"Middle Fork Feather River"},"geometry":{"type":"LineString","coordinates":[[-120.6668678,39.824386],[-120.666873,39.8244299],[-120.6669147,39.8249261],[-120.6671761,39.8258323],[-120.6676365,39.8265912]]}},{"type":"Feature","properties":{"name":"Middle Fork Feather River"},"geometry":{"type":"LineString","coordinates":[[-120.9188278,39.8511336],[-120.9189277,39.8510563]]}},{"type":"Feature","properties":{"name":"Middle Fork Feather River"},"geometry":{"type":"LineString","coordinates":[[-120.8895891,39.8488986],[-120.8897835,39.8487948],[-120.89038,39.8487482],[-120.891038,39.8488271]]}},{"type":"Feature","properties":{"name":"Middle Fork Feather River"},"geometry":{"type":"LineString","coordinates":[[-120.587273,39.7455721],[-120.587484,39.7456395],[-120.5877447,39.7457347],[-120.5880455,39.7458451],[-120.5881866,39.7459041]]}},{"type":"Feature","properties":{"name":"Middle Fork Feather River"},"geometry":{"type":"LineString","coordinates":[[-120.4502079,39.8152304],[-120.4507514,39.8150941],[-120.4512008,39.8149162]]}},{"type":"Feature","properties":{"name":"Middle Fork Feather River"},"geometry":{"type":"LineString","coordinates":[[-120.5573133,39.7572628],[-120.5573529,39.7572725]]}},{"type":"Feature","properties":{"name":"Middle Fork Feather River"},"geometry":{"type":"LineString","coordinates":[[-120.5228828,39.7884149],[-120.5229158,39.7887173],[-120.5229918,39.7888659]]}},{"type":"Feature","properties":{"name":"Middle Fork Feather River"},"geometry":{"type":"LineString","coordinates":[[-120.4156173,39.8163209],[-120.4157621,39.8162565],[-120.4158009,39.8162169],[-120.4157852,39.8161489],[-120.4157627,39.8160853],[-120.4157093,39.8160301],[-120.4156553,39.8159703],[-120.4156555,39.8159073],[-120.415778,39.8158739],[-120.4159304,39.8158773],[-120.4160371,39.8158933],[-120.4161365,39.8159315],[-120.4162282,39.8158795],[-120.4163115,39.8158769],[-120.4163731,39.8159097],[-120.4164111,39.8159691],[-120.4164113,39.8160413],[-120.4164719,39.8160787],[-120.416617,39.8160639],[-120.4167395,39.8160305],[-120.4167922,39.8159687],[-120.4167465,39.8158821],[-120.4167161,39.8157777],[-120.4167393,39.8156837],[-120.4168379,39.8155869],[-120.4171206,39.8154309],[-120.4173267,39.8153229],[-120.4174564,39.8152763],[-120.417548,39.8152649],[-120.4176169,39.8152979],[-120.4178454,39.8154155],[-120.4179295,39.8154309],[-120.4180054,39.8154101],[-120.4181126,39.8153179],[-120.4181814,39.8152339],[-120.4182728,39.8151323],[-120.4183411,39.8151023],[-120.4184332,39.8150999],[-120.4185318,39.8151381],[-120.4187226,39.8152505],[-120.4188071,39.8152929],[-120.4189363,39.8152957],[-120.4191577,39.8152511],[-120.4193171,39.8152139]]}},{"type":"Feature","properties":{"name":"Middle Fork Feather River"},"geometry":{"type":"LineString","coordinates":[[-121.0075626,39.823022],[-121.008238,39.8227759],[-121.0086532,39.8225578],[-121.0089282,39.822355]]}},{"type":"Feature","properties":{"name":"Middle Fork Feather River"},"geometry":{"type":"LineString","coordinates":[[-120.5297444,39.7789983],[-120.5298404,39.7788845],[-120.5297866,39.7786731],[-120.5297109,39.7785293]]}},{"type":"Feature","properties":{"name":"Middle Fork Feather River"},"geometry":{"type":"LineString","coordinates":[[-120.6723719,39.8290297],[-120.6730752,39.8293291],[-120.6735681,39.8297602]]}},{"type":"Feature","properties":{"name":"Middle Fork Feather River"},"geometry":{"type":"LineString","coordinates":[[-120.5239661,39.7904243],[-120.5240194,39.7905247],[-120.5241037,39.7905759]]}},{"type":"Feature","properties":{"name":"Middle Fork Feather River"},"geometry":{"type":"LineString","coordinates":[[-120.5460873,39.7624597],[-120.5461053,39.7624189]]}},{"type":"Feature","properties":{"name":"Middle Fork Feather River"},"geometry":{"type":"LineString","coordinates":[[-120.6420622,39.7952479],[-120.6424194,39.7954038],[-120.6428309,39.7955715]]}},{"type":"Feature","properties":{"name":"Middle Fork Feather River"},"geometry":{"type":"LineString","coordinates":[[-120.5269114,39.7862351],[-120.5268501,39.7861347],[-120.5267893,39.7860793],[-120.5267128,39.7860371],[-120.526652,39.7860223],[-120.5265906,39.7860435],[-120.5265601,39.7860383],[-120.5265216,39.7860331],[-120.5264758,39.7860095],[-120.5263925,39.7859087],[-120.5263493,39.785888]]}},{"type":"Feature","properties":{"name":"Middle Fork Feather River"},"geometry":{"type":"LineString","coordinates":[[-120.8826146,39.8512862],[-120.882744,39.8513813],[-120.8829178,39.8514296],[-120.8833268,39.851437],[-120.8839164,39.8512675]]}},{"type":"Feature","properties":{"name":"Middle Fork Feather River"},"geometry":{"type":"LineString","coordinates":[[-120.8477609,39.8612716],[-120.8480044,39.8611619],[-120.8481872,39.8609389],[-120.8482637,39.8607914],[-120.8483662,39.8605457],[-120.8484976,39.8603591],[-120.8488666,39.8599817]]}},{"type":"Feature","properties":{"name":"Middle Fork Feather River"},"geometry":{"type":"LineString","coordinates":[[-120.5110181,39.7870621],[-120.5110674,39.7869711],[-120.5113,39.7868841],[-120.5115338,39.7867615],[-120.5117168,39.7865247],[-120.5119716,39.7860769],[-120.512258,39.7857715],[-120.5127083,39.7853419]]}},{"type":"Feature","properties":{"name":"Middle Fork Feather River"},"geometry":{"type":"LineString","coordinates":[[-120.4315197,39.8191639],[-120.4316171,39.8192257],[-120.43177,39.8193147],[-120.4320674,39.8193663],[-120.4324331,39.8194285],[-120.4327466,39.8194805],[-120.4329978,39.8195401],[-120.4332497,39.8196943],[-120.4334866,39.8198437],[-120.4334964,39.8198511]]}},{"type":"Feature","properties":{"name":"Middle Fork Feather River"},"geometry":{"type":"LineString","coordinates":[[-120.5433486,39.7656497],[-120.5433754,39.7656125],[-120.5434823,39.7653761],[-120.543482,39.7652815],[-120.5434516,39.7651321],[-120.5434438,39.7650239],[-120.5434366,39.7648977],[-120.5434826,39.7647319],[-120.5435209,39.7646607],[-120.5435662,39.7646165],[-120.5436348,39.7645549],[-120.5436956,39.7645067],[-120.5437108,39.7644483],[-120.5436962,39.7643895],[-120.5436731,39.7643575],[-120.5436654,39.7643303],[-120.5436956,39.7642995],[-120.5438107,39.7642883],[-120.5440316,39.7642299],[-120.5441003,39.7642043]]}},{"type":"Feature","properties":{"name":"Middle Fork Feather River"},"geometry":{"type":"LineString","coordinates":[[-120.6668572,39.8242963],[-120.6668678,39.824386]]}},{"type":"Feature","properties":{"name":"Middle Fork Feather River"},"geometry":{"type":"LineString","coordinates":[[-120.8420494,39.8680215],[-120.8421341,39.8678899],[-120.8421882,39.8677193],[-120.8423148,39.8674063],[-120.8425,39.8670944],[-120.842729,39.8669445]]}},{"type":"Feature","properties":{"name":"Middle Fork Feather River"},"geometry":{"type":"LineString","coordinates":[[-121.0365206,39.8142627],[-121.0365334,39.8138433],[-121.036423,39.8136162],[-121.0364252,39.813542]]}},{"type":"Feature","properties":{"name":"Middle Fork Feather River"},"geometry":{"type":"LineString","coordinates":[[-120.3924999,39.8190779],[-120.3927783,39.8190301],[-120.3930821,39.8187217],[-120.3931189,39.8186949]]}},{"type":"Feature","properties":{"name":"Middle Fork Feather River"},"geometry":{"type":"LineString","coordinates":[[-120.982927,39.8376596],[-120.9830254,39.8376279],[-120.9835018,39.8373209],[-120.9835954,39.8372066]]}},{"type":"Feature","properties":{"name":"Middle Fork Feather River"},"geometry":{"type":"LineString","coordinates":[[-120.414542,39.8191617],[-120.4147399,39.8191209],[-120.414862,39.8190607],[-120.414893,39.8189937],[-120.4147326,39.8188685],[-120.4146256,39.8187627],[-120.4145572,39.8186575],[-120.4145189,39.8185711],[-120.4145723,39.8184507],[-120.4146258,39.8183483],[-120.4147323,39.8182515],[-120.414839,39.8181143],[-120.4148699,39.8180519],[-120.4149006,39.8179895],[-120.415038,39.8178529],[-120.4151373,39.8177741],[-120.4152287,39.8177085],[-120.4153197,39.8176971],[-120.4153886,39.8177481],[-120.4154801,39.8178223],[-120.4154882,39.8178585],[-120.4155257,39.8178909],[-120.4156326,39.8179023],[-120.4157316,39.8178323],[-120.4158311,39.8176905],[-120.4159077,39.8175931],[-120.4159379,39.8174901],[-120.4159454,39.8173867],[-120.4159454,39.8172695],[-120.4159911,39.8170813],[-120.4160217,39.8169649],[-120.4160524,39.8168485],[-120.4160828,39.8167411],[-120.4160712,39.8166597],[-120.4160679,39.8166327],[-120.4159992,39.8165725],[-120.4158615,39.8165289],[-120.4157167,39.8165123],[-120.4156021,39.8164737],[-120.4155487,39.8164183],[-120.4155564,39.8163691],[-120.4156173,39.8163209]]}},{"type":"Feature","properties":{"name":"Middle Fork Feather River"},"geometry":{"type":"LineString","coordinates":[[-120.6807987,39.8396487],[-120.6808651,39.8397116]]}},{"type":"Feature","properties":{"name":"Middle Fork Feather River"},"geometry":{"type":"LineString","coordinates":[[-120.4044779,39.8193647],[-120.4045313,39.8193073],[-120.4045469,39.8192987],[-120.4046461,39.8192829],[-120.4047451,39.8193077],[-120.4048371,39.8193683]]}},{"type":"Feature","properties":{"name":"Middle Fork Feather River"},"geometry":{"type":"LineString","coordinates":[[-120.8975482,39.8494556],[-120.8975496,39.849456],[-120.8982288,39.8495459],[-120.8992678,39.8499701],[-120.8994272,39.8500212]]}},{"type":"Feature","properties":{"name":"Middle Fork Feather River"},"geometry":{"type":"LineString","coordinates":[[-120.6600766,39.8149689],[-120.6606445,39.8149804]]}},{"type":"Feature","properties":{"name":"Middle Fork Feather River"},"geometry":{"type":"LineString","coordinates":[[-120.5326555,39.7740695],[-120.5326726,39.7738357],[-120.5328557,39.7736143],[-120.532922,39.7733905],[-120.5335262,39.7728177],[-120.5338762,39.7728253],[-120.5342342,39.7726077],[-120.534296,39.7721405]]}},{"type":"Feature","properties":{"name":"Middle Fork Feather River"},"geometry":{"type":"LineString","coordinates":[[-120.4903288,39.8057755],[-120.4904034,39.8057297],[-120.490541,39.8056605],[-120.4906627,39.8055865],[-120.4907697,39.8055349],[-120.4908763,39.8054493],[-120.4912278,39.8054817],[-120.4915707,39.8055883]]}},{"type":"Feature","properties":{"name":"Middle Fork Feather River"},"geometry":{"type":"LineString","coordinates":[[-120.5617398,39.7556487],[-120.5616556,39.7555929],[-120.5616408,39.7555385],[-120.5616557,39.7554667],[-120.5616862,39.7553051],[-120.561687,39.7552959]]}},{"type":"Feature","properties":{"name":"Middle Fork Feather River"},"geometry":{"type":"LineString","coordinates":[[-120.5468849,39.7597095],[-120.5468512,39.7594561]]}},{"type":"Feature","properties":{"name":"Middle Fork Feather River"},"geometry":{"type":"LineString","coordinates":[[-120.9594252,39.8480353],[-120.959429,39.8480261],[-120.959528,39.8477576],[-120.9600933,39.8473414]]}},{"type":"Feature","properties":{"name":"Middle Fork Feather River"},"geometry":{"type":"LineString","coordinates":[[-120.8410014,39.8691243],[-120.8415714,39.8687438],[-120.8416998,39.8685982],[-120.8419362,39.8683002]]}},{"type":"Feature","properties":{"name":"Middle Fork Feather River"},"geometry":{"type":"LineString","coordinates":[[-120.6556624,39.8041405],[-120.6553961,39.8046045]]}},{"type":"Feature","properties":{"name":"Middle Fork Feather River"},"geometry":{"type":"LineString","coordinates":[[-120.9911228,39.8299412],[-120.9914085,39.8299211],[-120.9917804,39.8299418],[-120.992298,39.830221],[-120.9927612,39.8303642],[-120.9935774,39.8304234],[-120.9937437,39.8303839]]}},{"type":"Feature","properties":{"name":"Middle Fork Feather River"},"geometry":{"type":"LineString","coordinates":[[-120.9844686,39.8360064],[-120.9844758,39.8359865],[-120.9849566,39.8356321]]}},{"type":"Feature","properties":{"name":"Middle Fork Feather River"},"geometry":{"type":"LineString","coordinates":[[-120.8439747,39.8629373],[-120.8440002,39.8621224]]}},{"type":"Feature","properties":{"name":"Middle Fork Feather River"},"geometry":{"type":"LineString","coordinates":[[-120.5141698,39.7846115],[-120.5143638,39.7846157],[-120.5144837,39.7845283],[-120.5147754,39.7845345],[-120.5151521,39.7843834]]}},{"type":"Feature","properties":{"name":"Middle Fork Feather River"},"geometry":{"type":"LineString","coordinates":[[-120.912404,39.8553018],[-120.9125023,39.8552892],[-120.9127026,39.855214],[-120.9129064,39.8550362],[-120.9130926,39.8546792],[-120.9133508,39.853873],[-120.9134352,39.8530187],[-120.91362,39.8527067],[-120.9137188,39.852634]]}},{"type":"Feature","properties":{"name":"Middle Fork Feather River"},"geometry":{"type":"LineString","coordinates":[[-121.0316415,39.8186878],[-121.0318434,39.8185388],[-121.032031,39.8181745]]}},{"type":"Feature","properties":{"name":"Middle Fork Feather River"},"geometry":{"type":"LineString","coordinates":[[-120.3967265,39.8162993],[-120.3969743,39.8161967],[-120.3974411,39.8162071],[-120.3976797,39.8160773],[-120.3980297,39.8160853],[-120.3984417,39.8160043],[-120.3986549,39.8158963]]}},{"type":"Feature","properties":{"name":"Middle Fork Feather River"},"geometry":{"type":"LineString","coordinates":[[-120.5375697,39.7682011],[-120.5378408,39.7680447],[-120.5379399,39.7678678]]}},{"type":"Feature","properties":{"name":"Middle Fork Feather River"},"geometry":{"type":"LineString","coordinates":[[-120.7351636,39.8662095],[-120.7355039,39.8662441],[-120.7356793,39.8662262],[-120.7360392,39.8661786],[-120.7362986,39.8661667]]}},{"type":"Feature","properties":{"name":"Middle Fork Feather River"},"geometry":{"type":"LineString","coordinates":[[-120.5538852,39.7567827],[-120.5540265,39.7567341],[-120.5543162,39.7566275],[-120.5545908,39.7565567],[-120.5547435,39.7565105],[-120.5548347,39.7565079],[-120.5548644,39.756507]]}},{"type":"Feature","properties":{"name":"Middle Fork Feather River"},"geometry":{"type":"LineString","coordinates":[[-120.7767387,39.8673761],[-120.7768483,39.8672957],[-120.7770323,39.8670289],[-120.7770905,39.8669047]]}},{"type":"Feature","properties":{"name":"Middle Fork Feather River"},"geometry":{"type":"LineString","coordinates":[[-120.4232987,39.8143029],[-120.4233006,39.8143027],[-120.4235527,39.8142993],[-120.4237963,39.8143047],[-120.4239417,39.8143801]]}},{"type":"Feature","properties":{"name":"Middle Fork Feather River"},"geometry":{"type":"LineString","coordinates":[[-120.9475503,39.8505573],[-120.9478758,39.85048],[-120.9487722,39.8498202],[-120.9490759,39.8496812]]}},{"type":"Feature","properties":{"name":"Middle Fork Feather River"},"geometry":{"type":"LineString","coordinates":[[-121.039099,39.8119498],[-121.04,39.8119649]]}},{"type":"Feature","properties":{"name":"Middle Fork Feather River"},"geometry":{"type":"LineString","coordinates":[[-120.9659586,39.8463842],[-120.9664642,39.846393],[-120.9668704,39.8464902],[-120.9673312,39.8467235],[-120.9677349,39.8470242]]}},{"type":"Feature","properties":{"name":"Middle Fork Feather River"},"geometry":{"type":"LineString","coordinates":[[-120.5232797,39.7891079],[-120.5232416,39.7893999]]}},{"type":"Feature","properties":{"name":"Middle Fork Feather River"},"geometry":{"type":"LineString","coordinates":[[-120.9444652,39.8494972],[-120.9446318,39.8495216],[-120.9448633,39.8496066],[-120.9450716,39.8497058],[-120.9453229,39.8498036],[-120.9455556,39.8498984],[-120.9464526,39.8503576]]}},{"type":"Feature","properties":{"name":"Middle Fork Feather River"},"geometry":{"type":"LineString","coordinates":[[-120.926783,39.8480997],[-120.927379,39.8479983],[-120.9285526,39.8478391],[-120.9289948,39.847847]]}},{"type":"Feature","properties":{"name":"Middle Fork Feather River"},"geometry":{"type":"LineString","coordinates":[[-120.842729,39.8669445],[-120.8430608,39.8667273]]}},{"type":"Feature","properties":{"name":"Middle Fork Feather River"},"geometry":{"type":"LineString","coordinates":[[-120.7535497,39.8654993],[-120.7542124,39.866008]]}},{"type":"Feature","properties":{"name":"Middle Fork Feather River"},"geometry":{"type":"LineString","coordinates":[[-120.3801243,39.8130921],[-120.3800395,39.8131195],[-120.3800819,39.8134735]]}},{"type":"Feature","properties":{"name":"Middle Fork Feather River"},"geometry":{"type":"LineString","coordinates":[[-120.6560477,39.8108806],[-120.65593,39.8112367],[-120.6559239,39.8114159]]}},{"type":"Feature","properties":{"name":"Middle Fork Feather River"},"geometry":{"type":"LineString","coordinates":[[-120.5881866,39.7459041],[-120.5888652,39.7462413]]}},{"type":"Feature","properties":{"name":"Middle Fork Feather River"},"geometry":{"type":"LineString","coordinates":[[-120.7497092,39.8656145],[-120.7504117,39.8655831],[-120.7510714,39.8652829],[-120.7514323,39.865139],[-120.7521451,39.8651528]]}},{"type":"Feature","properties":{"name":"Middle Fork Feather River"},"geometry":{"type":"LineString","coordinates":[[-120.5468393,39.7576229],[-120.5470169,39.7575952],[-120.5471882,39.7575738],[-120.5473381,39.7575595],[-120.5474666,39.7575595],[-120.5475808,39.757581],[-120.5477521,39.7576238],[-120.5479377,39.7576952],[-120.5481162,39.7577451],[-120.5483089,39.7577666],[-120.5485302,39.7577737],[-120.5488229,39.7577594],[-120.5491655,39.7577095],[-120.5493511,39.7576309],[-120.5495439,39.7575524],[-120.5497081,39.757481],[-120.5498508,39.7574667],[-120.5500198,39.75745],[-120.5502363,39.7574667],[-120.5505166,39.7574213]]}},{"type":"Feature","properties":{"name":"Middle Fork Feather River"},"geometry":{"type":"LineString","coordinates":[[-121.0030424,39.8247556],[-121.0037451,39.8247317]]}},{"type":"Feature","properties":{"name":"Middle Fork Feather River"},"geometry":{"type":"LineString","coordinates":[[-120.8440002,39.8621224],[-120.8445358,39.8617618],[-120.8453431,39.8615624],[-120.8456196,39.8614821]]}},{"type":"Feature","properties":{"name":"Middle Fork Feather River"},"geometry":{"type":"LineString","coordinates":[[-120.8562224,39.8590702],[-120.856558,39.8586615],[-120.8570352,39.858355],[-120.8571534,39.8583121],[-120.8576652,39.8583216]]}},{"type":"Feature","properties":{"name":"Middle Fork Feather River"},"geometry":{"type":"LineString","coordinates":[[-120.5379399,39.7678678],[-120.5379655,39.7678221],[-120.5383026,39.7675479]]}},{"type":"Feature","properties":{"name":"Middle Fork Feather River"},"geometry":{"type":"LineString","coordinates":[[-120.6812012,39.8405215],[-120.6812791,39.8407543],[-120.6813913,39.8408917],[-120.6814788,39.8413729]]}},{"type":"Feature","properties":{"name":"Middle Fork Feather River"},"geometry":{"type":"LineString","coordinates":[[-120.990421,39.8351441],[-120.9906498,39.8346521],[-120.9909204,39.8344165],[-120.9912444,39.834302],[-120.991604,39.8339929],[-120.9917882,39.8336808],[-120.9919156,39.8333226],[-120.992001,39.8329838],[-120.9920534,39.8326043],[-120.9920912,39.8323744],[-120.992097,39.8323329]]}},{"type":"Feature","properties":{"name":"Middle Fork Feather River"},"geometry":{"type":"LineString","coordinates":[[-120.7827595,39.8640306],[-120.7839751,39.8640538]]}},{"type":"Feature","properties":{"name":"Middle Fork Feather River"},"geometry":{"type":"LineString","coordinates":[[-120.9464526,39.8503576],[-120.9466492,39.8504583],[-120.9469027,39.8505064]]}},{"type":"Feature","properties":{"name":"Middle Fork Feather River"},"geometry":{"type":"LineString","coordinates":[[-120.6429242,39.7859059],[-120.6428938,39.7859281],[-120.6424823,39.7860099],[-120.6421829,39.7862291],[-120.6420002,39.7864505],[-120.641994,39.7866305],[-120.6427295,39.7873211],[-120.6431885,39.7875557],[-120.6442157,39.7882523],[-120.64479,39.7885341],[-120.6450033,39.7886093],[-120.645115,39.7886817]]}},{"type":"Feature","properties":{"name":"Middle Fork Feather River"},"geometry":{"type":"LineString","coordinates":[[-120.9364238,39.8491725],[-120.9368672,39.8492486],[-120.9370474,39.8492911],[-120.9373304,39.849392],[-120.9385424,39.849909],[-120.938641,39.84993]]}},{"type":"Feature","properties":{"name":"Middle Fork Feather River"},"geometry":{"type":"LineString","coordinates":[[-120.546252,39.7622275],[-120.5463437,39.7620087],[-120.5466254,39.7618209]]}},{"type":"Feature","properties":{"name":"Middle Fork Feather River"},"geometry":{"type":"LineString","coordinates":[[-120.611001,39.7673665],[-120.6111906,39.767475],[-120.6113984,39.7676899],[-120.6113231,39.7680323],[-120.6113232,39.7680367]]}},{"type":"Feature","properties":{"name":"Middle Fork Feather River"},"geometry":{"type":"LineString","coordinates":[[-121.0022048,39.8253468],[-121.0022052,39.8253299],[-121.0029812,39.8247577],[-121.0030424,39.8247556]]}},{"type":"Feature","properties":{"name":"Middle Fork Feather River"},"geometry":{"type":"LineString","coordinates":[[-120.4306405,39.8189429],[-120.4307699,39.8189367],[-120.4309759,39.8189547],[-120.4309783,39.8189554],[-120.43098,39.8189559]]}},{"type":"Feature","properties":{"name":"Middle Fork Feather River"},"geometry":{"type":"LineString","coordinates":[[-120.6968571,39.8506013],[-120.6978386,39.8512045],[-120.6983026,39.85154],[-120.6988165,39.8519576]]}},{"type":"Feature","properties":{"name":"Middle Fork Feather River"},"geometry":{"type":"LineString","coordinates":[[-120.8702988,39.8566],[-120.8703022,39.8564882]]}},{"type":"Feature","properties":{"name":"Middle Fork Feather River"},"geometry":{"type":"LineString","coordinates":[[-120.9849566,39.8356321],[-120.9850132,39.8355904],[-120.9853078,39.8355053],[-120.9857086,39.8355123]]}},{"type":"Feature","properties":{"name":"Middle Fork Feather River"},"geometry":{"type":"LineString","coordinates":[[-120.81909,39.8711904],[-120.8194522,39.8713028],[-120.81951,39.8713363]]}},{"type":"Feature","properties":{"name":"Middle Fork Feather River"},"geometry":{"type":"LineString","coordinates":[[-120.8396736,39.8696714],[-120.8396754,39.869671],[-120.8402266,39.8694504],[-120.8409148,39.8691821],[-120.8410014,39.8691243]]}},{"type":"Feature","properties":{"name":"Middle Fork Feather River"},"geometry":{"type":"LineString","coordinates":[[-120.5159709,39.7838345],[-120.5160912,39.7836617],[-120.5164522,39.783409],[-120.5169478,39.7832921],[-120.5172158,39.7832353],[-120.5174524,39.7831503],[-120.517833,39.7831198],[-120.5183274,39.7831691],[-120.5189006,39.7832607],[-120.5192051,39.7833815]]}},{"type":"Feature","properties":{"name":"Middle Fork Feather River"},"geometry":{"type":"LineString","coordinates":[[-120.8776871,39.851531],[-120.8778334,39.8514267],[-120.8784908,39.8510934]]}},{"type":"Feature","properties":{"name":"Middle Fork Feather River"},"geometry":{"type":"LineString","coordinates":[[-120.9826236,39.8377574],[-120.982927,39.8376596]]}},{"type":"Feature","properties":{"name":"Middle Fork Feather River"},"geometry":{"type":"LineString","coordinates":[[-120.5816297,39.7406011],[-120.5817444,39.7405541],[-120.5818742,39.7405341],[-120.5822709,39.7404523],[-120.5824313,39.7404331]]}},{"type":"Feature","properties":{"name":"Middle Fork Feather River"},"geometry":{"type":"LineString","coordinates":[[-120.8712885,39.8543058],[-120.871963,39.8538101],[-120.8719678,39.853808]]}},{"type":"Feature","properties":{"name":"Middle Fork Feather River"},"geometry":{"type":"LineString","coordinates":[[-120.5095757,39.7903011],[-120.5101535,39.7896603],[-120.51016,39.7894803],[-120.5100951,39.7893753]]}},{"type":"Feature","properties":{"name":"Middle Fork Feather River"},"geometry":{"type":"LineString","coordinates":[[-120.5468314,39.7606001],[-120.546839,39.7604067],[-120.5468313,39.7601497],[-120.5468366,39.760028]]}},{"type":"Feature","properties":{"name":"Middle Fork Feather River"},"geometry":{"type":"LineString","coordinates":[[-121.0335576,39.8156436],[-121.0335616,39.8156399],[-121.0341468,39.8156048]]}},{"type":"Feature","properties":{"name":"Middle Fork Feather River"},"geometry":{"type":"LineString","coordinates":[[-120.6663719,39.8184307],[-120.6663721,39.8185189],[-120.6664973,39.8189937]]}},{"type":"Feature","properties":{"name":"Middle Fork Feather River"},"geometry":{"type":"LineString","coordinates":[[-120.8947828,39.8494769],[-120.8951344,39.8494447],[-120.8955624,39.8493074]]}},{"type":"Feature","properties":{"name":"Middle Fork Feather River"},"geometry":{"type":"LineString","coordinates":[[-120.4131272,39.8199821],[-120.4131884,39.8199377],[-120.4131469,39.8194863]]}},{"type":"Feature","properties":{"name":"Middle Fork Feather River"},"geometry":{"type":"LineString","coordinates":[[-120.5800613,39.741254],[-120.5806761,39.7410827],[-120.5810716,39.7409166],[-120.5813722,39.7407247]]}},{"type":"Feature","properties":{"name":"Middle Fork Feather River"},"geometry":{"type":"LineString","coordinates":[[-120.6556941,39.8078963],[-120.6558052,39.8080361],[-120.655873,39.8082329],[-120.6560771,39.8086271],[-120.6561683,39.8088511],[-120.6562938,39.8091269],[-120.6562788,39.8095679]]}},{"type":"Feature","properties":{"name":"Middle Fork Feather River"},"geometry":{"type":"LineString","coordinates":[[-120.5526037,39.7571307],[-120.5527063,39.7571207],[-120.5529427,39.7570355],[-120.5531416,39.7569811],[-120.5532936,39.7569529],[-120.5534158,39.7569419],[-120.5535002,39.7569481],[-120.553607,39.7569189],[-120.5536102,39.756918]]}},{"type":"Feature","properties":{"name":"Middle Fork Feather River"},"geometry":{"type":"LineString","coordinates":[[-120.6562788,39.8095679],[-120.6562607,39.8100991]]}},{"type":"Feature","properties":{"name":"Middle Fork Feather River"},"geometry":{"type":"LineString","coordinates":[[-121.036572,39.8125302],[-121.03693,39.8122284],[-121.0376085,39.8122399]]}},{"type":"Feature","properties":{"name":"Middle Fork Feather River"},"geometry":{"type":"LineString","coordinates":[[-120.8100589,39.867207],[-120.8105656,39.8672165]]}},{"type":"Feature","properties":{"name":"Middle Fork Feather River"},"geometry":{"type":"LineString","coordinates":[[-120.9601176,39.8473225],[-120.9606034,39.8469657],[-120.9611062,39.8468407]]}},{"type":"Feature","properties":{"name":"Middle Fork Feather River"},"geometry":{"type":"LineString","coordinates":[[-120.9746298,39.8421664],[-120.9749492,39.8420368],[-120.9754768,39.8417654],[-120.9760564,39.841503],[-120.9768458,39.841124],[-120.977152,39.8409211]]}},{"type":"Feature","properties":{"name":"Middle Fork Feather River"},"geometry":{"type":"LineString","coordinates":[[-120.6428017,39.7834939],[-120.6434189,39.7842271],[-120.6434558,39.7848585],[-120.6432684,39.7852151],[-120.6432561,39.7855751],[-120.6431333,39.7857529],[-120.6429242,39.7859059]]}},{"type":"Feature","properties":{"name":"Middle Fork Feather River"},"geometry":{"type":"LineString","coordinates":[[-120.9937437,39.8303839],[-120.994107,39.8302974],[-120.994525,39.8299893],[-120.9945281,39.8299825]]}},{"type":"Feature","properties":{"name":"Middle Fork Feather River"},"geometry":{"type":"LineString","coordinates":[[-121.0168664,39.8208863],[-121.0171812,39.8210128],[-121.0175808,39.8211418],[-121.0179188,39.8212278]]}},{"type":"Feature","properties":{"name":"Middle Fork Feather River"},"geometry":{"type":"LineString","coordinates":[[-120.5297109,39.7785293],[-120.5296499,39.7784153],[-120.529589,39.7783465],[-120.5295738,39.7783011],[-120.5295661,39.7782513],[-120.5295891,39.7781979],[-120.5297341,39.7781017],[-120.5298406,39.7780411],[-120.5298559,39.7779827],[-120.5298633,39.7778569],[-120.5299704,39.7775573],[-120.5300928,39.7772941],[-120.530436,39.7768375],[-120.53052,39.7767177],[-120.5305655,39.7766465],[-120.5305425,39.7765155],[-120.5305201,39.7764069],[-120.5305651,39.7763313],[-120.5307565,39.7761191],[-120.5310462,39.7758145],[-120.5311756,39.7756865],[-120.5314196,39.7755341],[-120.5316259,39.7754575],[-120.5318321,39.7753853],[-120.5318857,39.7753549],[-120.5319996,39.7752717],[-120.5320454,39.7752547],[-120.5320991,39.7752467],[-120.5321293,39.7752565],[-120.5321902,39.7752667],[-120.5322743,39.7752641],[-120.5323663,39.7752389],[-120.5324498,39.7751911],[-120.5325414,39.7751211],[-120.532671,39.7750653],[-120.5328311,39.7750551],[-120.5329765,39.7750313],[-120.5331065,39.7749889],[-120.5331522,39.7749539],[-120.5332055,39.7748695],[-120.5332132,39.7747165],[-120.5332049,39.7745811],[-120.5331596,39.7744811],[-120.5331138,39.7743315],[-120.5329308,39.7741655],[-120.5328696,39.7741415],[-120.5328006,39.7741311],[-120.5327323,39.7741071],[-120.5326555,39.7740695]]}},{"type":"Feature","properties":{"name":"Middle Fork Feather River"},"geometry":{"type":"LineString","coordinates":[[-120.5468512,39.7594561],[-120.5468446,39.7594067],[-120.5464196,39.7590059]]}},{"type":"Feature","properties":{"name":"Middle Fork Feather River"},"geometry":{"type":"LineString","coordinates":[[-120.3918989,39.8190124],[-120.3919029,39.8190105],[-120.3922553,39.8190545]]}},{"type":"Feature","properties":{"name":"Middle Fork Feather River"},"geometry":{"type":"LineString","coordinates":[[-120.7651474,39.8659527],[-120.7671251,39.8660131]]}},{"type":"Feature","properties":{"name":"Middle Fork Feather River"},"geometry":{"type":"LineString","coordinates":[[-120.9589508,39.8491276],[-120.9590912,39.8486959],[-120.9592179,39.8484124],[-120.9594252,39.8480353]]}},{"type":"Feature","properties":{"name":"Middle Fork Feather River"},"geometry":{"type":"LineString","coordinates":[[-120.4000551,39.8157525],[-120.4000741,39.8160861],[-120.3999523,39.8162185],[-120.3999437,39.8164435],[-120.4002821,39.8167663],[-120.4004421,39.8167969]]}},{"type":"Feature","properties":{"name":"Middle Fork Feather River"},"geometry":{"type":"LineString","coordinates":[[-120.954443,39.8519623],[-120.9546754,39.8517713],[-120.9556312,39.8510674],[-120.9562844,39.8507186],[-120.9569398,39.8504968]]}},{"type":"Feature","properties":{"name":"Middle Fork Feather River"},"geometry":{"type":"LineString","coordinates":[[-120.5855039,39.7444079],[-120.5856387,39.744631],[-120.5862371,39.7449177],[-120.5865775,39.7451951],[-120.5867603,39.7452905]]}},{"type":"Feature","properties":{"name":"Middle Fork Feather River"},"geometry":{"type":"LineString","coordinates":[[-120.4916853,39.8056313],[-120.4919232,39.8056319],[-120.4921599,39.8055469],[-120.4928797,39.8050219],[-120.4931132,39.8050271],[-120.4932915,39.8049407],[-120.4950422,39.8049787],[-120.4956923,39.8047675],[-120.4960538,39.8044599],[-120.4961787,39.8042375],[-120.4961918,39.8038773],[-120.4960816,39.8036949],[-120.4960865,39.8035597],[-120.4955777,39.8030983],[-120.4957091,39.8026959],[-120.4957385,39.8018857],[-120.4958017,39.8017519],[-120.4957532,39.8014807],[-120.4956398,39.8013881],[-120.4956496,39.8011181],[-120.4955394,39.8009355],[-120.4955508,39.8006205],[-120.4956724,39.8004879],[-120.4957439,39.8001291],[-120.4958638,39.8000417],[-120.4967456,39.7998805],[-120.4970422,39.7997517],[-120.4975107,39.7997169],[-120.4985757,39.7993343],[-120.4991008,39.7993457],[-120.4995027,39.7995345],[-120.4996194,39.7995371],[-120.4997394,39.7994495],[-120.5000311,39.7994559],[-120.5002613,39.7995509],[-120.5010617,39.7996289]]}},{"type":"Feature","properties":{"name":"Middle Fork Feather River"},"geometry":{"type":"LineString","coordinates":[[-120.9137188,39.852634],[-120.913859,39.8525308],[-120.9148018,39.8522774],[-120.9158697,39.8522241]]}},{"type":"Feature","properties":{"name":"Middle Fork Feather River"},"geometry":{"type":"LineString","coordinates":[[-121.0300267,39.8191387],[-121.0305408,39.8191474],[-121.0309655,39.818978]]}},{"type":"Feature","properties":{"name":"Middle Fork Feather River"},"geometry":{"type":"LineString","coordinates":[[-120.3959101,39.8174655],[-120.3959255,39.8172677],[-120.3959177,39.8171053],[-120.3959789,39.8169355],[-120.3960399,39.8167747],[-120.3961393,39.8166733],[-120.3962615,39.8165501],[-120.3963757,39.8164669],[-120.3964599,39.8164013],[-120.3965281,39.8163533],[-120.3966347,39.8163151],[-120.3967265,39.8162993]]}},{"type":"Feature","properties":{"name":"Middle Fork Feather River"},"geometry":{"type":"LineString","coordinates":[[-120.9835954,39.8372066],[-120.9838654,39.8368768],[-120.9841732,39.8363416],[-120.9843452,39.8361513],[-120.9844686,39.8360064]]}},{"type":"Feature","properties":{"name":"Middle Fork Feather River"},"geometry":{"type":"LineString","coordinates":[[-120.8207502,39.871967],[-120.8219232,39.8726557],[-120.8225536,39.872878]]}},{"type":"Feature","properties":{"name":"Middle Fork Feather River"},"geometry":{"type":"LineString","coordinates":[[-121.0341468,39.8156048],[-121.0347852,39.8157508],[-121.0356306,39.8158497],[-121.0363032,39.8157765],[-121.0364212,39.8157334],[-121.0365306,39.8156326]]}},{"type":"Feature","properties":{"name":"Middle Fork Feather River"},"geometry":{"type":"LineString","coordinates":[[-121.0009655,39.8295138],[-121.0009824,39.8289296],[-121.0009691,39.8285346],[-121.001004,39.8278295],[-121.001175,39.8274809],[-121.0013926,39.8271628],[-121.0022582,39.8265245]]}},{"type":"Feature","properties":{"name":"Middle Fork Feather River"},"geometry":{"type":"LineString","coordinates":[[-120.9333206,39.8487218],[-120.9339364,39.8488064],[-120.9356572,39.8489889],[-120.936384,39.8491657],[-120.9364238,39.8491725]]}},{"type":"Feature","properties":{"name":"Middle Fork Feather River"},"geometry":{"type":"LineString","coordinates":[[-121.032031,39.8181745],[-121.032144,39.8179688],[-121.0323386,39.8175562],[-121.032555,39.8170559]]}},{"type":"Feature","properties":{"name":"Middle Fork Feather River"},"geometry":{"type":"LineString","coordinates":[[-120.5067854,39.7996898],[-120.5072353,39.7993271],[-120.5077232,39.7987519],[-120.507733,39.7984819],[-120.5079162,39.7982607],[-120.5079243,39.7980357],[-120.5077682,39.7979107]]}},{"type":"Feature","properties":{"name":"Middle Fork Feather River"},"geometry":{"type":"LineString","coordinates":[[-120.5034366,39.8002139],[-120.5039885,39.8002933],[-120.5042819,39.8002545]]}},{"type":"Feature","properties":{"name":"Middle Fork Feather River"},"geometry":{"type":"LineString","coordinates":[[-121.0094742,39.8188566],[-121.0092958,39.8185147],[-121.0093054,39.818183]]}},{"type":"Feature","properties":{"name":"Middle Fork Feather River"},"geometry":{"type":"LineString","coordinates":[[-120.6705617,39.8284709],[-120.6707282,39.8284927]]}},{"type":"Feature","properties":{"name":"Middle Fork Feather River"},"geometry":{"type":"LineString","coordinates":[[-120.8225536,39.872878],[-120.8228466,39.8730334],[-120.8238312,39.8733221],[-120.8241206,39.8734176],[-120.8246808,39.8735202],[-120.8258662,39.8736756],[-120.8269164,39.8737402],[-120.8270764,39.8737613]]}},{"type":"Feature","properties":{"name":"Middle Fork Feather River"},"geometry":{"type":"LineString","coordinates":[[-120.9600933,39.8473414],[-120.9601176,39.8473225]]}},{"type":"Feature","properties":{"name":"Middle Fork Feather River"},"geometry":{"type":"LineString","coordinates":[[-120.8387898,39.869773],[-120.8392006,39.8697807],[-120.8396736,39.8696714]]}},{"type":"Feature","properties":{"name":"Middle Fork Feather River"},"geometry":{"type":"LineString","coordinates":[[-120.863035,39.8590063],[-120.8635101,39.8590695],[-120.8639656,39.8591585],[-120.8644328,39.8591672],[-120.8648221,39.8590506]]}},{"type":"Feature","properties":{"name":"Middle Fork Feather River"},"geometry":{"type":"LineString","coordinates":[[-120.8784908,39.8510934],[-120.8786052,39.8510354],[-120.8801362,39.850658],[-120.8805703,39.8506293],[-120.8808731,39.8506226]]}},{"type":"Feature","properties":{"name":"Middle Fork Feather River"},"geometry":{"type":"LineString","coordinates":[[-121.0142779,39.8196879],[-121.014919,39.8200074],[-121.0154575,39.8201843]]}},{"type":"Feature","properties":{"name":"Middle Fork Feather River"},"geometry":{"type":"LineString","coordinates":[[-121.0000252,39.8299041],[-121.0006034,39.8299141],[-121.0007812,39.829827],[-121.0009602,39.829695],[-121.0009655,39.8295138]]}},{"type":"Feature","properties":{"name":"Middle Fork Feather River"},"geometry":{"type":"LineString","coordinates":[[-120.938641,39.84993],[-120.9390218,39.850048],[-120.9394256,39.8500974],[-120.939787,39.8500365],[-120.939835,39.8500283]]}},{"type":"Feature","properties":{"name":"Middle Fork Feather River"},"geometry":{"type":"LineString","coordinates":[[-120.5359444,39.7692747],[-120.5360445,39.7693127],[-120.5366294,39.7692801],[-120.5372401,39.7687575],[-120.5373404,39.7687187]]}},{"type":"Feature","properties":{"name":"Middle Fork Feather River"},"geometry":{"type":"LineString","coordinates":[[-120.5536102,39.756918],[-120.5537366,39.7568855],[-120.5537592,39.7568681],[-120.5538662,39.7567893],[-120.5538852,39.7567827]]}},{"type":"Feature","properties":{"name":"Middle Fork Feather River"},"geometry":{"type":"LineString","coordinates":[[-120.891038,39.8488271],[-120.8915284,39.8488837],[-120.8916272,39.8488855]]}},{"type":"Feature","properties":{"name":"Middle Fork Feather River"},"geometry":{"type":"LineString","coordinates":[[-120.5452293,39.7639895],[-120.5453906,39.7638579]]}},{"type":"Feature","properties":{"name":"Middle Fork Feather River"},"geometry":{"type":"LineString","coordinates":[[-120.4451976,39.8184115],[-120.4458011,39.8178543]]}},{"type":"Feature","properties":{"name":"Middle Fork Feather River"},"geometry":{"type":"LineString","coordinates":[[-120.6748117,39.8330177],[-120.6749252,39.8333751],[-120.675004,39.8345027],[-120.6752072,39.8354077],[-120.6754567,39.8357832]]}},{"type":"Feature","properties":{"name":"Middle Fork Feather River"},"geometry":{"type":"LineString","coordinates":[[-120.8441342,39.8657343],[-120.8441354,39.8657322],[-120.8442295,39.8655817]]}},{"type":"Feature","properties":{"name":"Middle Fork Feather River"},"geometry":{"type":"LineString","coordinates":[[-120.8419415,39.868129],[-120.8419418,39.8681201],[-120.8420494,39.8680215]]}},{"type":"Feature","properties":{"name":"Middle Fork Feather River"},"geometry":{"type":"LineString","coordinates":[[-120.7967884,39.8665362],[-120.7968058,39.8665396],[-120.7974044,39.8666043],[-120.7987102,39.8666866],[-120.7993388,39.8666625]]}},{"type":"Feature","properties":{"name":"Middle Fork Feather River"},"geometry":{"type":"LineString","coordinates":[[-120.9044664,39.8522486],[-120.9044708,39.8522498],[-120.9047468,39.8523665],[-120.9050961,39.8523834]]}},{"type":"Feature","properties":{"name":"Middle Fork Feather River"},"geometry":{"type":"LineString","coordinates":[[-120.7922601,39.8649474],[-120.7926954,39.8648888]]}},{"type":"Feature","properties":{"name":"Middle Fork Feather River"},"geometry":{"type":"LineString","coordinates":[[-120.458705,39.8125408],[-120.4590315,39.8123029],[-120.459062,39.8122893]]}},{"type":"Feature","properties":{"name":"Middle Fork Feather River"},"geometry":{"type":"LineString","coordinates":[[-120.6774283,39.8373145],[-120.6776496,39.8374835],[-120.6781284,39.8380111]]}},{"type":"Feature","properties":{"name":"Middle Fork Feather River"},"geometry":{"type":"LineString","coordinates":[[-120.5259193,39.7800745],[-120.5260486,39.7801089],[-120.5261099,39.7801327],[-120.5261711,39.7801745],[-120.5261937,39.7802155],[-120.5262089,39.7802609],[-120.5262093,39.7802925]]}},{"type":"Feature","properties":{"name":"Middle Fork Feather River"},"geometry":{"type":"LineString","coordinates":[[-120.6568489,39.8134947],[-120.6582714,39.8145271],[-120.659018,39.8149025],[-120.6592499,39.8149523],[-120.6600766,39.8149689]]}},{"type":"Feature","properties":{"name":"Middle Fork Feather River"},"geometry":{"type":"LineString","coordinates":[[-120.9630321,39.8464637],[-120.9636024,39.8463427],[-120.9641928,39.8463531]]}},{"type":"Feature","properties":{"name":"Middle Fork Feather River"},"geometry":{"type":"LineString","coordinates":[[-120.6995605,39.8528255],[-120.7003981,39.8538534],[-120.7009216,39.8543579],[-120.7017394,39.8544943],[-120.7020314,39.8545001],[-120.7023265,39.8544159],[-120.7037267,39.8544887],[-120.7043751,39.8543213],[-120.7049607,39.8542879],[-120.7054324,39.8541621],[-120.7059748,39.8540421]]}},{"type":"Feature","properties":{"name":"Middle Fork Feather River"},"geometry":{"type":"LineString","coordinates":[[-120.5771655,39.7432533],[-120.5777978,39.7427733],[-120.5785503,39.7422325],[-120.5788573,39.7418898],[-120.5791741,39.7416625],[-120.5796516,39.7413571],[-120.5800613,39.741254]]}},{"type":"Feature","properties":{"name":"Middle Fork Feather River"},"geometry":{"type":"LineString","coordinates":[[-120.5567195,39.7562863],[-120.5566968,39.7563715],[-120.5567349,39.7564713]]}},{"type":"Feature","properties":{"name":"Middle Fork Feather River"},"geometry":{"type":"LineString","coordinates":[[-120.8702914,39.8568372],[-120.8702988,39.8566]]}},{"type":"Feature","properties":{"name":"Middle Fork Feather River"},"geometry":{"type":"LineString","coordinates":[[-120.5829689,39.7409869],[-120.5830332,39.7414687],[-120.5834972,39.7420183],[-120.5836828,39.7423253],[-120.5835543,39.7432033],[-120.5837114,39.7436387],[-120.5839373,39.7437931]]}},{"type":"Feature","properties":{"name":"Middle Fork Feather River"},"geometry":{"type":"LineString","coordinates":[[-120.7196578,39.8569788],[-120.7202795,39.8573654],[-120.7208012,39.8576601],[-120.721612,39.8579722],[-120.7219809,39.8580614],[-120.7225876,39.8583707],[-120.7231468,39.8587158],[-120.7236482,39.8590834]]}},{"type":"Feature","properties":{"name":"Middle Fork Feather River"},"geometry":{"type":"LineString","coordinates":[[-120.4421039,39.8199035],[-120.4422239,39.8198161],[-120.4426958,39.8196913],[-120.4430284,39.8195101]]}},{"type":"Feature","properties":{"name":"Middle Fork Feather River"},"geometry":{"type":"LineString","coordinates":[[-120.9200466,39.8489032],[-120.9204674,39.8485594]]}},{"type":"Feature","properties":{"name":"Middle Fork Feather River"},"geometry":{"type":"LineString","coordinates":[[-121.0061372,39.8237083],[-121.0066458,39.8232891],[-121.0070572,39.8232061],[-121.0075626,39.823022]]}},{"type":"Feature","properties":{"name":"Middle Fork Feather River"},"geometry":{"type":"LineString","coordinates":[[-120.7747676,39.8676367],[-120.7751951,39.8678046]]}},{"type":"Feature","properties":{"name":"Middle Fork Feather River"},"geometry":{"type":"LineString","coordinates":[[-120.5975559,39.7609145],[-120.5975553,39.7609167],[-120.597704,39.7611096],[-120.597944,39.7614261],[-120.5981405,39.761688],[-120.5983697,39.7618081],[-120.5986097,39.7619281],[-120.5989244,39.7621625],[-120.5990947,39.7623011],[-120.5991732,39.7625655],[-120.5994243,39.7628935],[-120.5994449,39.7630077]]}},{"type":"Feature","properties":{"name":"Middle Fork Feather River"},"geometry":{"type":"LineString","coordinates":[[-120.6553961,39.8046045],[-120.6552092,39.8048875],[-120.6550859,39.8051387]]}},{"type":"Feature","properties":{"name":"Middle Fork Feather River"},"geometry":{"type":"LineString","coordinates":[[-120.813296,39.86869],[-120.8136286,39.8687608],[-120.8142128,39.8687718],[-120.8145034,39.8688223],[-120.8147928,39.8689179],[-120.8154848,39.8692926]]}},{"type":"Feature","properties":{"name":"Middle Fork Feather River"},"geometry":{"type":"LineString","coordinates":[[-120.9114286,39.8549996],[-120.911503,39.8550559],[-120.912065,39.8552952],[-120.912404,39.8553018]]}},{"type":"Feature","properties":{"name":"Middle Fork Feather River"},"geometry":{"type":"LineString","coordinates":[[-120.5839373,39.7437931],[-120.584004,39.7438386],[-120.5843395,39.7438743],[-120.5843571,39.7438757]]}},{"type":"Feature","properties":{"name":"Middle Fork Feather River"},"geometry":{"type":"LineString","coordinates":[[-120.4512008,39.8149162],[-120.451937,39.8146247],[-120.4522305,39.8145861],[-120.4523505,39.8144987],[-120.4525711,39.8144574],[-120.4529975,39.8143777],[-120.4535811,39.8143905],[-120.4537278,39.8143533]]}},{"type":"Feature","properties":{"name":"Middle Fork Feather River"},"geometry":{"type":"LineString","coordinates":[[-120.5568802,39.7554159],[-120.5567238,39.7556513],[-120.5567094,39.7560563],[-120.5567195,39.7562863]]}},{"type":"Feature","properties":{"name":"Middle Fork Feather River"},"geometry":{"type":"LineString","coordinates":[[-120.5461294,39.7623735],[-120.546252,39.7622275]]}},{"type":"Feature","properties":{"name":"Middle Fork Feather River"},"geometry":{"type":"LineString","coordinates":[[-120.9507653,39.8499072],[-120.9512134,39.8502687],[-120.951496,39.850589],[-120.9516968,39.8509785],[-120.9518264,39.8512705],[-120.9521024,39.851816],[-120.9523228,39.85261]]}},{"type":"Feature","properties":{"name":"Middle Fork Feather River"},"geometry":{"type":"LineString","coordinates":[[-120.8540572,39.86339],[-120.854657,39.8634011],[-120.8549628,39.8633101],[-120.8551374,39.8630966]]}},{"type":"Feature","properties":{"name":"Middle Fork Feather River"},"geometry":{"type":"LineString","coordinates":[[-120.835913,39.8707429],[-120.8364094,39.87045],[-120.8375648,39.8697502],[-120.8382677,39.8697045],[-120.8387898,39.869773]]}},{"type":"Feature","properties":{"name":"Middle Fork Feather River"},"geometry":{"type":"LineString","coordinates":[[-120.8596386,39.8586734],[-120.8608106,39.858695]]}},{"type":"Feature","properties":{"name":"Middle Fork Feather River"},"geometry":{"type":"LineString","coordinates":[[-120.9677349,39.8470242],[-120.9680744,39.847277],[-120.9683952,39.8472944],[-120.9687184,39.8472433],[-120.9689546,39.8471573],[-120.9693442,39.8468263]]}},{"type":"Feature","properties":{"name":"Middle Fork Feather River"},"geometry":{"type":"LineString","coordinates":[[-120.5813722,39.7407247],[-120.5816297,39.7406011]]}},{"type":"Feature","properties":{"name":"Middle Fork Feather River"},"geometry":{"type":"LineString","coordinates":[[-120.47123,39.8085473],[-120.4716739,39.8083327],[-120.4720208,39.8082677],[-120.4723941,39.8082445],[-120.4729735,39.8079665],[-120.4735618,39.8076791],[-120.4743273,39.8072303],[-120.4754222,39.8066103],[-120.4762199,39.8060995],[-120.4769349,39.8058015],[-120.4776941,39.8056397],[-120.4782895,39.8053919],[-120.4784734,39.8052771]]}},{"type":"Feature","properties":{"name":"Middle Fork Feather River"},"geometry":{"type":"LineString","coordinates":[[-120.534296,39.7721405],[-120.5341593,39.7719259],[-120.5340777,39.7717981],[-120.5339451,39.7715879],[-120.5338462,39.7714147],[-120.5338233,39.7713197],[-120.533831,39.7708603],[-120.5338463,39.7705949]]}},{"type":"Feature","properties":{"name":"Middle Fork Feather River"},"geometry":{"type":"LineString","coordinates":[[-120.5272161,39.7887729],[-120.5272443,39.7884943],[-120.5271341,39.7883117],[-120.5271421,39.7880867],[-120.5272621,39.7879993],[-120.5272894,39.7872375]]}},{"type":"Feature","properties":{"name":"Middle Fork Feather River"},"geometry":{"type":"LineString","coordinates":[[-120.9988668,39.8296198],[-120.9989164,39.8296598],[-120.9994354,39.8298939],[-120.9999177,39.8299022]]}},{"type":"Feature","properties":{"name":"Middle Fork Feather River"},"geometry":{"type":"LineString","coordinates":[[-120.5373404,39.7687187],[-120.5373537,39.7687085],[-120.5373627,39.7687016]]}},{"type":"Feature","properties":{"name":"Middle Fork Feather River"},"geometry":{"type":"LineString","coordinates":[[-120.9289948,39.847847],[-120.9297155,39.8478656],[-120.9302964,39.8479987],[-120.9305246,39.8480546]]}},{"type":"Feature","properties":{"name":"Middle Fork Feather River"},"geometry":{"type":"LineString","coordinates":[[-120.8764862,39.8524681],[-120.8776871,39.851531]]}},{"type":"Feature","properties":{"name":"Middle Fork Feather River"},"geometry":{"type":"LineString","coordinates":[[-120.5100534,39.7890799],[-120.510192,39.7885883],[-120.5104542,39.7881903],[-120.5107965,39.7878647],[-120.5109667,39.7874719],[-120.5109856,39.7872031],[-120.5110181,39.7870621]]}},{"type":"Feature","properties":{"name":"Middle Fork Feather River"},"geometry":{"type":"LineString","coordinates":[[-120.6428309,39.7955715],[-120.6433157,39.7958013],[-120.6436059,39.7958523],[-120.6437385,39.7959333]]}},{"type":"Feature","properties":{"name":"Middle Fork Feather River"},"geometry":{"type":"LineString","coordinates":[[-120.6330895,39.7823953],[-120.6347107,39.7827887],[-120.635354,39.7827567],[-120.6357072,39.7826739],[-120.636172,39.7823439],[-120.6364334,39.7819229],[-120.6369708,39.7815735],[-120.6373255,39.7814457],[-120.6375589,39.7814503],[-120.6378536,39.7813663],[-120.6386812,39.7810679],[-120.6393229,39.7810809],[-120.6397298,39.7811343],[-120.6407676,39.7815157],[-120.6409948,39.7817005],[-120.6410439,39.7819717],[-120.6424671,39.7830367],[-120.6428017,39.7834939]]}},{"type":"Feature","properties":{"name":"Middle Fork Feather River"},"geometry":{"type":"LineString","coordinates":[[-120.4092469,39.8198857],[-120.4094453,39.8197911],[-120.4095517,39.8197979],[-120.4096815,39.8197829],[-120.4098495,39.8197821],[-120.4099413,39.8198247],[-120.4100329,39.8199123],[-120.4101625,39.8200369],[-120.4102921,39.8201477],[-120.4104069,39.8202405],[-120.4105363,39.8202929],[-120.4106281,39.8202995]]}},{"type":"Feature","properties":{"name":"Middle Fork Feather River"},"geometry":{"type":"LineString","coordinates":[[-120.6559795,39.8120923],[-120.6566753,39.8133687],[-120.6568489,39.8134947]]}},{"type":"Feature","properties":{"name":"Middle Fork Feather River"},"geometry":{"type":"LineString","coordinates":[[-120.5373627,39.7687016],[-120.5373861,39.7686837],[-120.5373935,39.7686387],[-120.5374088,39.7685175],[-120.5374323,39.7683513],[-120.5374392,39.7682793],[-120.5374545,39.7682391],[-120.5374932,39.7682175],[-120.5375311,39.7682183],[-120.5375697,39.7682011]]}},{"type":"Feature","properties":{"name":"Middle Fork Feather River"},"geometry":{"type":"LineString","coordinates":[[-120.5589624,39.7573065],[-120.5598795,39.7569995]]}},{"type":"Feature","properties":{"name":"Middle Fork Feather River"},"geometry":{"type":"LineString","coordinates":[[-120.5607859,39.7524169],[-120.56023,39.7522117],[-120.5593017,39.7520569],[-120.5588404,39.7518259],[-120.5586115,39.7517721],[-120.5583538,39.7516907],[-120.5583393,39.7516861]]}},{"type":"Feature","properties":{"name":"Middle Fork Feather River"},"geometry":{"type":"LineString","coordinates":[[-120.4066069,39.8197005],[-120.4071203,39.8197571],[-120.4079273,39.8200455],[-120.4085109,39.8200585],[-120.4086243,39.8201511],[-120.4089161,39.8201575],[-120.4092469,39.8198857]]}},{"type":"Feature","properties":{"name":"Middle Fork Feather River"},"geometry":{"type":"LineString","coordinates":[[-120.4028057,39.8179939],[-120.4029191,39.8180867],[-120.4029639,39.8184479],[-120.4036473,39.8189137],[-120.4036337,39.8192737],[-120.4037281,39.8194199],[-120.4039153,39.8195503]]}},{"type":"Feature","properties":{"name":"Middle Fork Feather River"},"geometry":{"type":"LineString","coordinates":[[-120.90918,39.8535184],[-120.909725,39.8539428],[-120.910589,39.8543638],[-120.9114286,39.8549996]]}},{"type":"Feature","properties":{"name":"Middle Fork Feather River"},"geometry":{"type":"LineString","coordinates":[[-120.665517,39.8163397],[-120.665803,39.8163455],[-120.6659358,39.816438]]}},{"type":"Feature","properties":{"name":"Middle Fork Feather River"},"geometry":{"type":"LineString","coordinates":[[-120.9523228,39.85261],[-120.9523664,39.8527666],[-120.9526464,39.8531769],[-120.9526721,39.8531977]]}},{"type":"Feature","properties":{"name":"Middle Fork Feather River"},"geometry":{"type":"LineString","coordinates":[[-120.5548644,39.756507],[-120.5549267,39.7565053],[-120.5550943,39.7564097],[-120.5551328,39.7563701],[-120.5551555,39.7563299],[-120.5551552,39.7561093],[-120.5552015,39.7558939],[-120.5552625,39.7557557],[-120.5553618,39.7555685],[-120.5553919,39.7554791],[-120.5554454,39.7554127],[-120.5556209,39.7552361],[-120.5559946,39.7549197],[-120.5560941,39.7548497],[-120.5563002,39.7547371],[-120.556483,39.7546193],[-120.5565821,39.7545807],[-120.5568644,39.7545191],[-120.5569868,39.7545037],[-120.5570705,39.7545099],[-120.5571851,39.7545485],[-120.5573528,39.7545925],[-120.5574447,39.7546349],[-120.5574826,39.7546943],[-120.5574902,39.7547711],[-120.5574751,39.7548473],[-120.5574518,39.7549053],[-120.5573601,39.7550251],[-120.5573447,39.7551283],[-120.5572919,39.7551813],[-120.5571167,39.7552677],[-120.5569867,39.7553325],[-120.5568802,39.7554159]]}},{"type":"Feature","properties":{"name":"Middle Fork Feather River"},"geometry":{"type":"LineString","coordinates":[[-120.812711,39.8683979],[-120.8129318,39.8686125],[-120.813296,39.86869]]}},{"type":"Feature","properties":{"name":"Middle Fork Feather River"},"geometry":{"type":"LineString","coordinates":[[-120.6606445,39.8149804],[-120.6607091,39.8149817],[-120.6609396,39.8150765],[-120.6611669,39.8152611],[-120.6614988,39.8158083],[-120.6617262,39.8159931],[-120.6619194,39.8163083],[-120.6620581,39.8165403],[-120.6629677,39.8172793],[-120.6634316,39.8173789],[-120.6638432,39.8172971],[-120.6644391,39.8169485],[-120.6647701,39.8166625]]}},{"type":"Feature","properties":{"name":"Middle Fork Feather River"},"geometry":{"type":"LineString","coordinates":[[-121.0053274,39.8244377],[-121.0057642,39.824146],[-121.005988,39.8238184],[-121.0061372,39.8237083]]}},{"type":"Feature","properties":{"name":"Middle Fork Feather River"},"geometry":{"type":"LineString","coordinates":[[-120.8488666,39.8599817],[-120.848917,39.8599304],[-120.8495421,39.859579]]}},{"type":"Feature","properties":{"name":"Middle Fork Feather River"},"geometry":{"type":"LineString","coordinates":[[-121.0298497,39.8190971],[-121.0298986,39.8191365],[-121.0300267,39.8191387]]}},{"type":"Feature","properties":{"name":"Middle Fork Feather River"},"geometry":{"type":"LineString","coordinates":[[-121.0201794,39.8198288],[-121.02048,39.8196069],[-121.0207732,39.8195669]]}},{"type":"Feature","properties":{"name":"Middle Fork Feather River"},"geometry":{"type":"LineString","coordinates":[[-120.7079399,39.8532174],[-120.7082119,39.8531809],[-120.7089801,39.8529259],[-120.7093335,39.8528429],[-120.709982,39.8526755],[-120.7102439,39.8526153]]}},{"type":"Feature","properties":{"name":"Middle Fork Feather River"},"geometry":{"type":"LineString","coordinates":[[-120.5994449,39.7630077],[-120.5994732,39.7631647],[-120.5996987,39.7633947],[-120.5998627,39.7637133],[-120.6003736,39.7641293],[-120.6004038,39.7641405]]}},{"type":"Feature","properties":{"name":"Middle Fork Feather River"},"geometry":{"type":"LineString","coordinates":[[-120.5468366,39.760028],[-120.5468397,39.7599563],[-120.5468626,39.7597855],[-120.5468849,39.7597095]]}},{"type":"Feature","properties":{"name":"Middle Fork Feather River"},"geometry":{"type":"LineString","coordinates":[[-120.9691588,39.8453972],[-120.9686852,39.8444048],[-120.9686462,39.8437875]]}},{"type":"Feature","properties":{"name":"Middle Fork Feather River"},"geometry":{"type":"LineString","coordinates":[[-120.8576652,39.8583216],[-120.8580296,39.8583283],[-120.8580584,39.8583362]]}},{"type":"Feature","properties":{"name":"Middle Fork Feather River"},"geometry":{"type":"LineString","coordinates":[[-120.5467933,39.7611805],[-120.5468314,39.7606001]]}},{"type":"Feature","properties":{"name":"Middle Fork Feather River"},"geometry":{"type":"LineString","coordinates":[[-120.4299708,39.8188838],[-120.4301643,39.8189639],[-120.4306405,39.8189429]]}},{"type":"Feature","properties":{"name":"Middle Fork Feather River"},"geometry":{"type":"LineString","coordinates":[[-120.6211956,39.7781163],[-120.6217712,39.7783533],[-120.6221688,39.7786767]]}},{"type":"Feature","properties":{"name":"Middle Fork Feather River"},"geometry":{"type":"LineString","coordinates":[[-120.5577766,39.7574082],[-120.5578565,39.7574319],[-120.5581005,39.7574821],[-120.5581925,39.7575019],[-120.5582913,39.7574905],[-120.5583293,39.7574689],[-120.5584055,39.7574209],[-120.5584363,39.7574125],[-120.5584895,39.7574361],[-120.5585967,39.7574789],[-120.5586344,39.7574843],[-120.5586806,39.7574357],[-120.5587415,39.7573649],[-120.5587796,39.7573387],[-120.5588328,39.7573217],[-120.5589624,39.7573065]]}},{"type":"Feature","properties":{"name":"Middle Fork Feather River"},"geometry":{"type":"LineString","coordinates":[[-120.9251472,39.8483153],[-120.92562,39.8482337],[-120.9263919,39.8481643],[-120.926783,39.8480997]]}},{"type":"Feature","properties":{"name":"Middle Fork Feather River"},"geometry":{"type":"LineString","coordinates":[[-120.9072138,39.8523978],[-120.907666,39.8524643],[-120.9081264,39.8526978],[-120.90918,39.8535184]]}},{"type":"Feature","properties":{"name":"Middle Fork Feather River"},"geometry":{"type":"LineString","coordinates":[[-120.9168884,39.8521586],[-120.9172034,39.8520953],[-120.9179558,39.8517816]]}},{"type":"Feature","properties":{"name":"Middle Fork Feather River"},"geometry":{"type":"LineString","coordinates":[[-120.3835653,39.8152103],[-120.3836417,39.8152525],[-120.3837101,39.8153351],[-120.3837483,39.8154081],[-120.3837791,39.8155573],[-120.3838549,39.8159059],[-120.3839085,39.8162089],[-120.3839089,39.8163891],[-120.3838475,39.8164507],[-120.3837789,39.8165079],[-120.3837405,39.8165971],[-120.3837255,39.8167589],[-120.3837563,39.8169083],[-120.3837715,39.8169717]]}},{"type":"Feature","properties":{"name":"Middle Fork Feather River"},"geometry":{"type":"LineString","coordinates":[[-120.4048371,39.8193683],[-120.4049205,39.8194017],[-120.4051195,39.8194331],[-120.4052793,39.8194321],[-120.4055155,39.8193835],[-120.4057063,39.8193201],[-120.4058211,39.8192957],[-120.4059205,39.8192573]]}},{"type":"Feature","properties":{"name":"Middle Fork Feather River"},"geometry":{"type":"LineString","coordinates":[[-120.4537278,39.8143533],[-120.4537904,39.8143511]]}},{"type":"Feature","properties":{"name":"Middle Fork Feather River"},"geometry":{"type":"LineString","coordinates":[[-120.6932181,39.8485175],[-120.6937554,39.8488203],[-120.6941837,39.8491272],[-120.6945371,39.8493378],[-120.6956185,39.8499695]]}},{"type":"Feature","properties":{"name":"Middle Fork Feather River"},"geometry":{"type":"LineString","coordinates":[[-121.009737,39.8215924],[-121.0097926,39.8215412],[-121.0098548,39.8214072],[-121.009838,39.8199654],[-121.0097342,39.8195132],[-121.0096907,39.819352],[-121.0096278,39.819151],[-121.0094742,39.8188566]]}},{"type":"Feature","properties":{"name":"Middle Fork Feather River"},"geometry":{"type":"LineString","coordinates":[[-120.5272894,39.7872375],[-120.5272943,39.7870991],[-120.5271435,39.7864201],[-120.5269114,39.7862351]]}},{"type":"Feature","properties":{"name":"Middle Fork Feather River"},"geometry":{"type":"LineString","coordinates":[[-120.8293646,39.8739663],[-120.8300059,39.8740233]]}},{"type":"Feature","properties":{"name":"Middle Fork Feather River"},"geometry":{"type":"LineString","coordinates":[[-120.974012,39.842311],[-120.9740652,39.8422917],[-120.9744168,39.8422528],[-120.9746298,39.8421664]]}},{"type":"Feature","properties":{"name":"Middle Fork Feather River"},"geometry":{"type":"LineString","coordinates":[[-120.5340519,39.7695767],[-120.5342199,39.7693281],[-120.534273,39.7692301],[-120.5342965,39.7692081],[-120.5343423,39.7691911],[-120.534403,39.7691879],[-120.5344792,39.7691579],[-120.534533,39.7691005],[-120.5345708,39.7690833],[-120.5346397,39.7690757],[-120.5346929,39.7690589],[-120.5347616,39.7690153],[-120.5348459,39.7689405],[-120.5348763,39.7689277],[-120.5349754,39.7688891],[-120.535044,39.7688907],[-120.5351353,39.7689061],[-120.5355395,39.7690903],[-120.5359444,39.7692747]]}},{"type":"Feature","properties":{"name":"Middle Fork Feather River"},"geometry":{"type":"LineString","coordinates":[[-120.5278491,39.7800211],[-120.5279941,39.7800287],[-120.5281243,39.7799999],[-120.5281798,39.7799785],[-120.5282537,39.7799531],[-120.5284066,39.7799023],[-120.5285513,39.7798739],[-120.5289404,39.7798505]]}},{"type":"Feature","properties":{"name":"Middle Fork Feather River"},"geometry":{"type":"LineString","coordinates":[[-120.459062,39.8122893],[-120.4598034,39.8119595],[-120.4600401,39.8118747],[-120.4602736,39.8118797],[-120.4609838,39.8116251],[-120.4615207,39.8113215],[-120.4620509,39.8111979],[-120.4624077,39.8110257],[-120.4627628,39.8108983],[-120.4628303,39.8108741]]}},{"type":"Feature","properties":{"name":"Middle Fork Feather River"},"geometry":{"type":"LineString","coordinates":[[-120.5232416,39.7893999],[-120.5234653,39.7896749],[-120.5235171,39.7898563],[-120.5238559,39.7901787],[-120.5239283,39.79034]]}},{"type":"Feature","properties":{"name":"Middle Fork Feather River"},"geometry":{"type":"LineString","coordinates":[[-120.5519624,39.7572299],[-120.5522103,39.7571823],[-120.552554,39.7571355],[-120.5526037,39.7571307]]}},{"type":"Feature","properties":{"name":"Middle Fork Feather River"},"geometry":{"type":"LineString","coordinates":[[-120.5453906,39.7638579],[-120.545466,39.7637963],[-120.5456564,39.7636517],[-120.5457253,39.7635811],[-120.5457559,39.7635413],[-120.5457943,39.7634475],[-120.5458325,39.7632547],[-120.5458395,39.7630971],[-120.5458854,39.7629989]]}},{"type":"Feature","properties":{"name":"Middle Fork Feather River"},"geometry":{"type":"LineString","coordinates":[[-120.8442295,39.8655817],[-120.8443048,39.8654613],[-120.8444056,39.8649841],[-120.8443928,39.864517],[-120.844347,39.8641108],[-120.8440334,39.8632557],[-120.8439747,39.8629373]]}},{"type":"Feature","properties":{"name":"Middle Fork Feather River"},"geometry":{"type":"LineString","coordinates":[[-120.6768211,39.8368503],[-120.6774283,39.8373145]]}},{"type":"Feature","properties":{"name":"Middle Fork Feather River"},"geometry":{"type":"LineString","coordinates":[[-120.9966848,39.8279647],[-120.9968056,39.8279116],[-120.9972726,39.8279197],[-120.9975608,39.8280598],[-120.9976444,39.8281273]]}},{"type":"Feature","properties":{"name":"Middle Fork Feather River"},"geometry":{"type":"LineString","coordinates":[[-120.6814788,39.8413729],[-120.6814899,39.8414341],[-120.6814725,39.8428041]]}},{"type":"Feature","properties":{"name":"Middle Fork Feather River"},"geometry":{"type":"LineString","coordinates":[[-120.6004038,39.7641405],[-120.6008922,39.7643203],[-120.6014031,39.7647361],[-120.6020132,39.7654427]]}},{"type":"Feature","properties":{"name":"Middle Fork Feather River"},"geometry":{"type":"LineString","coordinates":[[-121.0364252,39.813542],[-121.0364436,39.8128958],[-121.036511,39.8125817],[-121.036572,39.8125302]]}},{"type":"Feature","properties":{"name":"Middle Fork Feather River"},"geometry":{"type":"LineString","coordinates":[[-120.9708658,39.842868],[-120.9708668,39.8428677],[-120.971477,39.8427366],[-120.972123,39.8427277],[-120.97251,39.842655]]}},{"type":"Feature","properties":{"name":"Middle Fork Feather River"},"geometry":{"type":"LineString","coordinates":[[-120.9427717,39.8490649],[-120.9431414,39.8491204],[-120.9437038,39.84928],[-120.9440819,39.8493608],[-120.9444652,39.8494972]]}},{"type":"Feature","properties":{"name":"Middle Fork Feather River"},"geometry":{"type":"LineString","coordinates":[[-121.0376085,39.8122399],[-121.038331,39.8122521],[-121.0386242,39.812212],[-121.039099,39.8119498]]}},{"type":"Feature","properties":{"name":"Middle Fork Feather River"},"geometry":{"type":"LineString","coordinates":[[-120.5824313,39.7404331],[-120.5827747,39.7404763],[-120.5829449,39.7406151],[-120.5829689,39.7409869]]}},{"type":"Feature","properties":{"name":"Middle Fork Feather River"},"geometry":{"type":"LineString","coordinates":[[-120.5933106,39.7508429],[-120.5938018,39.7514052]]}},{"type":"Feature","properties":{"name":"Middle Fork Feather River"},"geometry":{"type":"LineString","coordinates":[[-120.6233582,39.7797371],[-120.6238066,39.7800973],[-120.624292,39.7803114],[-120.6249059,39.7805256],[-120.6254198,39.7805684],[-120.6256768,39.7803971],[-120.6260656,39.7803171]]}},{"type":"Feature","properties":{"name":"Middle Fork Feather River"},"geometry":{"type":"LineString","coordinates":[[-120.5583064,39.7516757],[-120.5581232,39.7516177],[-120.5580394,39.7515709],[-120.5579552,39.7515197],[-120.5579251,39.7514829],[-120.5579099,39.7513565],[-120.5579099,39.7513523]]}},{"type":"Feature","properties":{"name":"Middle Fork Feather River"},"geometry":{"type":"LineString","coordinates":[[-120.6409927,39.7949043],[-120.6413563,39.7950409],[-120.6416481,39.7950467],[-120.6417617,39.7951391],[-120.6420622,39.7952479]]}},{"type":"Feature","properties":{"name":"Middle Fork Feather River"},"geometry":{"type":"LineString","coordinates":[[-120.9641928,39.8463531],[-120.9651276,39.8463164],[-120.9659586,39.8463842]]}},{"type":"Feature","properties":{"name":"Middle Fork Feather River"},"geometry":{"type":"LineString","coordinates":[[-120.5079026,39.7939749],[-120.5079588,39.7938473],[-120.5081511,39.7936535],[-120.5083147,39.7936923],[-120.5084656,39.7935175],[-120.5085147,39.7930035],[-120.5085292,39.7929165]]}},{"type":"Feature","properties":{"name":"Middle Fork Feather River"},"geometry":{"type":"LineString","coordinates":[[-120.5610301,39.7540527],[-120.5610443,39.7539403],[-120.5611641,39.7538529],[-120.561295,39.7534501],[-120.5612558,39.7529089],[-120.5610837,39.7525765]]}},{"type":"Feature","properties":{"name":"Middle Fork Feather River"},"geometry":{"type":"LineString","coordinates":[[-120.6707282,39.8284927],[-120.6709409,39.8285205],[-120.6711013,39.8285767],[-120.6715202,39.8286673],[-120.6723719,39.8290297]]}},{"type":"Feature","properties":{"name":"Middle Fork Feather River"},"geometry":{"type":"LineString","coordinates":[[-120.4004421,39.8167969],[-120.4005185,39.8168077],[-120.4006021,39.8168141],[-120.4007401,39.8168577],[-120.4008619,39.8169369],[-120.4009383,39.8170783],[-120.4009301,39.8172177],[-120.4009917,39.8173093],[-120.4010603,39.8174279],[-120.4010679,39.8175361],[-120.4010369,39.8176391],[-120.4009455,39.8177587],[-120.4008085,39.8179493],[-120.4007165,39.8181003],[-120.4007013,39.8182125],[-120.4007015,39.8183071],[-120.4007699,39.8183897],[-120.4008619,39.8184459]]}},{"type":"Feature","properties":{"name":"Middle Fork Feather River"},"geometry":{"type":"LineString","coordinates":[[-120.8563436,39.8623382],[-120.8568516,39.861965]]}},{"type":"Feature","properties":{"name":"Middle Fork Feather River"},"geometry":{"type":"LineString","coordinates":[[-120.427795,39.8175952],[-120.4279168,39.8177699],[-120.427962,39.8178519],[-120.4280003,39.8179023],[-120.4280188,39.818004],[-120.4280812,39.8180962],[-120.4282746,39.818239],[-120.428608,39.8183352]]}},{"type":"Feature","properties":{"name":"Middle Fork Feather River"},"geometry":{"type":"LineString","coordinates":[[-120.609954,39.7706331],[-120.6099921,39.7712195],[-120.6101609,39.7714033],[-120.6102212,39.7716201],[-120.6102068,39.7717645],[-120.6103172,39.7719469],[-120.6107714,39.7723167],[-120.6109386,39.7725453],[-120.6109355,39.7726353]]}},{"type":"Feature","properties":{"name":"Middle Fork Feather River"},"geometry":{"type":"LineString","coordinates":[[-120.5567349,39.7564713],[-120.5569676,39.7570077],[-120.5573133,39.7572628]]}},{"type":"Feature","properties":{"name":"Middle Fork Feather River"},"geometry":{"type":"LineString","coordinates":[[-120.8289878,39.8739331],[-120.8293646,39.8739663]]}},{"type":"Feature","properties":{"name":"Middle Fork Feather River"},"geometry":{"type":"LineString","coordinates":[[-120.8608106,39.858695],[-120.8617002,39.8586806],[-120.8622812,39.8588122],[-120.8627736,39.8589132],[-120.863035,39.8590063]]}},{"type":"Feature","properties":{"name":"Middle Fork Feather River"},"geometry":{"type":"LineString","coordinates":[[-120.9497836,39.8496129],[-120.9500054,39.8496168],[-120.9503592,39.8496785],[-120.9506426,39.8498082],[-120.9507653,39.8499072]]}},{"type":"Feature","properties":{"name":"Middle Fork Feather River"},"geometry":{"type":"LineString","coordinates":[[-120.5131321,39.7851973],[-120.5132386,39.7851591],[-120.5133686,39.7851169],[-120.5136355,39.7850191],[-120.5137042,39.7849755],[-120.5138414,39.7848567],[-120.5139408,39.7847103]]}},{"type":"Feature","properties":{"name":"Middle Fork Feather River"},"geometry":{"type":"LineString","coordinates":[[-120.896636,39.8493218],[-120.8971246,39.8493457],[-120.8975482,39.8494556]]}},{"type":"Feature","properties":{"name":"Middle Fork Feather River"},"geometry":{"type":"LineString","coordinates":[[-120.3916639,39.819104],[-120.3917245,39.8190967],[-120.3918989,39.8190124]]}},{"type":"Feature","properties":{"name":"Middle Fork Feather River"},"geometry":{"type":"LineString","coordinates":[[-120.645115,39.7886817],[-120.6451851,39.7887271],[-120.6453565,39.7890411],[-120.6454395,39.7900337]]}},{"type":"Feature","properties":{"name":"Middle Fork Feather River"},"geometry":{"type":"LineString","coordinates":[[-120.7865611,39.8644875],[-120.7875118,39.8647069],[-120.7878326,39.8647819]]}},{"type":"Feature","properties":{"name":"Middle Fork Feather River"},"geometry":{"type":"LineString","coordinates":[[-120.7542124,39.866008],[-120.7542669,39.8660498],[-120.7547284,39.8662389],[-120.7548545,39.866284],[-120.7550175,39.8663346],[-120.7554377,39.8663912],[-120.7558494,39.8664294],[-120.7561457,39.8664206]]}},{"type":"Feature","properties":{"name":"Middle Fork Feather River"},"geometry":{"type":"LineString","coordinates":[[-120.6113232,39.7680367],[-120.6113245,39.7681389],[-120.6112444,39.7687679],[-120.6108236,39.7691195],[-120.6102753,39.7697839],[-120.609954,39.7706331]]}},{"type":"Feature","properties":{"name":"Middle Fork Feather River"},"geometry":{"type":"LineString","coordinates":[[-120.4418177,39.8199197],[-120.4421039,39.8199035]]}},{"type":"Feature","properties":{"name":"Middle Fork Feather River"},"geometry":{"type":"LineString","coordinates":[[-120.5268732,39.7896261],[-120.5268805,39.7895631],[-120.5269109,39.7895097],[-120.526972,39.7894345],[-120.5269801,39.7893897],[-120.5269953,39.7892729],[-120.5270335,39.7891835],[-120.52714,39.7890237],[-120.5271938,39.7889077],[-120.5272165,39.7888451],[-120.5272161,39.7887729]]}},{"type":"Feature","properties":{"name":"Middle Fork Feather River"},"geometry":{"type":"LineString","coordinates":[[-120.654433,39.7977157],[-120.6546857,39.7980137],[-120.6547886,39.7984211],[-120.6549576,39.7986047],[-120.65536,39.7987929],[-120.6557654,39.7988913],[-120.6562292,39.7989907],[-120.65663,39.7992241],[-120.6569175,39.7994577]]}},{"type":"Feature","properties":{"name":"Middle Fork Feather River"},"geometry":{"type":"LineString","coordinates":[[-120.5843571,39.7438757],[-120.5846582,39.7438995]]}},{"type":"Feature","properties":{"name":"Middle Fork Feather River"},"geometry":{"type":"LineString","coordinates":[[-120.6988165,39.8519576],[-120.69897,39.8520825],[-120.6991703,39.8523401]]}},{"type":"Feature","properties":{"name":"Middle Fork Feather River"},"geometry":{"type":"LineString","coordinates":[[-120.6150835,39.776728],[-120.6154623,39.7767825],[-120.6159842,39.7768831],[-120.6174962,39.7769992],[-120.6181672,39.7767565],[-120.618981,39.7766138],[-120.6196377,39.7767137],[-120.620323,39.7769136],[-120.6206942,39.777299],[-120.6207429,39.7777015],[-120.6211956,39.7781163]]}},{"type":"Feature","properties":{"name":"Middle Fork Feather River"},"geometry":{"type":"LineString","coordinates":[[-120.4805074,39.8051097],[-120.4805498,39.8053134],[-120.4805841,39.805391],[-120.4806842,39.8054045],[-120.4808275,39.8054314],[-120.4809575,39.8054388],[-120.4811606,39.8054881],[-120.4813546,39.8054975]]}},{"type":"Feature","properties":{"name":"Middle Fork Feather River"},"geometry":{"type":"LineString","coordinates":[[-120.7491309,39.8655132],[-120.7493617,39.8655177],[-120.7497092,39.8656145]]}},{"type":"Feature","properties":{"name":"Middle Fork Feather River"},"geometry":{"type":"LineString","coordinates":[[-121.0154575,39.8201843],[-121.0154978,39.8201975],[-121.015957,39.8204756],[-121.0165122,39.8207163]]}},{"type":"Feature","properties":{"name":"Middle Fork Feather River"},"geometry":{"type":"LineString","coordinates":[[-121.0278749,39.8189108],[-121.0279561,39.8187814],[-121.0280776,39.8186476],[-121.0283203,39.8185691]]}},{"type":"Feature","properties":{"name":"Middle Fork Feather River"},"geometry":{"type":"LineString","coordinates":[[-120.6559239,39.8114159],[-120.6559178,39.8115966]]}},{"type":"Feature","properties":{"name":"Middle Fork Feather River"},"geometry":{"type":"LineString","coordinates":[[-120.969104,39.8434356],[-120.9693644,39.843324],[-120.9697736,39.8431626],[-120.9700818,39.8430568],[-120.9704243,39.8429421],[-120.9708658,39.842868]]}},{"type":"Feature","properties":{"name":"Middle Fork Feather River"},"geometry":{"type":"LineString","coordinates":[[-120.4239417,39.8143801],[-120.4241473,39.8145423],[-120.4243074,39.8147125],[-120.4244068,39.8148273],[-120.4245367,39.8149293],[-120.4246131,39.8149715],[-120.4248191,39.8149897],[-120.4249485,39.8149835],[-120.4250172,39.8150031],[-120.4251472,39.8150599],[-120.4252459,39.8151163],[-120.4253762,39.8151281],[-120.4255514,39.8150689],[-120.4256656,39.8149995],[-120.4256508,39.8148909],[-120.4256658,39.8148193],[-120.4257726,39.8147945],[-120.4258491,39.8147423],[-120.4258493,39.8146567],[-120.4258489,39.8145891],[-120.4259102,39.8145499],[-120.4259866,39.8145381],[-120.4261921,39.8146283],[-120.4263219,39.8147077],[-120.4264596,39.8148143],[-120.4264364,39.8148679],[-120.4264061,39.8149573],[-120.4264214,39.8150161],[-120.4264822,39.8150715],[-120.4266271,39.8151783],[-120.426719,39.8152209],[-120.4268332,39.8153271],[-120.4269096,39.8154729],[-120.4269628,39.8155327],[-120.4270468,39.8156111],[-120.4270924,39.8157023],[-120.4270772,39.8157739],[-120.4269626,39.8158345],[-120.4268179,39.8158763],[-120.426696,39.8159141],[-120.4266194,39.8159709],[-120.4265892,39.8160559],[-120.426589,39.8161415],[-120.4267264,39.8162527],[-120.426917,39.8163335],[-120.42707,39.8163999],[-120.4271761,39.8164697],[-120.4272373,39.8165523],[-120.4272984,39.8166167],[-120.4273977,39.8167135],[-120.427573,39.8168299],[-120.4277026,39.8169769],[-120.4277626,39.8170678]]}},{"type":"Feature","properties":{"name":"Middle Fork Feather River"},"geometry":{"type":"LineString","coordinates":[[-120.4106281,39.8202995],[-120.4107421,39.8203155],[-120.410849,39.8203449],[-120.4109097,39.8204003],[-120.4109256,39.8204637]]}},{"type":"Feature","properties":{"name":"Middle Fork Feather River"},"geometry":{"type":"LineString","coordinates":[[-120.7362986,39.8661667],[-120.7370196,39.8661596],[-120.7379395,39.8662415],[-120.7390464,39.8663533],[-120.7397504,39.8662769],[-120.7401622,39.8661949],[-120.7404573,39.8661105],[-120.7409905,39.8658957],[-120.7414608,39.8658147],[-120.7417558,39.8657303],[-120.7424627,39.8655639],[-120.7431142,39.8653063],[-120.7437626,39.8651387],[-120.7445863,39.8649746],[-120.7451306,39.8649852],[-120.7456711,39.8651807],[-120.7460408,39.8651831],[-120.7465666,39.8651932],[-120.7468719,39.865017],[-120.7471682,39.8650092],[-120.7480414,39.8651105],[-120.7488679,39.8652899],[-120.7491309,39.8655132]]}},{"type":"Feature","properties":{"name":"Middle Fork Feather River"},"geometry":{"type":"LineString","coordinates":[[-120.6814725,39.8428041],[-120.6814721,39.8428329]]}},{"type":"Feature","properties":{"name":"Middle Fork Feather River"},"geometry":{"type":"LineString","coordinates":[[-120.3922553,39.8190545],[-120.3923855,39.8190709],[-120.3924999,39.8190779]]}},{"type":"Feature","properties":{"name":"Middle Fork Feather River"},"geometry":{"type":"LineString","coordinates":[[-120.8300059,39.8740233],[-120.8302424,39.8739377],[-120.8306423,39.8736789]]}},{"type":"Feature","properties":{"name":"Middle Fork Feather River"},"geometry":{"type":"LineString","coordinates":[[-120.9580324,39.8500404],[-120.9580582,39.8500291],[-120.9585514,39.8497144],[-120.9589116,39.8493067],[-120.9589508,39.8491276]]}},{"type":"Feature","properties":{"name":"Middle Fork Feather River"},"geometry":{"type":"LineString","coordinates":[[-120.9469027,39.8505064],[-120.9471722,39.8505576],[-120.9475228,39.8505638],[-120.9475503,39.8505573]]}},{"type":"Feature","properties":{"name":"Middle Fork Feather River"},"geometry":{"type":"LineString","coordinates":[[-120.8456196,39.8614821],[-120.8459332,39.8614066],[-120.8465789,39.8613221],[-120.847304,39.8612931]]}},{"type":"Feature","properties":{"name":"Middle Fork Feather River"},"geometry":{"type":"LineString","coordinates":[[-120.9490759,39.8496812],[-120.9494301,39.849564],[-120.9497836,39.8496129]]}},{"type":"Feature","properties":{"name":"Middle Fork Feather River"},"geometry":{"type":"LineString","coordinates":[[-120.4448336,39.8187475],[-120.4451976,39.8184115]]}},{"type":"Feature","properties":{"name":"Middle Fork Feather River"},"geometry":{"type":"LineString","coordinates":[[-120.543044,39.7666908],[-120.5431314,39.7666883],[-120.5431696,39.7666801],[-120.5432306,39.7666499],[-120.5432574,39.7666187]]}},{"type":"Feature","properties":{"name":"Middle Fork Feather River"},"geometry":{"type":"LineString","coordinates":[[-120.5383026,39.7675479],[-120.538424,39.7675075]]}},{"type":"Feature","properties":{"name":"Middle Fork Feather River"},"geometry":{"type":"LineString","coordinates":[[-120.5192051,39.7833815],[-120.5193198,39.7834381],[-120.5194034,39.7834893],[-120.5194034,39.7835119],[-120.5193959,39.7835343],[-120.5193731,39.7835427],[-120.5193657,39.7836057],[-120.519396,39.7836559],[-120.5194183,39.7836833],[-120.5195559,39.7837133],[-120.5196398,39.7837557],[-120.5197086,39.7838111],[-120.5197701,39.7838665],[-120.5198001,39.7839437],[-120.5198304,39.7839939],[-120.5199832,39.7841099],[-120.5200063,39.7841373],[-120.5200288,39.7841603],[-120.5200519,39.7842689],[-120.5200902,39.7844003],[-120.5201131,39.7844955],[-120.5201586,39.7846091],[-120.5202354,39.7847279],[-120.5202426,39.7847911],[-120.5202806,39.7848503],[-120.5204028,39.7849431],[-120.5204943,39.7850171],[-120.5205709,39.7850773],[-120.5206244,39.7851955]]}},{"type":"Feature","properties":{"name":"Middle Fork Feather River"},"geometry":{"type":"LineString","coordinates":[[-121.0165122,39.8207163],[-121.0168224,39.8208508],[-121.0168664,39.8208863]]}},{"type":"Feature","properties":{"name":"Middle Fork Feather River"},"geometry":{"type":"LineString","coordinates":[[-120.5293364,39.7797554],[-120.5294254,39.7797573],[-120.529845,39.7794509]]}},{"type":"Feature","properties":{"name":"Middle Fork Feather River"},"geometry":{"type":"LineString","coordinates":[[-120.8120056,39.8674935],[-120.8123734,39.8677912],[-120.8126484,39.8683369],[-120.812711,39.8683979]]}},{"type":"Feature","properties":{"name":"Middle Fork Feather River"},"geometry":{"type":"LineString","coordinates":[[-120.5229918,39.7888659],[-120.5231801,39.7889797]]}},{"type":"Feature","properties":{"name":"Middle Fork Feather River"},"geometry":{"type":"LineString","coordinates":[[-120.5252557,39.7907897],[-120.5254005,39.7906397],[-120.5255531,39.7905573],[-120.5256601,39.7905235],[-120.5258356,39.7904733],[-120.5259805,39.7904223],[-120.5261064,39.7903507]]}},{"type":"Feature","properties":{"name":"Middle Fork Feather River"},"geometry":{"type":"LineString","coordinates":[[-120.6054929,39.7662031],[-120.6058421,39.7662191],[-120.6062509,39.7663227],[-120.6077075,39.7663979],[-120.6084595,39.7665935],[-120.608923,39.7666931],[-120.6095016,39.7668401],[-120.6098484,39.7669373],[-120.6108843,39.7673641],[-120.611001,39.7673665]]}},{"type":"Feature","properties":{"name":"Middle Fork Feather River"},"geometry":{"type":"LineString","coordinates":[[-120.7175981,39.8542594],[-120.7176961,39.8544489],[-120.7178205,39.854547],[-120.7181452,39.8546409],[-120.7184117,39.8550121],[-120.718564,39.8553452],[-120.7186972,39.8557735],[-120.7187829,39.8560591],[-120.718834,39.8561995],[-120.7190008,39.8564905]]}},{"type":"Feature","properties":{"name":"Middle Fork Feather River"},"geometry":{"type":"LineString","coordinates":[[-120.561687,39.7552959],[-120.5617019,39.7551299],[-120.5616713,39.7549221],[-120.5616636,39.7546831],[-120.5615948,39.7545465],[-120.5615339,39.7544731],[-120.5613965,39.7543351],[-120.561267,39.7542649],[-120.561107,39.7541489],[-120.561053,39.7541073],[-120.5610301,39.7540527]]}},{"type":"Feature","properties":{"name":"Middle Fork Feather River"},"geometry":{"type":"LineString","coordinates":[[-120.8526748,39.8624847],[-120.8528086,39.8626912],[-120.8531672,39.8629812]]}},{"type":"Feature","properties":{"name":"Middle Fork Feather River"},"geometry":{"type":"LineString","coordinates":[[-120.8113895,39.867232],[-120.8116896,39.8672377],[-120.8120056,39.8674935]]}},{"type":"Feature","properties":{"name":"Middle Fork Feather River"},"geometry":{"type":"LineString","coordinates":[[-120.9899978,39.8355201],[-120.990238,39.835357],[-120.990421,39.8351441]]}},{"type":"Feature","properties":{"name":"Middle Fork Feather River"},"geometry":{"type":"LineString","coordinates":[[-120.9626126,39.8465531],[-120.9626414,39.8465466],[-120.9630321,39.8464637]]}},{"type":"Feature","properties":{"name":"Middle Fork Feather River"},"geometry":{"type":"LineString","coordinates":[[-120.8176408,39.8704725],[-120.8188182,39.8710207],[-120.8189892,39.871159],[-120.81909,39.8711904]]}},{"type":"Feature","properties":{"name":"Middle Fork Feather River"},"geometry":{"type":"LineString","coordinates":[[-121.0112394,39.8179624],[-121.0119244,39.8185147],[-121.0120346,39.8187418],[-121.0123786,39.818973],[-121.0130156,39.8191526]]}},{"type":"Feature","properties":{"name":"Middle Fork Feather River"},"geometry":{"type":"LineString","coordinates":[[-120.538424,39.7675075],[-120.5385156,39.7674149],[-120.5385768,39.7673981],[-120.5387593,39.7673525],[-120.5389201,39.7673063],[-120.5390802,39.7672557],[-120.5391415,39.7672343],[-120.5392404,39.7671825],[-120.5393166,39.7671301],[-120.5393702,39.7670997],[-120.539431,39.7670739],[-120.5395458,39.7670267],[-120.5396294,39.7669745],[-120.5397435,39.7669049],[-120.5398124,39.7668747],[-120.5400336,39.7667893],[-120.5401942,39.7667253],[-120.5403315,39.7666381],[-120.5404607,39.7665777],[-120.5405911,39.7665399],[-120.5408351,39.7664911],[-120.540978,39.7664861]]}},{"type":"Feature","properties":{"name":"Middle Fork Feather River"},"geometry":{"type":"LineString","coordinates":[[-120.4462416,39.8174475],[-120.4464061,39.8172957],[-120.4468847,39.8169909],[-120.446934,39.8168253]]}},{"type":"Feature","properties":{"name":"Middle Fork Feather River"},"geometry":{"type":"LineString","coordinates":[[-120.6570464,39.802429],[-120.6562529,39.8034505],[-120.6558306,39.8038475],[-120.6556624,39.8041405]]}},{"type":"Feature","properties":{"name":"Middle Fork Feather River"},"geometry":{"type":"LineString","coordinates":[[-120.6326166,39.7821159],[-120.6330895,39.7823953]]}},{"type":"Feature","properties":{"name":"Middle Fork Feather River"},"geometry":{"type":"LineString","coordinates":[[-120.4480869,39.8160715],[-120.448442,39.8159441],[-120.4489206,39.8156393],[-120.4491573,39.8155545],[-120.449926,39.8153011],[-120.4502079,39.8152304]]}},{"type":"Feature","properties":{"name":"Middle Fork Feather River"},"geometry":{"type":"LineString","coordinates":[[-120.8105656,39.8672165],[-120.8113895,39.867232]]}},{"type":"Feature","properties":{"name":"Middle Fork Feather River"},"geometry":{"type":"LineString","coordinates":[[-120.5054162,39.8003566],[-120.5057975,39.8003323],[-120.5060925,39.8002485],[-120.5067854,39.7996898]]}},{"type":"Feature","properties":{"name":"Middle Fork Feather River"},"geometry":{"type":"LineString","coordinates":[[-120.7671251,39.8660131],[-120.7671988,39.8659897]]}},{"type":"Feature","properties":{"name":"Middle Fork Feather River"},"geometry":{"type":"LineString","coordinates":[[-120.7161131,39.8528413],[-120.7169112,39.8534427],[-120.7173036,39.8539457],[-120.7175313,39.8541305],[-120.7175981,39.8542594]]}},{"type":"Feature","properties":{"name":"Middle Fork Feather River"},"geometry":{"type":"LineString","coordinates":[[-120.6814721,39.8428329],[-120.6814605,39.8437459]]}},{"type":"Feature","properties":{"name":"Middle Fork Feather River"},"geometry":{"type":"LineString","coordinates":[[-120.8495421,39.859579],[-120.849872,39.8593935],[-120.8502268,39.859265],[-120.8508108,39.8592758],[-120.851153,39.8595524],[-120.8513198,39.8598258],[-120.8519814,39.8610994],[-120.8523066,39.8619162],[-120.8526748,39.8624847]]}},{"type":"Feature","properties":{"name":"Middle Fork Feather River"},"geometry":{"type":"LineString","coordinates":[[-120.5467399,39.7577109],[-120.5468393,39.7576229]]}},{"type":"Feature","properties":{"name":"Middle Fork Feather River"},"geometry":{"type":"LineString","coordinates":[[-120.874942,39.8530279],[-120.8750576,39.852982]]}},{"type":"Feature","properties":{"name":"Middle Fork Feather River"},"geometry":{"type":"LineString","coordinates":[[-120.5251106,39.7857373],[-120.5248547,39.7856695],[-120.5246065,39.7855947],[-120.5242373,39.7854247],[-120.5241713,39.7852925],[-120.5242604,39.7849007],[-120.5242919,39.7846797],[-120.52434,39.7845767]]}},{"type":"Feature","properties":{"name":"Middle Fork Feather River"},"geometry":{"type":"LineString","coordinates":[[-120.8849774,39.8501795],[-120.8851782,39.8501096],[-120.8855932,39.8499468],[-120.88618,39.8498674],[-120.8863184,39.8498132]]}},{"type":"Feature","properties":{"name":"Middle Fork Feather River"},"geometry":{"type":"LineString","coordinates":[[-120.7327845,39.8623949],[-120.7334972,39.8627772],[-120.7341932,39.8632769],[-120.7345798,39.8636993],[-120.7347761,39.8641276],[-120.734681,39.8649128],[-120.7347344,39.8656322],[-120.7349268,39.8660329]]}},{"type":"Feature","properties":{"name":"Middle Fork Feather River"},"geometry":{"type":"LineString","coordinates":[[-120.6878517,39.8465013],[-120.6879221,39.8465173],[-120.6883863,39.8466167],[-120.6897113,39.8471835],[-120.6909182,39.8477931],[-120.6912087,39.8478439],[-120.691842,39.8481269],[-120.6922493,39.8481801],[-120.6932181,39.8485175]]}},{"type":"Feature","properties":{"name":"Middle Fork Feather River"},"geometry":{"type":"LineString","coordinates":[[-120.6562607,39.8100991],[-120.6562555,39.8102523],[-120.6560477,39.8108806]]}},{"type":"Feature","properties":{"name":"Middle Fork Feather River"},"geometry":{"type":"LineString","coordinates":[[-120.8883046,39.8493655],[-120.8884746,39.8493686],[-120.888946,39.8492421],[-120.8895891,39.8488986]]}},{"type":"Feature","properties":{"name":"Middle Fork Feather River"},"geometry":{"type":"LineString","coordinates":[[-120.956997,39.8504779],[-120.95717,39.8504189],[-120.9580324,39.8500404]]}},{"type":"Feature","properties":{"name":"Middle Fork Feather River"},"geometry":{"type":"LineString","coordinates":[[-120.5206244,39.7851955],[-120.520645,39.7852905],[-120.5209821,39.7856581],[-120.521269,39.7857995],[-120.5217795,39.7862157],[-120.5220599,39.7865369],[-120.5225023,39.7872221],[-120.5228978,39.7875909],[-120.5230064,39.7878185],[-120.5229589,39.7880021]]}},{"type":"Feature","properties":{"name":"Middle Fork Feather River"},"geometry":{"type":"LineString","coordinates":[[-120.9907224,39.8304421],[-120.9907462,39.830287],[-120.9907992,39.8301796]]}},{"type":"Feature","properties":{"name":"Middle Fork Feather River"},"geometry":{"type":"LineString","coordinates":[[-120.8719678,39.853808],[-120.8722592,39.8536804],[-120.8726722,39.8535528],[-120.873045,39.8535239]]}},{"type":"Feature","properties":{"name":"Middle Fork Feather River"},"geometry":{"type":"LineString","coordinates":[[-120.6735681,39.8297602],[-120.673813,39.8299745],[-120.6740913,39.8303855]]}},{"type":"Feature","properties":{"name":"Middle Fork Feather River"},"geometry":{"type":"LineString","coordinates":[[-120.804474,39.8674318],[-120.8045508,39.8674632],[-120.8053658,39.8675687],[-120.8058894,39.8675284]]}},{"type":"Feature","properties":{"name":"Middle Fork Feather River"},"geometry":{"type":"LineString","coordinates":[[-120.43098,39.8189559],[-120.4311825,39.8190135],[-120.4314187,39.8190997],[-120.4315197,39.8191639]]}},{"type":"Feature","properties":{"name":"Middle Fork Feather River"},"geometry":{"type":"LineString","coordinates":[[-120.4684578,39.8091678],[-120.4686696,39.8090905],[-120.4691397,39.8090107],[-120.4695548,39.8088395],[-120.4701417,39.8087623],[-120.4704678,39.8087122],[-120.4708485,39.8086741],[-120.4711306,39.8086127],[-120.47123,39.8085473]]}},{"type":"Feature","properties":{"name":"Middle Fork Feather River"},"geometry":{"type":"LineString","coordinates":[[-120.5505166,39.7574213],[-120.5506464,39.7574241]]}},{"type":"Feature","properties":{"name":"Middle Fork Feather River"},"geometry":{"type":"LineString","coordinates":[[-120.3986549,39.8158963],[-120.3990371,39.8157025],[-120.3993307,39.8156641],[-120.3994507,39.8155767],[-120.3998593,39.8155857],[-120.4000551,39.8157525]]}},{"type":"Feature","properties":{"name":"Middle Fork Feather River"},"geometry":{"type":"LineString","coordinates":[[-120.9012025,39.8506689],[-120.9012332,39.8506814],[-120.9031876,39.8517527],[-120.9041306,39.8521567],[-120.9044664,39.8522486]]}},{"type":"Feature","properties":{"name":"Middle Fork Feather River"},"geometry":{"type":"LineString","coordinates":[[-120.4458011,39.8178543],[-120.4462416,39.8174475]]}},{"type":"Feature","properties":{"name":"Middle Fork Feather River"},"geometry":{"type":"LineString","coordinates":[[-120.9794854,39.8382541],[-120.97989,39.837959],[-120.9803054,39.8378385],[-120.9805763,39.8378436]]}},{"type":"Feature","properties":{"name":"Middle Fork Feather River"},"geometry":{"type":"LineString","coordinates":[[-120.4023957,39.8182415],[-120.4023389,39.8179835],[-120.4024589,39.8178961],[-120.4026755,39.8178693],[-120.4028057,39.8179939]]}},{"type":"Feature","properties":{"name":"Middle Fork Feather River"},"geometry":{"type":"LineString","coordinates":[[-120.5077148,39.7964185],[-120.5077594,39.7961463],[-120.5078268,39.7958065],[-120.5077634,39.7952419],[-120.507725,39.7949109],[-120.5077367,39.7944403],[-120.507823,39.7941557],[-120.5079026,39.7939749]]}},{"type":"Feature","properties":{"name":"Middle Fork Feather River"},"geometry":{"type":"LineString","coordinates":[[-120.5241037,39.7905759],[-120.5242169,39.7906517],[-120.5246485,39.7908713],[-120.5249985,39.7908789],[-120.5250743,39.7908469]]}},{"type":"Feature","properties":{"name":"Middle Fork Feather River"},"geometry":{"type":"LineString","coordinates":[[-120.8750576,39.852982],[-120.8752048,39.8529236],[-120.8754982,39.8528839],[-120.8758284,39.8527676]]}},{"type":"Feature","properties":{"name":"Middle Fork Feather River"},"geometry":{"type":"LineString","coordinates":[[-120.6663671,39.8169995],[-120.6663719,39.8184307]]}},{"type":"Feature","properties":{"name":"Middle Fork Feather River"},"geometry":{"type":"LineString","coordinates":[[-120.5262093,39.7802925],[-120.5264001,39.7803415],[-120.5264762,39.7803567],[-120.5265298,39.7803263],[-120.5266058,39.7802829],[-120.5266589,39.7801849],[-120.5267124,39.7800555],[-120.5267508,39.7800247],[-120.5268499,39.7799861],[-120.526934,39.7799429]]}},{"type":"Feature","properties":{"name":"Middle Fork Feather River"},"geometry":{"type":"LineString","coordinates":[[-120.9158697,39.8522241],[-120.9167918,39.852178],[-120.9168884,39.8521586]]}},{"type":"Feature","properties":{"name":"Middle Fork Feather River"},"geometry":{"type":"LineString","coordinates":[[-120.4394525,39.8207143],[-120.4395827,39.8206675],[-120.4396971,39.8205935]]}},{"type":"Feature","properties":{"name":"Middle Fork Feather River"},"geometry":{"type":"LineString","coordinates":[[-120.6282324,39.7821674],[-120.6285179,39.7823102],[-120.6289395,39.7825359],[-120.6294316,39.782767],[-120.6300455,39.7827242],[-120.6307022,39.7826814],[-120.6312806,39.7825054]]}},{"type":"Feature","properties":{"name":"Middle Fork Feather River"},"geometry":{"type":"LineString","coordinates":[[-120.6573032,39.7998283],[-120.6575347,39.8000981],[-120.6577559,39.8004629],[-120.6578066,39.8006893],[-120.6577999,39.8008871]]}},{"type":"Feature","properties":{"name":"Middle Fork Feather River"},"geometry":{"type":"LineString","coordinates":[[-120.5432574,39.7666187],[-120.5432762,39.7665969],[-120.5432994,39.7664983],[-120.5432993,39.7663361],[-120.5432456,39.7662269],[-120.5431692,39.7661171],[-120.5431465,39.7660355],[-120.5431467,39.7659499],[-120.5431996,39.7658565],[-120.5433486,39.7656497]]}},{"type":"Feature","properties":{"name":"Middle Fork Feather River"},"geometry":{"type":"LineString","coordinates":[[-121.0022582,39.8265245],[-121.002296,39.8262324],[-121.002183,39.8260953],[-121.0020774,39.8259546],[-121.0020158,39.8258222],[-121.0020236,39.825552],[-121.0020994,39.8254422],[-121.0022048,39.8253468]]}},{"type":"Feature","properties":{"name":"Middle Fork Feather River"},"geometry":{"type":"LineString","coordinates":[[-120.5867603,39.7452905],[-120.5868068,39.7453147],[-120.587273,39.7455721]]}},{"type":"Feature","properties":{"name":"Middle Fork Feather River"},"geometry":{"type":"LineString","coordinates":[[-120.9189277,39.8510563],[-120.9191752,39.8507976],[-120.9194136,39.8505134],[-120.9195386,39.8502454],[-120.9196824,39.8500163],[-120.9198496,39.8496203],[-120.9199216,39.8491712],[-120.9199804,39.8490427],[-120.9200466,39.8489032]]}},{"type":"Feature","properties":{"name":"Middle Fork Feather River"},"geometry":{"type":"LineString","coordinates":[[-120.5598795,39.7569995],[-120.5604194,39.7567651],[-120.5610854,39.7562937],[-120.561404,39.7562807],[-120.5614051,39.7562801]]}},{"type":"Feature","properties":{"name":"Middle Fork Feather River"},"geometry":{"type":"LineString","coordinates":[[-120.8704893,39.8553356],[-120.8705782,39.8551214]]}},{"type":"Feature","properties":{"name":"Middle Fork Feather River"},"geometry":{"type":"LineString","coordinates":[[-120.427873,39.8172654],[-120.4278858,39.8172917],[-120.4278407,39.8174182],[-120.427795,39.8175952]]}},{"type":"Feature","properties":{"name":"Middle Fork Feather River"},"geometry":{"type":"LineString","coordinates":[[-120.52434,39.7845767],[-120.5243554,39.7844735],[-120.524355,39.7844013],[-120.524294,39.7842695],[-120.5242561,39.7841065],[-120.5242407,39.7840071],[-120.5242793,39.7838277],[-120.5243021,39.7836615],[-120.5243242,39.7835899],[-120.5243306,39.7835812]]}},{"type":"Feature","properties":{"name":"Middle Fork Feather River"},"geometry":{"type":"LineString","coordinates":[[-120.8994272,39.8500212],[-120.9003096,39.8503043],[-120.9012025,39.8506689]]}},{"type":"Feature","properties":{"name":"Middle Fork Feather River"},"geometry":{"type":"LineString","coordinates":[[-121.0287999,39.8185772],[-121.0290382,39.8185813],[-121.0292994,39.8186915],[-121.0294988,39.8188144],[-121.0298497,39.8190971]]}},{"type":"Feature","properties":{"name":"Middle Fork Feather River"},"geometry":{"type":"LineString","coordinates":[[-120.6659358,39.816438],[-120.6662025,39.8166237],[-120.6663669,39.8169423],[-120.6663671,39.8169995]]}},{"type":"Feature","properties":{"name":"Middle Fork Feather River"},"geometry":{"type":"LineString","coordinates":[[-120.7884817,39.8648484],[-120.7889651,39.8649599],[-120.7895273,39.8650164]]}},{"type":"Feature","properties":{"name":"Middle Fork Feather River"},"geometry":{"type":"LineString","coordinates":[[-120.6454395,39.7900337],[-120.6450187,39.7903855],[-120.6442464,39.7907753],[-120.6440115,39.7908155],[-120.6436552,39.7909885],[-120.6432452,39.7910253],[-120.6428429,39.7908369],[-120.641851,39.7908167],[-120.6411969,39.7911637],[-120.6404782,39.7916897],[-120.6399976,39.7920853],[-120.6397503,39.7924857],[-120.6397631,39.7927834]]}},{"type":"Feature","properties":{"name":"Middle Fork Feather River"},"geometry":{"type":"LineString","coordinates":[[-120.6504365,39.7976123],[-120.6506162,39.7974809],[-120.6509678,39.7974429],[-120.6516189,39.7971859],[-120.6519691,39.7971929],[-120.652442,39.7970223],[-120.653262,39.7969487]]}},{"type":"Feature","properties":{"name":"Middle Fork Feather River"},"geometry":{"type":"LineString","coordinates":[[-120.8019204,39.8663571],[-120.8025388,39.8663201],[-120.80254,39.8663204]]}},{"type":"Feature","properties":{"name":"Middle Fork Feather River"},"geometry":{"type":"LineString","coordinates":[[-120.8058894,39.8675284],[-120.8063034,39.8674964],[-120.80713,39.8672418],[-120.8089994,39.867277],[-120.8096456,39.8671672],[-120.8100589,39.867207]]}},{"type":"Feature","properties":{"name":"Middle Fork Feather River"},"geometry":{"type":"LineString","coordinates":[[-120.8705782,39.8551214],[-120.870582,39.8550009],[-120.8707072,39.854733],[-120.8712885,39.8543058]]}},{"type":"Feature","properties":{"name":"Middle Fork Feather River"},"geometry":{"type":"LineString","coordinates":[[-120.540978,39.7664861],[-120.5410247,39.7664845]]}},{"type":"Feature","properties":{"name":"Middle Fork Feather River"},"geometry":{"type":"LineString","coordinates":[[-120.5573529,39.7572725],[-120.5574594,39.7572929],[-120.5575128,39.7573075],[-120.5575818,39.7573359],[-120.5577417,39.7573979],[-120.5577766,39.7574082]]}},{"type":"Feature","properties":{"name":"Middle Fork Feather River"},"geometry":{"type":"LineString","coordinates":[[-120.5239283,39.79034],[-120.5239661,39.7904243]]}},{"type":"Feature","properties":{"name":"Middle Fork Feather River"},"geometry":{"type":"LineString","coordinates":[[-120.7895273,39.8650164],[-120.7900722,39.8650711]]}},{"type":"Feature","properties":{"name":"Middle Fork Feather River"},"geometry":{"type":"LineString","coordinates":[[-120.6664973,39.8189937],[-120.6665274,39.8191077],[-120.6666784,39.8195009],[-120.6668533,39.8198349],[-120.6668198,39.8208253],[-120.6667111,39.8210037],[-120.6665726,39.8212257],[-120.6665504,39.8218729],[-120.6665098,39.8219649],[-120.6665117,39.8219671]]}},{"type":"Feature","properties":{"name":"Middle Fork Feather River"},"geometry":{"type":"LineString","coordinates":[[-120.3838523,39.8172077],[-120.3841939,39.8174405],[-120.3841803,39.8178005],[-120.3844635,39.8180321],[-120.3852257,39.8179593],[-120.3856239,39.8182385],[-120.3856601,39.8188249],[-120.3859399,39.8191465]]}},{"type":"Feature","properties":{"name":"Middle Fork Feather River"},"geometry":{"type":"LineString","coordinates":[[-120.8845316,39.8505309],[-120.8845838,39.8504689],[-120.8849774,39.8501795]]}},{"type":"Feature","properties":{"name":"Middle Fork Feather River"},"geometry":{"type":"LineString","coordinates":[[-120.6814605,39.8437459],[-120.6814544,39.8442261],[-120.6814453,39.8444963],[-120.6818207,39.8454947],[-120.6822174,39.8458629],[-120.6827339,39.8461435],[-120.6832579,39.8461991],[-120.6837775,39.8463897],[-120.6838965,39.846392]]}},{"type":"Feature","properties":{"name":"Middle Fork Feather River"},"geometry":{"type":"LineString","coordinates":[[-121.0037451,39.8247317],[-121.0038584,39.8247278],[-121.0044318,39.8246472],[-121.0050912,39.8245237],[-121.0053274,39.8244377]]}},{"type":"Feature","properties":{"name":"Middle Fork Feather River"},"geometry":{"type":"LineString","coordinates":[[-120.8698686,39.8573065],[-120.8701321,39.8571538],[-120.8702914,39.8568372]]}},{"type":"Feature","properties":{"name":"Middle Fork Feather River"},"geometry":{"type":"LineString","coordinates":[[-120.5610837,39.7525765],[-120.5609846,39.7525113],[-120.5608697,39.7524593],[-120.5607859,39.7524169]]}},{"type":"Feature","properties":{"name":"Middle Fork Feather River"},"geometry":{"type":"LineString","coordinates":[[-120.5506464,39.7574241],[-120.5507533,39.7574533],[-120.5509059,39.7574881],[-120.5510205,39.7575085],[-120.5511956,39.7575077],[-120.5513564,39.7574795],[-120.551547,39.7574115],[-120.5517448,39.7573257],[-120.5519355,39.7572351],[-120.5519624,39.7572299]]}},{"type":"Feature","properties":{"name":"Middle Fork Feather River"},"geometry":{"type":"LineString","coordinates":[[-120.5466254,39.7618209],[-120.546656,39.7617181],[-120.5467093,39.7615119],[-120.5467933,39.7611805]]}},{"type":"Feature","properties":{"name":"Middle Fork Feather River"},"geometry":{"type":"LineString","coordinates":[[-120.9529318,39.8534072],[-120.9533392,39.8534594],[-120.9535458,39.8533955]]}},{"type":"Feature","properties":{"name":"Middle Fork Feather River"},"geometry":{"type":"LineString","coordinates":[[-121.0262089,39.8202607],[-121.0272962,39.8194323],[-121.0278749,39.8189108]]}},{"type":"Feature","properties":{"name":"Middle Fork Feather River"},"geometry":{"type":"LineString","coordinates":[[-120.8580584,39.8583362],[-120.8583774,39.8584248],[-120.8590184,39.8584817],[-120.859597,39.8586726],[-120.8596386,39.8586734]]}},{"type":"Feature","properties":{"name":"Middle Fork Feather River"},"geometry":{"type":"LineString","coordinates":[[-120.9976444,39.8281273],[-120.9980174,39.828428],[-120.998125,39.8287452],[-120.9985168,39.8293375],[-120.9988668,39.8296198]]}},{"type":"Feature","properties":{"name":"Middle Fork Feather River"},"geometry":{"type":"LineString","coordinates":[[-120.5229589,39.7880021],[-120.5229592,39.7880967],[-120.5229362,39.7882493],[-120.5228828,39.7884149]]}},{"type":"Feature","properties":{"name":"Middle Fork Feather River"},"geometry":{"type":"LineString","coordinates":[[-120.4109256,39.8204637],[-120.4109368,39.8207883],[-120.4110468,39.8209709],[-120.4113302,39.8212025],[-120.4117954,39.8212579],[-120.4120906,39.8211743],[-120.4123907,39.8209559],[-120.4124678,39.8204621],[-120.4131272,39.8199821]]}},{"type":"Feature","properties":{"name":"Middle Fork Feather River"},"geometry":{"type":"LineString","coordinates":[[-120.5100723,39.7893209],[-120.5100534,39.7890799]]}},{"type":"Feature","properties":{"name":"Middle Fork Feather River"},"geometry":{"type":"LineString","coordinates":[[-120.6754567,39.8357832],[-120.6754939,39.8358393]]}},{"type":"Feature","properties":{"name":"Middle Fork Feather River"},"geometry":{"type":"LineString","coordinates":[[-120.5077682,39.7979107],[-120.5076842,39.7977693],[-120.5076545,39.7976649],[-120.5076162,39.7975741],[-120.5075927,39.7975151],[-120.5076161,39.7973713],[-120.5075704,39.7971631],[-120.5075856,39.7968031],[-120.5076312,39.7966105],[-120.5077148,39.7964185]]}},{"type":"Feature","properties":{"name":"Middle Fork Feather River"},"geometry":{"type":"LineString","coordinates":[[-120.4008619,39.8184459],[-120.4010757,39.8185677],[-120.4012815,39.8186265],[-120.4014721,39.8186487],[-120.4017619,39.8186283],[-120.4020599,39.8185313],[-120.4023421,39.8183845],[-120.4023727,39.8183267],[-120.4023957,39.8182415]]}},{"type":"Feature","properties":{"name":"Middle Fork Feather River"},"geometry":{"type":"LineString","coordinates":[[-120.7774025,39.866002],[-120.7774206,39.8658652],[-120.7780792,39.8653824],[-120.7782573,39.8652957],[-120.7790795,39.8651763],[-120.7796695,39.8650075],[-120.7808538,39.8645346],[-120.7813255,39.8644085],[-120.7820312,39.8641721]]}},{"type":"Feature","properties":{"name":"Middle Fork Feather River"},"geometry":{"type":"LineString","coordinates":[[-120.5458854,39.7629989],[-120.5458451,39.7628991],[-120.5459617,39.7628339],[-120.5460873,39.7624597]]}},{"type":"Feature","properties":{"name":"Middle Fork Feather River"},"geometry":{"type":"LineString","coordinates":[[-120.4354419,39.8213281],[-120.4354931,39.8213519],[-120.4356226,39.8213863],[-120.4356777,39.8214093]]}},{"type":"Feature","properties":{"name":"Middle Fork Feather River"},"geometry":{"type":"LineString","coordinates":[[-120.4396971,39.8205935],[-120.4399441,39.8204511]]}},{"type":"Feature","properties":{"name":"Middle Fork Feather River"},"geometry":{"type":"LineString","coordinates":[[-120.4871689,39.8070695],[-120.4876076,39.8070699],[-120.4878459,39.8069401],[-120.488021,39.8069439],[-120.488141,39.8068563],[-120.488316,39.8068601],[-120.4887739,39.806709]]}},{"type":"Feature","properties":{"name":"Middle Fork Feather River"},"geometry":{"type":"LineString","coordinates":[[-120.8154848,39.8692926],[-120.8159996,39.8695712],[-120.8170298,39.8702663],[-120.8173178,39.8704068],[-120.8176084,39.8704574],[-120.8176408,39.8704725]]}},{"type":"Feature","properties":{"name":"Middle Fork Feather River"},"geometry":{"type":"LineString","coordinates":[[-120.9050961,39.8523834],[-120.9057422,39.8524148],[-120.9069678,39.8523616],[-120.9072138,39.8523978]]}},{"type":"Feature","properties":{"name":"Middle Fork Feather River"},"geometry":{"type":"LineString","coordinates":[[-120.5085292,39.7929165],[-120.5085893,39.7925545],[-120.5087024,39.7923099],[-120.5086119,39.7919975],[-120.5086153,39.7918345],[-120.5086802,39.7916557],[-120.50892,39.7914807],[-120.5089233,39.7913907],[-120.5092296,39.7909919],[-120.5092977,39.7907231],[-120.5095757,39.7903011]]}},{"type":"Feature","properties":{"name":"Middle Fork Feather River"},"geometry":{"type":"LineString","coordinates":[[-120.5289404,39.7798505],[-120.5291337,39.7797511],[-120.5293364,39.7797554]]}},{"type":"Feature","properties":{"name":"Middle Fork Feather River"},"geometry":{"type":"LineString","coordinates":[[-120.6550859,39.8051387],[-120.6550737,39.8054987],[-120.6549447,39.8058565],[-120.6549202,39.8065767],[-120.6550612,39.8070659]]}},{"type":"Feature","properties":{"name":"Middle Fork Feather River"},"geometry":{"type":"LineString","coordinates":[[-120.8648221,39.8590506],[-120.8651408,39.858955],[-120.8657988,39.8584716],[-120.866232,39.8583968],[-120.8662778,39.8583884]]}},{"type":"Feature","properties":{"name":"Middle Fork Feather River"},"geometry":{"type":"LineString","coordinates":[[-120.9805763,39.8378436],[-120.9807276,39.8378179],[-120.9820246,39.8378808],[-120.9821998,39.8378838]]}},{"type":"Feature","properties":{"name":"Middle Fork Feather River"},"geometry":{"type":"LineString","coordinates":[[-120.6571111,39.8023457],[-120.6570464,39.802429]]}},{"type":"Feature","properties":{"name":"Middle Fork Feather River"},"geometry":{"type":"LineString","coordinates":[[-120.7671988,39.8659897],[-120.7681249,39.865912],[-120.7688281,39.86586],[-120.7701113,39.8657684],[-120.771167,39.8658353],[-120.7715146,39.865932],[-120.7718038,39.8660277],[-120.7723763,39.866399],[-120.7728933,39.8666792],[-120.773758,39.8670562],[-120.7742721,39.8674265],[-120.7746752,39.8676144],[-120.7747676,39.8676367]]}},{"type":"Feature","properties":{"name":"Middle Fork Feather River"},"geometry":{"type":"LineString","coordinates":[[-120.80254,39.8663204],[-120.8028312,39.8663946],[-120.802886,39.866436]]}},{"type":"Feature","properties":{"name":"Middle Fork Feather River"},"geometry":{"type":"LineString","coordinates":[[-120.5441003,39.7642043],[-120.5442315,39.7641667],[-120.5445904,39.7641721],[-120.544749,39.7641821],[-120.5449871,39.7640521],[-120.5452293,39.7639895]]}},{"type":"Feature","properties":{"name":"Middle Fork Feather River"},"geometry":{"type":"LineString","coordinates":[[-120.9417134,39.84925],[-120.9423066,39.8490634],[-120.9427717,39.8490649]]}},{"type":"Feature","properties":{"name":"Middle Fork Feather River"},"geometry":{"type":"LineString","coordinates":[[-120.5461053,39.7624189],[-120.5461294,39.7623735]]}},{"type":"Feature","properties":{"name":"Middle Fork Feather River"},"geometry":{"type":"LineString","coordinates":[[-120.9960147,39.8282591],[-120.9966848,39.8279647]]}},{"type":"Feature","properties":{"name":"Middle Fork Feather River"},"geometry":{"type":"LineString","coordinates":[[-120.3800819,39.8134735],[-120.3801253,39.8138353],[-120.3803467,39.8141557],[-120.3805733,39.8143409],[-120.3810901,39.8145779],[-120.3813817,39.8145845],[-120.3815603,39.8144983],[-120.3820775,39.8144921]]}},{"type":"Feature","properties":{"name":"Middle Fork Feather River"},"geometry":{"type":"LineString","coordinates":[[-120.4385985,39.8213125],[-120.4386819,39.8212513],[-120.4389262,39.8210991],[-120.4391475,39.8209417],[-120.4392774,39.8208455],[-120.4394525,39.8207143]]}},{"type":"Feature","properties":{"name":"Middle Fork Feather River"},"geometry":{"type":"LineString","coordinates":[[-120.4356777,39.8214093],[-120.4357369,39.8214339],[-120.4359201,39.8214739],[-120.4361721,39.8215517],[-120.4363778,39.8216147],[-120.4365761,39.8217001],[-120.4368129,39.8217549],[-120.4370572,39.8218009]]}},{"type":"Feature","properties":{"name":"Middle Fork Feather River"},"geometry":{"type":"LineString","coordinates":[[-120.5042819,39.8002545],[-120.504512,39.8003495],[-120.5052707,39.8003659],[-120.5054162,39.8003566]]}},{"type":"Feature","properties":{"name":"Middle Fork Feather River"},"geometry":{"type":"LineString","coordinates":[[-120.7839751,39.8640538],[-120.7844901,39.8641537],[-120.7855372,39.8643089],[-120.7862353,39.8644123],[-120.7865611,39.8644875]]}},{"type":"Feature","properties":{"name":"Middle Fork Feather River"},"geometry":{"type":"LineString","coordinates":[[-120.598335,39.7567971],[-120.5982342,39.7568331],[-120.5981296,39.756919],[-120.5981623,39.7570718],[-120.5982387,39.7573228],[-120.5981296,39.757421],[-120.5978888,39.7576601],[-120.5978642,39.7579573],[-120.5978311,39.7583561]]}},{"type":"Feature","properties":{"name":"Middle Fork Feather River"},"geometry":{"type":"LineString","coordinates":[[-120.5250743,39.7908469],[-120.5250757,39.7908463],[-120.5252557,39.7907897]]}},{"type":"Feature","properties":{"name":"Middle Fork Feather River"},"geometry":{"type":"LineString","coordinates":[[-120.4200384,39.8147775],[-120.4200581,39.8147577],[-120.4201576,39.8146563],[-120.4202483,39.8145907],[-120.4205921,39.8145353],[-120.4208056,39.8145265],[-120.4210576,39.8145231],[-120.4212709,39.8145189],[-120.4213631,39.8145165],[-120.4214695,39.8145773],[-120.4216067,39.8146389],[-120.421706,39.8146773],[-120.4218201,39.8146707],[-120.4221865,39.8145979],[-120.4224463,39.8144819],[-120.4226676,39.8144013],[-120.4229271,39.8143351],[-120.4232987,39.8143029]]}},{"type":"Feature","properties":{"name":"Middle Fork Feather River"},"geometry":{"type":"LineString","coordinates":[[-120.6550612,39.8070659],[-120.6550769,39.8071205],[-120.6556941,39.8078963]]}},{"type":"Feature","properties":{"name":"Middle Fork Feather River"},"geometry":{"type":"LineString","coordinates":[[-120.9857086,39.8355123],[-120.986651,39.8355287],[-120.9875802,39.835725],[-120.9879862,39.8358221],[-120.9886248,39.8359683],[-120.9890336,39.8359754],[-120.9895756,39.835825],[-120.9899646,39.8355473],[-120.9899978,39.8355201]]}},{"type":"Feature","properties":{"name":"Middle Fork Feather River"},"geometry":{"type":"LineString","coordinates":[[-120.7561457,39.8664206],[-120.7565349,39.866409],[-120.7572321,39.8662987]]}},{"type":"Feature","properties":{"name":"Middle Fork Feather River"},"geometry":{"type":"LineString","coordinates":[[-120.9204674,39.8485594],[-120.920586,39.8484624],[-120.921587,39.8482101],[-120.9242726,39.8483032],[-120.9251472,39.8483153]]}},{"type":"Feature","properties":{"name":"Middle Fork Feather River"},"geometry":{"type":"LineString","coordinates":[[-120.8034406,39.8668537],[-120.803453,39.8668633],[-120.80432,39.8673688],[-120.804474,39.8674318]]}},{"type":"Feature","properties":{"name":"Middle Fork Feather River"},"geometry":{"type":"LineString","coordinates":[[-120.9611062,39.8468407],[-120.9615571,39.846741],[-120.9620256,39.8466419],[-120.9624132,39.8465984],[-120.9626126,39.8465531]]}},{"type":"Feature","properties":{"name":"Middle Fork Feather River"},"geometry":{"type":"LineString","coordinates":[[-120.533953,39.7703043],[-120.5339143,39.7701233],[-120.5340357,39.7699909],[-120.5340519,39.7695767]]}},{"type":"Feature","properties":{"name":"Middle Fork Feather River"},"geometry":{"type":"LineString","coordinates":[[-120.6754939,39.8358393],[-120.6755408,39.8359099],[-120.6763323,39.8365525]]}},{"type":"Feature","properties":{"name":"Middle Fork Feather River"},"geometry":{"type":"LineString","coordinates":[[-120.8536577,39.8633508],[-120.8537806,39.8633849],[-120.8540572,39.86339]]}},{"type":"Feature","properties":{"name":"Middle Fork Feather River"},"geometry":{"type":"LineString","coordinates":[[-120.7878326,39.8647819],[-120.7878595,39.8648037],[-120.7883269,39.8648126],[-120.7884817,39.8648484]]}},{"type":"Feature","properties":{"name":"Middle Fork Feather River"},"geometry":{"type":"LineString","coordinates":[[-120.6781284,39.8380111],[-120.6794725,39.8388713],[-120.6806207,39.8394799],[-120.6807987,39.8396487]]}},{"type":"Feature","properties":{"name":"Middle Fork Feather River"},"geometry":{"type":"LineString","coordinates":[[-120.6020132,39.7654427],[-120.6020764,39.7655159],[-120.6027848,39.7660514]]}},{"type":"Feature","properties":{"name":"Middle Fork Feather River"},"geometry":{"type":"LineString","coordinates":[[-120.6676365,39.8265912],[-120.6677294,39.8267443],[-120.6688681,39.8276231],[-120.6692138,39.8277651],[-120.6699576,39.8282305],[-120.6705338,39.8284673],[-120.6705617,39.8284709]]}},{"type":"Feature","properties":{"name":"Middle Fork Feather River"},"geometry":{"type":"LineString","coordinates":[[-121.0365306,39.8156326],[-121.036661,39.8155123],[-121.0367224,39.8149377],[-121.0365786,39.8144324],[-121.0365206,39.8142627]]}},{"type":"Feature","properties":{"name":"Middle Fork Feather River"},"geometry":{"type":"LineString","coordinates":[[-120.5263493,39.785888],[-120.5263236,39.7858757],[-120.5261864,39.7857557],[-120.5260032,39.7856931],[-120.5258509,39.7856495],[-120.5257592,39.7856609],[-120.5256825,39.7857043],[-120.5256061,39.7857793],[-120.5255456,39.7858365],[-120.5254693,39.7858485],[-120.5252551,39.7857989],[-120.5251106,39.7857373]]}},{"type":"Feature","properties":{"name":"Middle Fork Feather River"},"geometry":{"type":"LineString","coordinates":[[-120.9539453,39.852736],[-120.9539462,39.8527044],[-120.9540379,39.8525598],[-120.9541308,39.8523923],[-120.9543382,39.8520483],[-120.9543394,39.8520474]]}},{"type":"Feature","properties":{"name":"Middle Fork Feather River"},"geometry":{"type":"LineString","coordinates":[[-120.7946564,39.8649954],[-120.7950333,39.8653007],[-120.7953052,39.8659365],[-120.7955901,39.8661671],[-120.7961088,39.8664022],[-120.7967884,39.8665362]]}},{"type":"Feature","properties":{"name":"Middle Fork Feather River"},"geometry":{"type":"LineString","coordinates":[[-120.7528927,39.8651673],[-120.7531833,39.865218],[-120.7535497,39.8654993]]}},{"type":"Feature","properties":{"name":"Middle Fork Feather River"},"geometry":{"type":"LineString","coordinates":[[-120.873045,39.8535239],[-120.873141,39.8535164],[-120.8736722,39.8533459],[-120.874554,39.8531819],[-120.874942,39.8530279]]}},{"type":"Feature","properties":{"name":"Middle Fork Feather River"},"geometry":{"type":"LineString","coordinates":[[-120.8419362,39.8683002],[-120.8419415,39.868129]]}},{"type":"Feature","properties":{"name":"Middle Fork Feather River"},"geometry":{"type":"LineString","coordinates":[[-120.7820312,39.8641721],[-120.7823083,39.8640662],[-120.7827595,39.8640306]]}},{"type":"Feature","properties":{"name":"Middle Fork Feather River"},"geometry":{"type":"LineString","coordinates":[[-120.5410247,39.7664845],[-120.541239,39.7664771],[-120.541529,39.7665103],[-120.5417198,39.7665413],[-120.5418722,39.7665625],[-120.5419641,39.7665421],[-120.54201,39.7665249],[-120.5420328,39.7665209],[-120.5420712,39.7665263],[-120.5420937,39.7665313],[-120.5422239,39.7665835],[-120.5423537,39.7666269],[-120.5424522,39.7666469],[-120.5425742,39.7666631],[-120.5427194,39.7666617],[-120.5429257,39.7666885],[-120.5430401,39.7666909],[-120.543044,39.7666908]]}},{"type":"Feature","properties":{"name":"Middle Fork Feather River"},"geometry":{"type":"LineString","coordinates":[[-120.5583393,39.7516861],[-120.5583064,39.7516757]]}},{"type":"Feature","properties":{"name":"Middle Fork Feather River"},"geometry":{"type":"LineString","coordinates":[[-120.8916272,39.8488855],[-120.8919956,39.8488922],[-120.8927508,39.849041],[-120.8935032,39.8492799],[-120.8937942,39.8493002]]}},{"type":"Feature","properties":{"name":"Middle Fork Feather River"},"geometry":{"type":"LineString","coordinates":[[-120.9569398,39.8504968],[-120.956997,39.8504779]]}},{"type":"Feature","properties":{"name":"Middle Fork Feather River"},"geometry":{"type":"LineString","coordinates":[[-120.6569175,39.7994577],[-120.6571415,39.7996397],[-120.6573032,39.7998283]]}},{"type":"Feature","properties":{"name":"Middle Fork Feather River"},"geometry":{"type":"LineString","coordinates":[[-120.4887739,39.806709],[-120.4890845,39.8066065],[-120.4902207,39.8058563],[-120.4902509,39.8058301],[-120.4903042,39.8057907],[-120.4903224,39.8057795],[-120.4903288,39.8057755]]}},{"type":"Feature","properties":{"name":"Middle Fork Feather River"},"geometry":{"type":"LineString","coordinates":[[-121.0089282,39.822355],[-121.0092502,39.8221176],[-121.0094159,39.8219597],[-121.009737,39.8215924]]}},{"type":"Feature","properties":{"name":"Middle Fork Feather River"},"geometry":{"type":"LineString","coordinates":[[-121.0227132,39.8211766],[-121.023545,39.8213036],[-121.02447,39.820982]]}},{"type":"Feature","properties":{"name":"Middle Fork Feather River"},"geometry":{"type":"LineString","coordinates":[[-120.7190008,39.8564905],[-120.7196014,39.8569014],[-120.7196578,39.8569788]]}},{"type":"Feature","properties":{"name":"Middle Fork Feather River"},"geometry":{"type":"LineString","coordinates":[[-120.9543394,39.8520474],[-120.954443,39.8519623]]}},{"type":"Feature","properties":{"name":"Middle Fork Feather River"},"geometry":{"type":"LineString","coordinates":[[-120.8430608,39.8667273],[-120.8438554,39.866207],[-120.8441342,39.8657343]]}},{"type":"Feature","properties":{"name":"Middle Fork Feather River"},"geometry":{"type":"LineString","coordinates":[[-120.6740821,39.8306555],[-120.6742929,39.8313353],[-120.6743285,39.8320117],[-120.6744915,39.8323999],[-120.6746797,39.8326993],[-120.6747667,39.8328763],[-120.6748117,39.8330177]]}},{"type":"Feature","properties":{"name":"Middle Fork Feather River"},"geometry":{"type":"LineString","coordinates":[[-120.992097,39.8323329],[-120.992199,39.8316158],[-120.9920926,39.8312536],[-120.9919214,39.8311155],[-120.9910508,39.8309203],[-120.9908224,39.8307361],[-120.9907122,39.830509],[-120.9907224,39.8304421]]}},{"type":"Feature","properties":{"name":"Middle Fork Feather River"},"geometry":{"type":"LineString","coordinates":[[-120.831966,39.8710894],[-120.8321735,39.8708989],[-120.8325676,39.8706479],[-120.833474,39.8705876],[-120.8345526,39.87073],[-120.8345646,39.8707334]]}},{"type":"Feature","properties":{"name":"Middle Fork Feather River"},"geometry":{"type":"LineString","coordinates":[[-120.8270764,39.8737613],[-120.8271556,39.8737716],[-120.8289878,39.8739331]]}},{"type":"Feature","properties":{"name":"Middle Fork Feather River"},"geometry":{"type":"LineString","coordinates":[[-120.5938018,39.7514052],[-120.5939806,39.7516099],[-120.5942336,39.751899],[-120.5948208,39.7526183],[-120.5953222,39.7533043],[-120.5955868,39.7537215],[-120.5960016,39.7539039],[-120.5969347,39.7539233],[-120.5971946,39.7539962],[-120.5973966,39.7540681],[-120.598251,39.7546713],[-120.5988075,39.7554485],[-120.5991008,39.7561224],[-120.5991772,39.7565698],[-120.5990572,39.7567553],[-120.5988826,39.7568208],[-120.5985988,39.7568317],[-120.598335,39.7567971]]}},{"type":"Feature","properties":{"name":"Middle Fork Feather River"},"geometry":{"type":"LineString","coordinates":[[-120.4399441,39.8204511],[-120.440638,39.8200513],[-120.4411699,39.8198829],[-120.4413909,39.8198743]]}},{"type":"Feature","properties":{"name":"Middle Fork Feather River"},"geometry":{"type":"LineString","coordinates":[[-120.4370572,39.8218009],[-120.4373092,39.8218019],[-120.437591,39.8217811],[-120.4379418,39.8216763],[-120.4382165,39.8215337],[-120.4384382,39.8214035],[-120.4385985,39.8213125]]}},{"type":"Feature","properties":{"name":"Middle Fork Feather River"},"geometry":{"type":"LineString","coordinates":[[-120.9955324,39.8285858],[-120.9959178,39.8283017],[-120.9960147,39.8282591]]}},{"type":"Feature","properties":{"name":"Middle Fork Feather River"},"geometry":{"type":"LineString","coordinates":[[-120.5888652,39.7462413],[-120.5888812,39.7462493],[-120.5894618,39.7464647],[-120.5903048,39.7470743],[-120.5908533,39.7480767],[-120.5910477,39.7483767],[-120.5912427,39.7486253],[-120.5920892,39.7492195],[-120.5923208,39.7495035],[-120.5925745,39.7499051],[-120.5927983,39.7503691],[-120.5933106,39.7508429]]}},{"type":"Feature","properties":{"name":"Middle Fork Feather River"},"geometry":{"type":"LineString","coordinates":[[-120.428608,39.8183352],[-120.4287842,39.8183861],[-120.4288194,39.8183963],[-120.4289138,39.8184569],[-120.4291616,39.818616],[-120.4294396,39.8187457],[-120.4298192,39.8188211],[-120.4299708,39.8188838]]}},{"type":"Feature","properties":{"name":"Middle Fork Feather River"},"geometry":{"type":"LineString","coordinates":[[-120.4277626,39.8170678],[-120.4278173,39.8171507],[-120.427873,39.8172654]]}},{"type":"Feature","properties":{"name":"Middle Fork Feather River"},"geometry":{"type":"LineString","coordinates":[[-120.5690157,39.7469807],[-120.5690912,39.7469505],[-120.5705093,39.7463604],[-120.5711756,39.7459987],[-120.5713374,39.7457703],[-120.5715182,39.7454181],[-120.5717371,39.7452183],[-120.5723843,39.7448851],[-120.5730601,39.7446853],[-120.5734694,39.7445806],[-120.5737311,39.7445375]]}},{"type":"Feature","properties":{"name":"Middle Fork Feather River"},"geometry":{"type":"LineString","coordinates":[[-120.5737311,39.7445375],[-120.5739999,39.7444934],[-120.5743514,39.7443457],[-120.5744428,39.7443105],[-120.5748668,39.744258],[-120.5750454,39.7442264],[-120.5751858,39.7442002],[-120.5754709,39.7441077],[-120.5761232,39.7438886],[-120.5765587,39.7436602],[-120.57668,39.7434817],[-120.5768942,39.7433532],[-120.5771655,39.7432533]]}},{"type":"Feature","properties":{"name":"Middle Fork Feather River"},"geometry":{"type":"LineString","coordinates":[[-120.5650885,39.7482576],[-120.5658456,39.7480451],[-120.5667974,39.74775],[-120.5675588,39.7475977],[-120.5682821,39.7472741],[-120.5690157,39.7469807]]}},{"type":"Feature","properties":{"name":"Middle Fork Feather River"},"geometry":{"type":"LineString","coordinates":[[-120.5644861,39.7484903],[-120.5649424,39.7482986],[-120.5650885,39.7482576]]}},{"type":"Feature","properties":{"name":"Middle Fork Feather River"},"geometry":{"type":"LineString","coordinates":[[-120.7349268,39.8660329],[-120.7351636,39.8662095]]}}],"labels":[{"name":"Middle Fork Feather River","coordinates":[-120.4958017,39.8017519],"offsetX":-42}]}
