{"type":"FeatureCollection","source":"California Department of Transportation (Caltrans)","sourceUrl":"https://caltrans-gis.dot.ca.gov/arcgis/rest/services/CHhighway/SHN_Lines/FeatureServer/0","retrievedAt":"2026-09-29T01:54:43.156249+00:00","bbox":[-121.04,39.49,-120.28,40.2],"features":[{"type":"Feature","properties":{"route":70},"geometry":{"type":"LineString","coordinates":[[-120.4614992,39.8131511],[-120.4614991,39.8131511],[-120.4613822,39.8131899],[-120.4613609,39.8131969],[-120.4594149,39.8138415],[-120.4593987,39.8138463],[-120.4592579,39.8138875],[-120.4590709,39.8139545],[-120.4584489,39.8141965],[-120.4584312,39.8142049],[-120.4583508,39.8142429],[-120.4578533,39.8144784],[-120.4576123,39.8145984],[-120.4575073,39.8146524],[-120.4569763,39.8149494],[-120.4558443,39.8156034],[-120.4552843,39.8159394],[-120.4552373,39.8159655],[-120.4551806,39.815997],[-120.4543703,39.8164474],[-120.4532243,39.8171124],[-120.4527113,39.8174034],[-120.4513173,39.8182104],[-120.4486326,39.8197732],[-120.4483996,39.8199192],[-120.4479936,39.8201542],[-120.4476616,39.8203252],[-120.4473106,39.8204852],[-120.4469406,39.8206282],[-120.4466566,39.8207202],[-120.4462296,39.8208435],[-120.4458366,39.8209325],[-120.4455326,39.8209875],[-120.4452306,39.8210315],[-120.4449226,39.8210605],[-120.4446206,39.8210785],[-120.4424864,39.8210783],[-120.4421641,39.8210903],[-120.4418571,39.8211163],[-120.4416561,39.8211423],[-120.4413601,39.8211943],[-120.4410671,39.8212653],[-120.4407791,39.8213503],[-120.4405941,39.8214163],[-120.4403231,39.8215293],[-120.4388121,39.8222153],[-120.4387221,39.8222523],[-120.4383421,39.8223793],[-120.4381471,39.8224333],[-120.4378491,39.8224963],[-120.4375531,39.8225473],[-120.4373501,39.8225703],[-120.4371751,39.8225804],[-120.4369521,39.8225933],[-120.4366351,39.8225903],[-120.4364381,39.8225833],[-120.4362331,39.8225613],[-120.4360321,39.8225333],[-120.4358331,39.8224993],[-120.4349481,39.8223203],[-120.4339531,39.8221283],[-120.4336501,39.8220823],[-120.4333371,39.8220503],[-120.4329231,39.8220313],[-120.4325161,39.8220493],[-120.4322091,39.8220813],[-120.4320091,39.8221103],[-120.4317111,39.8221683],[-120.4315151,39.8222173],[-120.4312221,39.8223013],[-120.4310231,39.8223673],[-120.4292301,39.8230453],[-120.4272475,39.8238267],[-120.4269655,39.8239277],[-120.4266795,39.8240187],[-120.4263865,39.8240997],[-120.4260875,39.8241687],[-120.4257935,39.8242257],[-120.4253965,39.8242847],[-120.4249925,39.8243267],[-120.4245825,39.8243497],[-120.4243405,39.8243537],[-120.424267,39.8243525],[-120.4241414,39.8243066],[-120.4234154,39.8242897],[-120.4228324,39.8243005],[-120.4217791,39.8242889],[-120.4217628,39.8242892],[-120.4197821,39.8243244],[-120.4176905,39.8243291],[-120.4167364,39.8243101],[-120.4160723,39.8242665],[-120.4160635,39.8242659],[-120.4153231,39.8242172],[-120.4152076,39.8242482],[-120.4089899,39.8235753],[-120.40898,39.8235742],[-120.4068703,39.8233568],[-120.4020162,39.8228274],[-120.4010972,39.8227194],[-120.4001872,39.8225994],[-120.3994712,39.8225014],[-120.3988712,39.8224094],[-120.3985541,39.8223663],[-120.3971601,39.8221433],[-120.3959651,39.8219313],[-120.3939679,39.8215471],[-120.3937699,39.8215041],[-120.3930489,39.8213701],[-120.3924345,39.8212442],[-120.3924012,39.8212374],[-120.3908731,39.8209543],[-120.3904691,39.8208963],[-120.388864,39.8206975],[-120.388263,39.8206055],[-120.387457,39.8204655],[-120.3873156,39.8204378]]}},{"type":"Feature","properties":{"route":70},"geometry":{"type":"LineString","coordinates":[[-120.6327064,39.7873147],[-120.6325428,39.7872048],[-120.632105,39.7869406],[-120.6316862,39.7867265],[-120.6310152,39.7864195],[-120.6309968,39.7864117],[-120.6307178,39.7862934],[-120.6301174,39.7860498],[-120.6294104,39.7858475],[-120.6291336,39.7857906],[-120.6288642,39.7857456],[-120.6284398,39.7857286],[-120.6278955,39.7857405],[-120.6275327,39.7857732],[-120.6262578,39.7859502],[-120.6257543,39.7860275],[-120.6254216,39.7860593],[-120.6248141,39.7860736],[-120.6242222,39.7860379],[-120.6239724,39.7860022],[-120.6234251,39.78591],[-120.6232139,39.7858565],[-120.6228838,39.7857613],[-120.6225983,39.7856661],[-120.6223127,39.7855471],[-120.6220718,39.7854371],[-120.6216592,39.7852227],[-120.6213155,39.7850338],[-120.6208492,39.7848018],[-120.6200944,39.7844559],[-120.6200621,39.7844411],[-120.6180618,39.7834319],[-120.6161886,39.7824538],[-120.6154209,39.7820444]]}},{"type":"Feature","properties":{"route":70},"geometry":{"type":"LineString","coordinates":[[-120.6490118,39.8025173],[-120.6487041,39.802281],[-120.6463363,39.8006011],[-120.6457708,39.8001884],[-120.6455065,39.7999954],[-120.6447828,39.7994923],[-120.6416514,39.7972651],[-120.6413659,39.79707],[-120.6407805,39.7966465],[-120.6404521,39.7963942],[-120.640219,39.796192],[-120.6400119,39.7959921],[-120.6397954,39.7957684],[-120.6395432,39.7954829],[-120.6393219,39.7952021],[-120.638846,39.7945287],[-120.6383654,39.7938197],[-120.6380584,39.7934128],[-120.6375361,39.7927789],[-120.6374999,39.7927346],[-120.6356813,39.7905074],[-120.6341156,39.7886063],[-120.6337825,39.7882279],[-120.6335922,39.7880328],[-120.633359,39.7878115],[-120.6330901,39.7875902],[-120.6328402,39.7874046],[-120.6327064,39.7873147]]}},{"type":"Feature","properties":{"route":70},"geometry":{"type":"LineString","coordinates":[[-120.9391198,39.9375748],[-120.9387938,39.9376795],[-120.9384726,39.9377604],[-120.9384209,39.9377701],[-120.9384008,39.9377738],[-120.9382441,39.9378032],[-120.9379253,39.9378413],[-120.9377302,39.9378579],[-120.9376008,39.937859],[-120.9374446,39.9378603],[-120.937121,39.9378365],[-120.9367689,39.9377913],[-120.9365666,39.9377509],[-120.9361442,39.9376502],[-120.9358712,39.9375522],[-120.9356292,39.9374482],[-120.9353963,39.9373211],[-120.9344182,39.9367252],[-120.9343752,39.936703],[-120.9342302,39.9366282],[-120.9334102,39.9361512],[-120.9330952,39.9359812],[-120.9327382,39.9358102],[-120.9321982,39.9355852],[-120.9320189,39.9355341],[-120.9315352,39.9353962],[-120.9307132,39.9352152],[-120.9301592,39.9351482],[-120.9296562,39.9351112],[-120.9276252,39.9350282],[-120.9275182,39.9350272],[-120.9269382,39.9349982],[-120.9264942,39.9349892],[-120.9256822,39.9349552],[-120.9249715,39.9349327],[-120.9249703,39.9349326],[-120.9239333,39.9348878],[-120.9239202,39.9348872],[-120.9234182,39.9348762],[-120.9208142,39.9347822],[-120.9196272,39.9347462],[-120.9189822,39.9347152],[-120.9158901,39.9346069],[-120.9156422,39.9345982],[-120.9150723,39.934566],[-120.9150621,39.9345654],[-120.9146202,39.9345622],[-120.9118062,39.9344352],[-120.9113396,39.9344242],[-120.9102442,39.9343982],[-120.9093573,39.9343667],[-120.9093572,39.9343667],[-120.9093455,39.9343663],[-120.9085563,39.9343425],[-120.9080152,39.9343262],[-120.9058485,39.93423],[-120.9054722,39.9342132],[-120.9051032,39.9342032],[-120.9045891,39.9341771],[-120.904589,39.9341771],[-120.9041772,39.9341562],[-120.9028772,39.9341112],[-120.9025842,39.9340942],[-120.9019231,39.9340727],[-120.9019195,39.9340725],[-120.9013392,39.9340442],[-120.9005222,39.9340202],[-120.8998152,39.9339882],[-120.8996836,39.9339789],[-120.8996322,39.9339752],[-120.8989872,39.9339562],[-120.898498,39.9339372],[-120.8952283,39.9337851],[-120.894515,39.9337518],[-120.8944954,39.9337509],[-120.8935081,39.9336986],[-120.8933678,39.9337557],[-120.8923706,39.9337125],[-120.8921832,39.9337102],[-120.8917612,39.9337302],[-120.8913572,39.9337692],[-120.8910522,39.9338092],[-120.8907412,39.9338622],[-120.8904462,39.9339202],[-120.8900932,39.9340052],[-120.8897582,39.9341022],[-120.8894822,39.9341902],[-120.8892992,39.9342552],[-120.8887735,39.9344861],[-120.8884112,39.9346572],[-120.8880204,39.9348628],[-120.8877995,39.934979],[-120.8873909,39.9351939],[-120.8870468,39.9353495],[-120.8868575,39.9354183],[-120.8864737,39.9355417],[-120.8860745,39.9355942],[-120.8857455,39.9356222],[-120.8855495,39.9356262],[-120.8848112,39.9355833],[-120.8846457,39.9355041],[-120.8840484,39.9353314],[-120.8834249,39.93512],[-120.8834084,39.9351144],[-120.883342,39.9350939],[-120.8826559,39.9348824],[-120.8822645,39.9347537],[-120.8821657,39.9347633],[-120.8818415,39.9346331],[-120.8777785,39.9332482],[-120.8775085,39.9331502],[-120.8772375,39.9330592],[-120.8770125,39.9329952],[-120.8768125,39.9329472],[-120.8766145,39.9329082],[-120.8764095,39.9328792],[-120.8761035,39.9328512],[-120.8758105,39.9328442],[-120.8755915,39.9328502],[-120.8751825,39.9328892],[-120.8718552,39.9333512],[-120.8715542,39.9334102],[-120.8711722,39.9335162],[-120.8709862,39.9335812],[-120.8707182,39.9336972],[-120.8701992,39.9339402],[-120.8692422,39.9343982],[-120.8688872,39.9345592],[-120.8682442,39.9348232],[-120.8662495,39.9356278],[-120.8650012,39.9361312],[-120.8647972,39.9362202],[-120.8644192,39.9363622],[-120.8642182,39.9364262],[-120.8640252,39.9364782],[-120.8639145,39.9364701],[-120.8634538,39.9365539],[-120.8632184,39.9365817],[-120.8630817,39.9365875],[-120.862705,39.9365905],[-120.8625338,39.9365761],[-120.8624368,39.9366161],[-120.8618014,39.9364996],[-120.8614433,39.9363949],[-120.8577402,39.9348782],[-120.8553058,39.9338918],[-120.8529722,39.9329462],[-120.8525892,39.9328072],[-120.8523082,39.9327252],[-120.8521092,39.9326782],[-120.8519122,39.9326432],[-120.8517142,39.9326192],[-120.8513062,39.9325882],[-120.8511712,39.9325822],[-120.8500362,39.9325762],[-120.8498122,39.9325722],[-120.8494962,39.9325572],[-120.8489722,39.9324972],[-120.8487662,39.9324672],[-120.8483442,39.9323872],[-120.8480382,39.9323142],[-120.8476362,39.9321952],[-120.8473492,39.9320972],[-120.8469732,39.9319492],[-120.8467812,39.9318632],[-120.8459416,39.9313712],[-120.8434979,39.9298835],[-120.8412109,39.9284757],[-120.8408397,39.928214],[-120.8405018,39.9279594],[-120.8400973,39.9276453],[-120.8396288,39.9272613],[-120.8395167,39.9271694],[-120.8390242,39.9267839],[-120.8361212,39.9244283],[-120.8357476,39.9241403],[-120.8353741,39.9238382],[-120.8350719,39.9235836],[-120.8345658,39.9230562],[-120.8345311,39.922953],[-120.8342323,39.9225733],[-120.8341558,39.9224762],[-120.8340362,39.9224284],[-120.8336525,39.9219172],[-120.8327692,39.9207062],[-120.8326172,39.9204902],[-120.8323312,39.9201082],[-120.8316372,39.9192102],[-120.8313992,39.9189392],[-120.8312692,39.9188152],[-120.8310752,39.9186492],[-120.8309252,39.9185362],[-120.8306862,39.9183802],[-120.8303602,39.9182032],[-120.8274972,39.9167962],[-120.8272402,39.9166762],[-120.8270622,39.9166062],[-120.8267772,39.9165112],[-120.8264942,39.9164372],[-120.8262972,39.9163952],[-120.8260882,39.9163622],[-120.8258872,39.9163412],[-120.8256772,39.9163302],[-120.8249486,39.9163341],[-120.8249345,39.9163342],[-120.8245442,39.9163272],[-120.8243422,39.9163162],[-120.8240422,39.9162872],[-120.8238422,39.9162552],[-120.8236492,39.9162162],[-120.8234452,39.9161642],[-120.8232612,39.9161082],[-120.8227012,39.9159072],[-120.8214202,39.9154302],[-120.8196689,39.91479],[-120.8192691,39.9146497],[-120.8188252,39.9144622],[-120.8185682,39.9143322],[-120.8184052,39.9142372],[-120.8182492,39.9141362],[-120.8181012,39.9140292],[-120.8178912,39.9138592],[-120.8164512,39.9126412],[-120.8162372,39.9124692],[-120.8160792,39.9123592],[-120.8158392,39.9122142],[-120.8156572,39.9121212],[-120.8153942,39.9120052],[-120.8152222,39.9119402],[-120.8149362,39.9118542],[-120.8147342,39.9118052],[-120.8145382,39.9117682],[-120.8143432,39.9117422],[-120.8141912,39.9117318],[-120.8139342,39.9117142],[-120.8113672,39.9116332],[-120.8111642,39.9116342],[-120.8108602,39.9116512],[-120.8106652,39.9116732],[-120.8102602,39.9117442],[-120.8099092,39.9118342],[-120.8092102,39.9120712],[-120.8086446,39.9122786],[-120.8083456,39.9123486],[-120.8079925,39.9123966],[-120.8077232,39.9124133],[-120.8076025,39.9124078],[-120.8075965,39.9124075],[-120.8073383,39.9123956],[-120.8071546,39.9123803],[-120.8069086,39.9123446],[-120.8067146,39.9123016],[-120.8065186,39.9122476],[-120.8063292,39.9121642],[-120.8060552,39.9120512],[-120.8058822,39.9119622],[-120.8057252,39.9118682],[-120.8054117,39.9116619],[-120.805094,39.9113434],[-120.8050005,39.9112002],[-120.8043512,39.9103012],[-120.8041342,39.9100272],[-120.8039402,39.9098502],[-120.8037182,39.9096782],[-120.8035662,39.9095752],[-120.8034072,39.9094822],[-120.8029982,39.9092682],[-120.8012772,39.9084272],[-120.7994422,39.9075222],[-120.7981722,39.9069172],[-120.7980392,39.9068402],[-120.7940732,39.9048902],[-120.7936472,39.9046772],[-120.7918902,39.9038202],[-120.7918042,39.9037852],[-120.7914862,39.9036192],[-120.7913162,39.9035232],[-120.7910722,39.9033662],[-120.7909962,39.9033132],[-120.7907842,39.9031362],[-120.7906552,39.9030132],[-120.7905322,39.9028772],[-120.7904202,39.9027402],[-120.7903222,39.9026032],[-120.7901982,39.9023942],[-120.7901262,39.9022452],[-120.7899432,39.9017952],[-120.7894052,39.9003692],[-120.7889932,39.8993032],[-120.7887422,39.8986322],[-120.7885172,39.8981122],[-120.7884112,39.8978872],[-120.7874622,39.8961962],[-120.7869837,39.8953924],[-120.7866372,39.8948102],[-120.7857072,39.8931742],[-120.7853982,39.8926652],[-120.7852772,39.8924552],[-120.7850455,39.8919889],[-120.7850433,39.8919845],[-120.7850422,39.8919822],[-120.784844,39.8913195],[-120.7846522,39.8902262],[-120.7846232,39.8900872],[-120.7845872,39.8899442],[-120.7844572,39.8895592],[-120.7843312,39.8892582],[-120.7841872,39.8889722],[-120.7838782,39.8883942],[-120.7836062,39.8879212],[-120.7836051,39.8879189],[-120.7835242,39.8877472],[-120.7832496,39.8872437],[-120.7820197,39.8849881],[-120.7820108,39.884972],[-120.7813142,39.8836812],[-120.7811782,39.8834632],[-120.7810802,39.8833302],[-120.7809722,39.8832052],[-120.7807852,39.8830262],[-120.7806452,39.8829132],[-120.7804922,39.8828062],[-120.7803332,39.8827082],[-120.7801572,39.8826122],[-120.7799892,39.8825342],[-120.7798042,39.8824622],[-120.7779742,39.8818522],[-120.7773102,39.8816402],[-120.7761672,39.8812882],[-120.7755152,39.8810792],[-120.7737102,39.8805152],[-120.773077,39.880313],[-120.7730652,39.8803092],[-120.7728532,39.8802462],[-120.7722952,39.8800662],[-120.7717072,39.8798832],[-120.7714122,39.8797962],[-120.7709412,39.8796482],[-120.7699752,39.8793652],[-120.7696872,39.8792942],[-120.7693072,39.8792122],[-120.7687942,39.8791312],[-120.7685812,39.8791082],[-120.7683822,39.8790922],[-120.7607349,39.8787985],[-120.7607135,39.8787977],[-120.7577528,39.878684],[-120.7573328,39.878658],[-120.7570218,39.878628],[-120.7566158,39.878574],[-120.7561118,39.878486],[-120.7559158,39.878446],[-120.7550422,39.8781962],[-120.7546592,39.8780722],[-120.7542872,39.8779352],[-120.7541012,39.8778602],[-120.7537462,39.8777032],[-120.7532332,39.8774502],[-120.7529712,39.8773042],[-120.7526412,39.8771042],[-120.7521152,39.8767422],[-120.7510222,39.8759112],[-120.7491742,39.8745172],[-120.7489422,39.8743512],[-120.7487862,39.8742542],[-120.7486162,39.8741662],[-120.7484422,39.8740862],[-120.7481582,39.8739832],[-120.7478842,39.8739012],[-120.7476862,39.8738582],[-120.7474772,39.8738272],[-120.7471672,39.8737982],[-120.7469562,39.8737952],[-120.7443433,39.873947],[-120.7399449,39.8741608],[-120.7399041,39.8741628],[-120.7395109,39.8741819],[-120.7382973,39.8742447],[-120.7378946,39.8742783],[-120.7374945,39.8743335],[-120.7371966,39.874385],[-120.7365881,39.8745117],[-120.7351718,39.8748248],[-120.7311463,39.8757284],[-120.7304848,39.8758712],[-120.7296923,39.8760524],[-120.7296771,39.8760558],[-120.7293419,39.8761229],[-120.7288424,39.8762031],[-120.7283216,39.876264],[-120.7278756,39.8762948],[-120.7273927,39.876318],[-120.7268855,39.8763147],[-120.7264837,39.8762983],[-120.7261407,39.8762778],[-120.7256407,39.8762245],[-120.7249899,39.8761267],[-120.7245277,39.8760333],[-120.723955,39.8758934],[-120.7234474,39.8757495],[-120.7231573,39.8756521],[-120.7231462,39.8756484],[-120.7226761,39.8754835],[-120.722369,39.875368],[-120.7218066,39.8751758],[-120.7207005,39.8747844],[-120.719026,39.8742134],[-120.7185832,39.8740624],[-120.7166383,39.8733779],[-120.7152525,39.8728999],[-120.7139345,39.872437],[-120.7137318,39.8723608],[-120.7106867,39.8713159],[-120.7105332,39.8712594],[-120.7102443,39.8711631],[-120.7094129,39.8708679],[-120.7094041,39.8708647],[-120.7090676,39.8707542],[-120.7086867,39.8706188],[-120.7080076,39.8703871],[-120.7075315,39.8702148],[-120.7058479,39.8696261],[-120.7054302,39.8694736],[-120.705086,39.8693625],[-120.7037342,39.8688919],[-120.7031535,39.8686946],[-120.7029069,39.8685913],[-120.7023511,39.8683823],[-120.7019352,39.8681798],[-120.7014974,39.8679532],[-120.7006867,39.8674912],[-120.6990982,39.8665709],[-120.6988822,39.8664458],[-120.6957704,39.864616],[-120.6949272,39.8641358],[-120.6946127,39.8639613],[-120.6937619,39.8634541],[-120.6935966,39.863364],[-120.6932487,39.8631533],[-120.6929645,39.8629736],[-120.6927876,39.8628477],[-120.6924875,39.8626005],[-120.6922808,39.8624146],[-120.6919929,39.8621261],[-120.6918596,39.8619839],[-120.6913347,39.8614003],[-120.6895608,39.859361],[-120.6890419,39.8587814],[-120.6885845,39.8582502],[-120.6885807,39.8582458],[-120.6885044,39.8581665]]}},{"type":"Feature","properties":{"route":70},"geometry":{"type":"LineString","coordinates":[[-121.04,40.0197142],[-121.0397325,40.0196802],[-121.0392265,40.0196252],[-121.0388185,40.0195902],[-121.0383065,40.0195592],[-121.0375935,40.0195322],[-121.0371835,40.0195282],[-121.0366725,40.0195422],[-121.0352376,40.0196651],[-121.0347331,40.0196879],[-121.0344328,40.0196926],[-121.0344266,40.0196927],[-121.0339098,40.0196508],[-121.0336043,40.0196156],[-121.0332997,40.0195623],[-121.0326953,40.0194243],[-121.0325145,40.019371],[-121.0321885,40.0192862],[-121.0320505,40.0192682],[-121.0318475,40.0192662],[-121.0317465,40.0192732],[-121.0316475,40.0192862],[-121.0315495,40.0193052],[-121.0313595,40.0193592],[-121.0311825,40.0194322],[-121.0310195,40.0195232],[-121.0308725,40.0196302],[-121.0308065,40.0196882],[-121.0306915,40.0198162],[-121.0306415,40.0198842],[-121.0305985,40.0199542],[-121.0305625,40.0200272],[-121.0305095,40.0201772],[-121.0304805,40.0203312],[-121.0304335,40.0208002],[-121.0303887,40.0211135],[-121.0302954,40.0215865],[-121.0301412,40.0221966],[-121.0300261,40.0225811],[-121.0299185,40.0228895],[-121.0296663,40.0234796],[-121.0295473,40.0237813],[-121.0294816,40.024005],[-121.0294531,40.0241678],[-121.0294455,40.024322],[-121.0294474,40.0248131],[-121.0294394,40.0248921],[-121.0294254,40.0249701],[-121.0294054,40.0250471],[-121.0293874,40.0250996],[-121.0293524,40.0251726],[-121.0293104,40.0252436],[-121.0292604,40.0253116],[-121.0292024,40.0253776],[-121.0291404,40.0254386],[-121.0289762,40.0255783],[-121.0287713,40.0257207],[-121.0286093,40.0258157],[-121.0284393,40.0259007],[-121.0282603,40.0259777],[-121.0280703,40.0260397],[-121.026868,40.0263569],[-121.0265587,40.0264225],[-121.0263577,40.0264555],[-121.0260505,40.0264939],[-121.0257383,40.0265177],[-121.0257142,40.0265186],[-121.0248388,40.026551],[-121.0240705,40.0265952],[-121.0232735,40.0266812],[-121.0225105,40.0267762],[-121.0223125,40.0268122],[-121.0222155,40.0268342],[-121.0221195,40.0268612],[-121.0220265,40.0268932],[-121.0218513,40.0269656],[-121.0216803,40.0270622],[-121.0215353,40.0271712],[-121.0214703,40.0272312],[-121.0214113,40.0272942],[-121.0213573,40.0273602],[-121.0213093,40.0274282],[-121.0212683,40.0274992],[-121.0212363,40.0275722],[-121.0212113,40.0276472],[-121.0211943,40.0277242],[-121.0211833,40.0278022],[-121.0211845,40.0279582],[-121.0211995,40.0284282],[-121.0211945,40.0285852],[-121.0211775,40.0287412],[-121.0211335,40.0289742],[-121.0210505,40.0292812],[-121.0209525,40.0295842],[-121.0208665,40.0298102],[-121.0207975,40.0299582],[-121.0207145,40.0301002],[-121.0206165,40.0302382],[-121.0204475,40.0304332],[-121.0201435,40.0307512],[-121.0199475,40.0309342],[-121.0198045,40.0310482],[-121.0195614,40.0312096],[-121.0194754,40.0312516],[-121.0193864,40.0312886],[-121.0191974,40.0313506],[-121.0190014,40.0313936],[-121.0188041,40.0314238],[-121.0185035,40.0314392],[-121.0175885,40.0315002],[-121.0172855,40.0315292],[-121.0169815,40.0315712],[-121.0164815,40.0316592],[-121.0160539,40.0317538],[-121.0158509,40.0317808],[-121.0156469,40.0317968],[-121.0154419,40.0317948],[-121.0153409,40.0317868],[-121.0151409,40.0317568],[-121.0149439,40.0317128],[-121.014531,40.0315825],[-121.014334,40.0315445],[-121.014134,40.0315205],[-121.0137934,40.0315062],[-121.0134198,40.0315206],[-121.0132334,40.0315476],[-121.0129511,40.0316158],[-121.0127672,40.0316833],[-121.0125986,40.0317629],[-121.0124359,40.0318616],[-121.0122944,40.031954],[-121.0121561,40.0320839],[-121.0120331,40.0322234],[-121.0118939,40.0324152],[-121.0117478,40.0326499],[-121.0116263,40.0329062],[-121.0114947,40.0332125],[-121.011184,40.0341538],[-121.0109336,40.03495],[-121.0108634,40.03509],[-121.0107588,40.0352416],[-121.0106328,40.0353787],[-121.0105072,40.0354872],[-121.0102813,40.0356514],[-121.0101076,40.0357585],[-121.0097626,40.035906],[-121.009577,40.0359726],[-121.0093771,40.036025],[-121.0091748,40.036063],[-121.0082849,40.0362106],[-121.0079661,40.0362415],[-121.0077519,40.0362534],[-121.0074469,40.0362564],[-121.0071428,40.0362439],[-121.0068368,40.0362169],[-121.006517,40.0361677],[-121.0059031,40.0360583],[-121.0058869,40.0360549],[-121.0051605,40.0359032],[-121.0045967,40.035802],[-121.0045925,40.0358012],[-121.0030685,40.0355382],[-121.0025675,40.0354582],[-121.0022615,40.0354222],[-121.0020545,40.0354092],[-121.0018485,40.0354112],[-121.0016475,40.0354322],[-121.0014525,40.0354732],[-121.0012583,40.0355342],[-121.0010833,40.0356132],[-121.0010003,40.0356572],[-121.0008433,40.0357552],[-121.0007013,40.0358672],[-121.0005743,40.0359892],[-121.0004173,40.0361882],[-121.0003743,40.0362592],[-121.0002635,40.0365689],[-121.0001575,40.0369519],[-121.0000695,40.0372909],[-120.9998664,40.0381141],[-120.9997644,40.0385041],[-120.9997335,40.0386379],[-120.9997284,40.0386601],[-120.9996504,40.0389041],[-120.9996234,40.0389671],[-120.9995854,40.0390401],[-120.9995404,40.0391111],[-120.9994894,40.0391781],[-120.9994304,40.0392431],[-120.9993664,40.0393031],[-120.9992954,40.0393601],[-120.9991404,40.0394611],[-120.9986941,40.0396656],[-120.9985161,40.0397376],[-120.9982388,40.0398321],[-120.9980488,40.0398861],[-120.9978538,40.0399291],[-120.9976568,40.0399641],[-120.9973635,40.0399842],[-120.9961445,40.0401122],[-120.9958365,40.0401302],[-120.9957335,40.0401322],[-120.9955275,40.0401242],[-120.9954255,40.0401152],[-120.9952225,40.0400842],[-120.9951245,40.0400632],[-120.9949315,40.0400072],[-120.9947495,40.0399352],[-120.9945755,40.0398532],[-120.9941584,40.0396236],[-120.9934673,40.0391862],[-120.9933139,40.03908],[-120.9931058,40.0388929],[-120.9929411,40.0387127],[-120.9928861,40.0386367],[-120.9928674,40.0386108],[-120.9926829,40.0383554],[-120.9921736,40.0375811],[-120.9917285,40.0368824],[-120.9916315,40.0367409],[-120.9915189,40.0365993],[-120.9913968,40.0364696],[-120.991198,40.0362867],[-120.9909096,40.0360775],[-120.9907162,40.0359471],[-120.9896525,40.0352682],[-120.9894825,40.0351832],[-120.9893945,40.0351452],[-120.9892095,40.0350822],[-120.9890165,40.0350332],[-120.9888455,40.0349988],[-120.9886846,40.0349759],[-120.9885422,40.0349651],[-120.988412,40.0349616],[-120.9880947,40.0349835],[-120.9878959,40.0350103],[-120.9877069,40.0350632],[-120.9873444,40.0352025],[-120.9871539,40.0352961],[-120.9859104,40.0360471],[-120.9857367,40.0361637],[-120.9854648,40.0363958],[-120.9853048,40.0365777],[-120.9851549,40.0367693],[-120.9848325,40.0372725],[-120.9845005,40.0379554],[-120.9843857,40.0381689],[-120.9843031,40.0383078],[-120.9840461,40.0385717],[-120.9839109,40.0386822],[-120.9836705,40.0388312],[-120.9835025,40.0389222],[-120.9834169,40.0389611],[-120.9832315,40.0390312],[-120.9830425,40.0390882],[-120.9828375,40.0391342],[-120.9826465,40.0391642],[-120.9824425,40.0391802],[-120.9822373,40.0391822],[-120.9820355,40.0391712],[-120.9818345,40.0391482],[-120.9814394,40.0390818],[-120.9811183,40.0389667],[-120.9809397,40.0388889],[-120.9807643,40.0387991],[-120.98062,40.0387073],[-120.9804666,40.0385987],[-120.9803227,40.038483],[-120.9801453,40.0383218],[-120.9799408,40.0381055],[-120.9797218,40.0378294],[-120.9795397,40.0375704],[-120.9791133,40.0368953],[-120.97901,40.0367538],[-120.9789066,40.0366218],[-120.9787875,40.0365063],[-120.9784258,40.0361946],[-120.9780135,40.0358612],[-120.9779395,40.0358082],[-120.9778615,40.0357592],[-120.9777775,40.0357152],[-120.9775216,40.0356045],[-120.9773217,40.0355474],[-120.9770409,40.0354927],[-120.9768411,40.0354617],[-120.9765838,40.0354327],[-120.9764744,40.0354489],[-120.9763781,40.0354576],[-120.9761791,40.0354987],[-120.9760918,40.0355289],[-120.9760013,40.0355686],[-120.9759294,40.0356084],[-120.9758543,40.0356554],[-120.9757759,40.0357167],[-120.9756437,40.0358466],[-120.97558,40.0359532],[-120.9755219,40.0361052],[-120.9754061,40.0363806],[-120.9753327,40.0365206],[-120.9752754,40.0366154],[-120.9751838,40.0367313],[-120.9750673,40.0368446],[-120.9749888,40.0369107],[-120.974829,40.037026],[-120.9746725,40.0371175],[-120.9745383,40.0371807],[-120.9742049,40.0372849],[-120.9734264,40.0375112],[-120.9730711,40.037632],[-120.9728964,40.0377019],[-120.9727497,40.0377697],[-120.972608,40.0378721],[-120.9725016,40.0379355],[-120.9723918,40.0380203],[-120.9722881,40.0381123],[-120.9721115,40.0383061],[-120.9718938,40.0385568],[-120.971768,40.0386724],[-120.9712853,40.0390505],[-120.9705845,40.0396257],[-120.9702741,40.0398493],[-120.9700242,40.040007],[-120.9698461,40.040081],[-120.9697445,40.0401232],[-120.9695585,40.0401872],[-120.9693665,40.0402392],[-120.9691695,40.0402772],[-120.9689675,40.0403012],[-120.9687655,40.0403152],[-120.9685615,40.0403162],[-120.9683585,40.0403072],[-120.9681555,40.0402892],[-120.9679565,40.0402592],[-120.9677605,40.0402132],[-120.967604,40.0401564],[-120.9673346,40.0400325],[-120.9671666,40.0399445],[-120.9670076,40.0398465],[-120.9668596,40.0397385],[-120.9667206,40.0396225],[-120.9665306,40.0394385],[-120.9663586,40.0392435],[-120.9661996,40.0390425],[-120.9661046,40.0389035],[-120.9660216,40.0387605],[-120.9659516,40.0386135],[-120.9658646,40.0383885],[-120.9654244,40.0370964],[-120.965134,40.0361712],[-120.965073,40.0360222],[-120.964996,40.0358762],[-120.96495,40.0358052],[-120.9647997,40.0356092],[-120.9647959,40.0356058],[-120.9646657,40.0354902],[-120.9645907,40.0354372],[-120.9644287,40.0353432],[-120.9642537,40.0352642],[-120.963842,40.0351173],[-120.963754,40.0350763],[-120.9635814,40.0349733],[-120.9634304,40.0348693],[-120.9624001,40.0340317],[-120.9619183,40.0336296],[-120.9617845,40.0335132],[-120.9616765,40.0333802],[-120.9616275,40.0333112],[-120.9615445,40.0331682],[-120.9614755,40.0330192],[-120.9613985,40.0327872],[-120.9613625,40.0326292],[-120.9613435,40.0324712],[-120.9613425,40.0323932],[-120.9613495,40.0323152],[-120.9613635,40.0322372],[-120.9613845,40.0321612],[-120.9614135,40.0320852],[-120.9614495,40.0320122],[-120.9614925,40.0319412],[-120.9615415,40.0318732],[-120.9616545,40.0317432],[-120.9620215,40.0313702],[-120.9621385,40.0312432],[-120.9629205,40.0304802],[-120.9631939,40.0302718],[-120.9633139,40.0301868],[-120.9634399,40.0301048],[-120.9639239,40.0298258],[-120.9641769,40.0296518],[-120.9642789,40.0295738],[-120.9643469,40.0295138],[-120.9644179,40.0294348],[-120.9645609,40.0292518],[-120.9646809,40.0290278],[-120.9647219,40.0289078],[-120.9647886,40.0286185],[-120.9648006,40.0285065],[-120.9648016,40.0284095],[-120.9647946,40.0282935],[-120.9647676,40.0281645],[-120.9647326,40.0280395],[-120.9646856,40.0279175],[-120.9642068,40.0270594],[-120.963908,40.0265272],[-120.963666,40.0261545],[-120.9634452,40.0258233],[-120.9632244,40.0253526],[-120.9630384,40.0248935],[-120.9628409,40.0244403],[-120.9627305,40.024173],[-120.962684,40.0239638],[-120.9626464,40.0237612],[-120.9626584,40.0236792],[-120.9627414,40.0232916],[-120.9627724,40.0231472],[-120.9627794,40.0230402],[-120.9627724,40.0229142],[-120.9627554,40.0228042],[-120.9626619,40.0225922],[-120.9625639,40.0224092],[-120.9624219,40.0222182],[-120.9623035,40.0220682],[-120.9622165,40.0219842],[-120.9621035,40.0218882],[-120.9619895,40.0218002],[-120.9618925,40.0217412],[-120.9618025,40.0216942],[-120.9615785,40.0215902],[-120.9614415,40.0215382],[-120.9611285,40.0214412],[-120.9609835,40.0214062],[-120.9604925,40.0213042],[-120.9603465,40.0212692],[-120.9601035,40.0212002],[-120.9599835,40.0211522],[-120.9597605,40.0210322],[-120.959637,40.0209469],[-120.959557,40.0208789],[-120.959471,40.0207849],[-120.959419,40.0207029],[-120.9593889,40.0205879],[-120.9593869,40.0204979],[-120.9593989,40.0203939],[-120.9594003,40.0203899],[-120.9594527,40.0202391],[-120.9595027,40.0201231],[-120.9596015,40.0199572],[-120.9596685,40.0198672],[-120.9597415,40.0197922],[-120.9598385,40.0197122],[-120.9599355,40.0196422],[-120.9600595,40.0195702],[-120.9601985,40.0195012],[-120.9607665,40.0192512],[-120.9610135,40.0191312],[-120.9612075,40.0190132],[-120.9615555,40.0187632],[-120.961694,40.0186107],[-120.9617413,40.0185585],[-120.9622873,40.0181465],[-120.9624483,40.0180515],[-120.9626343,40.0179615],[-120.9628597,40.0178852],[-120.9630714,40.0178328],[-120.9632389,40.0178038],[-120.9637877,40.0177614],[-120.963978,40.0177162],[-120.964147,40.017652],[-120.964304,40.0175616],[-120.9645729,40.0173522],[-120.964749,40.0172213],[-120.9648061,40.0171475],[-120.964975,40.0168786],[-120.9655525,40.0157492],[-120.9657045,40.0154622],[-120.9657942,40.0152522],[-120.9658882,40.0150542],[-120.9659552,40.0148772],[-120.9660575,40.0146298],[-120.9660835,40.0144418],[-120.9661025,40.0140938],[-120.9661005,40.0138961],[-120.9660996,40.0138112],[-120.966104,40.0134678],[-120.9661085,40.0131138],[-120.9660725,40.0125602],[-120.9660594,40.0119636],[-120.9660593,40.0119568],[-120.9660305,40.0112502],[-120.9660305,40.0105562],[-120.9661091,40.0101647],[-120.9661761,40.0097107],[-120.9662101,40.0095187],[-120.9662221,40.0093547],[-120.9662071,40.0091657],[-120.9661641,40.0089857],[-120.9660971,40.0087757],[-120.9660151,40.0086207],[-120.9658841,40.0084407],[-120.9657531,40.0083007],[-120.9655365,40.0081502],[-120.9653905,40.0080342],[-120.9651805,40.0079002],[-120.9649705,40.0077752],[-120.9647545,40.0076682],[-120.9645375,40.0075712],[-120.9643245,40.0074952],[-120.9640875,40.0074312],[-120.9637975,40.0073672],[-120.9635575,40.0073302],[-120.9628024,40.0072371],[-120.9616355,40.0070932],[-120.9612815,40.0070352],[-120.9609012,40.006955],[-120.9608981,40.0069544],[-120.9606085,40.0068822],[-120.9603075,40.0067942],[-120.9600605,40.0066972],[-120.9593295,40.0063892],[-120.9590005,40.0062342],[-120.9587535,40.0061032],[-120.9584855,40.0059472],[-120.9583185,40.0058292],[-120.9581535,40.0056702],[-120.9580165,40.0054692],[-120.9579165,40.0052502],[-120.9578495,40.0050092],[-120.9578185,40.0047992],[-120.9578155,40.0046352],[-120.9578435,40.0044522],[-120.9579104,40.0042258],[-120.9579114,40.0042227],[-120.9579835,40.0040442],[-120.9581875,40.0035932],[-120.9582425,40.0034292],[-120.9582725,40.0032762],[-120.9582875,40.0031032],[-120.9582785,40.0029172],[-120.9582275,40.0027252],[-120.9581505,40.0025512],[-120.9580195,40.0023662],[-120.9578675,40.0022102],[-120.9577305,40.0020982],[-120.9575665,40.0019882],[-120.9574075,40.0019122],[-120.9570335,40.0018052],[-120.9567865,40.0017442],[-120.9564975,40.0016622],[-120.9562835,40.0015952],[-120.9560855,40.0015042],[-120.9559095,40.0013942],[-120.9557385,40.0012662],[-120.9555955,40.0011232],[-120.9554555,40.0009372],[-120.9553765,40.0007582],[-120.9553215,40.0005602],[-120.9553035,40.0003222],[-120.9553305,40.0001182],[-120.9553945,39.9998992],[-120.9554505,39.9997652],[-120.9555075,39.9996312],[-120.9556415,39.9993572],[-120.9559005,39.9987662],[-120.9559485,39.9985922],[-120.9559735,39.9984182],[-120.9559735,39.9982452],[-120.9559455,39.9980502],[-120.9558725,39.9978552],[-120.9557575,39.9976512],[-120.9555625,39.9974262],[-120.9553215,39.9972642],[-120.9550445,39.9971272],[-120.9547945,39.9970392],[-120.9545085,39.9969712],[-120.9541545,39.9969172],[-120.9536285,39.9968622],[-120.9529705,39.9967802],[-120.9526685,39.9967072],[-120.9523705,39.9966252],[-120.9518675,39.9964422],[-120.9515755,39.9963172],[-120.9510275,39.9960552],[-120.9506705,39.9958912],[-120.9499095,39.9955072],[-120.9492455,39.9951932],[-120.9489625,39.9950532],[-120.9487245,39.9949252],[-120.9485325,39.9948152],[-120.9481244,39.9945137],[-120.9479324,39.9943527],[-120.9477524,39.9941787],[-120.9476254,39.9940447],[-120.9475154,39.9938997],[-120.9473755,39.9936755],[-120.9468455,39.9928512],[-120.9466895,39.9925982],[-120.9463275,39.9920652],[-120.9461815,39.9918672],[-120.9460045,39.9916452],[-120.9455905,39.9911672],[-120.9440842,39.9893692],[-120.9438115,39.9890672],[-120.9436616,39.9888466],[-120.9434906,39.9886116],[-120.9433476,39.9883776],[-120.9432226,39.9881586],[-120.9431226,39.9879356],[-120.9430396,39.9877226],[-120.9429375,39.9874902],[-120.9428765,39.9872742],[-120.9428185,39.9870242],[-120.9427645,39.9867412],[-120.9426605,39.9859892],[-120.9425905,39.9854322],[-120.9425205,39.9850542],[-120.9424475,39.9847612],[-120.9423655,39.9844722],[-120.9422915,39.9842862],[-120.9421735,39.9840212],[-120.9420365,39.9837762],[-120.9414388,39.9826266],[-120.9414354,39.982621],[-120.9411555,39.9821542],[-120.9408646,39.9816192],[-120.9392455,39.9786412],[-120.9389605,39.9781342],[-120.9387028,39.9776629],[-120.9383475,39.9770132],[-120.9380645,39.9764802],[-120.9376372,39.9757005],[-120.9376365,39.9756992],[-120.9375285,39.9754482],[-120.9374275,39.9751642],[-120.9373635,39.9749332],[-120.9373245,39.9747252],[-120.9372905,39.9744492],[-120.9373005,39.9739742],[-120.9373395,39.9737182],[-120.9373825,39.9735142],[-120.9374495,39.9732792],[-120.9375615,39.9729812],[-120.9378265,39.9724662],[-120.9379705,39.9722162],[-120.9385125,39.9713512],[-120.9386825,39.9710562],[-120.9390875,39.9703952],[-120.9392495,39.9701732],[-120.9395315,39.9697442],[-120.9397425,39.9694752],[-120.9400355,39.9691402],[-120.9403185,39.9688052],[-120.9407935,39.9682632],[-120.9412455,39.9677242],[-120.9418255,39.9670752],[-120.9423655,39.9664602],[-120.9427975,39.9660302],[-120.9430805,39.9657932],[-120.9433425,39.9655922],[-120.9435895,39.9654122],[-120.9441045,39.9650982],[-120.9454325,39.9643522],[-120.9461425,39.9639422],[-120.9467875,39.9635972],[-120.9484475,39.9626652],[-120.9488885,39.9624302],[-120.9493245,39.9621682],[-120.9502475,39.9616632],[-120.9506532,39.9614367],[-120.9510335,39.9612242],[-120.9519925,39.9606522],[-120.9521995,39.9605022],[-120.9524645,39.9603012],[-120.9527565,39.9600672],[-120.9532475,39.9596342],[-120.9534945,39.9594062],[-120.9539415,39.9589402],[-120.9541275,39.9587122],[-120.9541297,39.9587097],[-120.9541635,39.9586699],[-120.9554233,39.957187],[-120.9565845,39.9558202],[-120.9568355,39.9555202],[-120.9570945,39.9551972],[-120.9580595,39.9540392],[-120.9584465,39.9535892],[-120.9590875,39.9528242],[-120.9594335,39.9524222],[-120.9596735,39.9521242],[-120.9598385,39.9519072],[-120.9599385,39.9517552],[-120.9599704,39.9516867],[-120.9600062,39.9516096],[-120.9601185,39.9513682],[-120.9601905,39.9510887],[-120.9602255,39.9508662],[-120.9602315,39.9506802],[-120.9602225,39.9504732],[-120.9601945,39.9502702],[-120.9601395,39.9500332],[-120.9600575,39.9498042],[-120.9599545,39.9496182],[-120.9598195,39.9493992],[-120.9596495,39.9491772],[-120.9594033,39.948895],[-120.9592535,39.9487232],[-120.9590675,39.9485192],[-120.9586745,39.9480702],[-120.9585255,39.9478892],[-120.9584125,39.9477382],[-120.9577895,39.9470202],[-120.9569815,39.9461071],[-120.9569708,39.9460951],[-120.9567488,39.9458442],[-120.9567278,39.9458205],[-120.9563772,39.9454242],[-120.9559956,39.944993],[-120.9559374,39.9448524],[-120.9553098,39.9441259],[-120.954945,39.9437101],[-120.9549433,39.9437083],[-120.9538939,39.9425122],[-120.9533623,39.9418961],[-120.9527197,39.9411514],[-120.9524859,39.9408804],[-120.951424,39.9396497],[-120.9511599,39.939307],[-120.9507268,39.9387217],[-120.9504127,39.9383291],[-120.9502422,39.9381321],[-120.9501676,39.9380459],[-120.9498967,39.9377596],[-120.9496888,39.937603]]}},{"type":"Feature","properties":{"route":70},"geometry":{"type":"LineString","coordinates":[[-120.6851151,39.8549916],[-120.6851143,39.8549907],[-120.6849375,39.854806],[-120.6844529,39.8542288],[-120.6844333,39.8542055],[-120.6844295,39.8541992],[-120.6843072,39.8540009],[-120.6840681,39.8535957],[-120.683573,39.8526003],[-120.6827464,39.8509565],[-120.6821657,39.8498178],[-120.6819245,39.8493336],[-120.6817305,39.8489799],[-120.6814679,39.8484791],[-120.68081,39.8472015],[-120.6806756,39.8469616],[-120.680481,39.8466317],[-120.6796887,39.845618],[-120.679321,39.8451584],[-120.6789517,39.8446775],[-120.6787403,39.8444188],[-120.6785679,39.8441427],[-120.6784422,39.8438674],[-120.6783761,39.8436939],[-120.6783252,39.8435265],[-120.6783031,39.8433686],[-120.678264,39.8429988],[-120.6782539,39.8427246],[-120.6783276,39.8412731],[-120.6783285,39.8410637],[-120.6782824,39.8406521],[-120.6781903,39.8403521],[-120.6781318,39.8401846],[-120.6780587,39.8400168],[-120.6779459,39.8398328],[-120.6776799,39.8394644],[-120.677559,39.8393259],[-120.6774377,39.8392054],[-120.6772402,39.8390317],[-120.67611,39.8381179],[-120.6757895,39.8378363],[-120.6756317,39.8376825],[-120.675389,39.8374279],[-120.6752272,39.8372256],[-120.6750297,39.8369496],[-120.6747227,39.8364618],[-120.6740613,39.8353602],[-120.6735645,39.8345447],[-120.6735488,39.8345189],[-120.6734662,39.8343832],[-120.6728412,39.8333822],[-120.6726502,39.8331062],[-120.6719004,39.8322292],[-120.6718161,39.832056],[-120.668719,39.8290978],[-120.668185,39.8286058],[-120.6676949,39.8281618],[-120.6670079,39.8275768],[-120.6668709,39.8274648],[-120.6665309,39.8271648],[-120.6663339,39.8269748],[-120.6662149,39.8268498],[-120.6660479,39.8266498],[-120.6658567,39.8264727],[-120.6656489,39.8261559],[-120.6654291,39.8257627],[-120.6653009,39.8254809],[-120.6651929,39.8251759],[-120.6651149,39.8248489],[-120.6650739,39.8246189],[-120.6648712,39.8220022],[-120.6648352,39.8217632],[-120.6648042,39.8216082],[-120.6647422,39.8213812],[-120.6646602,39.8211502],[-120.6645632,39.8209242],[-120.6644142,39.8206322],[-120.6642412,39.8203492],[-120.6641422,39.8202062],[-120.663879,39.819901],[-120.6636554,39.8197107],[-120.6633779,39.8194542],[-120.6628753,39.8190849],[-120.6626844,39.8189694],[-120.6624168,39.8188292],[-120.6620119,39.8185981],[-120.6573533,39.8160578],[-120.6566454,39.8156741],[-120.6553218,39.814984],[-120.6548244,39.8146849],[-120.6545421,39.8144862],[-120.654314,39.8143023],[-120.6541713,39.8141767],[-120.6540046,39.8140103],[-120.6538716,39.8138634],[-120.6537208,39.8136757],[-120.6536277,39.8135388],[-120.6535259,39.8133779],[-120.6534577,39.8132293],[-120.6533476,39.8130207],[-120.6532884,39.8128865],[-120.6531568,39.8124521],[-120.6531326,39.8122683],[-120.6531333,39.8120801],[-120.6531834,39.8114383],[-120.6531932,39.8113562],[-120.6532322,39.8112002],[-120.6534192,39.8105852],[-120.6537602,39.8095192],[-120.6538012,39.8093622],[-120.6538352,39.8091292],[-120.6538552,39.8088932],[-120.6538552,39.8087352],[-120.6538442,39.8085772],[-120.6537866,39.8082225],[-120.653701,39.8079299],[-120.6535416,39.807561],[-120.653394,39.807316],[-120.6532655,39.8071232],[-120.6530966,39.80689],[-120.6523151,39.8060202],[-120.6519375,39.8055868],[-120.6511972,39.8047499],[-120.6507303,39.8042411],[-120.6506831,39.8041897],[-120.6500818,39.8035136],[-120.6497011,39.8031114],[-120.6494917,39.8029163],[-120.6491657,39.8026356],[-120.6490118,39.8025173]]}},{"type":"Feature","properties":{"route":70},"geometry":{"type":"LineString","coordinates":[[-120.6885044,39.8581665],[-120.6883975,39.8580555],[-120.687786,39.857363],[-120.6871781,39.8567724],[-120.6868282,39.8564764],[-120.6861965,39.8559687],[-120.6857325,39.8556022],[-120.6854678,39.8553602],[-120.6851151,39.8549916]]}},{"type":"Feature","properties":{"route":70},"geometry":{"type":"LineString","coordinates":[[-120.3873156,39.8204378],[-120.3873155,39.8204378],[-120.381996,39.819395],[-120.3811254,39.8192274],[-120.3810946,39.8192215],[-120.3787104,39.8187627],[-120.3754561,39.8181149],[-120.375442,39.8181121],[-120.3747536,39.817975],[-120.3724676,39.817531],[-120.3719211,39.8174313],[-120.3714035,39.8173683],[-120.3712551,39.8173503],[-120.3708541,39.8173293],[-120.3704291,39.8173233],[-120.3639011,39.8172923],[-120.3629992,39.8172952],[-120.3629861,39.8172953],[-120.3624791,39.8172863],[-120.3613901,39.8172803],[-120.3580691,39.8172688],[-120.356783,39.8172643],[-120.3430961,39.8171952],[-120.3430807,39.8171951],[-120.3384754,39.8171793],[-120.3356291,39.8171623],[-120.3320833,39.8171613],[-120.3311661,39.8171357],[-120.3311503,39.8171353],[-120.3308583,39.8171113],[-120.3305513,39.8170733],[-120.3302463,39.8170253],[-120.3299453,39.8169663],[-120.3295483,39.8168723],[-120.3292593,39.8167923],[-120.3290653,39.8167333],[-120.3286893,39.8166003],[-120.3236368,39.8145677],[-120.3201608,39.8131767],[-120.3195209,39.8129033],[-120.3195007,39.8128947],[-120.3194881,39.8128893],[-120.3183421,39.8124353],[-120.3168881,39.8118513],[-120.3165951,39.8117383],[-120.3137881,39.8106073],[-120.3131017,39.8103441],[-120.3123011,39.8100873],[-120.3121023,39.8100467],[-120.3117133,39.8099497],[-120.3110233,39.8098047],[-120.3106263,39.8097397],[-120.3102253,39.8096827],[-120.3093689,39.8095857],[-120.3086569,39.8095187],[-120.3078379,39.8094547],[-120.3072259,39.8094187],[-120.3056331,39.8093523],[-120.3009308,39.8094042],[-120.2992768,39.8094342],[-120.2983372,39.8094399],[-120.2970272,39.8094569],[-120.2943783,39.8094816],[-120.2826773,39.8096184],[-120.28,39.809646]]}},{"type":"Feature","properties":{"route":70},"geometry":{"type":"LineString","coordinates":[[-120.6154209,39.7820444],[-120.6152517,39.7819541],[-120.6140857,39.7813249],[-120.612777,39.7806187],[-120.6122492,39.7803415],[-120.6109686,39.7796847],[-120.6101953,39.7792832],[-120.6099484,39.7791494],[-120.6095826,39.7789649],[-120.6092078,39.7787657],[-120.6084485,39.7783],[-120.6081097,39.7780972],[-120.6077063,39.7778123],[-120.6071664,39.7774065],[-120.6069236,39.7772009],[-120.606772,39.7770621],[-120.6056471,39.7760635],[-120.6056438,39.7760606],[-120.6051197,39.7755642],[-120.6043543,39.7748637],[-120.6041498,39.7746705],[-120.6039375,39.7744832],[-120.6033967,39.7741251],[-120.6029992,39.7739295],[-120.6027848,39.7738435],[-120.60244,39.7737141],[-120.6021409,39.7736151],[-120.6016416,39.7734958],[-120.6000733,39.7731666],[-120.5995968,39.7730595],[-120.5991976,39.7729473],[-120.5989064,39.7728424],[-120.598623,39.7727317],[-120.5980576,39.7724447],[-120.5979586,39.7723779],[-120.5978442,39.772311],[-120.5967714,39.7716101],[-120.5962874,39.7713061],[-120.5951303,39.7705387],[-120.5945732,39.7701953],[-120.5943232,39.7700682],[-120.5940542,39.7699492],[-120.5938692,39.7698782],[-120.5936105,39.7697921],[-120.5933325,39.7697091],[-120.5931435,39.7696601],[-120.5928375,39.7695971],[-120.5925335,39.7695431],[-120.5923295,39.7695151],[-120.5919805,39.7694947],[-120.5915805,39.7694787],[-120.5913665,39.7694767],[-120.5912425,39.7694797],[-120.5907475,39.7695127],[-120.5904236,39.7695459],[-120.5901425,39.7695857],[-120.5899455,39.7696247],[-120.5896814,39.769694],[-120.5889408,39.7699408],[-120.5873941,39.7705179],[-120.5868381,39.7707169],[-120.5862787,39.7709075],[-120.5858917,39.7710145],[-120.5853117,39.7711555],[-120.5838309,39.7714934],[-120.5834339,39.7715904],[-120.5822575,39.7718563],[-120.5815555,39.7720348],[-120.5812685,39.7721298],[-120.5809985,39.7722368],[-120.5809135,39.7722748],[-120.5805715,39.7724498],[-120.5804025,39.7725418],[-120.5801831,39.772691],[-120.5799937,39.7728274],[-120.5774926,39.7746284],[-120.5771916,39.7748384],[-120.5767741,39.7751362],[-120.5761376,39.7755904],[-120.5756856,39.7759234],[-120.5752496,39.7762344],[-120.5746586,39.7766684],[-120.5743636,39.776871],[-120.5741196,39.777001],[-120.5739476,39.777083],[-120.5735856,39.777238],[-120.5734046,39.777298],[-120.5731196,39.777374],[-120.5729256,39.777419],[-120.5726266,39.777471],[-120.5724306,39.777497],[-120.5721296,39.77752],[-120.5718366,39.777531],[-120.5706249,39.7775105],[-120.5698807,39.7774911],[-120.5698654,39.7774907],[-120.5650228,39.7773647],[-120.5642892,39.7773618],[-120.5639856,39.7773748],[-120.5635938,39.7774178],[-120.5631474,39.7775194],[-120.562891,39.7775936],[-120.5626577,39.7776741],[-120.5624879,39.7777441],[-120.5622757,39.777842],[-120.5620883,39.7779409],[-120.5619323,39.7780164],[-120.5617757,39.7781157],[-120.5615249,39.7782913],[-120.5613678,39.7784144],[-120.5611484,39.7785665],[-120.5606282,39.7789412],[-120.5585261,39.7804695],[-120.5577912,39.7809943],[-120.5573326,39.7813355],[-120.5566826,39.7818095],[-120.5565196,39.7819205],[-120.5560786,39.7821961],[-120.5560378,39.7822215],[-120.5557286,39.7824055],[-120.5554186,39.7825805],[-120.5552226,39.7826855],[-120.5547966,39.7828945],[-120.5544336,39.7830605],[-120.5538794,39.7832866],[-120.5533284,39.7834926],[-120.5500098,39.7846757],[-120.5495088,39.7848497],[-120.5493909,39.7848921],[-120.5479628,39.7854067],[-120.5474221,39.7855977],[-120.5472221,39.7856617],[-120.5464971,39.785913],[-120.546029,39.7861151],[-120.5458603,39.7861879],[-120.5458601,39.786188],[-120.545501,39.7863555],[-120.5442069,39.7870313],[-120.5437269,39.7872763],[-120.5431889,39.7875603],[-120.5420691,39.7881297],[-120.5420619,39.7881333],[-120.5419279,39.7882073],[-120.5415839,39.7883823],[-120.5408132,39.7887862],[-120.5398912,39.7892472],[-120.5370507,39.7907046],[-120.5365717,39.7909586],[-120.5354557,39.7915256],[-120.5347274,39.7919025],[-120.5328926,39.7928521],[-120.5324926,39.7930651],[-120.5308432,39.7939109],[-120.5302622,39.7942169],[-120.5292302,39.7947389],[-120.5282822,39.7952309],[-120.5281413,39.7953001],[-120.5278714,39.7954326],[-120.5275012,39.7956252],[-120.5268834,39.7959466],[-120.5264174,39.7961836],[-120.5257447,39.7965476],[-120.5257386,39.7965509],[-120.5251344,39.7968456],[-120.5235751,39.7976598],[-120.5229101,39.7980188],[-120.5221741,39.7984368],[-120.5216912,39.7987234],[-120.5204062,39.7995064],[-120.5191162,39.8002994],[-120.5187675,39.800508],[-120.5166485,39.801809],[-120.5161755,39.802087],[-120.5159135,39.802261],[-120.5153946,39.8025781],[-120.5150576,39.8027571],[-120.5147976,39.8028811],[-120.5144266,39.8030411],[-120.5141586,39.8031401],[-120.5138736,39.8032321],[-120.5133346,39.8033841],[-120.5132978,39.803393],[-120.5124736,39.8035911],[-120.512444,39.8035976],[-120.5120206,39.8036901],[-120.5119965,39.8036959],[-120.5098025,39.8042189],[-120.5074978,39.8047583],[-120.5050131,39.805367],[-120.5049178,39.8053903],[-120.5031452,39.8058853],[-120.5029738,39.8059332],[-120.5023807,39.8061301],[-120.5022213,39.806183],[-120.5009185,39.8066292],[-120.4991209,39.8072177],[-120.4991192,39.8072182],[-120.4980253,39.8075763],[-120.4978975,39.8076182],[-120.4972125,39.8078248],[-120.4966395,39.8080058],[-120.4962548,39.8081134],[-120.4959678,39.8081864],[-120.4955778,39.8082644],[-120.4942739,39.8084524],[-120.4934579,39.8085754],[-120.4931539,39.8086094],[-120.4928549,39.8086294],[-120.4926479,39.8086344],[-120.4924469,39.8086294],[-120.4921419,39.8086094],[-120.4906257,39.8084466],[-120.4901941,39.8084002],[-120.4894781,39.8083272],[-120.486139,39.8079545],[-120.485936,39.8079255],[-120.485736,39.8078865],[-120.48554,39.8078385],[-120.485353,39.8077805],[-120.48517,39.8077135],[-120.484994,39.8076375],[-120.4843694,39.8072954],[-120.4832302,39.8066559],[-120.4828042,39.8064249],[-120.4824672,39.8062609],[-120.4820132,39.8060729],[-120.4815532,39.8059049],[-120.4811742,39.8057899],[-120.4809812,39.8057409],[-120.4806832,39.8056819],[-120.4805862,39.8056669],[-120.4802812,39.8056379],[-120.4799692,39.8056279],[-120.4798522,39.8056289],[-120.4797632,39.8056309],[-120.4795123,39.8056536],[-120.4785123,39.8057676],[-120.4783133,39.8057976],[-120.4781033,39.8058406],[-120.4779073,39.8058876],[-120.4777133,39.8059426],[-120.4774353,39.8060406],[-120.4771703,39.8061536],[-120.4769143,39.8062886],[-120.4766743,39.8064376],[-120.4765213,39.8065466],[-120.4763143,39.8067206],[-120.4761133,39.8069156],[-120.4750181,39.8080449],[-120.4747491,39.8082849],[-120.4744961,39.8084919],[-120.4743021,39.8086339],[-120.4740131,39.8088259],[-120.4738541,39.8089235],[-120.4738501,39.8089259],[-120.4737278,39.8089217],[-120.4734089,39.8091145],[-120.4729793,39.8093419],[-120.4729751,39.8093433],[-120.4723558,39.8095543],[-120.47183,39.8097334],[-120.4718052,39.8097418],[-120.4713545,39.8098834],[-120.4706717,39.8101148],[-120.4706464,39.8101234],[-120.4694633,39.810498],[-120.4694573,39.8104999],[-120.4683055,39.8108815],[-120.4682744,39.8108908],[-120.4671267,39.8112318],[-120.4670769,39.8112465],[-120.4666292,39.8113946],[-120.4665109,39.8115272],[-120.4647679,39.8120699],[-120.4647504,39.8120753],[-120.4635883,39.8124514],[-120.4635719,39.8124568],[-120.4633285,39.8125355],[-120.462409,39.8128466],[-120.4623825,39.8128556],[-120.4619638,39.8129972],[-120.4614992,39.8131511]]}},{"type":"Feature","properties":{"route":70},"geometry":{"type":"LineString","coordinates":[[-120.9496888,39.937603],[-120.9495762,39.9375182],[-120.9488952,39.9367862],[-120.948732,39.9367306],[-120.9485682,39.9367202],[-120.9476406,39.9367202],[-120.9476353,39.9367202],[-120.9472802,39.9367202],[-120.9467123,39.93673],[-120.9466994,39.9367302],[-120.9463799,39.936744],[-120.9461462,39.9367312],[-120.9454963,39.9367096],[-120.9447362,39.9366842],[-120.9446222,39.9366862],[-120.9442093,39.9366772],[-120.9441981,39.936677],[-120.9425941,39.9366419],[-120.9425232,39.9366404],[-120.9419662,39.9366212],[-120.9418642,39.9366252],[-120.9416832,39.9366482],[-120.9415682,39.9366712],[-120.9413622,39.9367412],[-120.9408847,39.9369301],[-120.9408775,39.9369329],[-120.9405582,39.9370482],[-120.9401172,39.9372252],[-120.9400855,39.9372363],[-120.9391198,39.9375748]]}},{"type":"Feature","properties":{"route":89},"geometry":{"type":"LineString","coordinates":[[-120.9839109,40.0386822],[-120.9840409,40.0388522],[-120.9841109,40.0389982],[-120.9841729,40.0391642],[-120.9842199,40.0393362],[-120.9842619,40.0395602],[-120.9842779,40.0397202],[-120.9842758,40.0398442],[-120.9842559,40.0399692],[-120.9842059,40.0401372],[-120.9841418,40.0402872],[-120.9840629,40.0404332],[-120.9839689,40.0405742],[-120.9838609,40.0407082],[-120.9836849,40.0409002],[-120.9831429,40.0414642],[-120.9829518,40.0416462],[-120.9828848,40.0417062],[-120.9828139,40.0417622],[-120.9827368,40.0418132],[-120.9825699,40.0419042],[-120.9824819,40.0419432],[-120.9823899,40.0419772],[-120.9822949,40.0420052],[-120.9821979,40.0420272],[-120.9820979,40.0420432],[-120.9818949,40.0420592],[-120.9817928,40.0420582],[-120.9815899,40.0420392],[-120.9813928,40.0419992],[-120.9812969,40.0419712],[-120.9812049,40.0419382],[-120.9810279,40.0418592],[-120.9806838,40.0416932],[-120.9805039,40.0416202],[-120.9804098,40.0415902],[-120.9802159,40.0415462],[-120.9800158,40.0415212],[-120.9793048,40.0414832],[-120.9791038,40.0414532],[-120.9790068,40.0414312],[-120.9789108,40.0414032],[-120.9786909,40.0413292],[-120.9783868,40.0411502],[-120.97794,40.0408567],[-120.9778448,40.0407942],[-120.9775908,40.0406652],[-120.9774048,40.0406062],[-120.9773069,40.0405862],[-120.9772069,40.0405732],[-120.9771059,40.0405672],[-120.9770048,40.0405682],[-120.9769048,40.0405782],[-120.9768068,40.0405942],[-120.9767098,40.0406182],[-120.9766179,40.0406492],[-120.9765308,40.0406882],[-120.9764498,40.0407342],[-120.9763738,40.0407852],[-120.9763038,40.0408422],[-120.9762428,40.0409032],[-120.9761889,40.0409692],[-120.9761448,40.0410382],[-120.9761099,40.0411122],[-120.9760848,40.0411872],[-120.9760698,40.0412642],[-120.9760648,40.0413422],[-120.9760698,40.0414192],[-120.9760849,40.0414962],[-120.9761088,40.0415722],[-120.9761418,40.0416462],[-120.9761808,40.0417172],[-120.9762268,40.0417872],[-120.9763328,40.0419202],[-120.9766838,40.0423052],[-120.9768428,40.0425042],[-120.9769368,40.0426442],[-120.9771788,40.0430762],[-120.9774878,40.0436572],[-120.9775929,40.0438772],[-120.9776788,40.0441042],[-120.9777219,40.0442572],[-120.9777539,40.0444112],[-120.9777739,40.0445672],[-120.9777818,40.0447232],[-120.9777719,40.0449592],[-120.9777519,40.0451152],[-120.9776988,40.0453472],[-120.9776199,40.0455762],[-120.9775028,40.0458762],[-120.9774549,40.0460282],[-120.9774209,40.0461812],[-120.9774108,40.0462592],[-120.9774099,40.0464152],[-120.9774209,40.0464922],[-120.9774419,40.0465682],[-120.9774749,40.0466422],[-120.9775179,40.0467122],[-120.9775698,40.0467782],[-120.9776309,40.0468402],[-120.9776988,40.0468982],[-120.9777729,40.0469502],[-120.9778529,40.0469972],[-120.9779388,40.0470392],[-120.9780289,40.0470742],[-120.9781229,40.0471042],[-120.9783189,40.0471452],[-120.9785188,40.0471672],[-120.9791299,40.0472012],[-120.9794329,40.0472322],[-120.9796328,40.0472622],[-120.9799289,40.0473252],[-120.9801219,40.0473772],[-120.9803089,40.0474402],[-120.9804879,40.0475172],[-120.9805719,40.0475622],[-120.9806519,40.0476112],[-120.9807279,40.0476642],[-120.9807989,40.0477212],[-120.9808629,40.0477822],[-120.9809219,40.0478462],[-120.9809739,40.0479142],[-120.9810198,40.0479842],[-120.9810822,40.0481261],[-120.981112,40.048205],[-120.9811501,40.0483531],[-120.9812479,40.049057],[-120.9812711,40.0493718],[-120.9812714,40.0496502],[-120.9812358,40.0498287],[-120.9811495,40.0500547],[-120.9810275,40.050257],[-120.9808878,40.0504176],[-120.980742,40.0505455],[-120.9805575,40.0506892],[-120.980394,40.0507775],[-120.9802066,40.0508638],[-120.9799925,40.0509292],[-120.9797129,40.0509887],[-120.9794155,40.0510095],[-120.979124,40.0510095],[-120.9767019,40.0509277],[-120.9752514,40.0508786],[-120.9750254,40.0508935],[-120.974816,40.0509347],[-120.9746437,40.0509717],[-120.9744507,40.0510224],[-120.9742667,40.0510875],[-120.9739669,40.0512302],[-120.9737035,40.0514184],[-120.9734959,40.0516144],[-120.9731767,40.0518848],[-120.9727749,40.0523492],[-120.9726239,40.0525532],[-120.9724919,40.0527652],[-120.9723789,40.0529822],[-120.9722559,40.0532792],[-120.9717241,40.054776],[-120.9716599,40.0549331],[-120.9716123,40.055033],[-120.9715623,40.0551139],[-120.9714957,40.0551972],[-120.9713529,40.0553328],[-120.9712744,40.0553947],[-120.9711721,40.0554613],[-120.971065,40.0555208],[-120.9709579,40.055566],[-120.9707604,40.0556303],[-120.970463,40.0556874],[-120.9682953,40.0558111],[-120.9679931,40.0558254],[-120.9677837,40.0558206],[-120.9675839,40.055804],[-120.9673816,40.0557707],[-120.9668988,40.0556432],[-120.9668089,40.0556072],[-120.9666379,40.0555222],[-120.9664779,40.0554252],[-120.9663298,40.0553162],[-120.9661958,40.0551972],[-120.9657532,40.0547529],[-120.9655839,40.0546087],[-120.9654,40.0544916],[-120.9652579,40.0544331],[-120.9650238,40.0543579],[-120.9648022,40.0543203],[-120.9645451,40.0543119],[-120.9642588,40.0543453],[-120.9640811,40.0543976],[-120.9638554,40.0544875],[-120.9637028,40.0545878],[-120.963544,40.0547299],[-120.9634395,40.0548616],[-120.963312,40.0550915],[-120.9632597,40.0552775],[-120.9632284,40.0556161],[-120.9632079,40.0558946],[-120.9631594,40.0565546],[-120.9631385,40.0569517],[-120.9631427,40.0573739],[-120.9631496,40.0576226],[-120.9631628,40.0577642],[-120.9633169,40.0587762],[-120.9633538,40.0590922],[-120.9633708,40.0594732],[-120.9633378,40.0599442],[-120.9633019,40.0602302],[-120.9631462,40.0611554],[-120.9631224,40.0612529],[-120.9630772,40.0613695],[-120.9630224,40.0614933],[-120.9629392,40.0616218],[-120.9628654,40.0617169],[-120.9627536,40.0618502],[-120.9625751,40.0620405],[-120.96243,40.0621809],[-120.9622015,40.0623665],[-120.9620683,40.0624403],[-120.9617899,40.0625593],[-120.9616614,40.0626045],[-120.9614401,40.0626425],[-120.9611998,40.0626663],[-120.960681,40.0626925],[-120.9603503,40.062702],[-120.9601647,40.0626997],[-120.9599648,40.0626901],[-120.9594604,40.0626568],[-120.9592819,40.0626544],[-120.9591201,40.062664],[-120.9589345,40.0626901],[-120.9587632,40.0627258],[-120.9585943,40.0627734],[-120.9584348,40.0628329],[-120.9582183,40.0629376],[-120.9580446,40.0630447],[-120.9578233,40.0631874],[-120.9572927,40.0635539],[-120.9555152,40.0648531],[-120.9547467,40.0654003],[-120.9544849,40.0655788],[-120.9542303,40.0657382],[-120.9529478,40.0663878],[-120.9526837,40.0665139],[-120.9525005,40.0665877],[-120.9522387,40.0666829],[-120.9509372,40.0670588],[-120.950673,40.0671445],[-120.9504851,40.0672159],[-120.9501448,40.0673801],[-120.9498389,40.0675721],[-120.9497036,40.0676948],[-120.9495897,40.0678367],[-120.9493835,40.0681303],[-120.9486328,40.0692322],[-120.9484998,40.0694422],[-120.9483828,40.0696572],[-120.9483178,40.0698052],[-120.9482388,40.0700312],[-120.9481798,40.0702612],[-120.9480818,40.0708032],[-120.9480228,40.0710332],[-120.9479699,40.0711842],[-120.9479058,40.0713332],[-120.9478308,40.0714782],[-120.9477408,40.0716192],[-120.9476358,40.0717542],[-120.9475201,40.071883],[-120.9473909,40.0720042],[-120.9472508,40.0721182],[-120.9471008,40.0722242],[-120.9467089,40.0724626],[-120.9454477,40.0731717],[-120.9447315,40.0735857],[-120.9445388,40.0737023],[-120.944051,40.0739807],[-120.9437155,40.074152],[-120.9434062,40.0742948],[-120.9431754,40.0743923],[-120.9427137,40.0745708],[-120.9420927,40.0747778],[-120.9413646,40.0749967],[-120.9409767,40.07513],[-120.9408173,40.0751942],[-120.9406412,40.0752751],[-120.9404628,40.075375],[-120.9397346,40.0758248],[-120.9395705,40.075908],[-120.9394301,40.0759699],[-120.9391279,40.0760841],[-120.9387234,40.076196],[-120.9381023,40.0763292],[-120.9370702,40.0765292],[-120.9369483,40.0765529],[-120.936589,40.0766433],[-120.9364272,40.0766956],[-120.9362868,40.0767528],[-120.9360798,40.0768598],[-120.9359822,40.0769241],[-120.9359085,40.0769788],[-120.9356887,40.0771811],[-120.9355706,40.0773452],[-120.9355016,40.077469],[-120.9353564,40.0777973],[-120.9353041,40.0778997],[-120.9352494,40.0779901],[-120.9351899,40.078071],[-120.9351304,40.0781376],[-120.9350661,40.0782018],[-120.9349829,40.0782708],[-120.9348877,40.0783422],[-120.934783,40.0784065],[-120.9346664,40.078466],[-120.934526,40.0785207],[-120.9343832,40.0785635],[-120.9342476,40.0785897],[-120.9341001,40.0786087],[-120.9339264,40.0786206],[-120.9325606,40.0786777],[-120.9320157,40.0786777],[-120.9310972,40.0786135],[-120.9308593,40.0786111],[-120.9306546,40.078623],[-120.9304857,40.078642],[-120.930331,40.0786706],[-120.9301478,40.0787182],[-120.9299931,40.0787705],[-120.9298194,40.0788419],[-120.9296933,40.0789038],[-120.929572,40.0789704],[-120.9294459,40.0790489],[-120.9292484,40.0791965],[-120.9291342,40.0792964],[-120.9289961,40.0794368],[-120.9284084,40.0801102],[-120.928268,40.0802553],[-120.9281062,40.0804052],[-120.9279373,40.0805432],[-120.9277422,40.0806836],[-120.9270093,40.0811643],[-120.9257244,40.0819662],[-120.9239636,40.0830512],[-120.9226549,40.0838697],[-120.9221457,40.0841743],[-120.9217174,40.0844194],[-120.9208608,40.0848834],[-120.919445,40.0856258],[-120.9189245,40.0859034],[-120.9184504,40.0861564],[-120.9177389,40.0865419],[-120.9168761,40.0869838],[-120.9165787,40.0871502],[-120.9164828,40.0872133],[-120.9163208,40.0873092],[-120.9160908,40.0874642],[-120.9159468,40.0875752],[-120.9158118,40.0876922],[-120.9156858,40.0878153],[-120.9155698,40.0879442],[-120.9154648,40.0880772],[-120.9153718,40.0882182],[-120.9152528,40.0884352],[-120.9148268,40.0893183],[-120.9140278,40.0910133],[-120.9135248,40.0920443],[-120.9131788,40.0927803],[-120.9130708,40.0930003],[-120.9130148,40.0931373],[-120.9129268,40.0932933],[-120.9126718,40.0938043],[-120.9123978,40.0943113],[-120.9118156,40.0953216],[-120.9111969,40.0963952],[-120.9108868,40.0969333],[-120.9101948,40.0981843],[-120.9100618,40.0983953],[-120.9099138,40.0986003],[-120.9097488,40.0987973],[-120.9094568,40.0991183],[-120.9093488,40.0992513],[-120.9092098,40.0994603],[-120.9091308,40.0996043],[-120.9090648,40.0997522],[-120.9090128,40.0999023],[-120.9089608,40.1001333],[-120.9089418,40.1002883],[-120.9089368,40.1004433],[-120.9089498,40.1006773],[-120.9089948,40.1009883],[-120.9093018,40.1026153],[-120.9093258,40.1027723],[-120.9093568,40.1031633],[-120.9093608,40.1033023],[-120.9093518,40.1035543],[-120.9093398,40.1037123],[-120.9092978,40.1040213],[-120.9092508,40.1042533],[-120.9091898,40.1044833],[-120.9089358,40.1052433],[-120.9086768,40.1059892],[-120.9085637,40.1061481],[-120.9079265,40.1079954],[-120.90788,40.1081302],[-120.9074644,40.1093349],[-120.9070599,40.1105073],[-120.9070471,40.1106998],[-120.9067338,40.1116073],[-120.9066408,40.1119103],[-120.9065648,40.1122183],[-120.9065188,40.1124513],[-120.9064888,40.1126843],[-120.9064719,40.1129973],[-120.9064758,40.1132323],[-120.9064968,40.1134663],[-120.9065348,40.1136983],[-120.9066438,40.1141603],[-120.9068438,40.1149273],[-120.9068958,40.1151593],[-120.9069269,40.1153923],[-120.9069338,40.1155493],[-120.9069198,40.1157843],[-120.9068888,40.1160257],[-120.9068768,40.1162523],[-120.9068761,40.1162614],[-120.9067568,40.1177333],[-120.9067509,40.1179673],[-120.9067668,40.1182003],[-120.9067938,40.1183553],[-120.9068358,40.1185083],[-120.9068908,40.1186583],[-120.9069599,40.1188043],[-120.9070448,40.1189453],[-120.9071448,40.1190823],[-120.9073139,40.1192783],[-120.9075028,40.1194633],[-120.9078359,40.1197663],[-120.9079589,40.1198963],[-120.9080169,40.1199643],[-120.9081079,40.1200503],[-120.9082259,40.1201503],[-120.9083058,40.1202343],[-120.9083988,40.1203523],[-120.9084989,40.1205073],[-120.9085648,40.1206353],[-120.9086428,40.1208383],[-120.9087028,40.1210583],[-120.9087338,40.1212513],[-120.9087468,40.1214923],[-120.9087529,40.1220423],[-120.9087648,40.1221983],[-120.9087899,40.1223523],[-120.9088348,40.1225043],[-120.9089009,40.1226523],[-120.9089828,40.1227943],[-120.9090799,40.1229293],[-120.9091938,40.1230583],[-120.9093199,40.1231813],[-120.9096589,40.1234733],[-120.9097879,40.1235963],[-120.9099029,40.1237253],[-120.9099559,40.1237923],[-120.9100468,40.1239323],[-120.9101179,40.1240793],[-120.9101469,40.1241543],[-120.910253,40.1245287],[-120.9103068,40.1246853],[-120.9103749,40.1248323],[-120.9104558,40.1249753],[-120.9105509,40.1251123],[-120.9107119,40.1253113],[-120.9109489,40.1255653],[-120.9117859,40.1264023],[-120.9119409,40.1265623],[-120.9121689,40.1268273],[-120.9124109,40.1270843],[-120.9127608,40.1274293],[-120.9129719,40.1275973],[-120.9131019,40.1276893],[-120.9132419,40.1277763],[-120.9134859,40.1279063],[-120.9136765,40.1279772],[-120.9143772,40.1282222],[-120.9145652,40.1283121],[-120.9146339,40.1283633],[-120.9147139,40.1284133],[-120.9147879,40.1284683],[-120.9148549,40.1285273],[-120.9149169,40.1285903],[-120.9150259,40.1287243],[-120.9151609,40.1289353],[-120.9152899,40.1291483],[-120.9153869,40.1292853],[-120.9155009,40.1294153],[-120.9156339,40.1295323],[-120.9157829,40.1296373],[-120.9159449,40.1297303],[-120.9160309,40.1297723],[-120.9162047,40.1298314],[-120.9163963,40.1298857],[-120.9168886,40.129969],[-120.9170866,40.1300162],[-120.9171915,40.1300529],[-120.9172902,40.1300944],[-120.9174559,40.1301783],[-120.9175359,40.1302263],[-120.9176099,40.1302803],[-120.9176769,40.1303393],[-120.9177369,40.1304033],[-120.9177889,40.1304703],[-120.9178349,40.1305403],[-120.9178719,40.1306133],[-120.9179019,40.1306883],[-120.9179249,40.1307643],[-120.9179389,40.1308433],[-120.9179419,40.1309213],[-120.9179369,40.1309993],[-120.9179219,40.1310773],[-120.9178979,40.1311543],[-120.9178299,40.1313023],[-120.9177389,40.1314423],[-120.9174909,40.1317843],[-120.9172296,40.1321218],[-120.9170295,40.1324035],[-120.9169466,40.1325385],[-120.9168697,40.1326879],[-120.9168052,40.1328375],[-120.916781,40.1329897],[-120.9167474,40.1331443],[-120.9167479,40.1333088],[-120.9167664,40.1334632],[-120.9168549,40.1336283],[-120.9169729,40.1338253],[-120.9170749,40.1339593],[-120.9171929,40.1340863],[-120.9172579,40.1341453],[-120.9174029,40.1342543],[-120.9175665,40.1343365],[-120.9176676,40.1343774],[-120.9179377,40.1344753],[-120.9181233,40.1345187],[-120.9183169,40.1345444],[-120.9185262,40.1345642],[-120.9187278,40.1345721],[-120.9188856,40.13457],[-120.9193431,40.134564],[-120.9206313,40.134465],[-120.9212527,40.1344351],[-120.9218926,40.134462],[-120.9224006,40.1344936],[-120.9229888,40.1346005],[-120.9236851,40.1347441],[-120.9239792,40.1348166],[-120.9241708,40.1348497],[-120.9241724,40.1348499],[-120.9266786,40.1353919],[-120.9273391,40.1355221],[-120.9273485,40.1355239],[-120.9281837,40.1356556],[-120.928188,40.1356563],[-120.9291947,40.1358087],[-120.9301473,40.1359427],[-120.9314401,40.1361634],[-120.9322199,40.1363293],[-120.9329009,40.1364913],[-120.9346419,40.1369373],[-120.9348411,40.1369861],[-120.9348563,40.1369898],[-120.9357109,40.1371993],[-120.9359106,40.1372492],[-120.9373429,40.1376073],[-120.9381609,40.1378118],[-120.9382364,40.1378307],[-120.9392479,40.1380753],[-120.9400181,40.1382654],[-120.9406699,40.1384263],[-120.9419756,40.1387541],[-120.9429243,40.1389923],[-120.9430346,40.13902],[-120.9436769,40.1391813],[-120.9438689,40.1392383],[-120.9442419,40.1393193],[-120.9444619,40.1393613],[-120.9447749,40.1394043],[-120.944894,40.1394112],[-120.9451719,40.1394273],[-120.9459057,40.1394412],[-120.9476807,40.1394196],[-120.9487759,40.1394062],[-120.9488384,40.1394055],[-120.9490336,40.1394031],[-120.9499209,40.1393923],[-120.9501469,40.1394033],[-120.9501929,40.1394073],[-120.9503148,40.1394285],[-120.9503189,40.1394293],[-120.9504504,40.1394685],[-120.9504529,40.1394693],[-120.9505699,40.1395253],[-120.9509478,40.1397649],[-120.9509507,40.1397668],[-120.9516501,40.140227],[-120.951768,40.1403046],[-120.9521079,40.1405283],[-120.9522979,40.1406243],[-120.9524729,40.1407023],[-120.9526202,40.1407523],[-120.9526367,40.1407573],[-120.9528407,40.1408184],[-120.9533458,40.1409597],[-120.9536689,40.1410573],[-120.9538289,40.1411143],[-120.9540919,40.1412243],[-120.9543249,40.1413433],[-120.9544699,40.1414283],[-120.9546249,40.1415303],[-120.9547709,40.1416393],[-120.9549109,40.1417553],[-120.9551009,40.1419403],[-120.9552189,40.1420752],[-120.9553249,40.1422113],[-120.9554649,40.1424233],[-120.9555059,40.1424953],[-120.9556119,40.1427163],[-120.9556699,40.1428683],[-120.9557149,40.1430253],[-120.9557469,40.1431833],[-120.9557789,40.1434193],[-120.9557949,40.1438883],[-120.9558229,40.1455373],[-120.9558299,40.1465543],[-120.9558249,40.1469473],[-120.9557539,40.1475893],[-120.9555868,40.1487513],[-120.9555861,40.1487558],[-120.9555539,40.1489803],[-120.9554075,40.1500354],[-120.9551557,40.15185],[-120.9550537,40.152585],[-120.9549369,40.1533713],[-120.9549039,40.1536323],[-120.9549037,40.1536336],[-120.9548937,40.1537019],[-120.9547929,40.1543913],[-120.9547209,40.1549453],[-120.9543999,40.1572123],[-120.9543539,40.1576833],[-120.9543339,40.1580183],[-120.9543259,40.1584753],[-120.9543349,40.1587863],[-120.9543569,40.1590963],[-120.9544004,40.1594628],[-120.9544109,40.1595513],[-120.9544649,40.1598773],[-120.9545689,40.1603673],[-120.9546879,40.1608053],[-120.9547889,40.1611083],[-120.9550199,40.1617153],[-120.9552229,40.1621573],[-120.9553679,40.1624493],[-120.9555459,40.1627773],[-120.9555461,40.1627776],[-120.9555563,40.162794],[-120.9555839,40.1628382],[-120.9557939,40.1631753],[-120.9560739,40.1635913],[-120.9562749,40.1638613],[-120.9565969,40.1642623],[-120.9569359,40.1646513],[-120.9571749,40.1649083],[-120.9574259,40.1651553],[-120.9578219,40.1655183],[-120.9582329,40.1658693],[-120.9585209,40.1660973],[-120.9588879,40.1663703],[-120.9591989,40.1665853],[-120.9595079,40.1667873],[-120.9599109,40.1670333],[-120.9603229,40.1672663],[-120.9607048,40.1674676],[-120.9607079,40.1674693],[-120.9611829,40.1677013],[-120.9616219,40.1679003],[-120.9621589,40.1681243],[-120.9625259,40.1682633],[-120.9629039,40.1683933],[-120.9633809,40.1685423],[-120.9639629,40.1687073],[-120.9644382,40.1688381],[-120.9678349,40.1697733],[-120.9685621,40.1699772],[-120.9685626,40.1699773],[-120.9698459,40.1703273],[-120.9703229,40.1704663],[-120.9706989,40.1705873],[-120.9711559,40.1707513],[-120.9716099,40.1709323],[-120.9720549,40.1711243],[-120.9740859,40.1720523],[-120.9754849,40.1727003],[-120.9763679,40.1730993],[-120.9767239,40.1732503],[-120.9770009,40.1733513],[-120.9772859,40.1734353],[-120.9774809,40.1734823],[-120.9776809,40.1735213],[-120.9779839,40.1735653],[-120.9781879,40.1735853],[-120.9783929,40.1735983],[-120.9785999,40.1736043],[-120.9788069,40.1736033],[-120.9791179,40.1735873],[-120.9794239,40.1735563],[-120.9801269,40.1734603],[-120.9805349,40.1734273],[-120.9808429,40.1734323],[-120.9810509,40.1734483],[-120.9811529,40.1734603],[-120.9814539,40.1735143],[-120.9817449,40.1735943],[-120.9818389,40.1736263],[-120.9820229,40.1736983],[-120.9822909,40.1738213],[-120.9824239,40.1738883],[-120.9827294,40.1740455],[-120.9835649,40.1744753],[-120.9839099,40.1746413],[-120.9840859,40.1747193],[-120.9844529,40.1748563],[-120.9846439,40.1749153],[-120.9849369,40.1749883],[-120.9853409,40.1750593],[-120.9858489,40.1751163],[-120.9863609,40.1751583],[-120.9865166,40.1751668],[-120.9865752,40.17517],[-120.9865789,40.1751703],[-120.9889249,40.1753423],[-120.9891309,40.1753513],[-120.9893349,40.1753543],[-120.9895409,40.1753473],[-120.9898469,40.1753172],[-120.9901409,40.1752633],[-120.9902359,40.1752393],[-120.9904259,40.1751833],[-120.9906109,40.1751163],[-120.9907899,40.1750423],[-120.9918439,40.1745503],[-120.9920189,40.1744723],[-120.9922919,40.1743673],[-120.9923859,40.1743363],[-120.9925759,40.1742833],[-120.9926749,40.1742603],[-120.9928769,40.1742253],[-120.9930809,40.1742053],[-120.9932869,40.1742033],[-120.9933889,40.1742083],[-120.9935866,40.1742443],[-120.9937816,40.1742913],[-120.993967,40.1743549],[-120.9942199,40.174481],[-120.9943737,40.1745801],[-120.9949435,40.1751213],[-120.9952536,40.1753671],[-120.995417,40.1754519],[-120.99563,40.1755396],[-120.9958219,40.1755913],[-120.9960232,40.1756336],[-120.9962217,40.1756544],[-120.9965385,40.1756572],[-120.9967439,40.1756328],[-120.9971249,40.1755282],[-120.9977709,40.1752962],[-120.9979579,40.1752372],[-120.9981519,40.1751882],[-120.998351,40.1751536],[-120.9985377,40.1751338],[-120.9987585,40.175119],[-120.9989667,40.1751161],[-120.999184,40.1751252],[-120.9993794,40.1751459],[-120.9996026,40.1751789],[-120.9998877,40.1752314],[-121.0009371,40.1754813],[-121.0012342,40.1755578],[-121.0014386,40.1756024],[-121.0016401,40.1756328],[-121.0018387,40.1756441],[-121.0020502,40.1756292],[-121.0022619,40.1755977],[-121.0023859,40.1755512],[-121.0024419,40.1755392],[-121.0026319,40.1754802],[-121.0028139,40.1754082],[-121.0029889,40.1753242],[-121.0033249,40.1751443],[-121.0036699,40.1749712],[-121.0039379,40.1748512],[-121.0041259,40.1747852],[-121.0043199,40.1747262],[-121.0045179,40.1746752],[-121.0047149,40.1746332],[-121.0049169,40.1746012],[-121.0051219,40.1745772],[-121.0053289,40.1745632],[-121.0055369,40.1745602],[-121.0057449,40.1745652],[-121.0059509,40.1745802],[-121.0061569,40.1746053],[-121.0063599,40.1746392],[-121.0077469,40.1749292],[-121.0087379,40.1751432],[-121.0089982,40.1751964],[-121.0093359,40.1752652],[-121.0097319,40.1753382],[-121.0101319,40.1754022],[-121.0105359,40.1754502],[-121.0109419,40.1754842],[-121.0113529,40.1755022],[-121.0117649,40.1755092],[-121.0121739,40.1755022],[-121.0125829,40.1754832],[-121.0129929,40.1754482],[-121.0137029,40.1753592],[-121.0169429,40.1749232],[-121.0173469,40.1748782],[-121.0175499,40.1748652],[-121.0177529,40.1748582],[-121.0180569,40.1748632],[-121.0183609,40.1748892],[-121.0185639,40.1749122],[-121.0221809,40.1754602],[-121.0224859,40.1755032],[-121.0227929,40.1755322],[-121.0229959,40.1755362],[-121.0232989,40.1755202],[-121.0234969,40.1754942],[-121.0236969,40.1754532],[-121.0238859,40.1754002],[-121.0240709,40.1753352],[-121.0244359,40.1751872],[-121.0246229,40.1751182],[-121.0248159,40.1750642],[-121.0250169,40.1750272],[-121.0252219,40.1750082],[-121.0254259,40.1750072],[-121.0256289,40.1750242],[-121.0258289,40.1750532],[-121.0263309,40.1751482],[-121.0265369,40.1751782],[-121.0267419,40.1751902],[-121.0269459,40.1751892],[-121.0271499,40.1751712],[-121.0273469,40.1751372],[-121.0274459,40.1751132],[-121.0276359,40.1750522],[-121.0277289,40.1750142],[-121.0279009,40.1749322],[-121.0281439,40.1747912],[-121.0312489,40.1728612],[-121.0315719,40.1726692],[-121.0319119,40.1724902],[-121.0320909,40.1724062],[-121.0325559,40.1722302],[-121.0327449,40.1721682],[-121.0329389,40.1721112],[-121.0331339,40.1720592],[-121.0334569,40.1719872],[-121.0338289,40.1719212],[-121.0340289,40.1718932],[-121.0344339,40.1718522],[-121.0346409,40.1718402],[-121.0348469,40.1718342],[-121.0351549,40.1718382],[-121.0354579,40.1718532],[-121.0356629,40.1718722],[-121.0360699,40.1719262],[-121.0366699,40.1720362],[-121.0382219,40.1723342],[-121.0384619,40.1723832],[-121.0385699,40.1724132],[-121.0386739,40.1724502],[-121.0387569,40.1724742],[-121.0388299,40.1724872],[-121.0389109,40.1725112],[-121.0390729,40.1725792],[-121.0392389,40.1726652],[-121.0393079,40.1727062],[-121.0394379,40.1727982],[-121.0395519,40.1729012],[-121.0396689,40.1730292],[-121.0397309,40.1731042],[-121.0398419,40.1732782],[-121.0399669,40.1734892],[-121.04,40.1735389]]}},{"type":"Feature","properties":{"route":89},"geometry":{"type":"LineString","coordinates":[[-120.5624345,39.7329568],[-120.5624459,39.7329573],[-120.5631177,39.7329872],[-120.5640179,39.7330114],[-120.5646224,39.7330333],[-120.5651842,39.7330241],[-120.5662345,39.7330534],[-120.566876,39.7330705],[-120.5676605,39.7330883],[-120.5688212,39.7331268],[-120.5698327,39.7331282],[-120.5710547,39.7331632],[-120.5713607,39.7331892],[-120.5715597,39.7332142],[-120.5717597,39.7332492],[-120.5719547,39.7332892],[-120.5722387,39.7333662],[-120.5724217,39.7334282],[-120.5727857,39.7335712],[-120.5729597,39.7336532],[-120.5731297,39.7337422],[-120.5733727,39.7338842],[-120.5735315,39.7339988],[-120.5736254,39.7340834],[-120.5741318,39.734514],[-120.5743983,39.734758],[-120.5746523,39.7350067],[-120.5748849,39.7352503],[-120.5750907,39.7354411],[-120.5752427,39.735555],[-120.5754827,39.7356852],[-120.5756627,39.7357752],[-120.575902,39.7359065],[-120.5761365,39.7360572],[-120.5763527,39.7362802],[-120.576354,39.7362815],[-120.5765348,39.7366389],[-120.576635,39.7368642],[-120.576757,39.7370802],[-120.5768502,39.7371981],[-120.5769257,39.7372801],[-120.5771222,39.7374756],[-120.5784663,39.7387317],[-120.5792531,39.7394851],[-120.5796607,39.7398392],[-120.5799547,39.7400732],[-120.5801977,39.7401962],[-120.5803907,39.7402762],[-120.5804837,39.7403012],[-120.5806778,39.7403307],[-120.5808067,39.7403502],[-120.5811297,39.7403552],[-120.5815317,39.7403422],[-120.5823437,39.7402942],[-120.5825407,39.7402892],[-120.5827427,39.7402932],[-120.5830487,39.7403082],[-120.5841687,39.7403852],[-120.5843737,39.7404052],[-120.5845737,39.7404322],[-120.5847707,39.7404672],[-120.5849677,39.7405102],[-120.5851587,39.7405592],[-120.5853487,39.7406172],[-120.5855327,39.7406812],[-120.5857127,39.7407532],[-120.5859757,39.7408752],[-120.5862327,39.7410112],[-120.5863937,39.7411092],[-120.5866217,39.7412672],[-120.5868317,39.7414352],[-120.5869637,39.7415572],[-120.5870655,39.7416839],[-120.5876102,39.7423955],[-120.5896833,39.7449784],[-120.5902968,39.7457582],[-120.5915184,39.7472842],[-120.5918345,39.7476718],[-120.5920064,39.7478646],[-120.5922123,39.7480626],[-120.5924432,39.7482394],[-120.5926622,39.748397],[-120.5929183,39.7485527],[-120.5944239,39.7493435],[-120.5945825,39.749436],[-120.5946464,39.7494797],[-120.594741,39.7495357],[-120.5950206,39.7497465],[-120.5954712,39.7502001],[-120.596006,39.750762],[-120.5964873,39.7512231],[-120.596687,39.7514234],[-120.5972085,39.7519899],[-120.5976188,39.7524712],[-120.5983106,39.7533762],[-120.5986556,39.7538595],[-120.5990313,39.7543729],[-120.5990331,39.7543757],[-120.5993062,39.7547993],[-120.5994173,39.7549508],[-120.599532,39.7550737],[-120.5995925,39.7551341],[-120.5998206,39.7553037],[-120.6005128,39.7557422],[-120.6008868,39.7560072],[-120.6013164,39.7563552],[-120.6015106,39.7565197],[-120.6017681,39.7567588],[-120.6020284,39.7570146],[-120.6022252,39.7572341],[-120.6023936,39.7574218],[-120.6029009,39.7579738],[-120.6037609,39.7589424],[-120.6038877,39.7590798],[-120.6040959,39.7593189],[-120.6041171,39.7593433],[-120.6045,39.7597832],[-120.6045542,39.759853],[-120.6046963,39.7599954],[-120.6048267,39.7601113],[-120.6050123,39.7602447],[-120.6051373,39.7603225],[-120.6053207,39.7604129],[-120.6055015,39.7604795],[-120.6057208,39.7605402],[-120.6065258,39.7607842],[-120.6067955,39.7608564],[-120.6067988,39.7608572],[-120.6068621,39.7608787],[-120.6070115,39.7609294],[-120.6073858,39.7610412],[-120.6100131,39.761782],[-120.6104678,39.7619102],[-120.6113818,39.7621702],[-120.6117238,39.7622752],[-120.6117724,39.762289],[-120.6120738,39.7623742],[-120.6126328,39.7625092],[-120.6137128,39.7627382],[-120.6139708,39.7628072],[-120.6140938,39.7628492],[-120.6142538,39.7629172],[-120.6143928,39.7629912],[-120.6144658,39.7630382],[-120.6145528,39.7631018],[-120.6145548,39.7631032],[-120.6148528,39.7634251],[-120.6150041,39.7635795],[-120.6152047,39.7637368],[-120.6154087,39.7638752],[-120.6156012,39.7639776],[-120.6158582,39.7640951],[-120.6161808,39.7641842],[-120.6164932,39.7643163],[-120.6164961,39.7643175],[-120.6166303,39.7643905],[-120.616984,39.7646093],[-120.6173219,39.7648838],[-120.6177241,39.7652618],[-120.6178602,39.7654017],[-120.6180828,39.7656152],[-120.6181748,39.7657152],[-120.6183751,39.7658941],[-120.6186565,39.7661787],[-120.6189312,39.7664871],[-120.6189699,39.7665366],[-120.6190118,39.7665902],[-120.6190119,39.7665905],[-120.6191938,39.7668772],[-120.6192788,39.7670382],[-120.6193538,39.7672002],[-120.6194218,39.7673662],[-120.6194818,39.7675352],[-120.6195328,39.7677052],[-120.6195888,39.7679272],[-120.6196368,39.7682242],[-120.6196848,39.7685712],[-120.6197558,39.7692692],[-120.6197558,39.7695122],[-120.6197648,39.7698432],[-120.6197958,39.7701922],[-120.6198178,39.7703682],[-120.6199488,39.7711632],[-120.619991,39.7713894],[-120.6199956,39.771414],[-120.6208111,39.7757739],[-120.6208455,39.775967],[-120.6209832,39.7767401],[-120.6211625,39.7777463],[-120.6212204,39.778071],[-120.6216398,39.7806892],[-120.6216968,39.7810802],[-120.6216938,39.7814712],[-120.6216178,39.7818602],[-120.6214768,39.7822342],[-120.6212709,39.7826181],[-120.6212668,39.7826258],[-120.6210464,39.782967],[-120.6210198,39.7830083],[-120.6207092,39.7835012],[-120.6204038,39.7839606],[-120.6201293,39.7843652],[-120.6200621,39.7844411]]}},{"type":"Feature","properties":{"route":89},"geometry":{"type":"LineString","coordinates":[[-120.5558382,39.7329858],[-120.5560447,39.733042],[-120.5563088,39.7331062],[-120.5565391,39.7331944],[-120.5567604,39.7332159],[-120.5569781,39.7332194],[-120.5572779,39.7332159],[-120.5573967,39.7332067],[-120.5574426,39.7332032],[-120.5574467,39.7332029],[-120.5576027,39.7331909],[-120.5579525,39.7331338],[-120.558131,39.7330909],[-120.5587122,39.7329132],[-120.5587875,39.7328948],[-120.5591089,39.7328161],[-120.5593266,39.7327733],[-120.5595229,39.7327412],[-120.5597835,39.7327197],[-120.5599851,39.7326708],[-120.5601207,39.7326672],[-120.5604526,39.7326851],[-120.5605954,39.7327029],[-120.560756,39.7327279],[-120.5612022,39.7328171],[-120.5614501,39.7328549],[-120.5616622,39.7328933],[-120.5618007,39.7329118],[-120.5621704,39.7329451],[-120.5624345,39.7329568]]}},{"type":"Feature","properties":{"route":89},"geometry":{"type":"LineString","coordinates":[[-120.5519338,39.7311935],[-120.5519897,39.7312202],[-120.5523217,39.7313721],[-120.5528577,39.7316172],[-120.5557795,39.7329699],[-120.5558345,39.7329848],[-120.5558382,39.7329858]]}},{"type":"Feature","properties":{"route":89},"geometry":{"type":"LineString","coordinates":[[-120.5328788,39.7116794],[-120.5331412,39.7120856],[-120.5332574,39.7122754],[-120.5336232,39.7129116],[-120.5337894,39.7131845],[-120.5338508,39.7133774],[-120.533899,39.7135703],[-120.5339428,39.7138903],[-120.5339428,39.7141621],[-120.5338683,39.7147407],[-120.5336842,39.7151309],[-120.5334842,39.7155278],[-120.5331964,39.7160991],[-120.5331306,39.7163271],[-120.5330889,39.7165043],[-120.533078,39.7165506],[-120.533078,39.7169671],[-120.5331262,39.7172871],[-120.5332095,39.7175413],[-120.533363,39.7179052],[-120.5336128,39.7183085],[-120.5339811,39.7186986],[-120.5346167,39.7192027],[-120.5350945,39.7195973],[-120.5352248,39.7196868],[-120.5361729,39.7203381],[-120.53662,39.7206362],[-120.537054,39.7209343],[-120.5376765,39.7212411],[-120.5381248,39.7214389],[-120.5385062,39.7216537],[-120.538984,39.7219124],[-120.5405095,39.7227672],[-120.5408246,39.7229324],[-120.5410443,39.7230477],[-120.5414257,39.7232362],[-120.5428285,39.723771],[-120.5432625,39.7239157],[-120.5437403,39.7240647],[-120.5453315,39.7245776],[-120.5455364,39.7246381],[-120.5458664,39.7247354],[-120.5463661,39.724902],[-120.5469579,39.7251431],[-120.5473261,39.725336],[-120.5476768,39.7255815],[-120.5481722,39.7259804],[-120.5485009,39.7262916],[-120.5488647,39.7268422],[-120.5489327,39.7269812],[-120.5489957,39.7271282],[-120.5493628,39.7284018],[-120.5495851,39.7291196],[-120.5497677,39.729436],[-120.549939,39.7297216],[-120.5501341,39.7299548],[-120.5503768,39.730226],[-120.5506957,39.7305068],[-120.5512298,39.7308684],[-120.5514727,39.7309732],[-120.5519338,39.7311935]]}},{"type":"Feature","properties":{"route":89},"geometry":{"type":"LineString","coordinates":[[-120.5312598,39.7064365],[-120.5313806,39.7066221],[-120.5315148,39.7068383],[-120.5317885,39.7073015],[-120.5317907,39.7073057],[-120.5320996,39.7078968],[-120.5321938,39.7081078],[-120.5322859,39.7084116],[-120.5323135,39.7085621],[-120.5323285,39.7087268],[-120.5323324,39.7089699],[-120.5323183,39.7091961],[-120.5322874,39.7094817],[-120.5322356,39.7098766],[-120.5322273,39.709979],[-120.532225,39.7100814],[-120.5322373,39.71037],[-120.5322875,39.7106161],[-120.5323247,39.7107449],[-120.5323954,39.7109058],[-120.5324784,39.7110594],[-120.5328788,39.7116794]]}},{"type":"Feature","properties":{"route":89},"geometry":{"type":"LineString","coordinates":[[-120.28,39.5043433],[-120.2801807,39.5043433],[-120.2804147,39.5043513],[-120.2806667,39.5043903],[-120.2808167,39.5044303],[-120.2810507,39.5045173],[-120.2812177,39.5045963],[-120.2813897,39.5046893],[-120.2815367,39.5047883],[-120.2816627,39.5048913],[-120.2817547,39.5049803],[-120.2818817,39.5051163],[-120.2822547,39.5055443],[-120.2824166,39.505744],[-120.2824177,39.5057453],[-120.2824709,39.5058063],[-120.2828297,39.5062173],[-120.2833527,39.5068433],[-120.2837667,39.5073283],[-120.284526,39.5081497],[-120.284666,39.5083317],[-120.284753,39.5084567],[-120.284809,39.5085537],[-120.284922,39.5088187],[-120.284968,39.5089647],[-120.285,39.5091117],[-120.285015,39.5092417],[-120.2850147,39.5095335],[-120.2850017,39.5096635],[-120.2849757,39.5098075],[-120.2849387,39.5099455],[-120.2849057,39.5100415],[-120.2847937,39.5102555],[-120.2846527,39.5104605],[-120.2845797,39.5105475],[-120.2843116,39.5108102],[-120.2841356,39.5109722],[-120.2835676,39.5114612],[-120.2828366,39.5120782],[-120.2819527,39.5127943],[-120.2813607,39.5132953],[-120.2812677,39.5133843],[-120.2811987,39.5134613],[-120.2811397,39.5135373],[-120.2810897,39.5136103],[-120.2810417,39.5137073],[-120.2810017,39.5138173],[-120.2809697,39.5140233],[-120.2809737,39.5141343],[-120.2809977,39.5142693],[-120.2810457,39.5144143],[-120.2810867,39.5144983],[-120.2811427,39.5145893],[-120.2812857,39.5147543],[-120.2813897,39.5148463],[-120.2817937,39.5151463],[-120.2819287,39.5152523],[-120.2821157,39.5154163],[-120.2822337,39.5155343],[-120.2824297,39.5157543],[-120.2825067,39.5158633],[-120.2825897,39.5159923],[-120.2826527,39.5161003],[-120.2828007,39.5164043],[-120.2828817,39.5166483],[-120.2829247,39.5168063],[-120.2829917,39.5171273],[-120.2830257,39.5172423],[-120.2830847,39.5173823],[-120.2831637,39.5175173],[-120.2832597,39.5176453],[-120.2833727,39.5177643],[-120.2835017,39.5178733],[-120.2836817,39.5179943],[-120.2840967,39.5182023],[-120.2842537,39.5182743],[-120.2844657,39.5183923],[-120.2846607,39.5185273],[-120.2848367,39.5186773],[-120.2849917,39.5188403],[-120.2851237,39.5190163],[-120.2852417,39.5192203],[-120.2853867,39.5195243],[-120.2856067,39.5200253],[-120.2857977,39.5204183],[-120.2859107,39.5206813],[-120.2865937,39.5221783],[-120.2868377,39.5227413],[-120.2872877,39.5237213],[-120.2873697,39.5239313],[-120.2876657,39.5245433],[-120.2877757,39.5247523],[-120.2878457,39.5248683],[-120.2879817,39.5250543],[-120.2881647,39.5252683],[-120.2883137,39.5254303],[-120.2885147,39.5256233],[-120.2889297,39.5259633],[-120.2894717,39.5263483],[-120.2897647,39.5265813],[-120.2899637,39.5267753],[-120.2902157,39.5270463],[-120.2906947,39.5276753],[-120.2912557,39.5284493],[-120.2915147,39.5287893],[-120.2916227,39.5289153],[-120.2917007,39.5289983],[-120.2918947,39.5291753],[-120.2919957,39.5292533],[-120.2920887,39.5293123],[-120.2922397,39.5293963],[-120.2923637,39.5294553],[-120.2925947,39.5295433],[-120.2927497,39.5295923],[-120.2928977,39.5296293],[-120.2934047,39.5297423],[-120.2939667,39.5298613],[-120.2942797,39.5299343],[-120.2959687,39.5302953],[-120.2966717,39.5304383],[-120.2976847,39.5306523],[-120.2986787,39.5308683],[-120.3003487,39.5312153],[-120.3009047,39.5313043],[-120.3012682,39.5313455],[-120.3012882,39.5313477],[-120.3025817,39.5314643],[-120.3049187,39.5316973],[-120.305521,39.5317871],[-120.3055352,39.53179],[-120.3059827,39.5318823],[-120.3063827,39.5319823],[-120.3077057,39.5323003],[-120.3082227,39.5324343],[-120.3086997,39.5325443],[-120.3096667,39.5327903],[-120.3099167,39.5328483],[-120.3104137,39.5329843],[-120.3107897,39.5331173],[-120.3109697,39.5331933],[-120.3111287,39.5332743],[-120.3113607,39.5334173],[-120.3115407,39.5335453],[-120.3117637,39.5337453],[-120.3118717,39.5338573],[-120.3120297,39.5340373],[-120.3121217,39.5341823],[-120.3121997,39.5343383],[-120.3123043,39.5344938],[-120.3123923,39.5347618],[-120.3124163,39.5348558],[-120.3125793,39.5356858],[-120.3127023,39.5362218],[-120.3127492,39.5363918],[-120.3128222,39.5365918],[-120.3129802,39.5369138],[-120.3130652,39.5370608],[-120.3131942,39.5372498],[-120.3138472,39.5380608],[-120.3144967,39.5388903],[-120.3147107,39.5391803],[-120.3148147,39.5393653],[-120.3149323,39.5395386],[-120.3149931,39.5396725],[-120.3150441,39.5398745],[-120.3150781,39.5401365],[-120.3150851,39.5403681],[-120.3150751,39.5405201],[-120.3150171,39.5409691],[-120.3149031,39.5416111],[-120.3148881,39.5417951],[-120.3148831,39.5419421],[-120.3148981,39.5423724],[-120.3149621,39.5428074],[-120.3150461,39.5431684],[-120.3151381,39.5434304],[-120.3152651,39.5437394],[-120.3153771,39.5439824],[-120.3156495,39.5443783],[-120.3156923,39.5444405],[-120.3159773,39.5448035],[-120.3160893,39.5449285],[-120.3161813,39.5450235],[-120.3164843,39.5453025],[-120.3173817,39.5460933],[-120.3178927,39.5464813],[-120.3184827,39.5470033],[-120.3190901,39.5474714],[-120.3193581,39.5476704],[-120.3200691,39.548157],[-120.3201894,39.5482365],[-120.3205814,39.5484755],[-120.3209524,39.5486785],[-120.3214924,39.5489615],[-120.3221362,39.5493122],[-120.3232552,39.5498722],[-120.3242487,39.5503903],[-120.3248687,39.5506843],[-120.3256488,39.5511117],[-120.3267087,39.5516303],[-120.3274177,39.5519957],[-120.3276517,39.5521163],[-120.3277016,39.5521441],[-120.3277897,39.5521933],[-120.3284817,39.5525503],[-120.3290455,39.552813],[-120.3298435,39.553222],[-120.3301405,39.55337],[-120.3305115,39.553548],[-120.3308397,39.5537493],[-120.3318477,39.5542403],[-120.3325917,39.5546263],[-120.3330097,39.5548623],[-120.3332857,39.5550253],[-120.3335347,39.5551813],[-120.3336867,39.5552823],[-120.3340017,39.5555093],[-120.3341987,39.5556723],[-120.3344597,39.5559143],[-120.3348477,39.5563113],[-120.3350265,39.5564098],[-120.3350935,39.5564658],[-120.3351845,39.5565278],[-120.3352965,39.5565958],[-120.3354195,39.5566588],[-120.3355735,39.5567228],[-120.3357275,39.5567808],[-120.3358515,39.5568168],[-120.3360385,39.5568558],[-120.3361747,39.5568953],[-120.3364487,39.5569053],[-120.3366447,39.5569013],[-120.3367837,39.5568833],[-120.3368287,39.5568873],[-120.3369777,39.5568613],[-120.3370947,39.5568343],[-120.3373019,39.5567717],[-120.3374227,39.5567353],[-120.3375627,39.5566813],[-120.3377337,39.5566033],[-120.3382057,39.5563753],[-120.3386807,39.5561183],[-120.3388537,39.5560333],[-120.3389977,39.5559683],[-120.3392787,39.5558733],[-120.3395167,39.5558243],[-120.3396647,39.5558013],[-120.3398737,39.5557833],[-120.3400557,39.5557823],[-120.3403117,39.5557973],[-120.3405367,39.5558273],[-120.3409409,39.5558932],[-120.3412219,39.5560042],[-120.3415169,39.5561532],[-120.3418079,39.5563212],[-120.3421329,39.5564967],[-120.3425582,39.556717],[-120.3427747,39.5568473],[-120.3431177,39.5569763],[-120.3434107,39.5570753],[-120.3441665,39.5572614],[-120.3446875,39.5573994],[-120.3453185,39.5575464],[-120.3454895,39.5575914],[-120.3456397,39.5576733],[-120.3457587,39.5577163],[-120.3460197,39.5578293],[-120.3462977,39.5579763],[-120.3465117,39.5580963],[-120.3470097,39.5584123],[-120.3487347,39.5594683],[-120.3496377,39.5600303],[-120.3500637,39.5602843],[-120.3506287,39.5605753],[-120.3509067,39.5606963],[-120.3513277,39.5608543],[-120.3515527,39.5609223],[-120.3519847,39.5610413],[-120.3523137,39.5611212],[-120.3525227,39.5611803],[-120.3527057,39.5612373],[-120.3528737,39.5612983],[-120.3531768,39.561425],[-120.3531797,39.5614263],[-120.3533637,39.5615273],[-120.3537562,39.5617568],[-120.3539307,39.5619015],[-120.3541688,39.5621425],[-120.3543686,39.5623966],[-120.3547398,39.5629427],[-120.3551574,39.5636065],[-120.3554822,39.5641026],[-120.356114,39.565102],[-120.3565367,39.5658003],[-120.3566417,39.5659443],[-120.3567487,39.5660793],[-120.357022,39.5663462],[-120.35728,39.5666132],[-120.357601,39.5668942],[-120.357884,39.5670972],[-120.358228,39.5672962],[-120.3584107,39.5674113],[-120.3588977,39.5676353],[-120.3590537,39.5676993],[-120.3593827,39.5678143],[-120.3596147,39.5678803],[-120.3603267,39.5680683],[-120.3604787,39.5681203],[-120.3607717,39.5682503],[-120.3609297,39.5683313],[-120.3610797,39.5684263],[-120.3612857,39.5685693],[-120.3614887,39.5687353],[-120.3615967,39.5688362],[-120.3616807,39.5689303],[-120.3618553,39.5690975],[-120.3620803,39.5694145],[-120.3623343,39.5697855],[-120.3625753,39.5701125],[-120.3627161,39.5702734],[-120.3629231,39.5704924],[-120.3630271,39.5705954],[-120.3631421,39.5706954],[-120.3634451,39.5709294],[-120.3638287,39.5712383],[-120.3641397,39.5714463],[-120.3646407,39.5717933],[-120.3650507,39.5720953],[-120.3655147,39.5724103],[-120.3658327,39.5726183],[-120.3663447,39.5729733],[-120.3666057,39.5731663],[-120.3679357,39.5741113],[-120.3683977,39.5744583],[-120.3686037,39.5745973],[-120.3688067,39.5747516],[-120.368808,39.5747524],[-120.3690238,39.5748858],[-120.3692088,39.5750598],[-120.3692738,39.5751298],[-120.3694808,39.5753848],[-120.3696778,39.5756648],[-120.3697368,39.5757648],[-120.3698008,39.5758868],[-120.3698928,39.5761108],[-120.3699788,39.5763458],[-120.3700467,39.5766257],[-120.3700538,39.5766548],[-120.3700813,39.5769027],[-120.3700893,39.5770407],[-120.3700659,39.5775734],[-120.3700657,39.5775747],[-120.3697046,39.5802006],[-120.3695847,39.5810099],[-120.3693808,39.582387],[-120.3693268,39.582711],[-120.3692898,39.582883],[-120.3691918,39.583256],[-120.3688747,39.584216],[-120.3681341,39.5863575],[-120.3677561,39.5874885],[-120.3670507,39.5895623],[-120.367055,39.5895632],[-120.3679367,39.5897473],[-120.3687317,39.5899273],[-120.3694687,39.5900853],[-120.3697387,39.5901503],[-120.3699247,39.5902093],[-120.3700787,39.5902773],[-120.3704327,39.5904603],[-120.3705987,39.5905293],[-120.3706527,39.5905483],[-120.3708327,39.5905963],[-120.3711389,39.5906534],[-120.3721077,39.5908343],[-120.3732427,39.5910303],[-120.3737737,39.5911133],[-120.3742857,39.5912053],[-120.3752747,39.5914093],[-120.3757567,39.5915163],[-120.3761927,39.5916033],[-120.3774017,39.5918613],[-120.3790127,39.5921873],[-120.3803717,39.5924553],[-120.3814356,39.5926709],[-120.3814527,39.5926743],[-120.3829386,39.5929903],[-120.3829615,39.5929951],[-120.3859627,39.5936333],[-120.3876047,39.5939743],[-120.3889357,39.5942663],[-120.3899127,39.5944863],[-120.3914847,39.5948143],[-120.3921007,39.5949513],[-120.3931787,39.5951833],[-120.3941477,39.5953863],[-120.3947677,39.5955223],[-120.3958067,39.5957373],[-120.3970067,39.5959953],[-120.3980327,39.5962093],[-120.3994307,39.5965243],[-120.4043897,39.5977133],[-120.4072107,39.5983802],[-120.4082937,39.5986272],[-120.4099417,39.5990172],[-120.4117837,39.5994432],[-120.4156527,39.6003722],[-120.4168707,39.6006812],[-120.4182377,39.6010532],[-120.4185255,39.6011383],[-120.4185287,39.6011392],[-120.4189147,39.6012602],[-120.4190747,39.6013222],[-120.4192437,39.6013972],[-120.4194177,39.6014832],[-120.4196644,39.6016466],[-120.4196779,39.6016555],[-120.4197137,39.6016792],[-120.4198447,39.6017782],[-120.4199697,39.6018812],[-120.4201297,39.6020282],[-120.4203727,39.6022863],[-120.4204987,39.6024622],[-120.4206317,39.6026942],[-120.4208457,39.6031063],[-120.4209527,39.6033572],[-120.4210507,39.6036082],[-120.4211297,39.6038432],[-120.4211697,39.6040002],[-120.4211867,39.6041342],[-120.4211887,39.6042892],[-120.4211757,39.6044332],[-120.4211277,39.6046792],[-120.4210937,39.6048182],[-120.4209597,39.6052602],[-120.4208537,39.6055782],[-120.4208307,39.6056603],[-120.4208167,39.6058022],[-120.4208197,39.6058973],[-120.4208397,39.6060392],[-120.4208827,39.6061903],[-120.4212407,39.6072342],[-120.4214217,39.6077182],[-120.4217767,39.6087722],[-120.4222457,39.6102162],[-120.4226387,39.6113882],[-120.4226947,39.6115443],[-120.4228087,39.6118023],[-120.4228927,39.6119633],[-120.4230491,39.6122313],[-120.4230817,39.6122873],[-120.4231347,39.6123662],[-120.4234347,39.6127723],[-120.4235687,39.6129322],[-120.4237077,39.6130812],[-120.4239337,39.6133063],[-120.4241137,39.6134932],[-120.4247467,39.6141242],[-120.4255827,39.6149343],[-120.4258447,39.6152023],[-120.4259557,39.6153012],[-120.4259823,39.6153211],[-120.4261277,39.6154292],[-120.4263237,39.6155462],[-120.4267177,39.6157442],[-120.4271297,39.6159243],[-120.4276769,39.6161516],[-120.4276857,39.6161552],[-120.4281707,39.6163502],[-120.4294317,39.6168783],[-120.4298257,39.6170213],[-120.4301007,39.6171412],[-120.4311547,39.6175382],[-120.4313057,39.6175852],[-120.4314557,39.6176382],[-120.4315947,39.6176952],[-120.4322197,39.6179212],[-120.4329417,39.6182092],[-120.4333246,39.6183402],[-120.4335967,39.6184332],[-120.4338207,39.6185172],[-120.4341867,39.6186712],[-120.4342727,39.6187112],[-120.4343607,39.6187582],[-120.4344717,39.6188312],[-120.4346677,39.6189772],[-120.4347837,39.6190832],[-120.4349027,39.6192243],[-120.4350447,39.6194162],[-120.4350987,39.6195052],[-120.4351817,39.6196772],[-120.4352067,39.6197392],[-120.4352377,39.6198612],[-120.4352447,39.6199152],[-120.4352507,39.6200572],[-120.4352407,39.6202112],[-120.4352117,39.6203713],[-120.4351587,39.6205412],[-120.4350939,39.62083],[-120.4349809,39.621126],[-120.4348369,39.621532],[-120.4347679,39.62174],[-120.4346839,39.622059],[-120.4346639,39.622206],[-120.4346479,39.622476],[-120.4346811,39.6228749],[-120.4347291,39.6230659],[-120.4348191,39.6232989],[-120.4348832,39.6234263],[-120.4348891,39.6234379],[-120.4350061,39.6236459],[-120.4351351,39.6238469],[-120.4352891,39.6240439],[-120.4353201,39.624116],[-120.4352658,39.6242624],[-120.4352538,39.6243005],[-120.4352477,39.6243339],[-120.4352442,39.6245659],[-120.4352513,39.6247265],[-120.4353199,39.6253662],[-120.4353349,39.6257462],[-120.4353412,39.6258586],[-120.4353639,39.6262702],[-120.4353749,39.6263622],[-120.4353929,39.6264462],[-120.4354159,39.6265132],[-120.4356047,39.6268893],[-120.4357027,39.6270073],[-120.4358837,39.6272613],[-120.4359867,39.6274652],[-120.4360997,39.6277123],[-120.4362137,39.6279383],[-120.4362677,39.6280653],[-120.4364121,39.6285214],[-120.4364381,39.6288064],[-120.4364371,39.6288884],[-120.4364451,39.6290184],[-120.4364931,39.6293884],[-120.4365451,39.6299234],[-120.4365661,39.6300984],[-120.4365791,39.6302914],[-120.4366311,39.6307414],[-120.4366477,39.6310019],[-120.4366537,39.6317329],[-120.436587,39.6323618],[-120.4365521,39.6325394],[-120.436527,39.6326668],[-120.436508,39.6328358],[-120.436486,39.6329698],[-120.436423,39.6332408],[-120.436385,39.6333548],[-120.436332,39.6334568],[-120.436276,39.6335468],[-120.436104,39.6337628],[-120.436025,39.6338458],[-120.435332,39.6344265],[-120.4349925,39.634711],[-120.4348505,39.634852],[-120.4347665,39.634958],[-120.4347025,39.635053],[-120.4346525,39.63515],[-120.4345955,39.63528],[-120.4345485,39.635473],[-120.4345325,39.635602],[-120.4345295,39.635778],[-120.4345335,39.635858],[-120.4345675,39.636039],[-120.4347933,39.6367278],[-120.4348095,39.6369661],[-120.4348435,39.6372001],[-120.4348815,39.6376371],[-120.4349445,39.6381901],[-120.4350859,39.6389246],[-120.4351129,39.6391326],[-120.4351199,39.6392796],[-120.4351139,39.6395096],[-120.4350909,39.6396496],[-120.4350459,39.6397706],[-120.4349589,39.6399166],[-120.4348229,39.6401016],[-120.4344189,39.6405526],[-120.4339137,39.6410921],[-120.4328367,39.642315],[-120.4328287,39.6423241],[-120.4320862,39.6431616],[-120.4318083,39.6434452],[-120.4316331,39.643607],[-120.4308241,39.6442885],[-120.4304575,39.6446119],[-120.4302786,39.6448091],[-120.4301836,39.6449591],[-120.4301196,39.6450931],[-120.4300846,39.6452351],[-120.4300796,39.6453781],[-120.4300946,39.6454861],[-120.4301176,39.6455681],[-120.4301376,39.6456171],[-120.4303066,39.6458841],[-120.4314616,39.6476344],[-120.4318706,39.6482764],[-120.4322846,39.6489454],[-120.4323242,39.6489979],[-120.4323336,39.6490104],[-120.4327109,39.6496153],[-120.4327925,39.6497774],[-120.4328215,39.6498794],[-120.4328355,39.6499654],[-120.4328295,39.6501314],[-120.4328185,39.6501694],[-120.4327845,39.6502334],[-120.4327425,39.6502924],[-120.4325725,39.6505074],[-120.4324855,39.6506034],[-120.4323265,39.6508014],[-120.4322955,39.6508554],[-120.4322685,39.6509164],[-120.4322575,39.6509774],[-120.4322605,39.6512804],[-120.4322915,39.6516544],[-120.4323485,39.6526783],[-120.4323825,39.6530203],[-120.4324488,39.6542741],[-120.4324518,39.6546951],[-120.4324738,39.6550591],[-120.4324798,39.6553561],[-120.4325931,39.6583669],[-120.4326252,39.659352],[-120.4326562,39.660483],[-120.4326672,39.661101],[-120.4326927,39.6621392],[-120.4326983,39.6623634],[-120.4327333,39.6629764],[-120.4327583,39.6632726],[-120.4327673,39.6633794],[-120.4328183,39.6635914],[-120.4328593,39.6637304],[-120.4329543,39.6639664],[-120.4330705,39.6642125],[-120.4331475,39.6643555],[-120.4333345,39.6646415],[-120.4334425,39.6647915],[-120.4339165,39.6653645],[-120.4345099,39.6660518],[-120.4345225,39.6660665],[-120.4350915,39.6667189],[-120.4352075,39.6668459],[-120.4356515,39.6673679],[-120.4364255,39.6682529],[-120.4366911,39.6685324],[-120.436696,39.6685383],[-120.4379127,39.6700173],[-120.4382497,39.6703913],[-120.4387999,39.6709805],[-120.4392299,39.6714695],[-120.4396009,39.6719125],[-120.4397949,39.6721325],[-120.4399219,39.6722465],[-120.4400799,39.6723635],[-120.4402149,39.6724495],[-120.4404687,39.6726403],[-120.4405684,39.6726896],[-120.4406807,39.6727453],[-120.4408957,39.6728333],[-120.4411077,39.6729083],[-120.4412207,39.6729443],[-120.4415787,39.6730363],[-120.4418897,39.6730833],[-120.4421287,39.6731073],[-120.4422697,39.6731153],[-120.4426277,39.6731203],[-120.4434177,39.6730943],[-120.4437847,39.6730943],[-120.4439841,39.6730982],[-120.4439877,39.6730983],[-120.4442097,39.6731203],[-120.4444287,39.6731543],[-120.4448077,39.6732433],[-120.4450147,39.6733083],[-120.4452067,39.6733803],[-120.4454497,39.6734843],[-120.4456037,39.6735603],[-120.4463927,39.6740043],[-120.4475037,39.6746443],[-120.4479007,39.6748813],[-120.4481327,39.6750453],[-120.4483647,39.6752383],[-120.4485537,39.6754113],[-120.4486897,39.6755673],[-120.4489247,39.6757943],[-120.4490767,39.6759103],[-120.4492447,39.6760273],[-120.4494897,39.6761673],[-120.4495877,39.6762093],[-120.4497277,39.6762553],[-120.4498667,39.6762893],[-120.4504457,39.6764043],[-120.4506417,39.6764393],[-120.4508387,39.6764893],[-120.4510697,39.6765583],[-120.4512157,39.6766103],[-120.4514687,39.6767223],[-120.4517147,39.6768653],[-120.4518057,39.6769283],[-120.4519027,39.6770043],[-120.4519807,39.6770773],[-120.4520727,39.6771763],[-120.4522982,39.6774435],[-120.4522987,39.677444],[-120.4523617,39.6775413],[-120.4525447,39.6778503],[-120.4527387,39.6781383],[-120.4529067,39.6783473],[-120.4530557,39.6785143],[-120.4531947,39.6786413],[-120.4533747,39.6787813],[-120.4535727,39.6789153],[-120.4537577,39.6790233],[-120.4539627,39.6791283],[-120.4542107,39.6792313],[-120.4544064,39.6792976],[-120.4546737,39.6793883],[-120.4548497,39.6794383],[-120.4549637,39.6794893],[-120.4552997,39.6796103],[-120.4556157,39.6797143],[-120.4560967,39.6798853],[-120.4563737,39.6800043],[-120.4566077,39.6801223],[-120.4567467,39.6801873],[-120.4569177,39.6802773],[-120.4575367,39.6806713],[-120.4587317,39.6814713],[-120.4589717,39.6816223],[-120.4591385,39.6817158],[-120.4594067,39.6818663],[-120.4597087,39.6820163],[-120.4604957,39.6823693],[-120.4609527,39.6825673],[-120.4614677,39.6827713],[-120.4621077,39.6830323],[-120.4634497,39.6835903],[-120.4645477,39.6840293],[-120.4649047,39.6841623],[-120.4653697,39.6843253],[-120.4656087,39.6844033],[-120.4659967,39.6845163],[-120.4665317,39.6846623],[-120.4669307,39.6847583],[-120.4671137,39.6847973],[-120.4676117,39.6848893],[-120.4684077,39.6850153],[-120.4692047,39.6851063],[-120.469736,39.6851619],[-120.4697397,39.6851623],[-120.4702097,39.6852193],[-120.4730487,39.6855413],[-120.4738337,39.6856243],[-120.4749637,39.6857513],[-120.4751797,39.6857793],[-120.4757117,39.6858283],[-120.4759197,39.6858413],[-120.4761597,39.6858473],[-120.4763777,39.6858453],[-120.4768157,39.6858073],[-120.4770187,39.6857803],[-120.4772157,39.6857433],[-120.4774967,39.6856823],[-120.4776157,39.6856493],[-120.4779447,39.6855453],[-120.4781467,39.6854683],[-120.4783227,39.6853913],[-120.4785467,39.6852723],[-120.4787442,39.6851597],[-120.4788747,39.6850853],[-120.4789957,39.6850033],[-120.4793427,39.6847463],[-120.4796447,39.6845363],[-120.4797657,39.6844643],[-120.4802275,39.6841472],[-120.4807486,39.6839152],[-120.4818408,39.6834691],[-120.4828887,39.6830723],[-120.4847207,39.6823403],[-120.4857826,39.6819223],[-120.4870327,39.6814303],[-120.4872627,39.6813343],[-120.4875107,39.6812223],[-120.4894407,39.6804563],[-120.4899847,39.6802323],[-120.4912047,39.6797922],[-120.4914707,39.6797002],[-120.4916777,39.6796373],[-120.4919357,39.6795782],[-120.4921817,39.6795333],[-120.4923517,39.6795103],[-120.4924657,39.6794992],[-120.4928577,39.6794913],[-120.4936097,39.6795272],[-120.4940527,39.6795433],[-120.4958524,39.6796626],[-120.4961637,39.6796832],[-120.4963827,39.6797112],[-120.4966137,39.6797562],[-120.4969117,39.6798362],[-120.4970387,39.6798772],[-120.4972967,39.6799792],[-120.4974617,39.6800512],[-120.4979347,39.6802922],[-120.4981107,39.6804072],[-120.4982297,39.6804912],[-120.4983347,39.6805742],[-120.4984397,39.6806652],[-120.4985377,39.6807682],[-120.4987067,39.6809802],[-120.4987907,39.6810982],[-120.4988747,39.6812342],[-120.4989357,39.6813542],[-120.4990807,39.6817072],[-120.4991037,39.6817992],[-120.4991327,39.6818913],[-120.4991637,39.6820283],[-120.4991897,39.6822212],[-120.4992247,39.6828152],[-120.4992307,39.6831852],[-120.4992537,39.6835352],[-120.4993087,39.6840222],[-120.4993377,39.6841222],[-120.4993737,39.6842143],[-120.4994287,39.6843242],[-120.4996267,39.6846403],[-120.4997407,39.6847712],[-120.4998197,39.6848542],[-120.4999757,39.6849872],[-120.5000777,39.6850673],[-120.5001797,39.6851353],[-120.5004147,39.6852652],[-120.5005337,39.6853262],[-120.5006637,39.6853822],[-120.5008487,39.6854463],[-120.5009817,39.6854822],[-120.5011397,39.6855182],[-120.5020357,39.6856803],[-120.5021857,39.6857112],[-120.5024227,39.6857773],[-120.5026877,39.6858732],[-120.5028627,39.6859452],[-120.5032097,39.6861162],[-120.5033137,39.6861762],[-120.5035447,39.6863322],[-120.5036347,39.6864022],[-120.5037277,39.6864842],[-120.5039307,39.6866792],[-120.5041907,39.6869533],[-120.5043217,39.6870813],[-120.5045617,39.6873343],[-120.5047827,39.6875362],[-120.5050575,39.6877727],[-120.5051532,39.6878551],[-120.5051557,39.6878573],[-120.5055677,39.6881862],[-120.5059857,39.6884883],[-120.5061817,39.6886222],[-120.5065057,39.6888222],[-120.5066807,39.6889222],[-120.5069847,39.6890803],[-120.5082277,39.6896552],[-120.5092907,39.6901273],[-120.5110637,39.6909282],[-120.5122947,39.6914792],[-120.5126817,39.6916242],[-120.5128017,39.6916652],[-120.5130587,39.6917372],[-120.5133517,39.6918112],[-120.5143217,39.6920322],[-120.5146067,39.6921102],[-120.5147827,39.6921632],[-120.5150517,39.6922572],[-120.5155107,39.6924412],[-120.5157617,39.6925572],[-120.5160627,39.6927082],[-120.5162217,39.6927992],[-120.5168297,39.6931772],[-120.5169977,39.6932932],[-120.5172167,39.6934642],[-120.5176907,39.6938562],[-120.5179627,39.6940722],[-120.5181725,39.6942234],[-120.5181737,39.6942242],[-120.5183227,39.6943232],[-120.5184737,39.6944102],[-120.5193367,39.6948632],[-120.5196167,39.6950042],[-120.5206447,39.6954972],[-120.5212937,39.6958272],[-120.5220417,39.6961952],[-120.5224897,39.6964352],[-120.5228277,39.6966402],[-120.5230647,39.6968062],[-120.5231807,39.6969042],[-120.5235787,39.6972702],[-120.5238477,39.6975642],[-120.5241967,39.6979243],[-120.5243327,39.6980552],[-120.5244847,39.6982162],[-120.5247687,39.6984992],[-120.5251177,39.6988752],[-120.5252447,39.6990202],[-120.5254327,39.6992612],[-120.5254897,39.6993442],[-120.5255777,39.6995042],[-120.5256547,39.6996702],[-120.5257227,39.6998402],[-120.5257967,39.7000792],[-120.5259317,39.7003892],[-120.5260617,39.7006282],[-120.5261777,39.7007822],[-120.5263227,39.7009572],[-120.5266317,39.7012882],[-120.5267587,39.7014332],[-120.5269567,39.7016852],[-120.5271177,39.7019122],[-120.5274527,39.7024252],[-120.5278637,39.7030822],[-120.5281167,39.7034752],[-120.5283097,39.7037962],[-120.5284547,39.7040202],[-120.5285257,39.7041183],[-120.5285907,39.7042172],[-120.5286647,39.7043152],[-120.5289397,39.7046262],[-120.5292177,39.7048992],[-120.5294927,39.7051222],[-120.5295927,39.7051962],[-120.5299917,39.7054522],[-120.5306357,39.7058462],[-120.5308387,39.7059992],[-120.5309387,39.7060802],[-120.5310847,39.7062132],[-120.5311717,39.7063012],[-120.5312598,39.7064365]]}}],"labels":[{"route":70,"coordinates":[-120.8310752,39.9186492]},{"route":70,"coordinates":[-120.4455326,39.8209875]},{"route":89,"coordinates":[-120.5863937,39.7411092]},{"route":89,"coordinates":[-120.9152528,40.0884352]}]}
