{"type":"Feature","properties":{"name":"Buzzards Roost Ridge","sourceLabel":"Trailforks ride log","sourceUrl":"https://www.trailforks.com/ridelog/view/80488775/","retrievedAt":"2026-09-28","gpxSha256":"2f6910710ad5074457edaaf723e57869f2ec79fde2b2d8ee2bbd60ad73141810","dataUsePolicy":"https://www.trailforks.com/about/data/","licenseNote":"Downloaded through the source page export. No agreement checkbox was presented for this ride-log or route-plan export. Trailforks attribution retained; commercial permission has not been established.","elevationSource":"Original GPX recording"},"geometry":{"type":"LineString","coordinates":[[-120.868586,39.840376,1631.3],[-120.86855,39.840364,1637.2],[-120.86854,39.84036,1637.2],[-120.868518,39.840354,1637.2],[-120.868498,39.840347,1636.2],[-120.868456,39.840335,1636.2],[-120.868443,39.840331,1636.2],[-120.868407,39.84032,1634.9],[-120.868397,39.840315,1634.9],[-120.868359,39.840308,1634.9],[-120.868346,39.840305,1634.9],[-120.868309,39.840296,1633.6],[-120.868298,39.840293,1633.6],[-120.868259,39.840283,1633.6],[-120.868246,39.84028,1633.6],[-120.86821,39.840263,1637.2],[-120.868197,39.840254,1637.2],[-120.868162,39.840235,1637.2],[-120.868151,39.840229,1637.2],[-120.868112,39.840209,1635.5],[-120.8681,39.840203,1635.5],[-120.86807,39.840176,1639.9],[-120.868062,39.840166,1639.9],[-120.868028,39.840145,1638.1],[-120.86801,39.840119,1638.1],[-120.868005,39.84011,1638.1],[-120.867984,39.840087,1642.4],[-120.867972,39.840054,1642.4],[-120.867968,39.840042,1642.4],[-120.867941,39.840011,1640.5],[-120.867935,39.84,1640.5],[-120.86792,39.83997,1644.5],[-120.867919,39.839956,1644.5],[-120.867903,39.839925,1644.5],[-120.867894,39.839915,1644.5],[-120.867875,39.839884,1646.2],[-120.867873,39.839874,1646.2],[-120.867859,39.83985,1646.2],[-120.867852,39.839839,1646.2],[-120.867838,39.839806,1646.2],[-120.867835,39.839793,1648.9],[-120.867835,39.839757,1648.9],[-120.867835,39.839746,1648.9],[-120.867819,39.839712,1648.9],[-120.867816,39.839701,1651.2],[-120.867832,39.839703,1651.2],[-120.867815,39.839677,1651.2],[-120.867812,39.839671,1651.2],[-120.867805,39.839643,1651.2],[-120.867796,39.839618,1653.4],[-120.86779,39.839602,1653.4],[-120.867772,39.839579,1652.4],[-120.867767,39.839564,1652.4],[-120.867757,39.839541,1652.4],[-120.86775,39.839527,1652.4],[-120.867732,39.839499,1654.4],[-120.867724,39.839481,1654.4],[-120.867708,39.839452,1654.4],[-120.867697,39.839436,1655.2],[-120.867673,39.839401,1655.2],[-120.867664,39.839383,1655.2],[-120.867637,39.83935,1655.2],[-120.867619,39.839334,1656.9],[-120.867594,39.839305,1656.4],[-120.867582,39.839291,1656.4],[-120.867549,39.83927,1656.4],[-120.867535,39.839257,1656.4],[-120.867501,39.839243,1656.0],[-120.867486,39.839233,1658.1],[-120.867449,39.839212,1658.1],[-120.867434,39.839201,1658.1],[-120.867396,39.839174,1657.9],[-120.867374,39.839163,1657.9],[-120.86734,39.839146,1660.0],[-120.86732,39.839136,1659.8],[-120.867294,39.839102,1659.8],[-120.867281,39.839083,1659.8],[-120.867244,39.839047,1662.0],[-120.867228,39.839029,1661.7],[-120.867191,39.838998,1661.7],[-120.867171,39.838988,1661.7],[-120.867128,39.838963,1663.5],[-120.867104,39.838952,1663.5],[-120.867068,39.838926,1663.5],[-120.86705,39.838913,1663.2],[-120.867011,39.838888,1663.2],[-120.866991,39.838875,1665.1],[-120.86697,39.838854,1665.1],[-120.86694,39.838835,1664.5],[-120.866899,39.838806,1664.5],[-120.866855,39.83878,1665.5],[-120.866836,39.838762,1665.5],[-120.866801,39.838723,1665.5],[-120.866782,39.838704,1667.4],[-120.866744,39.838679,1666.3],[-120.866723,39.838666,1666.3],[-120.866689,39.838639,1666.3],[-120.866674,39.838625,1665.1],[-120.866641,39.838599,1666.6],[-120.866625,39.838583,1666.6],[-120.866599,39.838555,1666.6],[-120.866587,39.83854,1665.2],[-120.866563,39.838508,1666.5],[-120.866551,39.838491,1666.5],[-120.866534,39.838455,1666.5],[-120.866526,39.838437,1667.5],[-120.866495,39.838412,1665.8],[-120.866482,39.838394,1665.8],[-120.866469,39.838354,1666.3],[-120.866465,39.838338,1666.3],[-120.866452,39.838311,1666.3],[-120.86644,39.838278,1666.3],[-120.866444,39.838234,1666.9],[-120.866448,39.838214,1666.9],[-120.866442,39.838174,1666.9],[-120.866441,39.838156,1667.5],[-120.866449,39.838123,1667.5],[-120.866457,39.838078,1668.2],[-120.866479,39.838023,1668.2],[-120.866529,39.83789,1671.8],[-120.866537,39.837842,1671.8],[-120.866547,39.837793,1672.1],[-120.866556,39.837744,1672.1],[-120.866567,39.837696,1672.5],[-120.866576,39.837646,1672.5],[-120.866588,39.837597,1675.4],[-120.866589,39.83754,1675.4],[-120.866597,39.837494,1676.8],[-120.8666,39.837445,1678.4],[-120.866603,39.837394,1678.4],[-120.866601,39.83734,1680.0],[-120.866595,39.837284,1680.0],[-120.866589,39.837228,1679.0],[-120.866584,39.837176,1679.0],[-120.866579,39.837124,1679.5],[-120.866577,39.837072,1679.6],[-120.866576,39.837019,1679.6],[-120.866571,39.83697,1679.8],[-120.866549,39.836934,1679.8],[-120.866542,39.836891,1680.0],[-120.866533,39.836857,1680.0],[-120.866522,39.836826,1680.0],[-120.866506,39.836787,1678.4],[-120.866498,39.836763,1678.4],[-120.866468,39.836648,1679.0],[-120.866445,39.836602,1679.8],[-120.866426,39.836562,1679.8],[-120.866404,39.836526,1679.3],[-120.86636,39.836457,1679.3],[-120.866343,39.836429,1680.9],[-120.866325,39.836396,1679.5],[-120.866305,39.836361,1679.5],[-120.866286,39.836327,1681.5],[-120.866278,39.836286,1681.5],[-120.866261,39.836247,1683.6],[-120.86625,39.836207,1683.6],[-120.866245,39.836168,1683.6],[-120.866245,39.836127,1685.3],[-120.866242,39.836083,1685.3],[-120.866243,39.83604,1686.6],[-120.866254,39.835993,1686.6],[-120.866271,39.835951,1687.4],[-120.866295,39.835913,1687.4],[-120.866315,39.835877,1687.5],[-120.86634,39.835857,1688.3],[-120.86637,39.835839,1688.3],[-120.86638,39.835832,1688.3],[-120.866404,39.835807,1688.3],[-120.866441,39.83578,1688.6],[-120.866451,39.835768,1688.6],[-120.866486,39.83575,1688.6],[-120.866531,39.835723,1689.7],[-120.866557,39.835705,1688.8],[-120.866593,39.835673,1688.8],[-120.866616,39.835661,1690.3],[-120.866657,39.835641,1690.3],[-120.866674,39.835633,1690.3],[-120.866724,39.835619,1691.8],[-120.866742,39.835613,1690.8],[-120.866802,39.835613,1692.2],[-120.866861,39.835608,1692.2],[-120.866889,39.835603,1693.2],[-120.866946,39.8356,1693.2],[-120.866977,39.835596,1694.1],[-120.867042,39.835587,1694.1],[-120.867072,39.835581,1695.1],[-120.867115,39.835575,1695.1],[-120.86715,39.835562,1695.1],[-120.867206,39.835554,1696.1],[-120.86725,39.835546,1696.1],[-120.867298,39.835538,1695.2],[-120.86734,39.835541,1695.2],[-120.867386,39.83554,1696.1],[-120.86744,39.835533,1696.1],[-120.867478,39.83553,1697.2],[-120.867526,39.835524,1697.2],[-120.867565,39.835509,1698.3],[-120.867609,39.835496,1698.3],[-120.867654,39.835486,1699.7],[-120.867704,39.835479,1699.7],[-120.867753,39.835479,1701.5],[-120.867801,39.835476,1701.5],[-120.867841,39.835466,1703.6],[-120.867907,39.835459,1705.7],[-120.86804,39.835439,1705.1],[-120.868087,39.835432,1706.7],[-120.868132,39.835422,1706.7],[-120.868173,39.835411,1707.9],[-120.868216,39.835404,1707.9],[-120.868264,39.835397,1707.9],[-120.868308,39.835391,1708.7],[-120.868349,39.835389,1708.7],[-120.868394,39.835381,1709.3],[-120.868411,39.835379,1709.3],[-120.868427,39.835376,1709.3],[-120.868443,39.835373,1709.9],[-120.868484,39.83537,1709.9],[-120.86852,39.835367,1709.9],[-120.868562,39.835358,1710.4],[-120.868597,39.835349,1708.7],[-120.868632,39.83534,1709.2],[-120.868668,39.835336,1709.2],[-120.868708,39.835325,1709.2],[-120.868746,39.835319,1709.7],[-120.868787,39.83531,1709.7],[-120.868828,39.835304,1710.1],[-120.868868,39.835298,1710.1],[-120.868914,39.835295,1710.6],[-120.868961,39.835291,1710.6],[-120.869006,39.835291,1711.3],[-120.869055,39.835286,1711.3],[-120.869097,39.83528,1712.0],[-120.869139,39.835273,1712.0],[-120.869181,39.835268,1710.7],[-120.869221,39.835259,1710.7],[-120.869261,39.835258,1711.6],[-120.869301,39.835255,1711.6],[-120.869343,39.835252,1711.6],[-120.869384,39.835245,1712.8],[-120.869425,39.835239,1712.8],[-120.869467,39.835232,1714.6],[-120.869512,39.835231,1714.6],[-120.869556,39.835222,1716.9],[-120.869595,39.835224,1716.9],[-120.869641,39.835219,1719.4],[-120.869681,39.83521,1719.4],[-120.869721,39.835209,1719.4],[-120.869763,39.835196,1721.6],[-120.869805,39.835189,1721.6],[-120.86985,39.835186,1723.1],[-120.869892,39.835179,1721.3],[-120.869933,39.835171,1722.5],[-120.869976,39.835163,1722.5],[-120.870019,39.835154,1723.4],[-120.870064,39.835148,1723.4],[-120.870106,39.835141,1724.3],[-120.870152,39.835133,1724.3],[-120.870196,39.835126,1725.6],[-120.870237,39.835125,1725.6],[-120.870253,39.835124,1725.6],[-120.870269,39.835124,1725.6],[-120.870321,39.835119,1727.5],[-120.870363,39.835118,1727.5],[-120.870432,39.835109,1730.2],[-120.870477,39.835104,1730.1],[-120.870543,39.835094,1730.1],[-120.87059,39.835093,1732.9],[-120.870642,39.83509,1734.5],[-120.870698,39.835089,1734.5],[-120.870744,39.835089,1735.1],[-120.870795,39.835091,1735.1],[-120.870856,39.835082,1735.5],[-120.870913,39.835084,1736.0],[-120.870942,39.835087,1736.0],[-120.870987,39.835092,1736.0],[-120.871036,39.835091,1736.7],[-120.871066,39.835091,1736.7],[-120.871114,39.835095,1737.4],[-120.871135,39.835097,1737.4],[-120.871193,39.835105,1738.2],[-120.871267,39.835117,1741.1],[-120.871317,39.835121,1742.4],[-120.871364,39.835121,1744.0],[-120.871402,39.835117,1744.0],[-120.871464,39.83512,1745.6],[-120.871492,39.835122,1745.6],[-120.871536,39.835124,1745.6],[-120.871585,39.835121,1746.9],[-120.871709,39.835106,1745.9],[-120.871757,39.835105,1746.5],[-120.871806,39.835103,1746.5],[-120.871856,39.8351,1746.8],[-120.871906,39.835091,1746.8],[-120.87195,39.835088,1747.1],[-120.871995,39.835084,1747.1],[-120.872039,39.835083,1747.5],[-120.872082,39.835082,1747.5],[-120.872128,39.835079,1748.0],[-120.872174,39.835075,1748.0],[-120.872217,39.835067,1748.6],[-120.872261,39.835063,1748.6],[-120.872299,39.835058,1749.5],[-120.87234,39.835047,1749.5],[-120.87238,39.835037,1749.5],[-120.872425,39.835036,1750.6],[-120.872473,39.835031,1750.6],[-120.872516,39.835024,1751.9],[-120.872556,39.835016,1751.9],[-120.872563,39.835013,1751.9],[-120.872599,39.83501,1753.6],[-120.87265,39.834992,1751.3],[-120.872698,39.834986,1754.1],[-120.872721,39.834979,1754.1],[-120.872764,39.834971,1756.9],[-120.872804,39.834967,1756.9],[-120.872841,39.834947,1756.9],[-120.872918,39.834916,1758.4],[-120.872979,39.834892,1759.7],[-120.873039,39.834867,1760.8],[-120.873071,39.834856,1760.8],[-120.873126,39.834856,1762.1],[-120.873171,39.834845,1762.1],[-120.873214,39.834828,1761.5],[-120.873249,39.834812,1761.5],[-120.873285,39.834799,1761.5],[-120.873325,39.834788,1764.1],[-120.873365,39.834774,1764.1],[-120.873408,39.834767,1767.1],[-120.873452,39.834753,1767.1],[-120.873499,39.834741,1769.5],[-120.873543,39.834736,1769.5],[-120.87359,39.834726,1771.8],[-120.873631,39.834712,1771.8],[-120.873671,39.8347,1771.8],[-120.873712,39.834689,1773.3],[-120.873757,39.834684,1773.3],[-120.87378,39.834679,1774.4],[-120.873818,39.834665,1774.4],[-120.873847,39.834663,1774.4],[-120.873881,39.834657,1775.2],[-120.873901,39.834653,1775.2],[-120.873959,39.834643,1776.1],[-120.874,39.834638,1776.1],[-120.874019,39.834636,1776.1],[-120.874084,39.834625,1777.5],[-120.874141,39.834628,1778.1],[-120.87417,39.834626,1778.1],[-120.874213,39.834619,1778.1],[-120.874256,39.834616,1778.4],[-120.874298,39.834608,1778.4],[-120.874356,39.834607,1778.9],[-120.874389,39.834606,1778.9],[-120.874447,39.834606,1779.4],[-120.874472,39.834606,1779.4],[-120.874533,39.834614,1780.1],[-120.874588,39.834619,1780.1],[-120.87461,39.834622,1780.9],[-120.874673,39.834624,1780.9],[-120.874708,39.83463,1779.5],[-120.874765,39.834639,1780.0],[-120.874798,39.83465,1780.0],[-120.874844,39.834665,1781.0],[-120.874905,39.83468,1782.2],[-120.874943,39.834691,1782.2],[-120.874988,39.834701,1783.1],[-120.875039,39.834713,1783.1],[-120.875074,39.834725,1783.1],[-120.875129,39.834733,1779.9],[-120.875182,39.834741,1779.6],[-120.875202,39.834741,1779.6],[-120.875255,39.834747,1779.6],[-120.875275,39.834748,1779.4],[-120.875329,39.834741,1779.4],[-120.875347,39.834738,1779.4],[-120.875365,39.834735,1779.3],[-120.875401,39.834731,1779.3],[-120.875453,39.834728,1780.2],[-120.87547,39.834726,1780.2],[-120.875505,39.834722,1780.2],[-120.875552,39.834712,1781.5],[-120.875568,39.834708,1781.5],[-120.875615,39.834698,1784.6],[-120.87563,39.834693,1785.0],[-120.875678,39.834681,1785.0],[-120.875693,39.834676,1785.0],[-120.875737,39.83466,1785.2],[-120.875752,39.834653,1785.2],[-120.875798,39.834643,1785.5],[-120.875814,39.83464,1785.5],[-120.875859,39.834624,1787.8],[-120.875873,39.834617,1787.8],[-120.875915,39.834603,1787.8],[-120.875928,39.834598,1787.8],[-120.875971,39.834584,1787.8],[-120.875985,39.834579,1788.0],[-120.876028,39.834562,1788.0],[-120.876042,39.834557,1788.0],[-120.876087,39.834549,1792.0],[-120.876101,39.834545,1792.0],[-120.876144,39.834534,1792.0],[-120.876157,39.83453,1792.0],[-120.876202,39.834523,1792.0],[-120.876216,39.834519,1792.0],[-120.876259,39.834513,1792.0],[-120.876273,39.834509,1792.0],[-120.876328,39.834497,1791.0],[-120.876355,39.834487,1791.0],[-120.87638,39.834477,1790.8],[-120.87642,39.834468,1790.8],[-120.876434,39.834464,1790.8],[-120.876477,39.834468,1790.7],[-120.87649,39.834467,1790.7],[-120.876531,39.834464,1790.7],[-120.876543,39.834464,1790.7],[-120.876588,39.834458,1790.3],[-120.876604,39.834457,1790.3],[-120.876643,39.834459,1790.3],[-120.876655,39.834458,1790.8],[-120.876697,39.834457,1790.8],[-120.87671,39.834454,1790.8],[-120.876756,39.83446,1792.0],[-120.876771,39.834462,1792.0],[-120.876819,39.834463,1792.0],[-120.876835,39.834462,1793.8],[-120.87688,39.834477,1793.8],[-120.876893,39.834483,1793.8],[-120.876931,39.834493,1796.8],[-120.876945,39.834493,1796.8],[-120.876988,39.834502,1796.8],[-120.877005,39.834504,1796.8],[-120.877054,39.834511,1800.7],[-120.87707,39.834515,1800.7],[-120.877114,39.834528,1803.7],[-120.877127,39.834531,1803.7],[-120.877163,39.834541,1803.7],[-120.877205,39.834557,1802.7],[-120.877224,39.834562,1802.7],[-120.87726,39.834576,1802.7],[-120.877303,39.834594,1805.6],[-120.877319,39.834598,1805.6],[-120.877358,39.834615,1805.6],[-120.877388,39.834638,1806.4],[-120.877407,39.834649,1806.4],[-120.877445,39.834658,1806.4],[-120.877458,39.834665,1806.4],[-120.877485,39.834685,1810.1],[-120.877525,39.834703,1810.1],[-120.877544,39.834712,1810.1],[-120.877573,39.834733,1811.4],[-120.877586,39.834743,1811.4],[-120.877626,39.834765,1811.4],[-120.87764,39.834769,1811.4],[-120.877675,39.834782,1815.1],[-120.87772,39.834799,1815.1],[-120.877736,39.834807,1815.1],[-120.877774,39.834825,1815.9],[-120.877789,39.834831,1815.9],[-120.877826,39.834846,1815.9],[-120.877853,39.834868,1820.0],[-120.877867,39.834876,1820.0],[-120.877896,39.834896,1820.0],[-120.877927,39.834919,1820.6],[-120.877937,39.834928,1820.6],[-120.877959,39.834949,1820.6],[-120.877994,39.834969,1820.6],[-120.878006,39.834978,1820.6],[-120.878036,39.835006,1820.8],[-120.878046,39.835012,1820.8],[-120.878083,39.835035,1820.8],[-120.878097,39.835044,1820.8],[-120.878142,39.835068,1824.7],[-120.878159,39.83508,1824.7],[-120.878203,39.835113,1820.4],[-120.878227,39.83513,1823.1],[-120.878259,39.835159,1823.1],[-120.87829,39.835176,1823.1],[-120.878323,39.835194,1820.6],[-120.878359,39.835212,1820.6],[-120.878395,39.835228,1821.6],[-120.878429,39.835247,1821.6],[-120.878463,39.835266,1821.6],[-120.878512,39.835279,1817.6],[-120.878529,39.835287,1817.6],[-120.878566,39.835299,1817.6],[-120.878606,39.835313,1817.8],[-120.878641,39.835323,1817.8],[-120.878676,39.835332,1817.8],[-120.878716,39.835336,1817.8],[-120.878751,39.835344,1817.8],[-120.878786,39.835353,1817.3],[-120.878823,39.83536,1817.3],[-120.878863,39.83536,1816.4],[-120.878903,39.835356,1816.4],[-120.878944,39.835348,1816.4],[-120.878987,39.835345,1815.7],[-120.879026,39.83533,1815.7],[-120.879069,39.83532,1814.9],[-120.87911,39.835305,1814.9],[-120.879152,39.835293,1814.3],[-120.879196,39.835282,1814.3],[-120.879232,39.835265,1816.4],[-120.879263,39.835245,1816.3],[-120.879286,39.835215,1816.3],[-120.879309,39.835193,1816.3],[-120.879338,39.835175,1819.5],[-120.879368,39.835154,1819.9],[-120.879394,39.835135,1819.9],[-120.879415,39.835111,1819.9],[-120.879437,39.835083,1819.7],[-120.87946,39.835059,1821.2],[-120.879484,39.835035,1821.2],[-120.879506,39.835013,1821.2],[-120.879533,39.83498,1819.4],[-120.879541,39.834968,1821.0],[-120.879564,39.834933,1821.0],[-120.879571,39.834921,1821.0],[-120.879582,39.834894,1821.0],[-120.879591,39.834864,1821.8],[-120.879607,39.834837,1821.8],[-120.879624,39.834811,1819.7],[-120.879638,39.834785,1820.5],[-120.879651,39.83476,1820.5],[-120.87966,39.834731,1820.5],[-120.879667,39.834704,1821.3],[-120.879675,39.834676,1821.3],[-120.879684,39.834648,1821.3],[-120.879693,39.834617,1822.3],[-120.879701,39.834589,1822.3],[-120.879706,39.834547,1819.6],[-120.879706,39.83453,1821.5],[-120.879714,39.834465,1821.5],[-120.879719,39.834435,1826.5],[-120.879729,39.834396,1826.5],[-120.879731,39.834381,1826.5],[-120.879735,39.83435,1826.5],[-120.879742,39.83432,1830.8],[-120.879746,39.83429,1830.8],[-120.879753,39.834264,1830.8],[-120.879758,39.834236,1832.3],[-120.879763,39.834206,1832.3],[-120.879767,39.834174,1832.3],[-120.87977,39.834142,1833.1],[-120.879771,39.834114,1833.1],[-120.879776,39.834086,1833.1],[-120.879784,39.834057,1833.9],[-120.879791,39.834023,1831.9],[-120.879796,39.833994,1831.9],[-120.879801,39.833966,1832.7],[-120.879809,39.833927,1832.7],[-120.87981,39.833914,1832.7],[-120.879817,39.833874,1833.6],[-120.879818,39.83386,1833.6],[-120.879827,39.833829,1833.6],[-120.879835,39.83379,1833.6],[-120.879836,39.833777,1834.7],[-120.879844,39.833743,1834.7],[-120.879848,39.83373,1834.7],[-120.87985,39.833697,1834.7],[-120.879851,39.833687,1834.7],[-120.879855,39.833647,1836.4],[-120.879859,39.833633,1836.4],[-120.879867,39.833612,1836.4],[-120.879869,39.83358,1836.4],[-120.879877,39.833555,1836.0],[-120.879877,39.833542,1836.0],[-120.879877,39.83351,1836.0],[-120.879878,39.833499,1836.0],[-120.879881,39.833468,1838.7],[-120.879883,39.833443,1838.7],[-120.879884,39.833427,1838.7],[-120.879886,39.8334,1840.3],[-120.879887,39.833387,1840.3],[-120.879892,39.833355,1840.3],[-120.879892,39.833347,1840.3],[-120.879895,39.833314,1840.3],[-120.879901,39.833291,1840.8],[-120.879902,39.833276,1840.8],[-120.879903,39.83326,1840.8],[-120.879903,39.833241,1840.8],[-120.879911,39.833209,1841.4],[-120.879912,39.833201,1841.4],[-120.879924,39.833174,1841.4],[-120.879927,39.833163,1841.4],[-120.87993,39.833136,1841.4],[-120.879933,39.833124,1841.8],[-120.87993,39.833107,1841.8],[-120.879929,39.833094,1841.8],[-120.879933,39.833074,1841.8],[-120.879937,39.83306,1841.8],[-120.879943,39.833036,1841.8],[-120.879942,39.833026,1842.1],[-120.879951,39.833008,1842.1],[-120.879944,39.833001,1842.1],[-120.879956,39.833008,1842.1],[-120.879954,39.833001,1842.1],[-120.879963,39.83299,1842.1],[-120.87996,39.832984,1842.1],[-120.879963,39.832969,1842.1],[-120.879969,39.832967,1842.1],[-120.879968,39.83297,1842.1],[-120.879967,39.832973,1842.1],[-120.879985,39.832951,1839.3],[-120.879975,39.832943,1842.4],[-120.879978,39.832959,1842.1],[-120.879977,39.832966,1842.1],[-120.879978,39.832964,1842.1],[-120.879978,39.832963,1842.1],[-120.879978,39.832964,1842.1],[-120.879979,39.832965,1842.1],[-120.879977,39.832965,1842.1],[-120.879978,39.832967,1842.1],[-120.879978,39.832966,1842.1],[-120.879977,39.832966,1842.1],[-120.87998,39.83297,1842.1],[-120.879975,39.832969,1842.1],[-120.879978,39.832969,1842.1],[-120.879976,39.83297,1842.1],[-120.879975,39.83297,1842.1],[-120.879974,39.832969,1842.1],[-120.879974,39.83297,1842.1],[-120.879975,39.832969,1842.1],[-120.879974,39.83297,1842.1],[-120.879975,39.83297,1842.1],[-120.879974,39.83297,1842.1],[-120.879973,39.832968,1842.1],[-120.879972,39.832968,1842.1],[-120.879972,39.832967,1842.1],[-120.879973,39.832967,1842.1],[-120.879972,39.832966,1842.1],[-120.879974,39.832968,1842.1],[-120.879972,39.832968,1842.1],[-120.879973,39.832968,1842.1],[-120.879974,39.832971,1842.1],[-120.879976,39.832972,1842.1],[-120.879973,39.832971,1842.1],[-120.879972,39.832974,1842.1],[-120.879975,39.832971,1842.1],[-120.87997,39.832974,1842.1],[-120.879979,39.832968,1842.1],[-120.879975,39.832977,1842.1],[-120.879976,39.832974,1842.1],[-120.879977,39.832974,1842.1],[-120.879977,39.832971,1842.1],[-120.879977,39.832972,1842.1],[-120.879976,39.832971,1842.1],[-120.879977,39.832971,1842.1],[-120.879976,39.832972,1842.1],[-120.879977,39.832971,1842.1],[-120.879983,39.832971,1842.1],[-120.879983,39.83297,1842.1],[-120.879985,39.83297,1842.1],[-120.879984,39.832971,1842.1],[-120.879985,39.832971,1842.1],[-120.879982,39.832971,1842.1],[-120.879983,39.832971,1842.1],[-120.879983,39.832973,1842.1],[-120.879983,39.83297,1842.1],[-120.879981,39.832974,1842.1],[-120.879983,39.832971,1842.1],[-120.879984,39.83297,1842.1],[-120.879984,39.832971,1842.1],[-120.879984,39.83297,1842.1],[-120.879983,39.832974,1842.1],[-120.879985,39.832972,1842.1],[-120.879986,39.832974,1842.1],[-120.879986,39.832973,1842.1],[-120.879985,39.832973,1842.1],[-120.879984,39.832976,1842.1],[-120.879984,39.832975,1842.1],[-120.879985,39.832976,1842.1],[-120.879986,39.832977,1842.1],[-120.879987,39.832978,1842.1],[-120.879986,39.832979,1842.1],[-120.879987,39.832978,1842.1],[-120.879988,39.832978,1842.1],[-120.879986,39.832978,1842.1],[-120.879984,39.832977,1842.1],[-120.879985,39.832978,1842.1],[-120.879985,39.832977,1842.1],[-120.879984,39.832977,1842.1],[-120.879989,39.832979,1838.8],[-120.87999,39.832978,1838.8],[-120.879991,39.832978,1838.8],[-120.879986,39.832978,1842.1],[-120.879974,39.832984,1842.1],[-120.879977,39.832982,1842.1],[-120.879973,39.832984,1842.1],[-120.879977,39.832991,1842.1],[-120.879978,39.832989,1842.1],[-120.879974,39.832987,1842.1],[-120.879975,39.832986,1842.1],[-120.879973,39.832986,1842.1],[-120.879974,39.832984,1842.1],[-120.879974,39.832983,1842.1],[-120.879972,39.832983,1842.1],[-120.879972,39.832982,1842.1],[-120.879971,39.832983,1842.1],[-120.87997,39.832982,1842.1],[-120.879972,39.832982,1842.1],[-120.879971,39.832982,1842.1],[-120.879971,39.83298,1842.1],[-120.879971,39.832979,1842.1],[-120.879968,39.832976,1842.1],[-120.879965,39.832972,1842.1],[-120.879966,39.832971,1842.1],[-120.879967,39.832971,1842.1],[-120.879966,39.832969,1842.1],[-120.879967,39.832968,1842.1],[-120.879968,39.832969,1842.1],[-120.879967,39.83297,1842.1],[-120.879968,39.83297,1842.1],[-120.879967,39.83297,1842.1],[-120.879966,39.832968,1842.1],[-120.879967,39.832969,1842.1],[-120.87997,39.83297,1842.1],[-120.879973,39.832968,1842.1],[-120.879974,39.832968,1842.1],[-120.879968,39.832963,1842.1],[-120.879966,39.832952,1842.1],[-120.879965,39.832936,1842.4],[-120.879964,39.832917,1842.4],[-120.879965,39.832906,1842.4],[-120.879967,39.832896,1842.4],[-120.879965,39.832857,1842.4],[-120.879966,39.83284,1842.8],[-120.879963,39.832824,1842.8],[-120.879961,39.832812,1842.8],[-120.87996,39.832793,1842.8],[-120.879958,39.832768,1842.8],[-120.879958,39.832759,1843.4],[-120.879958,39.832751,1843.4],[-120.87996,39.832734,1843.4],[-120.879962,39.83272,1843.4],[-120.87996,39.832701,1843.4],[-120.87996,39.832684,1843.4],[-120.879958,39.832673,1844.1],[-120.87996,39.832665,1844.1],[-120.87996,39.83265,1844.1],[-120.879961,39.832633,1844.1],[-120.87996,39.832629,1844.1],[-120.879963,39.832627,1844.1],[-120.879963,39.832631,1844.1],[-120.879966,39.832631,1844.1],[-120.879963,39.832632,1844.1],[-120.879959,39.832632,1844.1],[-120.879958,39.832634,1844.1],[-120.879958,39.832635,1844.1],[-120.87996,39.832632,1844.1],[-120.879959,39.832632,1844.1],[-120.879957,39.832634,1844.1],[-120.879958,39.832636,1844.1],[-120.879957,39.832635,1844.1],[-120.879953,39.832628,1844.1],[-120.879949,39.832615,1844.1],[-120.87995,39.832603,1844.1],[-120.879946,39.832595,1844.1],[-120.879943,39.832588,1844.1],[-120.879939,39.83258,1845.1],[-120.879936,39.832573,1845.1],[-120.879944,39.832544,1845.1],[-120.879944,39.832531,1845.1],[-120.879938,39.832504,1845.1],[-120.879935,39.832494,1846.9],[-120.879931,39.832465,1846.9],[-120.879928,39.832454,1846.9],[-120.879925,39.832424,1846.9],[-120.879924,39.832414,1846.9],[-120.879919,39.832382,1849.5],[-120.879919,39.832369,1849.5],[-120.879918,39.832351,1849.5],[-120.879909,39.832335,1849.5],[-120.879906,39.832315,1851.4],[-120.879904,39.832303,1851.4],[-120.879896,39.832276,1851.4],[-120.879895,39.832267,1851.4],[-120.879892,39.832238,1851.4],[-120.879894,39.832227,1851.4],[-120.879894,39.832195,1852.1],[-120.879892,39.832185,1852.1],[-120.879887,39.832157,1852.1],[-120.879885,39.832147,1852.1],[-120.879885,39.832119,1852.5],[-120.879885,39.83211,1852.5],[-120.879885,39.832082,1852.5],[-120.879884,39.832072,1852.5],[-120.879877,39.832045,1852.6],[-120.879874,39.832035,1852.6],[-120.87987,39.832019,1852.6],[-120.879871,39.832,1852.6],[-120.879865,39.83197,1852.6],[-120.879867,39.83196,1852.6],[-120.87986,39.831928,1852.6],[-120.879857,39.831917,1852.6],[-120.879848,39.831889,1855.6],[-120.879848,39.831879,1855.6],[-120.879853,39.831849,1852.6],[-120.879856,39.831838,1852.6],[-120.87986,39.831809,1852.6],[-120.879857,39.831798,1852.6],[-120.879859,39.831769,1852.9],[-120.879857,39.831758,1852.9],[-120.879858,39.831728,1852.9],[-120.87986,39.831718,1852.9],[-120.879858,39.831688,1852.9],[-120.879857,39.831678,1853.5],[-120.879852,39.831647,1856.4],[-120.879853,39.831637,1856.4],[-120.87985,39.831604,1856.4],[-120.879851,39.831594,1856.4],[-120.879844,39.831562,1857.3],[-120.879846,39.831551,1857.3],[-120.879845,39.83152,1857.3],[-120.879844,39.831509,1857.3],[-120.879845,39.831478,1858.6],[-120.879845,39.831468,1858.6],[-120.879843,39.831435,1858.6],[-120.879844,39.831424,1858.6],[-120.879837,39.831393,1858.6],[-120.879834,39.831383,1860.8],[-120.879838,39.831352,1860.8],[-120.879838,39.831342,1860.8],[-120.879839,39.83131,1860.8],[-120.879837,39.831298,1860.8],[-120.879842,39.831264,1864.1],[-120.879841,39.831253,1864.1],[-120.879842,39.831216,1864.1],[-120.879844,39.831201,1864.1],[-120.879843,39.83117,1867.0],[-120.879846,39.831138,1867.0],[-120.879847,39.831128,1867.0],[-120.879851,39.83109,1868.6],[-120.879852,39.831078,1868.6],[-120.879858,39.831042,1868.6],[-120.879861,39.83103,1868.6],[-120.879874,39.830994,1867.1],[-120.879878,39.830982,1867.1],[-120.87989,39.830946,1867.1],[-120.8799,39.830933,1867.1],[-120.879905,39.830903,1868.5],[-120.879905,39.830896,1868.5],[-120.879925,39.830869,1868.5],[-120.87993,39.830859,1868.5],[-120.879952,39.830816,1869.4],[-120.879974,39.830784,1869.4],[-120.879986,39.830757,1866.6],[-120.880006,39.830727,1867.9],[-120.880023,39.830699,1867.9],[-120.88004,39.830664,1867.9],[-120.880049,39.830639,1869.1],[-120.88006,39.830613,1869.1],[-120.880067,39.830586,1866.4],[-120.880078,39.830558,1867.5],[-120.880088,39.830526,1867.5],[-120.8801,39.830499,1867.5],[-120.88011,39.830467,1868.1],[-120.880116,39.830435,1868.1],[-120.880134,39.830409,1868.1],[-120.880147,39.830356,1868.6],[-120.880143,39.830317,1868.6],[-120.880164,39.830286,1866.6],[-120.880197,39.83013,1867.2],[-120.8802,39.830109,1867.2],[-120.880204,39.830066,1867.7],[-120.880205,39.830023,1867.7],[-120.880201,39.829978,1867.9],[-120.880199,39.829937,1867.9],[-120.880199,39.829891,1867.9],[-120.880206,39.829849,1867.9],[-120.880199,39.82981,1867.6],[-120.880197,39.829768,1867.6],[-120.880193,39.829724,1867.2],[-120.880187,39.829683,1867.2],[-120.880174,39.829642,1867.2],[-120.880157,39.829598,1866.7],[-120.880144,39.829553,1868.9],[-120.880128,39.829509,1868.1],[-120.880113,39.829469,1868.1],[-120.880095,39.829424,1867.2],[-120.880078,39.829383,1867.2],[-120.880068,39.829332,1868.3],[-120.880068,39.829309,1868.3],[-120.88006,39.829276,1868.3],[-120.880045,39.829239,1867.4],[-120.880035,39.829212,1867.4],[-120.880034,39.829186,1867.4],[-120.880029,39.829171,1866.5],[-120.880017,39.829133,1866.5],[-120.879994,39.82907,1865.5],[-120.879983,39.829029,1867.6],[-120.879968,39.828986,1867.6],[-120.87995,39.828939,1867.0],[-120.87994,39.828897,1867.0],[-120.879931,39.828855,1867.0],[-120.879922,39.828814,1867.0],[-120.879912,39.828771,1867.5],[-120.879896,39.82873,1867.5],[-120.879869,39.828683,1870.0],[-120.879849,39.828632,1870.0],[-120.879834,39.828582,1870.4],[-120.879826,39.82854,1870.4],[-120.879829,39.828538,1870.4],[-120.879836,39.828508,1870.6],[-120.879839,39.828461,1870.6],[-120.879847,39.82838,1870.6],[-120.879849,39.82831,1870.5],[-120.879851,39.82824,1870.5],[-120.879864,39.828194,1870.6],[-120.879883,39.828148,1870.9],[-120.879899,39.828104,1869.8],[-120.879916,39.828054,1870.4],[-120.879933,39.828007,1870.4],[-120.879956,39.827956,1871.3],[-120.879976,39.827906,1871.3],[-120.880012,39.827855,1872.4],[-120.880058,39.82781,1872.4],[-120.880094,39.827764,1874.4],[-120.880139,39.827721,1874.4],[-120.880195,39.827682,1875.5],[-120.880256,39.827654,1874.8],[-120.880314,39.827631,1874.8],[-120.880384,39.82761,1873.9],[-120.880444,39.827587,1873.8],[-120.880492,39.827562,1873.8],[-120.880538,39.827549,1872.1],[-120.880586,39.827525,1872.1],[-120.880628,39.827492,1871.9],[-120.880629,39.827496,1871.9],[-120.880655,39.82747,1871.9],[-120.880692,39.827449,1871.9],[-120.880713,39.827421,1870.8],[-120.880737,39.827393,1872.1],[-120.880791,39.827326,1873.2],[-120.880833,39.827275,1871.7],[-120.880874,39.827223,1872.7],[-120.880888,39.827179,1872.7],[-120.880893,39.827142,1870.7],[-120.880896,39.8271,1871.4],[-120.8809,39.827057,1871.4],[-120.880904,39.82702,1871.5],[-120.880905,39.826982,1871.5],[-120.880902,39.826943,1871.4],[-120.8809,39.826902,1871.4],[-120.880901,39.826867,1871.4],[-120.880902,39.826833,1871.4],[-120.880898,39.826795,1871.4],[-120.88089,39.826759,1873.6],[-120.880882,39.826723,1873.6],[-120.880875,39.826686,1873.6],[-120.880871,39.826651,1874.4],[-120.880875,39.826621,1874.4],[-120.880868,39.826601,1874.4],[-120.880857,39.826569,1875.2],[-120.880854,39.826554,1875.2],[-120.880848,39.826525,1875.2],[-120.880847,39.826488,1876.3],[-120.880842,39.826473,1876.3],[-120.880825,39.826437,1876.3],[-120.88082,39.826425,1876.5],[-120.880805,39.826399,1876.8],[-120.880805,39.826367,1876.8],[-120.880797,39.826337,1876.8],[-120.88079,39.826308,1876.8],[-120.88079,39.82628,1876.8],[-120.880787,39.826251,1876.8],[-120.880786,39.826213,1877.0],[-120.880783,39.826199,1877.0],[-120.880791,39.826172,1877.0],[-120.880787,39.826133,1877.0],[-120.880787,39.82612,1877.3],[-120.880799,39.826092,1877.3],[-120.880803,39.826053,1877.3],[-120.880803,39.82604,1877.3],[-120.880808,39.825985,1877.5],[-120.880818,39.825956,1877.5],[-120.880823,39.825924,1879.2],[-120.880836,39.825895,1879.2],[-120.880851,39.825868,1879.2],[-120.880873,39.82584,1880.2],[-120.880897,39.825809,1880.2],[-120.880921,39.82578,1881.7],[-120.88094,39.825749,1883.2],[-120.88095,39.825714,1883.2],[-120.880963,39.825683,1883.2],[-120.880981,39.825656,1884.8],[-120.881003,39.825627,1884.8],[-120.881026,39.825602,1886.0],[-120.881043,39.825571,1887.0],[-120.881063,39.825546,1887.0],[-120.881084,39.825518,1887.0],[-120.881092,39.825486,1887.0],[-120.881111,39.825456,1888.2],[-120.881132,39.825429,1888.2],[-120.881139,39.825394,1888.2],[-120.881155,39.825366,1887.6],[-120.881182,39.825343,1887.6],[-120.881201,39.825315,1890.3],[-120.881215,39.825287,1889.6],[-120.881225,39.825256,1889.6],[-120.881226,39.825222,1889.6],[-120.881235,39.825188,1888.6],[-120.881246,39.825161,1888.6],[-120.881256,39.825128,1888.6],[-120.881272,39.825099,1888.6],[-120.881282,39.825072,1891.0],[-120.881294,39.825042,1891.0],[-120.881308,39.825013,1891.0],[-120.881314,39.824982,1894.0],[-120.881326,39.824954,1894.0],[-120.881339,39.824924,1894.0],[-120.881354,39.824896,1895.4],[-120.881366,39.824863,1895.4],[-120.88138,39.824833,1897.8],[-120.881401,39.824805,1897.4],[-120.88142,39.824774,1897.4],[-120.88144,39.824747,1897.4],[-120.881457,39.824718,1897.9],[-120.881472,39.82469,1898.5],[-120.881489,39.824664,1898.5],[-120.88151,39.824639,1898.3],[-120.881527,39.824608,1898.3],[-120.881551,39.82458,1898.3],[-120.881573,39.824621,1897.6],[-120.881581,39.824675,1897.7],[-120.881599,39.824647,1897.6],[-120.88163,39.824623,1897.6],[-120.881845,39.82417,1897.1],[-120.881865,39.82415,1897.1],[-120.881887,39.82412,1897.1],[-120.881912,39.824087,1897.2],[-120.881945,39.82406,1896.6],[-120.881967,39.824029,1896.6],[-120.881992,39.824002,1897.5],[-120.882017,39.823973,1897.5],[-120.882044,39.823942,1896.3],[-120.882072,39.823915,1897.4],[-120.882096,39.823885,1897.4],[-120.882115,39.823853,1897.4],[-120.882136,39.823816,1896.9],[-120.882164,39.823777,1896.9],[-120.882193,39.823738,1897.2],[-120.882222,39.8237,1896.4],[-120.882248,39.823662,1896.4],[-120.882274,39.823622,1896.8],[-120.882313,39.823603,1896.1],[-120.882329,39.823581,1896.1],[-120.882338,39.823566,1896.1],[-120.88239,39.823464,1897.0],[-120.882421,39.82342,1899.0],[-120.882448,39.823376,1899.0],[-120.882479,39.823326,1899.0],[-120.882509,39.823281,1900.1],[-120.882539,39.823234,1900.0],[-120.88257,39.823188,1900.0],[-120.882597,39.823142,1901.3],[-120.882628,39.823092,1900.7],[-120.882655,39.823041,1900.7],[-120.882671,39.82299,1902.0],[-120.882692,39.82294,1902.0],[-120.88271,39.822889,1901.0],[-120.88273,39.822837,1901.0],[-120.882754,39.822788,1903.8],[-120.882774,39.822735,1903.8],[-120.882793,39.822682,1904.9],[-120.882818,39.822634,1904.9],[-120.88284,39.822586,1907.1],[-120.882857,39.822539,1910.7],[-120.882875,39.8225,1911.2],[-120.882883,39.822449,1911.2],[-120.882895,39.822403,1911.3],[-120.882924,39.822359,1911.3],[-120.882945,39.822321,1913.5],[-120.882958,39.822278,1913.5],[-120.882971,39.822242,1913.6],[-120.882978,39.822214,1913.6],[-120.883,39.822176,1913.6],[-120.883004,39.822156,1913.7],[-120.883007,39.822117,1913.7],[-120.88301,39.822101,1913.7],[-120.883025,39.822072,1913.8],[-120.883022,39.822042,1913.8],[-120.883022,39.82201,1913.8],[-120.883023,39.821982,1913.8],[-120.883028,39.82195,1913.8],[-120.883022,39.821919,1913.8],[-120.883035,39.821751,1912.9],[-120.883035,39.821733,1912.9],[-120.883033,39.821697,1912.1],[-120.883046,39.821668,1914.5],[-120.883051,39.821639,1914.5],[-120.883059,39.821608,1913.7],[-120.883069,39.82158,1913.7],[-120.883084,39.82155,1913.7],[-120.883098,39.821523,1913.3],[-120.883102,39.821497,1913.3],[-120.883095,39.821496,1913.3],[-120.883104,39.821486,1913.3],[-120.883114,39.821469,1913.3],[-120.883129,39.821443,1913.8],[-120.883137,39.821415,1913.8],[-120.883155,39.821377,1916.1],[-120.883162,39.821357,1917.2],[-120.883181,39.821319,1917.2],[-120.88319,39.821293,1917.2],[-120.883208,39.821257,1918.3],[-120.883243,39.821228,1919.8],[-120.883259,39.821216,1919.8],[-120.88328,39.821184,1919.9],[-120.883287,39.821173,1919.9],[-120.883305,39.821138,1919.9],[-120.883313,39.821127,1919.9],[-120.883336,39.821092,1921.1],[-120.883342,39.821079,1921.1],[-120.88337,39.821046,1921.1],[-120.883379,39.821034,1921.1],[-120.883391,39.821009,1921.1],[-120.883416,39.820973,1922.2],[-120.883424,39.82096,1922.2],[-120.883446,39.820938,1922.2],[-120.883474,39.820906,1921.6],[-120.883482,39.820895,1921.6],[-120.8835,39.820871,1923.2],[-120.883517,39.820834,1923.2],[-120.883522,39.82082,1923.2],[-120.88354,39.820783,1922.4],[-120.883545,39.82077,1922.4],[-120.883574,39.820739,1922.4],[-120.883587,39.820731,1924.0],[-120.883596,39.820695,1923.0],[-120.883597,39.820683,1923.0],[-120.883605,39.820647,1923.0],[-120.883608,39.820635,1923.0],[-120.883627,39.820601,1922.2],[-120.883632,39.820589,1922.2],[-120.883654,39.820556,1922.2],[-120.883663,39.820546,1922.2],[-120.88368,39.820513,1922.8],[-120.883683,39.820501,1922.8],[-120.883703,39.820467,1922.8],[-120.883708,39.820455,1922.8],[-120.883725,39.820418,1922.3],[-120.883731,39.820404,1922.3],[-120.883751,39.820367,1923.6],[-120.883759,39.820354,1923.6],[-120.883787,39.820319,1923.1],[-120.883797,39.820306,1923.1],[-120.883807,39.820279,1923.1],[-120.883826,39.820241,1922.9],[-120.883833,39.820229,1924.3],[-120.883852,39.820204,1924.3],[-120.883873,39.820167,1924.3],[-120.883881,39.820154,1924.3],[-120.883891,39.820127,1924.7],[-120.883917,39.820092,1924.7],[-120.883924,39.82008,1926.0],[-120.883944,39.820044,1927.0],[-120.883951,39.820032,1927.0],[-120.883967,39.820007,1927.0],[-120.883977,39.81998,1927.0],[-120.883988,39.819954,1929.0],[-120.884001,39.819927,1929.0],[-120.884016,39.8199,1930.9],[-120.884029,39.819872,1932.6],[-120.884036,39.819842,1932.6],[-120.884049,39.819814,1932.6],[-120.884061,39.819788,1933.5],[-120.884076,39.819761,1933.5],[-120.884094,39.819725,1933.5],[-120.884098,39.819712,1933.9],[-120.884096,39.819684,1933.9],[-120.884112,39.819646,1935.6],[-120.884116,39.819633,1935.6],[-120.884121,39.819605,1935.8],[-120.884128,39.819578,1935.8],[-120.884131,39.819551,1935.8],[-120.884138,39.819512,1936.1],[-120.884141,39.819498,1936.1],[-120.884142,39.819458,1936.1],[-120.884142,39.819444,1936.1],[-120.884146,39.819406,1936.1],[-120.884148,39.819392,1936.1],[-120.884146,39.819365,1936.1],[-120.884147,39.819337,1936.2],[-120.884146,39.81931,1936.2],[-120.88414,39.819283,1936.2],[-120.884138,39.819256,1935.9],[-120.884142,39.819217,1935.9],[-120.884143,39.819202,1935.9],[-120.884147,39.819163,1935.6],[-120.884148,39.81915,1935.6],[-120.884144,39.819111,1935.6],[-120.884144,39.819098,1935.6],[-120.884146,39.81906,1935.1],[-120.884144,39.819045,1935.1],[-120.88414,39.819008,1935.1],[-120.884139,39.818994,1935.1],[-120.884136,39.818955,1934.4],[-120.884137,39.818942,1934.4],[-120.884141,39.818914,1934.4],[-120.884145,39.818876,1933.6],[-120.884145,39.818864,1933.6],[-120.884148,39.818826,1933.6],[-120.884151,39.818814,1933.6],[-120.884149,39.818777,1932.8],[-120.884152,39.818764,1932.8],[-120.884156,39.818726,1932.8],[-120.884159,39.818713,1932.8],[-120.884162,39.818675,1932.0],[-120.88416,39.818661,1932.0],[-120.88417,39.818624,1932.0],[-120.884172,39.818612,1930.9],[-120.884183,39.818586,1930.9],[-120.884193,39.81855,1930.9],[-120.884196,39.818537,1930.9],[-120.884199,39.818509,1929.7],[-120.884216,39.818475,1929.7],[-120.884219,39.818462,1929.7],[-120.884233,39.818428,1928.5],[-120.884238,39.818417,1929.2],[-120.884258,39.818385,1929.2],[-120.884264,39.818374,1929.2],[-120.88429,39.818348,1929.2],[-120.884298,39.818339,1929.2],[-120.884316,39.818308,1928.1],[-120.884324,39.818299,1929.1],[-120.88435,39.818273,1929.1],[-120.884358,39.818264,1929.1],[-120.88439,39.818241,1928.4],[-120.884397,39.818232,1928.4],[-120.884424,39.818207,1929.7],[-120.884435,39.8182,1929.7],[-120.884473,39.818166,1929.7],[-120.884492,39.81815,1930.9],[-120.884514,39.818137,1930.9],[-120.884547,39.818115,1930.9],[-120.884557,39.818107,1930.9],[-120.884593,39.818089,1932.7],[-120.884604,39.818082,1932.7],[-120.884641,39.818063,1932.6],[-120.884653,39.818058,1932.6],[-120.884695,39.818039,1934.6],[-120.884707,39.818032,1934.6],[-120.88474,39.818007,1934.6],[-120.884748,39.817997,1934.6],[-120.884778,39.81797,1936.6],[-120.884788,39.817961,1936.6],[-120.884824,39.817939,1936.6],[-120.884834,39.81793,1936.6],[-120.884874,39.817919,1938.1],[-120.884888,39.817916,1938.1],[-120.884927,39.817898,1939.1],[-120.884939,39.817892,1939.1],[-120.884981,39.81788,1940.6],[-120.884996,39.817877,1940.6],[-120.885033,39.817859,1940.6],[-120.885047,39.817855,1940.6],[-120.885083,39.817833,1941.9],[-120.885094,39.817825,1941.9],[-120.885128,39.817804,1942.0],[-120.88514,39.817797,1942.0],[-120.885174,39.817776,1943.2],[-120.885185,39.817769,1943.2],[-120.885221,39.817751,1943.2],[-120.88523,39.817743,1943.2],[-120.885266,39.817726,1944.2],[-120.885278,39.817719,1943.7],[-120.885315,39.817705,1943.7],[-120.885327,39.817699,1943.7],[-120.885359,39.817675,1944.5],[-120.885371,39.817667,1944.5],[-120.885407,39.817645,1944.5],[-120.885422,39.81764,1945.4],[-120.885455,39.817621,1944.7],[-120.885467,39.817616,1944.7],[-120.885508,39.817601,1944.7],[-120.885519,39.817593,1945.4],[-120.88556,39.817579,1945.4],[-120.885575,39.817574,1945.4],[-120.885608,39.817553,1946.1],[-120.885618,39.817545,1945.0],[-120.885653,39.817529,1945.0],[-120.885665,39.817524,1945.0],[-120.885706,39.817511,1945.6],[-120.885718,39.817506,1945.6],[-120.885757,39.817491,1945.6],[-120.885768,39.817485,1945.6],[-120.885803,39.817469,1944.9],[-120.885816,39.817464,1944.9],[-120.885855,39.817451,1944.9],[-120.885869,39.817447,1944.9],[-120.885907,39.817433,1945.5],[-120.88592,39.817428,1945.5],[-120.885963,39.817419,1945.5],[-120.885977,39.817415,1945.5],[-120.886018,39.817395,1946.3],[-120.886031,39.817389,1946.3],[-120.886071,39.817373,1944.8],[-120.886083,39.817366,1944.8],[-120.886127,39.817357,1945.6],[-120.88614,39.817354,1945.6],[-120.886183,39.817342,1945.6],[-120.886196,39.817336,1945.6],[-120.886238,39.817325,1946.4],[-120.886252,39.817322,1946.4],[-120.886292,39.817305,1946.4],[-120.886307,39.817302,1947.2],[-120.886352,39.817294,1946.2],[-120.886367,39.817291,1946.2],[-120.886409,39.817272,1947.4],[-120.886423,39.817266,1947.4],[-120.88646,39.817252,1947.4],[-120.886475,39.817249,1948.8],[-120.886519,39.817235,1948.8],[-120.886533,39.817228,1948.8],[-120.886573,39.817213,1950.2],[-120.886587,39.81721,1950.2],[-120.886631,39.817202,1950.2],[-120.886644,39.817198,1950.2],[-120.886683,39.817185,1951.5],[-120.886695,39.81718,1951.5],[-120.88673,39.817168,1951.5],[-120.886745,39.817163,1951.5],[-120.886787,39.817152,1952.9],[-120.886799,39.817147,1952.9],[-120.886834,39.817138,1952.9],[-120.886849,39.81713,1952.9],[-120.886873,39.817118,1954.0],[-120.886916,39.817108,1953.1],[-120.886927,39.817107,1953.1],[-120.88697,39.817099,1953.9],[-120.886987,39.817093,1953.9],[-120.88702,39.81709,1953.9],[-120.887034,39.817087,1953.9],[-120.887077,39.817071,1954.3],[-120.88709,39.817066,1954.3],[-120.887127,39.817057,1954.3],[-120.887159,39.817041,1954.3],[-120.887173,39.817034,1954.3],[-120.887209,39.81701,1953.0],[-120.887219,39.817001,1953.0],[-120.887253,39.816985,1953.0],[-120.88729,39.816968,1952.4],[-120.887308,39.816963,1952.4],[-120.887328,39.816937,1950.3],[-120.887361,39.816913,1949.4],[-120.887372,39.816903,1949.4],[-120.887413,39.816877,1949.4],[-120.887425,39.816867,1949.4],[-120.887457,39.816835,1951.0],[-120.887467,39.816823,1951.0],[-120.887486,39.8168,1951.0],[-120.887507,39.816775,1951.0],[-120.88752,39.816745,1953.6],[-120.887531,39.816717,1953.6],[-120.88754,39.816691,1953.6],[-120.887569,39.816618,1955.4],[-120.887586,39.81657,1955.6],[-120.887595,39.816539,1955.6],[-120.887602,39.816505,1955.6],[-120.887606,39.816466,1955.8],[-120.887608,39.816432,1955.8],[-120.887617,39.816396,1955.8],[-120.887631,39.816359,1955.8],[-120.887639,39.816325,1956.7],[-120.887646,39.816286,1956.5],[-120.887652,39.816242,1956.5],[-120.887652,39.816197,1956.3],[-120.887653,39.816144,1956.3],[-120.887664,39.816091,1955.8],[-120.887672,39.816032,1955.8],[-120.887668,39.815974,1955.1],[-120.887661,39.815912,1954.0],[-120.887641,39.815851,1954.0],[-120.887624,39.815788,1952.1],[-120.887596,39.815723,1950.5],[-120.887578,39.815663,1950.5],[-120.887575,39.815595,1949.6],[-120.887539,39.815532,1948.2],[-120.88751,39.815464,1948.2],[-120.887458,39.815396,1948.1],[-120.887418,39.815337,1946.9],[-120.887382,39.815268,1946.9],[-120.887343,39.815207,1945.8],[-120.887312,39.815138,1946.1],[-120.887277,39.815075,1946.4],[-120.887248,39.815007,1945.3],[-120.88721,39.81494,1945.8],[-120.887178,39.814884,1946.3],[-120.88714,39.814828,1945.1],[-120.887105,39.814772,1945.8],[-120.887077,39.814716,1946.6],[-120.887064,39.814654,1945.5],[-120.887039,39.814597,1946.3],[-120.887008,39.814543,1947.1],[-120.886977,39.814485,1947.1],[-120.886944,39.814426,1946.5],[-120.886912,39.814366,1947.0],[-120.88689,39.814305,1947.0],[-120.886869,39.814245,1946.2],[-120.886851,39.814186,1946.2],[-120.886832,39.814127,1946.6],[-120.88681,39.81407,1947.0],[-120.886786,39.814017,1947.0],[-120.886761,39.813964,1946.3],[-120.886742,39.813905,1946.9],[-120.886728,39.813842,1946.9],[-120.886706,39.813786,1947.5],[-120.886686,39.813731,1947.5],[-120.886674,39.813675,1948.1],[-120.886647,39.813617,1947.3],[-120.886623,39.813558,1947.3],[-120.886614,39.813494,1947.5],[-120.886605,39.813434,1947.6],[-120.886589,39.813369,1947.6],[-120.886584,39.813309,1946.1],[-120.886586,39.813249,1946.1],[-120.886593,39.813187,1947.7],[-120.886589,39.813126,1947.5],[-120.886593,39.813067,1947.1],[-120.886599,39.813008,1947.1],[-120.886605,39.812946,1946.7],[-120.886624,39.812892,1946.7],[-120.886643,39.812834,1946.2],[-120.886667,39.812774,1945.6],[-120.886701,39.81272,1947.0],[-120.886725,39.812657,1946.3],[-120.886758,39.812598,1945.4],[-120.886787,39.812539,1946.5],[-120.886816,39.812471,1945.5],[-120.88685,39.812409,1944.4],[-120.886908,39.812355,1945.4],[-120.886965,39.812301,1945.2],[-120.887032,39.812259,1945.2],[-120.887098,39.812216,1944.9],[-120.887159,39.81217,1946.0],[-120.88722,39.81212,1944.9],[-120.887274,39.812068,1946.2],[-120.887327,39.812017,1945.4],[-120.887393,39.811972,1946.8],[-120.887443,39.81192,1947.6],[-120.887479,39.811867,1947.6],[-120.887513,39.811812,1947.5],[-120.887553,39.811757,1948.6],[-120.887572,39.811699,1948.6],[-120.8876,39.81164,1948.7],[-120.88762,39.811586,1949.5],[-120.88763,39.811527,1949.8],[-120.887635,39.811466,1950.2],[-120.887622,39.811406,1950.2],[-120.887617,39.811345,1951.3],[-120.887605,39.811285,1954.6],[-120.887603,39.811235,1954.6],[-120.887585,39.811179,1956.7],[-120.887568,39.811125,1956.7],[-120.887554,39.811071,1958.7],[-120.88754,39.81102,1958.7],[-120.887536,39.810971,1959.9],[-120.88753,39.810925,1959.9],[-120.887531,39.810882,1960.7],[-120.887526,39.810835,1960.7],[-120.887523,39.8108,1961.5],[-120.887518,39.810772,1961.5],[-120.887514,39.810745,1961.5],[-120.88751,39.810727,1962.2],[-120.887511,39.810671,1962.2],[-120.887498,39.810642,1962.9],[-120.887498,39.810623,1962.9],[-120.887503,39.810576,1962.9],[-120.887495,39.81051,1963.9],[-120.887491,39.81047,1965.4],[-120.88749,39.810428,1965.4],[-120.887489,39.810375,1967.0],[-120.887497,39.810338,1967.0],[-120.887501,39.810303,1967.0],[-120.887504,39.810264,1968.3],[-120.887502,39.810231,1968.3],[-120.88751,39.8102,1968.3],[-120.887502,39.810169,1969.2],[-120.887495,39.810012,1970.5],[-120.887497,39.809991,1970.5],[-120.8875,39.809951,1970.5],[-120.887496,39.809912,1971.1],[-120.887498,39.809832,1971.1],[-120.8875,39.80979,1971.6],[-120.8875,39.809749,1971.6],[-120.887501,39.809709,1972.0],[-120.887504,39.80967,1972.0],[-120.887502,39.809633,1972.4],[-120.887503,39.809593,1972.4],[-120.887505,39.809553,1972.4],[-120.887504,39.809516,1972.5],[-120.887503,39.809479,1972.5],[-120.887501,39.809439,1972.6],[-120.887507,39.8094,1972.6],[-120.887509,39.80936,1972.6],[-120.887514,39.809324,1972.6],[-120.887523,39.809283,1972.7],[-120.887529,39.80924,1972.7],[-120.887531,39.809222,1972.7],[-120.887546,39.80919,1972.7],[-120.887553,39.809154,1972.7],[-120.887564,39.80912,1972.7],[-120.887575,39.809083,1973.8],[-120.887587,39.80905,1973.8],[-120.887603,39.809012,1973.8],[-120.887621,39.808978,1973.9],[-120.887635,39.808943,1973.9],[-120.887648,39.808905,1974.4],[-120.887671,39.808871,1975.4],[-120.887695,39.808839,1975.4],[-120.887707,39.808803,1976.2],[-120.887735,39.808771,1976.2],[-120.887759,39.808736,1976.2],[-120.887785,39.808704,1978.0],[-120.887804,39.808668,1978.0],[-120.887819,39.808636,1978.0],[-120.887845,39.808606,1978.7],[-120.887873,39.808576,1979.6],[-120.887902,39.808552,1979.6],[-120.887928,39.80852,1980.0],[-120.887953,39.808489,1981.0],[-120.887983,39.808464,1981.0],[-120.888009,39.808433,1981.1],[-120.888032,39.808399,1981.1],[-120.888049,39.808366,1982.1],[-120.888067,39.80833,1982.0],[-120.888086,39.808298,1982.0],[-120.888117,39.808268,1982.0],[-120.888141,39.808243,1982.8],[-120.888156,39.808207,1982.8],[-120.888179,39.808178,1982.8],[-120.8882,39.808143,1982.7],[-120.888218,39.80811,1982.7],[-120.888238,39.808078,1983.6],[-120.888261,39.808043,1983.4],[-120.888282,39.808011,1983.4],[-120.888295,39.807974,1983.5],[-120.888312,39.807939,1983.5],[-120.888326,39.807902,1983.5],[-120.888337,39.807862,1984.4],[-120.888353,39.807827,1984.4],[-120.888373,39.807795,1984.4],[-120.888384,39.80776,1984.5],[-120.888396,39.807719,1984.5],[-120.888396,39.807679,1984.7],[-120.888397,39.807639,1984.7],[-120.8884,39.807596,1984.9],[-120.888414,39.807557,1984.9],[-120.888426,39.80752,1984.9],[-120.888428,39.807477,1985.1],[-120.888435,39.807434,1986.2],[-120.888437,39.807396,1986.3],[-120.888442,39.807357,1986.3],[-120.888442,39.807316,1986.2],[-120.888453,39.807276,1986.2],[-120.888448,39.807236,1986.2],[-120.888452,39.807197,1986.0],[-120.888457,39.807156,1986.0],[-120.888461,39.807118,1985.7],[-120.888459,39.807075,1985.7],[-120.888466,39.807035,1985.4],[-120.888466,39.806992,1985.4],[-120.888465,39.806955,1985.4],[-120.888469,39.806914,1985.3],[-120.888464,39.806875,1985.3],[-120.888469,39.80683,1985.3],[-120.888469,39.806786,1985.3],[-120.888464,39.806739,1985.4],[-120.888457,39.806693,1985.4],[-120.888441,39.806649,1984.8],[-120.888418,39.806605,1984.8],[-120.888412,39.806548,1985.2],[-120.888399,39.806506,1985.2],[-120.888383,39.80648,1985.9],[-120.888371,39.806453,1985.9],[-120.888344,39.806423,1985.1],[-120.888341,39.806387,1986.3],[-120.88832,39.806347,1986.3],[-120.888302,39.806301,1987.4],[-120.888281,39.806255,1987.4],[-120.888243,39.806211,1985.6],[-120.888219,39.806166,1985.6],[-120.888207,39.80612,1986.5],[-120.888189,39.806073,1986.5],[-120.888163,39.806016,1986.9],[-120.888137,39.805978,1986.9],[-120.888111,39.805935,1990.8],[-120.888078,39.805892,1988.3],[-120.888059,39.805854,1993.1],[-120.888046,39.805819,1993.1],[-120.888019,39.805772,1998.1],[-120.887988,39.805722,1995.1],[-120.887961,39.805664,1999.5],[-120.887929,39.805605,1999.5],[-120.887899,39.805549,1999.6],[-120.887864,39.80549,2000.8],[-120.887828,39.805439,2000.8],[-120.887809,39.805394,1998.5],[-120.887745,39.805345,1998.5],[-120.887692,39.805296,1997.5],[-120.887656,39.80525,1997.5],[-120.887599,39.805213,1996.8],[-120.887536,39.805173,1995.7],[-120.887473,39.805132,1996.4],[-120.887414,39.8051,1995.4],[-120.887351,39.805066,1995.4],[-120.887297,39.805029,1995.2],[-120.887235,39.804998,1994.2],[-120.887182,39.80497,1994.2],[-120.887125,39.804939,1994.0],[-120.887073,39.804909,1994.0],[-120.887021,39.80488,1992.8],[-120.886971,39.804846,1993.5],[-120.886922,39.804813,1992.2],[-120.886875,39.804778,1991.0],[-120.886827,39.804741,1991.0],[-120.886737,39.804666,1989.7],[-120.886692,39.80463,1988.3],[-120.886639,39.804596,1988.3],[-120.886593,39.804557,1987.9],[-120.886547,39.804513,1987.9],[-120.886513,39.804467,1987.7],[-120.886478,39.804418,1987.7],[-120.886437,39.804366,1988.6],[-120.886396,39.804312,1988.5],[-120.886357,39.804255,1988.5],[-120.88632,39.804196,1988.2],[-120.886277,39.80414,1988.2],[-120.88624,39.804084,1989.0],[-120.886202,39.804028,1987.9],[-120.886175,39.803965,1987.9],[-120.886139,39.80391,1986.8],[-120.886104,39.803852,1986.9],[-120.886074,39.803796,1986.9],[-120.886046,39.803737,1986.5],[-120.886021,39.803675,1987.1],[-120.885991,39.803612,1987.1],[-120.885942,39.803546,1987.1],[-120.885909,39.803476,1988.4],[-120.885888,39.803419,1988.4],[-120.885848,39.803346,1988.3],[-120.885807,39.803273,1989.8],[-120.885777,39.803199,1991.4],[-120.885746,39.803126,1988.2],[-120.885703,39.803055,1988.7],[-120.885663,39.80299,1987.0],[-120.885628,39.802923,1987.5],[-120.885593,39.80286,1987.5],[-120.885559,39.802799,1986.6],[-120.885523,39.802739,1986.6],[-120.885489,39.802677,1987.6],[-120.885447,39.80263,1988.1],[-120.885404,39.802581,1988.1],[-120.885368,39.802531,1988.7],[-120.885318,39.802484,1988.7],[-120.885271,39.802438,1989.9],[-120.885217,39.802398,1989.9],[-120.885166,39.802354,1991.6],[-120.885115,39.802305,1991.6],[-120.885062,39.802258,1993.4],[-120.885003,39.80221,1990.9],[-120.884942,39.802156,1993.8],[-120.88488,39.802106,1990.7],[-120.884817,39.802046,1992.6],[-120.88475,39.80199,1991.1],[-120.884684,39.801933,1988.1],[-120.884618,39.801872,1987.2],[-120.884533,39.801821,1986.7],[-120.884458,39.801769,1986.7],[-120.884385,39.801707,1986.8],[-120.88431,39.801642,1985.7],[-120.88424,39.801569,1986.1],[-120.884162,39.801508,1986.8],[-120.884074,39.801451,1985.7],[-120.883973,39.801401,1986.4],[-120.883885,39.80134,1986.7],[-120.883799,39.801281,1985.2],[-120.883716,39.80122,1986.4],[-120.88363,39.801164,1985.8],[-120.88354,39.801114,1984.1],[-120.883451,39.801067,1983.0],[-120.883364,39.801018,1980.7],[-120.883285,39.800965,1979.0],[-120.883209,39.800914,1976.9],[-120.883141,39.800868,1976.0],[-120.883079,39.800825,1976.0],[-120.883025,39.800787,1975.7],[-120.882975,39.800757,1975.0],[-120.882934,39.800742,1975.0],[-120.882896,39.800744,1975.0],[-120.882857,39.800759,1974.4],[-120.882844,39.800764,1974.4],[-120.882822,39.800772,1974.4],[-120.882812,39.800776,1974.4],[-120.882819,39.800771,1974.4],[-120.882817,39.80077,1974.4],[-120.882816,39.800768,1974.4],[-120.882814,39.800767,1974.4],[-120.882812,39.800765,1974.4],[-120.88281,39.800763,1974.4],[-120.882808,39.800762,1974.4],[-120.882806,39.80076,1974.4],[-120.882805,39.800759,1974.4],[-120.882803,39.800757,1974.4],[-120.882801,39.800756,1974.4],[-120.882799,39.800754,1974.4],[-120.882797,39.800752,1974.4],[-120.882796,39.800751,1974.4],[-120.882794,39.800749,1974.4],[-120.882792,39.800748,1974.4],[-120.88279,39.800746,1974.4],[-120.882788,39.800744,1974.4],[-120.882786,39.800743,1974.4],[-120.882785,39.800741,1974.4],[-120.882783,39.80074,1974.4],[-120.882781,39.800738,1974.4],[-120.882783,39.800697,1974.4],[-120.88278,39.800665,1974.9],[-120.882764,39.800624,1974.9],[-120.882755,39.800608,1974.9],[-120.882735,39.800581,1974.9],[-120.882712,39.800554,1974.9],[-120.88269,39.800527,1974.9],[-120.882669,39.800499,1975.4],[-120.882641,39.800473,1974.8],[-120.882611,39.800443,1974.8],[-120.882586,39.800408,1975.1],[-120.882551,39.800382,1974.6],[-120.882511,39.800373,1974.6],[-120.882463,39.800371,1974.1],[-120.882422,39.800378,1974.1],[-120.882365,39.800388,1973.5],[-120.882331,39.800394,1973.5],[-120.882312,39.800397,1973.5],[-120.882254,39.800401,1973.2],[-120.882226,39.800402,1973.2],[-120.88219,39.8004,1973.0],[-120.882196,39.800397,1973.2],[-120.882205,39.800397,1973.2],[-120.882203,39.800393,1973.2],[-120.882208,39.80039,1973.2],[-120.882203,39.800396,1973.2],[-120.882201,39.800393,1973.2],[-120.882199,39.800391,1973.2],[-120.882199,39.800393,1973.2],[-120.882195,39.800389,1973.2],[-120.8822,39.800392,1973.2],[-120.882194,39.800388,1973.2],[-120.882195,39.800388,1973.2],[-120.882198,39.80039,1973.2],[-120.882202,39.800391,1973.2],[-120.882205,39.80039,1973.2],[-120.882178,39.800389,1973.0],[-120.88219,39.800393,1973.0],[-120.882197,39.800391,1973.2],[-120.882195,39.800391,1973.2],[-120.882197,39.800391,1973.2],[-120.882198,39.800391,1973.2],[-120.882202,39.800392,1973.2],[-120.882201,39.800392,1973.2],[-120.882202,39.800394,1973.2],[-120.882204,39.800396,1973.2],[-120.882198,39.800394,1973.0],[-120.8822,39.800387,1973.0],[-120.882205,39.800385,1973.2],[-120.882216,39.800388,1973.2],[-120.882235,39.800397,1973.2],[-120.882252,39.800405,1973.2],[-120.882255,39.800409,1973.2],[-120.882268,39.800419,1973.4],[-120.882284,39.800437,1973.4],[-120.88229,39.800445,1973.6],[-120.882297,39.800452,1973.6],[-120.882325,39.800461,1973.6],[-120.882334,39.800466,1973.6],[-120.882344,39.80047,1973.6],[-120.882359,39.800483,1973.6],[-120.882366,39.800491,1973.6],[-120.882373,39.800499,1973.5],[-120.882373,39.800504,1973.5],[-120.882381,39.800504,1973.5],[-120.882382,39.800502,1973.5],[-120.882383,39.800503,1973.5],[-120.882386,39.800501,1973.5],[-120.882389,39.800501,1973.5],[-120.882392,39.800498,1973.5],[-120.882392,39.800499,1973.5],[-120.882394,39.8005,1973.5],[-120.882395,39.8005,1973.5],[-120.882395,39.800499,1973.5],[-120.882395,39.800504,1973.5],[-120.882394,39.800505,1973.5],[-120.882396,39.800505,1973.5],[-120.882395,39.800503,1973.5],[-120.882394,39.800499,1973.5],[-120.882393,39.800498,1973.5],[-120.882392,39.8005,1973.5],[-120.88239,39.800499,1973.5],[-120.882389,39.800498,1973.5],[-120.882389,39.800497,1973.5],[-120.882387,39.800498,1973.5],[-120.882387,39.800497,1973.5],[-120.882386,39.800496,1973.5],[-120.882385,39.800497,1973.5],[-120.882386,39.800497,1973.5],[-120.882386,39.800495,1973.5],[-120.882385,39.800494,1973.5],[-120.882384,39.800494,1973.5],[-120.882385,39.800492,1973.5],[-120.882382,39.800487,1973.9],[-120.882382,39.800483,1973.9],[-120.882382,39.800484,1973.9],[-120.882381,39.800485,1973.9],[-120.882377,39.800486,1973.9],[-120.88238,39.800485,1973.9],[-120.882379,39.80048,1973.9],[-120.882379,39.800477,1973.9],[-120.882383,39.800477,1973.9],[-120.882385,39.800475,1973.9],[-120.882386,39.800475,1973.9],[-120.88239,39.800474,1973.9],[-120.882392,39.800473,1973.9],[-120.882393,39.800475,1973.9],[-120.882395,39.800476,1973.9],[-120.882396,39.800477,1973.9],[-120.882397,39.800477,1973.9],[-120.882399,39.800477,1973.9],[-120.882401,39.800478,1973.9],[-120.882402,39.800478,1973.9],[-120.882403,39.800478,1973.9],[-120.882404,39.800478,1973.9],[-120.882405,39.800478,1973.9],[-120.882405,39.800477,1973.9],[-120.882405,39.800478,1973.9],[-120.882406,39.800477,1973.9],[-120.882405,39.800478,1973.9],[-120.882406,39.800477,1973.9],[-120.882407,39.800478,1973.9],[-120.882407,39.800474,1973.9],[-120.882398,39.800477,1973.9],[-120.882389,39.800479,1973.6],[-120.882383,39.800479,1973.6],[-120.882391,39.800474,1973.6],[-120.882395,39.800476,1973.6],[-120.882394,39.800476,1973.6],[-120.882398,39.800476,1973.6],[-120.882397,39.800475,1973.6],[-120.882394,39.800475,1973.6],[-120.882392,39.800475,1973.6],[-120.882392,39.800477,1973.6],[-120.882391,39.800477,1973.6],[-120.882389,39.800479,1973.6],[-120.882388,39.800479,1973.6],[-120.882382,39.800477,1973.6],[-120.882373,39.800481,1973.6],[-120.882387,39.800488,1971.6],[-120.882386,39.800488,1971.6],[-120.882386,39.800489,1971.6],[-120.882386,39.800488,1971.6],[-120.882385,39.800489,1971.6],[-120.88238,39.80049,1971.6],[-120.882378,39.800491,1971.6],[-120.882375,39.800491,1971.6],[-120.882375,39.80049,1971.6],[-120.882374,39.80049,1971.6],[-120.882373,39.800491,1971.6],[-120.882372,39.800491,1971.6],[-120.882374,39.800491,1971.6],[-120.882376,39.800491,1971.6],[-120.882374,39.800489,1971.6],[-120.882372,39.800487,1971.6],[-120.882371,39.800487,1971.6],[-120.88237,39.800488,1971.6],[-120.882358,39.800479,1971.6],[-120.882357,39.800479,1971.6],[-120.882357,39.800478,1971.6],[-120.882357,39.800477,1971.6],[-120.882363,39.800478,1971.6],[-120.882376,39.800477,1971.6],[-120.882387,39.800481,1971.6],[-120.882379,39.800479,1971.6],[-120.882374,39.80048,1971.6],[-120.882364,39.800477,1971.6],[-120.882355,39.800478,1971.6],[-120.882354,39.800474,1971.6],[-120.882349,39.800468,1971.6],[-120.882343,39.800469,1971.6],[-120.882336,39.800468,1971.6],[-120.882327,39.800465,1971.1],[-120.882334,39.800464,1971.6],[-120.882323,39.800463,1971.1],[-120.882315,39.800457,1971.8],[-120.882304,39.800454,1971.8],[-120.882295,39.800452,1971.8],[-120.882285,39.800448,1971.8],[-120.882285,39.800442,1971.8],[-120.882269,39.800435,1971.8],[-120.882262,39.800434,1971.8],[-120.882256,39.80043,1971.8],[-120.88225,39.800429,1971.3],[-120.88224,39.800425,1971.3],[-120.882228,39.800422,1971.3],[-120.88222,39.800421,1971.3],[-120.882211,39.800418,1971.3],[-120.882213,39.800409,1971.3],[-120.882214,39.800406,1971.3],[-120.882228,39.800395,1971.3],[-120.882234,39.800387,1971.3],[-120.882245,39.800402,1971.3],[-120.882243,39.800415,1971.3],[-120.882241,39.800429,1971.3],[-120.882198,39.800425,1971.3],[-120.882185,39.800423,1971.3],[-120.882142,39.800414,1971.2],[-120.882132,39.800413,1971.2],[-120.882088,39.800403,1971.2],[-120.882053,39.800385,1971.2],[-120.882036,39.800374,1971.7],[-120.882005,39.800347,1972.3],[-120.881997,39.800338,1972.3],[-120.881948,39.800314,1973.0],[-120.881919,39.800298,1973.0],[-120.881907,39.800285,1973.0],[-120.881887,39.800255,1973.3],[-120.881856,39.800235,1974.0],[-120.881806,39.800218,1974.0],[-120.881778,39.80019,1974.0],[-120.881766,39.800179,1974.8],[-120.881721,39.800159,1975.0],[-120.881669,39.80016,1975.6],[-120.881648,39.800162,1975.6],[-120.881605,39.800179,1975.3],[-120.881561,39.800182,1975.8],[-120.881542,39.800181,1975.8],[-120.881502,39.800166,1976.2],[-120.881467,39.800142,1976.9],[-120.881449,39.800135,1976.9],[-120.881394,39.800133,1977.6],[-120.881342,39.800129,1977.6],[-120.88132,39.800127,1977.6],[-120.881286,39.800116,1978.2],[-120.881235,39.800107,1978.2],[-120.881217,39.800105,1978.2],[-120.881182,39.800111,1978.9],[-120.881131,39.800114,1978.9],[-120.881112,39.800111,1979.8],[-120.881075,39.800111,1979.8],[-120.881039,39.800106,1979.8],[-120.881004,39.800102,1980.4],[-120.880966,39.800099,1980.4],[-120.880928,39.800097,1980.8],[-120.880893,39.800104,1980.8],[-120.880857,39.800096,1980.8],[-120.880821,39.800093,1981.3],[-120.880795,39.800075,1981.3],[-120.880764,39.80005,1983.1],[-120.880757,39.80004,1983.1],[-120.880695,39.800011,1983.1],[-120.880662,39.799999,1984.0],[-120.880631,39.799984,1984.0],[-120.8806,39.79997,1984.0],[-120.880567,39.799955,1985.5],[-120.880527,39.799929,1985.5],[-120.880517,39.799916,1985.5],[-120.880488,39.799895,1985.5],[-120.880468,39.799871,1986.7],[-120.880439,39.799854,1986.7],[-120.880408,39.799837,1986.7],[-120.880372,39.799813,1987.7],[-120.880361,39.799804,1987.7],[-120.88033,39.799776,1987.9],[-120.880322,39.799764,1987.9],[-120.880292,39.79975,1989.1],[-120.880256,39.799736,1989.1],[-120.880227,39.79972,1989.1],[-120.880199,39.7997,1990.6],[-120.880161,39.799673,1990.8],[-120.880149,39.799661,1990.8],[-120.880132,39.799635,1990.8],[-120.880105,39.799603,1992.3],[-120.880092,39.799592,1992.2],[-120.880068,39.799558,1992.2],[-120.88006,39.799544,1992.2],[-120.880037,39.799522,1992.2],[-120.880015,39.799495,1993.5],[-120.880006,39.799487,1993.5],[-120.879984,39.799486,1993.5],[-120.87998,39.799486,1993.5],[-120.879976,39.799485,1993.5],[-120.879972,39.799485,1993.5],[-120.879969,39.799485,1993.5],[-120.879965,39.799485,1993.5],[-120.879961,39.799484,1993.5],[-120.879957,39.799484,1993.5],[-120.879965,39.79949,1993.5],[-120.879966,39.799482,1993.5],[-120.879966,39.799476,1993.5],[-120.879967,39.799476,1993.5],[-120.879962,39.799473,1993.5],[-120.879961,39.799471,1993.5],[-120.879962,39.799464,1993.5],[-120.879968,39.799457,1993.5],[-120.879967,39.799457,1993.5],[-120.879968,39.799457,1993.5],[-120.879967,39.799458,1993.5],[-120.879965,39.799456,1993.5],[-120.879948,39.799455,1993.5],[-120.879941,39.799448,1993.5],[-120.879951,39.799444,1993.5],[-120.879949,39.799443,1993.5],[-120.879944,39.799446,1993.5],[-120.87993,39.799441,1993.5],[-120.879907,39.799412,1993.4],[-120.879903,39.799401,1993.4],[-120.879877,39.79937,1994.7],[-120.879869,39.79936,1994.7],[-120.879843,39.799341,1994.7],[-120.879817,39.799311,1994.5],[-120.879809,39.799298,1995.9],[-120.87978,39.79926,1995.9],[-120.879769,39.799244,1995.9],[-120.879732,39.7992,1995.2],[-120.879718,39.799184,1996.6],[-120.879703,39.799168,1996.6],[-120.879679,39.799145,1996.6],[-120.879652,39.799132,1995.9],[-120.879639,39.799119,1995.9],[-120.87961,39.799098,1997.2],[-120.879596,39.79909,1997.2],[-120.879565,39.799075,1997.2],[-120.879516,39.799079,1998.5],[-120.879495,39.799084,1998.5],[-120.879502,39.799117,1998.5],[-120.879508,39.799133,1999.3],[-120.879517,39.799167,1998.0],[-120.879531,39.799191,1998.0],[-120.879537,39.799207,1998.0],[-120.879544,39.799237,1998.6],[-120.879546,39.79925,1998.6],[-120.879553,39.799283,1998.6],[-120.879561,39.799294,1998.6],[-120.879558,39.799324,1998.6],[-120.879531,39.799342,1999.2],[-120.879517,39.799345,1999.2],[-120.879484,39.799331,2000.6],[-120.879478,39.799322,2000.0],[-120.87945,39.799302,2000.0],[-120.879438,39.799295,2000.0],[-120.879397,39.799289,2001.3],[-120.879382,39.799284,2001.3],[-120.879355,39.799264,2001.3],[-120.879324,39.799243,2001.3],[-120.879312,39.799236,2001.8],[-120.879277,39.799218,2001.8],[-120.879263,39.799213,2001.8],[-120.879222,39.799192,2001.8],[-120.87921,39.799185,2001.8],[-120.879175,39.799159,2002.1],[-120.879162,39.79915,2002.1],[-120.879116,39.799138,2002.1],[-120.879095,39.799134,2003.2],[-120.879056,39.79913,2003.2],[-120.87901,39.799116,2004.4],[-120.878996,39.799112,2004.4],[-120.878947,39.799097,2004.4],[-120.878932,39.799088,2004.4],[-120.878898,39.799081,2005.4],[-120.878854,39.799061,2005.4],[-120.878836,39.799053,2004.2],[-120.878796,39.799036,2005.1],[-120.878781,39.799029,2005.1],[-120.878739,39.799018,2005.1],[-120.878723,39.799014,2006.0],[-120.878688,39.799003,2006.0],[-120.878626,39.798997,2007.0],[-120.878594,39.798992,2007.0],[-120.878562,39.79899,2007.0],[-120.878517,39.798992,2008.0],[-120.878505,39.798989,2008.0],[-120.878462,39.798974,2008.0],[-120.878447,39.798968,2006.6],[-120.87841,39.79896,2007.6],[-120.878397,39.798957,2007.6],[-120.87835,39.798948,2008.7],[-120.878305,39.798945,2008.7],[-120.878289,39.798946,2008.7],[-120.878242,39.798937,2009.8],[-120.878227,39.798935,2009.8],[-120.878179,39.798934,2010.8],[-120.878163,39.798932,2010.8],[-120.878112,39.798922,2010.8],[-120.878094,39.798918,2011.9],[-120.878044,39.798916,2011.9],[-120.878028,39.798915,2011.9],[-120.877989,39.798895,2013.0],[-120.877975,39.798888,2013.0],[-120.877941,39.79888,2013.0],[-120.877896,39.79887,2014.2],[-120.877881,39.798866,2014.2],[-120.877836,39.798864,2015.3],[-120.877822,39.798862,2015.3],[-120.877786,39.798846,2013.9],[-120.877774,39.798839,2013.9],[-120.877743,39.798822,2013.9],[-120.877731,39.798817,2015.2],[-120.87769,39.798814,2015.2],[-120.877675,39.798814,2015.2],[-120.877637,39.798802,2016.4],[-120.877626,39.798795,2016.4],[-120.877587,39.798788,2016.4],[-120.877574,39.798786,2016.4],[-120.877527,39.798772,2016.3],[-120.87751,39.798766,2016.3],[-120.877473,39.798747,2017.6],[-120.877459,39.798739,2017.6],[-120.877417,39.798724,2017.6],[-120.877405,39.798721,2017.6],[-120.877363,39.798711,2019.0],[-120.877352,39.798707,2019.0],[-120.877321,39.798694,2019.0],[-120.877292,39.798675,2017.6],[-120.877281,39.798669,2017.6],[-120.877249,39.798652,2018.9],[-120.877241,39.798647,2018.9],[-120.877224,39.798633,2018.9],[-120.877204,39.798625,2018.9],[-120.877164,39.798614,2020.3],[-120.877152,39.798611,2020.3],[-120.877117,39.7986,2020.3],[-120.877106,39.798596,2020.3],[-120.877077,39.798577,2020.4],[-120.877069,39.798569,2020.4],[-120.877045,39.79855,2020.4],[-120.877036,39.798543,2020.4],[-120.877017,39.798534,2020.4],[-120.876999,39.798525,2020.4],[-120.876971,39.798507,2021.8],[-120.876961,39.798502,2021.8],[-120.876924,39.798491,2020.8],[-120.876912,39.798487,2020.8],[-120.876889,39.798479,2022.2],[-120.876871,39.798471,2022.2],[-120.876848,39.798469,2022.2],[-120.876827,39.798477,2022.2],[-120.876817,39.798506,2023.1],[-120.876819,39.798529,2023.1],[-120.876812,39.798546,2024.5],[-120.876808,39.798562,2024.5],[-120.876808,39.79858,2024.5],[-120.876803,39.798597,2025.6],[-120.876806,39.798616,2025.6],[-120.876807,39.798632,2025.6],[-120.876798,39.79865,2025.6],[-120.876792,39.79868,2026.8],[-120.87679,39.798688,2026.8],[-120.876789,39.798719,2026.8],[-120.876787,39.798729,2026.8],[-120.87678,39.798759,2028.0],[-120.876774,39.798768,2028.0],[-120.876767,39.798797,2028.0],[-120.876765,39.798807,2028.0],[-120.87676,39.798825,2028.0],[-120.876762,39.798842,2029.1],[-120.876765,39.798858,2029.1],[-120.876759,39.798875,2029.1],[-120.876755,39.798889,2029.1],[-120.876758,39.798908,2029.1],[-120.876749,39.798938,2030.0],[-120.876742,39.79895,2031.5],[-120.876736,39.798979,2031.5],[-120.876733,39.798988,2031.5],[-120.876703,39.79901,2031.5],[-120.876691,39.799017,2031.5],[-120.876643,39.799012,2032.9],[-120.876626,39.799004,2032.9],[-120.876597,39.798981,2032.9],[-120.876587,39.798975,2032.9],[-120.876571,39.798962,2034.2],[-120.876552,39.798955,2034.2],[-120.876534,39.798944,2034.2],[-120.87652,39.798931,2033.3],[-120.8765,39.798906,2033.3],[-120.876492,39.798899,2033.3],[-120.876472,39.798872,2034.7],[-120.876458,39.798866,2034.7],[-120.876426,39.798848,2033.8],[-120.876415,39.798843,2033.8],[-120.876387,39.798826,2033.8],[-120.876377,39.79882,2035.2],[-120.876344,39.798809,2035.2],[-120.876333,39.798807,2035.2],[-120.876304,39.798789,2035.2],[-120.876295,39.798783,2035.2],[-120.876261,39.798769,2035.8],[-120.876251,39.798763,2035.8],[-120.876218,39.798747,2035.8],[-120.876205,39.798743,2035.8],[-120.876176,39.798723,2037.4],[-120.876169,39.798714,2037.4],[-120.876159,39.798687,2036.7],[-120.876153,39.798679,2036.7],[-120.876136,39.798654,2036.7],[-120.87613,39.798645,2036.7],[-120.876104,39.798609,2037.9],[-120.87609,39.798579,2037.9],[-120.876085,39.798568,2037.9],[-120.87606,39.798539,2037.9],[-120.876053,39.798529,2037.9],[-120.876039,39.798502,2037.3],[-120.876034,39.798493,2037.3],[-120.876025,39.798458,2038.9],[-120.876021,39.798441,2038.9],[-120.87603,39.79843,2036.6],[-120.876028,39.798411,2036.6],[-120.876011,39.798398,2038.3],[-120.875984,39.798413,2038.3],[-120.875978,39.798441,2038.9],[-120.87598,39.798455,2038.9],[-120.875975,39.798475,2038.9],[-120.875958,39.798503,2038.9],[-120.875952,39.798511,2040.4],[-120.87593,39.798531,2040.9],[-120.875904,39.798552,2040.9],[-120.875895,39.798562,2040.9],[-120.87588,39.798575,2040.9],[-120.875868,39.798591,2042.5],[-120.875844,39.798613,2042.5],[-120.875837,39.798619,2042.5],[-120.875817,39.798648,2042.9],[-120.875812,39.798656,2042.9],[-120.875799,39.798691,2042.9],[-120.875797,39.798704,2042.9],[-120.875777,39.798735,2044.8],[-120.875767,39.798747,2044.8],[-120.875743,39.798767,2044.8],[-120.875731,39.798775,2044.8],[-120.875721,39.798807,2044.8],[-120.875716,39.798819,2045.5],[-120.875691,39.79885,2045.5],[-120.875685,39.798858,2045.5],[-120.875653,39.798883,2047.1],[-120.875642,39.798892,2047.1],[-120.87563,39.798923,2047.9],[-120.875625,39.798934,2047.9],[-120.875622,39.798949,2047.9],[-120.875624,39.798969,2047.9],[-120.875632,39.798997,2047.9],[-120.875636,39.799005,2047.9],[-120.875636,39.799033,2048.6],[-120.875635,39.799045,2048.6],[-120.875634,39.799066,2048.6],[-120.875631,39.7991,2048.6],[-120.875635,39.79911,2049.0],[-120.875638,39.799144,2049.0],[-120.875639,39.799154,2049.0],[-120.875654,39.799188,2049.0],[-120.875658,39.799202,2049.0],[-120.875636,39.799228,2049.1],[-120.875626,39.799236,2049.1],[-120.875587,39.799236,2050.4],[-120.875578,39.79923,2050.4],[-120.875559,39.799206,2050.4],[-120.875554,39.799197,2050.4],[-120.875547,39.799181,2050.4],[-120.875541,39.799164,2050.4],[-120.875524,39.799139,2051.8],[-120.875518,39.799129,2051.8],[-120.875497,39.799097,2051.5],[-120.875491,39.799086,2051.5],[-120.875481,39.79906,2051.5],[-120.875473,39.799037,2051.5],[-120.875459,39.799018,2050.8],[-120.875436,39.798994,2052.3],[-120.875402,39.798963,2052.3],[-120.875386,39.798933,2052.3],[-120.875381,39.798925,2051.4],[-120.875378,39.798893,2051.4],[-120.875377,39.798883,2051.4],[-120.875375,39.798856,2051.4],[-120.875373,39.798846,2051.4],[-120.875356,39.798822,2050.9],[-120.875348,39.798812,2050.9],[-120.875333,39.798781,2052.8],[-120.87533,39.798771,2052.8],[-120.875324,39.798736,2052.7],[-120.875324,39.798726,2052.7],[-120.875305,39.798698,2052.7],[-120.875299,39.798689,2052.7],[-120.875286,39.79866,2052.7],[-120.875284,39.79865,2052.7],[-120.875261,39.798625,2052.7],[-120.875251,39.798618,2054.5],[-120.875218,39.798601,2054.5],[-120.875206,39.798596,2054.5],[-120.87517,39.798584,2054.5],[-120.875162,39.798577,2056.3],[-120.875128,39.798561,2056.1],[-120.875116,39.798557,2056.1],[-120.875097,39.798545,2056.1],[-120.875078,39.798536,2056.1],[-120.875048,39.798512,2057.9],[-120.87504,39.798502,2057.9],[-120.875027,39.79847,2057.7],[-120.875022,39.798458,2057.7],[-120.875,39.798427,2057.7],[-120.874993,39.798417,2057.7],[-120.874966,39.798393,2059.4],[-120.874957,39.798384,2059.4],[-120.874939,39.798358,2058.9],[-120.874932,39.79835,2058.9],[-120.8749,39.798331,2058.9],[-120.874889,39.798326,2060.5],[-120.874851,39.798315,2060.5],[-120.874838,39.798312,2060.5],[-120.874803,39.798299,2060.5],[-120.874791,39.798293,2062.2],[-120.874756,39.798283,2061.4],[-120.874746,39.798277,2061.4],[-120.874707,39.798266,2061.4],[-120.874694,39.798262,2061.4],[-120.87466,39.798249,2062.9],[-120.874648,39.798243,2062.9],[-120.87461,39.798231,2062.9],[-120.874599,39.798226,2062.9],[-120.874557,39.798218,2064.6],[-120.874544,39.798217,2064.6],[-120.874503,39.79821,2064.6],[-120.874491,39.798204,2066.3],[-120.874454,39.798195,2065.0],[-120.874441,39.798191,2065.0],[-120.874407,39.798203,2066.3],[-120.874398,39.798211,2068.0],[-120.8744,39.79824,2068.0],[-120.87441,39.79827,2066.3],[-120.874415,39.79828,2066.3],[-120.874414,39.798297,2067.5],[-120.874418,39.798315,2067.5],[-120.874425,39.79833,2067.5],[-120.874424,39.79835,2067.5],[-120.874409,39.79838,2067.5],[-120.874404,39.79839,2070.2],[-120.874396,39.798406,2070.2],[-120.874384,39.798423,2070.2],[-120.874389,39.79844,2070.2],[-120.874382,39.798458,2070.2],[-120.874389,39.798487,2071.2],[-120.874393,39.798497,2071.2],[-120.874401,39.798527,2071.2],[-120.874402,39.798537,2071.2],[-120.87442,39.798571,2069.9],[-120.874424,39.798582,2069.9],[-120.874437,39.798616,2069.9],[-120.874439,39.798628,2069.9],[-120.874435,39.798661,2069.9],[-120.874436,39.798672,2070.4],[-120.87444,39.798702,2070.4],[-120.874442,39.798712,2070.4],[-120.874441,39.798741,2070.4],[-120.874442,39.798751,2070.4],[-120.874448,39.79878,2070.3],[-120.874449,39.79879,2070.3],[-120.874453,39.798826,2070.3],[-120.874457,39.798838,2070.3],[-120.874464,39.798875,2069.5],[-120.874467,39.798888,2069.5],[-120.874472,39.798917,2069.5],[-120.874475,39.798946,2068.3],[-120.874476,39.798973,2068.3],[-120.874476,39.799011,2068.3],[-120.874469,39.799024,2068.3],[-120.874471,39.799053,2066.4],[-120.874482,39.799091,2066.4],[-120.874488,39.799103,2066.4],[-120.874486,39.79914,2064.4],[-120.874487,39.799153,2064.4],[-120.874479,39.799186,2064.4],[-120.874478,39.799197,2064.4],[-120.874473,39.799226,2061.7],[-120.874471,39.799235,2061.7],[-120.874468,39.799264,2061.7],[-120.874467,39.799274,2061.7],[-120.874464,39.799291,2061.7],[-120.87446,39.799305,2057.1],[-120.874458,39.799313,2057.1],[-120.874459,39.799312,2057.1],[-120.874459,39.79931,2057.1],[-120.87446,39.799308,2057.1],[-120.87446,39.799307,2057.1],[-120.874461,39.799305,2057.1],[-120.874461,39.799303,2057.1],[-120.874462,39.799302,2057.1],[-120.874462,39.7993,2057.1],[-120.874462,39.799298,2057.1],[-120.874463,39.799297,2057.1],[-120.874463,39.799295,2057.1],[-120.874464,39.799293,2057.1],[-120.874464,39.799292,2057.1],[-120.874465,39.79929,2057.1],[-120.874465,39.799289,2057.1],[-120.874466,39.799287,2057.1],[-120.874466,39.799285,2057.1],[-120.874467,39.799284,2057.1],[-120.874467,39.799282,2057.1],[-120.874467,39.79928,2057.1],[-120.874468,39.799279,2057.1],[-120.874468,39.799277,2057.1],[-120.874469,39.799275,2057.1],[-120.874469,39.799274,2057.1],[-120.87447,39.799272,2057.1],[-120.87447,39.79927,2057.1],[-120.874471,39.799269,2057.1],[-120.874471,39.799267,2057.1],[-120.874479,39.799253,2057.1],[-120.874481,39.799246,2061.7],[-120.874484,39.799239,2061.7],[-120.874486,39.799232,2061.7],[-120.874492,39.799228,2061.7],[-120.874498,39.799224,2061.7],[-120.874498,39.799227,2061.7],[-120.874493,39.799229,2061.7],[-120.874496,39.799226,2061.7],[-120.874488,39.799232,2061.7],[-120.874484,39.799238,2061.7],[-120.874485,39.799242,2061.7],[-120.874486,39.799243,2061.7],[-120.874496,39.799247,2061.7],[-120.8745,39.799251,2061.7],[-120.874501,39.799255,2061.7],[-120.8745,39.799256,2061.7],[-120.874499,39.799256,2061.7],[-120.874498,39.799256,2061.7],[-120.874497,39.799257,2061.7],[-120.874499,39.799257,2061.7],[-120.874497,39.799257,2061.7],[-120.874498,39.799258,2061.7],[-120.874498,39.799257,2061.7],[-120.874497,39.799254,2061.7],[-120.874496,39.799252,2061.7],[-120.874496,39.79925,2061.7],[-120.874495,39.799248,2061.7],[-120.874494,39.799245,2061.7],[-120.874493,39.799243,2061.7],[-120.874492,39.799241,2061.7],[-120.874491,39.799239,2061.7],[-120.874491,39.799236,2061.7],[-120.87449,39.799234,2061.7],[-120.874489,39.799232,2061.7],[-120.874488,39.799229,2061.7],[-120.874487,39.799227,2061.7],[-120.874486,39.799225,2061.7],[-120.874486,39.799223,2061.7],[-120.874485,39.79922,2061.7],[-120.874484,39.799218,2061.7],[-120.874485,39.799203,2061.7],[-120.874491,39.799192,2061.7],[-120.87449,39.799195,2061.7],[-120.874486,39.799189,2061.7],[-120.874486,39.799184,2061.7],[-120.874492,39.79918,2061.7],[-120.874499,39.79918,2061.7],[-120.874497,39.799182,2061.7],[-120.874497,39.799181,2061.7],[-120.874498,39.79918,2061.7],[-120.874497,39.79918,2061.7],[-120.874498,39.799179,2061.7],[-120.874493,39.799176,2061.7],[-120.874491,39.799175,2061.7],[-120.87449,39.799175,2061.7],[-120.874489,39.799175,2061.7],[-120.874491,39.799176,2061.7],[-120.874491,39.799177,2061.7],[-120.874497,39.799181,2061.7],[-120.874502,39.799192,2061.5],[-120.874502,39.799202,2061.5],[-120.874498,39.79921,2061.5],[-120.874496,39.799218,2061.5],[-120.874494,39.799228,2061.5],[-120.874493,39.79923,2061.5],[-120.874496,39.799226,2061.5],[-120.874494,39.799225,2061.5],[-120.874487,39.799216,2061.7],[-120.874482,39.799204,2061.7],[-120.874471,39.799213,2061.7],[-120.874466,39.799214,2061.7],[-120.874469,39.799215,2061.7],[-120.874468,39.799214,2061.7],[-120.874467,39.799214,2061.7],[-120.874466,39.799213,2061.7],[-120.874464,39.799213,2061.7],[-120.874463,39.799214,2061.7],[-120.874461,39.799214,2061.7],[-120.874463,39.799214,2061.7],[-120.87446,39.799214,2061.7],[-120.874448,39.799218,2061.7],[-120.874421,39.799221,2061.7],[-120.874369,39.79922,2061.3],[-120.874353,39.799219,2061.3],[-120.874334,39.79919,2061.3],[-120.874333,39.799175,2061.3],[-120.874334,39.79914,2064.5],[-120.87433,39.799127,2064.5],[-120.874319,39.799101,2064.5],[-120.874298,39.799067,2064.2],[-120.874285,39.79904,2067.3],[-120.874282,39.799033,2067.3],[-120.874268,39.798997,2067.3],[-120.874264,39.798982,2067.3],[-120.874264,39.798948,2070.5],[-120.874255,39.798923,2070.5],[-120.874249,39.798911,2070.5],[-120.874227,39.798886,2070.5],[-120.874219,39.798873,2070.5],[-120.874205,39.798849,2072.9],[-120.874199,39.798838,2074.2],[-120.874203,39.798808,2074.2],[-120.874209,39.798773,2072.9],[-120.87421,39.79876,2074.1],[-120.874183,39.798732,2075.3],[-120.874172,39.798725,2075.3],[-120.874132,39.798717,2075.3],[-120.874119,39.798713,2075.3],[-120.874089,39.798689,2076.0],[-120.874082,39.79868,2076.0],[-120.87408,39.798653,2076.3],[-120.874075,39.798618,2076.3],[-120.874072,39.798606,2076.3],[-120.87406,39.798574,2075.8],[-120.874055,39.798561,2075.8],[-120.874033,39.798529,2075.8],[-120.874026,39.798519,2076.7],[-120.874005,39.798497,2076.7],[-120.873966,39.798472,2076.5],[-120.873949,39.798466,2076.5],[-120.873899,39.798461,2077.4],[-120.873882,39.798458,2077.4],[-120.873849,39.798451,2077.4],[-120.873814,39.798442,2077.6],[-120.873762,39.798434,2077.6],[-120.873744,39.798431,2077.5],[-120.873705,39.798419,2077.5],[-120.873671,39.798408,2077.5],[-120.873638,39.798394,2077.6],[-120.873603,39.798384,2079.6],[-120.873573,39.798369,2079.6],[-120.873532,39.798344,2080.7],[-120.873518,39.798336,2080.7],[-120.873479,39.798313,2080.7],[-120.873468,39.798305,2080.7],[-120.873441,39.798288,2082.0],[-120.873394,39.798272,2082.0],[-120.873378,39.798266,2083.4],[-120.873335,39.79826,2083.4],[-120.873323,39.798256,2083.4],[-120.873287,39.798245,2084.5],[-120.873242,39.798224,2084.5],[-120.873227,39.798217,2084.2],[-120.873193,39.798205,2085.6],[-120.873146,39.79819,2085.6],[-120.873129,39.798187,2085.6],[-120.873083,39.798173,2086.7],[-120.873047,39.798163,2086.7],[-120.873028,39.798157,2087.7],[-120.872994,39.79814,2087.7],[-120.872949,39.79813,2087.7],[-120.872934,39.798125,2088.2],[-120.87289,39.798125,2088.2],[-120.872874,39.798128,2088.2],[-120.872827,39.798135,2089.7],[-120.872802,39.798157,2089.7],[-120.872791,39.798165,2089.7],[-120.872763,39.798191,2090.7],[-120.872753,39.798199,2090.7],[-120.872743,39.798233,2090.4],[-120.872738,39.798244,2090.4],[-120.872719,39.798276,2090.4],[-120.87271,39.798287,2090.4],[-120.872704,39.798321,2090.4],[-120.872701,39.798332,2088.9],[-120.872666,39.798361,2088.4],[-120.872651,39.798369,2088.4],[-120.872608,39.798374,2088.4],[-120.872594,39.79837,2088.4],[-120.872572,39.798341,2088.4],[-120.872568,39.798331,2088.4],[-120.872543,39.798313,2091.6],[-120.872533,39.798307,2091.6],[-120.872495,39.798292,2091.6],[-120.872484,39.798289,2092.5],[-120.872448,39.798298,2092.5],[-120.872436,39.798303,2092.5],[-120.872397,39.798311,2094.2],[-120.872385,39.798311,2094.2],[-120.872348,39.798303,2094.2],[-120.872336,39.798296,2094.2],[-120.872302,39.798281,2096.0],[-120.87229,39.798277,2096.0],[-120.872252,39.798292,2096.0],[-120.872242,39.798301,2096.0],[-120.872218,39.798323,2096.0],[-120.872207,39.798326,2096.0],[-120.872166,39.798326,2097.9],[-120.872154,39.798324,2097.9],[-120.872115,39.798309,2097.9],[-120.872103,39.798305,2099.8],[-120.872076,39.798275,2099.8],[-120.872068,39.798264,2099.8],[-120.872038,39.798242,2099.8],[-120.872029,39.798233,2099.8],[-120.871998,39.79821,2101.7],[-120.871987,39.798202,2101.7],[-120.871954,39.79818,2101.7],[-120.871942,39.798174,2101.7],[-120.871904,39.798153,2103.6],[-120.871893,39.798145,2103.6],[-120.871857,39.798127,2102.9],[-120.871844,39.798123,2102.9],[-120.871806,39.798109,2104.5],[-120.871795,39.798102,2104.5],[-120.871762,39.798084,2104.5],[-120.871749,39.798078,2104.5],[-120.871714,39.798058,2106.3],[-120.871703,39.798052,2106.3],[-120.871665,39.798037,2104.7],[-120.871653,39.798032,2104.7],[-120.871618,39.798013,2106.3],[-120.87159,39.797995,2106.3],[-120.871553,39.797983,2106.3],[-120.871541,39.797978,2107.7],[-120.871508,39.797971,2107.7],[-120.871496,39.797968,2107.7],[-120.871477,39.797959,2105.4],[-120.871457,39.797948,2105.4],[-120.87143,39.797927,2106.8],[-120.871421,39.797919,2106.8],[-120.871386,39.797897,2106.8],[-120.871368,39.797895,2106.8],[-120.871327,39.79789,2108.4],[-120.871312,39.797889,2108.4],[-120.871282,39.797905,2108.4],[-120.871272,39.797914,2108.4],[-120.87128,39.797942,2108.4],[-120.871288,39.797954,2110.9],[-120.871308,39.79798,2110.9],[-120.871319,39.797987,2110.9],[-120.871351,39.798005,2109.2],[-120.871361,39.798013,2109.2],[-120.871378,39.798042,2111.5],[-120.871384,39.798053,2111.5],[-120.871387,39.798084,2111.5],[-120.871389,39.798095,2111.5],[-120.871407,39.798124,2113.3],[-120.871417,39.798131,2113.3],[-120.871434,39.79816,2111.4],[-120.871442,39.798169,2111.4],[-120.871457,39.798198,2111.4],[-120.871462,39.798207,2111.4],[-120.871482,39.798239,2112.3],[-120.871489,39.798248,2112.3],[-120.871499,39.798281,2112.3],[-120.8715,39.798293,2112.3],[-120.871488,39.798328,2112.9],[-120.871485,39.798339,2112.9],[-120.871471,39.798372,2112.9],[-120.871462,39.798383,2112.9],[-120.871419,39.798395,2112.9],[-120.871406,39.798396,2115.1],[-120.871383,39.798388,2115.1],[-120.871366,39.798377,2115.1],[-120.871349,39.798368,2115.1],[-120.871328,39.798361,2115.1],[-120.871308,39.798354,2117.3],[-120.871288,39.798346,2117.3],[-120.871269,39.798345,2117.3],[-120.871246,39.798337,2117.3],[-120.871224,39.798325,2118.6],[-120.871209,39.798324,2118.6],[-120.871187,39.798319,2118.6],[-120.87117,39.798315,2118.6],[-120.871146,39.798308,2118.6],[-120.871128,39.798299,2120.7],[-120.871109,39.798293,2120.7],[-120.871088,39.798283,2120.7],[-120.871069,39.798278,2120.7],[-120.871048,39.798275,2120.7],[-120.871021,39.798273,2123.1],[-120.871006,39.798277,2123.1],[-120.870993,39.798293,2123.1],[-120.871004,39.798309,2123.1],[-120.871011,39.798327,2124.7],[-120.871027,39.798336,2124.7],[-120.871037,39.79835,2124.7],[-120.871044,39.798366,2121.8],[-120.871052,39.79838,2121.8],[-120.87107,39.798395,2121.8],[-120.871091,39.798402,2121.8],[-120.871099,39.798421,2123.0],[-120.871105,39.798454,2123.0],[-120.871108,39.798461,2123.0],[-120.871112,39.798491,2123.0],[-120.871111,39.798499,2123.0],[-120.871117,39.798527,2123.4],[-120.871116,39.798536,2123.4],[-120.871105,39.798569,2123.4],[-120.871101,39.798584,2123.4],[-120.871093,39.798616,2121.1],[-120.871088,39.798623,2121.1],[-120.871083,39.798635,2121.1],[-120.871076,39.798652,2121.1],[-120.871066,39.798666,2121.1],[-120.871055,39.798684,2121.1],[-120.87103,39.798705,2122.5],[-120.871021,39.798713,2122.5],[-120.871006,39.798736,2122.5],[-120.871001,39.798746,2122.5],[-120.870977,39.798768,2122.5],[-120.870967,39.798773,2122.5],[-120.870934,39.798787,2126.0],[-120.870924,39.798792,2126.0],[-120.870904,39.798799,2122.4],[-120.870888,39.79881,2122.4],[-120.870867,39.798812,2122.4],[-120.870851,39.798818,2126.4],[-120.870837,39.798822,2126.4],[-120.870829,39.798825,2126.4],[-120.870832,39.798828,2126.4],[-120.870837,39.798828,2126.4],[-120.870859,39.798818,2122.4],[-120.870855,39.798819,2122.4],[-120.870854,39.798819,2122.4],[-120.870852,39.79882,2122.4],[-120.870851,39.798818,2122.4],[-120.870851,39.798819,2122.4],[-120.87085,39.798819,2122.4],[-120.870851,39.798819,2122.4],[-120.87085,39.79882,2122.4],[-120.870849,39.798822,2122.4],[-120.870857,39.798823,2122.4],[-120.87085,39.798828,2122.4],[-120.870846,39.798831,2122.4],[-120.870845,39.798832,2122.4],[-120.870846,39.798831,2122.4],[-120.870844,39.79883,2122.4],[-120.870843,39.79883,2122.4],[-120.870843,39.798831,2122.4],[-120.87084,39.79883,2122.4],[-120.870846,39.798831,2122.4],[-120.87085,39.798827,2122.4],[-120.870853,39.79882,2122.4],[-120.870866,39.798817,2122.4],[-120.870879,39.798814,2122.4],[-120.870893,39.798809,2122.4],[-120.870901,39.798809,2122.4],[-120.870899,39.798809,2122.4],[-120.870897,39.798808,2122.4],[-120.870902,39.798805,2122.4],[-120.870901,39.798806,2122.4],[-120.8709,39.798805,2122.4],[-120.870898,39.798807,2122.4],[-120.870896,39.798807,2122.4],[-120.870896,39.798808,2122.4],[-120.870896,39.798807,2122.4],[-120.87089,39.798808,2122.4],[-120.870892,39.798807,2122.4],[-120.870892,39.798808,2122.4],[-120.870892,39.798809,2122.4],[-120.870892,39.79881,2122.4],[-120.870892,39.798812,2122.4],[-120.870899,39.798813,2122.4],[-120.870904,39.798814,2122.4],[-120.870909,39.798808,2126.0],[-120.870916,39.798799,2122.5],[-120.870925,39.798794,2122.5],[-120.870933,39.798793,2122.5],[-120.870928,39.798796,2122.5],[-120.87093,39.798779,2122.5],[-120.870919,39.798779,2122.5],[-120.87092,39.798779,2122.5],[-120.870922,39.798779,2122.5],[-120.870915,39.798773,2122.5],[-120.870917,39.798768,2122.5],[-120.870917,39.798763,2122.5],[-120.870918,39.798766,2122.5],[-120.870907,39.798763,2126.0],[-120.870899,39.798771,2126.0],[-120.870891,39.798777,2126.0],[-120.870887,39.798781,2126.0],[-120.870878,39.798788,2126.0],[-120.87087,39.798794,2126.0],[-120.870865,39.798791,2126.0],[-120.870865,39.79879,2126.0],[-120.870863,39.79879,2126.0],[-120.870859,39.798793,2126.0],[-120.870853,39.798795,2126.0],[-120.870851,39.798792,2126.0],[-120.870834,39.798788,2126.0],[-120.870833,39.798788,2126.0],[-120.870827,39.798789,2129.4],[-120.870818,39.798782,2129.4],[-120.870816,39.798781,2129.4],[-120.870818,39.798779,2129.4],[-120.870813,39.798778,2129.4],[-120.87081,39.798774,2129.4],[-120.870804,39.798771,2129.4],[-120.870797,39.798767,2129.4],[-120.870788,39.798765,2129.4],[-120.870785,39.798766,2129.4],[-120.870783,39.798767,2129.4],[-120.870769,39.798768,2129.4],[-120.87076,39.798763,2129.4],[-120.870754,39.798765,2129.4],[-120.870748,39.798768,2133.2],[-120.870732,39.798767,2133.2],[-120.870724,39.798767,2133.2],[-120.870715,39.798768,2133.2],[-120.870707,39.798768,2133.2],[-120.870699,39.798769,2133.2],[-120.870688,39.798767,2133.2],[-120.870682,39.798768,2133.2],[-120.870681,39.798775,2133.2],[-120.870675,39.798776,2133.2],[-120.870676,39.798775,2133.2],[-120.870674,39.798774,2133.2],[-120.870675,39.798774,2133.2],[-120.870672,39.79877,2133.2],[-120.87067,39.798771,2133.2],[-120.87067,39.79877,2133.2],[-120.87067,39.798767,2133.2],[-120.870671,39.798767,2133.2],[-120.87067,39.798768,2133.2],[-120.870671,39.798768,2133.2],[-120.870672,39.798764,2133.2],[-120.870679,39.798756,2133.2],[-120.870673,39.798748,2133.2],[-120.870675,39.79874,2133.2],[-120.870677,39.798732,2133.2],[-120.870674,39.798717,2133.2],[-120.870677,39.798694,2134.2],[-120.870675,39.798686,2134.2],[-120.870674,39.798677,2134.2],[-120.870672,39.798671,2134.2],[-120.870669,39.798668,2134.2],[-120.870664,39.798651,2136.6],[-120.870663,39.798638,2136.6],[-120.870659,39.798622,2136.7],[-120.870653,39.798616,2136.7],[-120.87065,39.798616,2136.7],[-120.870647,39.798616,2136.7],[-120.870644,39.798616,2136.7],[-120.870641,39.798616,2136.7],[-120.870638,39.798616,2136.7],[-120.870635,39.798616,2136.7],[-120.870632,39.798616,2136.7],[-120.870628,39.798616,2136.7],[-120.870625,39.798616,2136.7],[-120.870622,39.798616,2136.7],[-120.870619,39.798616,2136.7],[-120.870616,39.798616,2136.7],[-120.870613,39.798616,2136.7],[-120.87061,39.798616,2136.7],[-120.870607,39.798616,2136.7],[-120.870604,39.798616,2136.7],[-120.870601,39.798616,2136.7],[-120.870597,39.798617,2136.7],[-120.870597,39.798613,2136.7],[-120.870592,39.798611,2136.7],[-120.870587,39.798613,2136.7],[-120.870576,39.798612,2136.7],[-120.870565,39.798615,2136.7],[-120.870555,39.798615,2136.7],[-120.870548,39.798617,2136.7],[-120.87054,39.798618,2136.7],[-120.870532,39.798619,2138.2],[-120.870525,39.798621,2138.2],[-120.870517,39.798622,2138.2],[-120.87051,39.798625,2138.2],[-120.870505,39.798628,2138.2],[-120.870495,39.79863,2138.2],[-120.870489,39.798632,2138.2],[-120.870482,39.798635,2138.2],[-120.870474,39.79864,2138.2],[-120.870469,39.798645,2140.1],[-120.870469,39.79865,2140.1],[-120.870466,39.798656,2140.1],[-120.870464,39.798662,2140.1],[-120.870464,39.798667,2140.1],[-120.870454,39.798672,2140.1],[-120.870444,39.798677,2140.1],[-120.870438,39.798679,2140.1],[-120.870432,39.798681,2140.1],[-120.870421,39.798685,2140.1],[-120.870413,39.798686,2140.1],[-120.870415,39.798686,2140.1],[-120.870418,39.798686,2140.1],[-120.870414,39.798683,2140.1],[-120.870414,39.798685,2140.1],[-120.870415,39.798686,2140.1],[-120.870411,39.798686,2140.1],[-120.870412,39.798686,2140.1],[-120.870407,39.798689,2140.1],[-120.870398,39.798693,2140.1],[-120.870385,39.798696,2142.1],[-120.870377,39.798698,2142.1],[-120.870377,39.798697,2142.1],[-120.870373,39.798701,2142.1],[-120.870364,39.798704,2142.1],[-120.870353,39.79871,2142.1],[-120.870343,39.798713,2142.1],[-120.870333,39.798715,2142.1],[-120.870327,39.798712,2142.1],[-120.870317,39.79871,2142.1],[-120.870306,39.79871,2142.1],[-120.870306,39.798711,2142.1],[-120.870301,39.798717,2142.1],[-120.870292,39.798723,2144.4],[-120.870284,39.798729,2143.9],[-120.870277,39.798734,2143.9],[-120.870272,39.798735,2143.9],[-120.870263,39.798737,2143.9],[-120.870249,39.798737,2143.9],[-120.870236,39.798739,2143.9],[-120.870229,39.798739,2143.9],[-120.870225,39.798737,2143.9],[-120.870216,39.798737,2143.9],[-120.870206,39.798735,2145.9],[-120.870196,39.798735,2145.9],[-120.870195,39.798736,2145.9],[-120.870191,39.798738,2145.9],[-120.870181,39.798733,2145.9],[-120.870165,39.798732,2145.9],[-120.870158,39.798736,2145.9],[-120.870152,39.798737,2145.9],[-120.870142,39.798739,2145.9],[-120.870129,39.798741,2145.9],[-120.870123,39.798745,2147.8],[-120.870116,39.798756,2147.8],[-120.870116,39.798766,2147.8],[-120.870107,39.79878,2147.8],[-120.870104,39.798786,2147.8],[-120.8701,39.798793,2147.8],[-120.870096,39.798799,2147.8],[-120.870095,39.798799,2147.8],[-120.8701,39.798797,2147.8],[-120.870095,39.7988,2147.8],[-120.870096,39.798799,2147.8],[-120.870095,39.798799,2147.8],[-120.870096,39.798799,2147.8],[-120.870096,39.7988,2147.8],[-120.870097,39.798801,2147.8],[-120.870096,39.798802,2147.8],[-120.870095,39.798803,2147.8],[-120.870096,39.798803,2147.8],[-120.870095,39.798802,2147.8],[-120.870098,39.798801,2147.8],[-120.870097,39.798798,2147.8],[-120.870089,39.798789,2147.8],[-120.870092,39.798789,2147.8],[-120.870092,39.79879,2147.8],[-120.870091,39.798793,2147.8],[-120.870088,39.798796,2147.8],[-120.870089,39.798796,2147.8],[-120.870084,39.798796,2147.8],[-120.870081,39.798798,2147.8],[-120.870079,39.798803,2147.8],[-120.870069,39.798805,2147.8],[-120.870056,39.798804,2147.8],[-120.87004,39.798815,2147.8],[-120.870037,39.798818,2147.8],[-120.870029,39.798817,2147.8],[-120.87002,39.798816,2149.6],[-120.870008,39.798819,2149.6],[-120.870002,39.798836,2148.4],[-120.869996,39.798839,2148.4],[-120.869985,39.798841,2148.4],[-120.86998,39.798842,2148.4],[-120.869975,39.798844,2148.4],[-120.86997,39.798845,2148.4],[-120.869964,39.798847,2148.4],[-120.869959,39.798848,2148.4],[-120.869954,39.79885,2148.4],[-120.869949,39.798851,2150.5],[-120.869945,39.798849,2150.5],[-120.869935,39.798849,2150.5],[-120.869929,39.798852,2150.5],[-120.869921,39.798858,2150.5],[-120.869913,39.798865,2150.5],[-120.86991,39.798867,2150.5],[-120.869905,39.798874,2150.5],[-120.869902,39.798877,2150.5],[-120.869893,39.798885,2150.5],[-120.869888,39.798892,2150.5],[-120.869881,39.798896,2150.5],[-120.869868,39.798904,2152.9],[-120.869862,39.79891,2152.9],[-120.869851,39.798919,2152.9],[-120.869844,39.798928,2150.7],[-120.869845,39.798934,2150.7],[-120.869836,39.79894,2150.7],[-120.869828,39.798945,2150.7],[-120.869824,39.798946,2150.7],[-120.869817,39.798953,2150.7],[-120.869808,39.798955,2150.7],[-120.86981,39.798958,2150.7],[-120.869807,39.798961,2150.7],[-120.869799,39.798969,2150.7],[-120.869788,39.798974,2153.3],[-120.869778,39.79898,2153.3],[-120.869772,39.798985,2153.3],[-120.869768,39.798993,2153.3],[-120.869759,39.799,2150.1],[-120.869752,39.799004,2150.1],[-120.869747,39.799008,2150.1],[-120.869745,39.799018,2150.1],[-120.86974,39.799029,2150.1],[-120.869744,39.799036,2150.1],[-120.869737,39.799063,2150.1],[-120.869731,39.799073,2150.1],[-120.869732,39.799075,2150.1],[-120.869729,39.799087,2150.1],[-120.869724,39.799095,2146.7],[-120.869718,39.799101,2149.1],[-120.869723,39.799111,2149.1],[-120.869722,39.799121,2149.1],[-120.869715,39.799133,2149.1],[-120.869706,39.799146,2149.1],[-120.869704,39.799152,2149.1],[-120.8697,39.799162,2149.1],[-120.869694,39.799168,2149.1],[-120.869693,39.79917,2149.1],[-120.869692,39.799173,2149.1],[-120.869692,39.799175,2149.1],[-120.869691,39.799178,2149.1],[-120.86969,39.79918,2149.1],[-120.869689,39.799183,2149.1],[-120.869688,39.799186,2149.1],[-120.869687,39.799188,2149.1],[-120.869686,39.799191,2149.1],[-120.869686,39.799193,2149.1],[-120.869685,39.799196,2149.1],[-120.869684,39.799198,2149.1],[-120.869683,39.799201,2149.1],[-120.86967,39.799236,2145.4],[-120.869665,39.799249,2145.4],[-120.869667,39.799278,2145.4],[-120.869674,39.799317,2141.6],[-120.86968,39.799329,2141.6],[-120.869696,39.799343,2141.6],[-120.869694,39.799355,2141.6],[-120.8697,39.799366,2141.6],[-120.869702,39.799377,2141.6],[-120.869705,39.799389,2141.6],[-120.869702,39.799391,2141.6],[-120.869684,39.799397,2141.6],[-120.869674,39.799407,2138.3],[-120.869657,39.799413,2138.3],[-120.869639,39.799418,2138.3],[-120.869626,39.79943,2138.3],[-120.869625,39.799446,2138.3],[-120.869611,39.799449,2141.6],[-120.869613,39.799454,2141.6],[-120.869616,39.79946,2141.6],[-120.869618,39.799466,2141.6],[-120.869621,39.799472,2141.6],[-120.869623,39.799477,2139.5],[-120.869626,39.799483,2139.5],[-120.869639,39.799492,2135.8],[-120.86964,39.799499,2135.8],[-120.86964,39.799512,2135.8],[-120.869639,39.799516,2135.8],[-120.86963,39.799524,2139.5],[-120.869628,39.799528,2139.5],[-120.869631,39.799528,2139.5],[-120.869628,39.799533,2139.5],[-120.869628,39.799543,2139.5],[-120.869626,39.799548,2139.5],[-120.869622,39.799552,2139.5],[-120.869631,39.799563,2135.8],[-120.869632,39.799565,2135.8],[-120.869625,39.799577,2139.5],[-120.86962,39.79959,2139.5],[-120.869614,39.799603,2139.5],[-120.869601,39.799617,2139.5],[-120.869593,39.799626,2139.5],[-120.869574,39.799647,2139.5],[-120.869561,39.799652,2139.5],[-120.869547,39.799665,2139.5],[-120.869546,39.799678,2140.1],[-120.869526,39.799696,2142.5],[-120.869523,39.799708,2142.5],[-120.869505,39.799733,2142.5],[-120.869492,39.799744,2142.5],[-120.869482,39.799761,2142.5],[-120.869462,39.799776,2143.4],[-120.869453,39.799787,2143.4],[-120.869433,39.799809,2145.7],[-120.869426,39.799818,2145.7],[-120.869404,39.799842,2145.7],[-120.869393,39.799852,2145.7],[-120.869387,39.799868,2146.5],[-120.869374,39.799886,2146.5],[-120.869373,39.799912,2146.5],[-120.869369,39.799925,2146.5],[-120.869363,39.799935,2146.5],[-120.869352,39.79995,2146.6],[-120.869348,39.799977,2146.6],[-120.869347,39.799986,2146.6],[-120.869331,39.800017,2149.3],[-120.869328,39.800024,2149.3],[-120.869311,39.800054,2149.3],[-120.869304,39.800062,2149.3],[-120.869282,39.800084,2149.3],[-120.869273,39.800091,2149.3],[-120.869263,39.800118,2149.2],[-120.86926,39.800127,2149.2],[-120.869254,39.800146,2152.2],[-120.869249,39.800161,2152.2],[-120.869251,39.800192,2152.2],[-120.869248,39.800199,2152.2],[-120.869242,39.800218,2152.2],[-120.869238,39.800235,2152.2],[-120.869239,39.800264,2152.2],[-120.869241,39.800274,2152.2],[-120.869239,39.800306,2152.0],[-120.869232,39.800314,2152.0],[-120.869219,39.800344,2152.0],[-120.869216,39.800352,2152.0],[-120.869207,39.800368,2152.0],[-120.869203,39.800385,2151.7],[-120.869219,39.800415,2151.7],[-120.86922,39.800423,2151.7],[-120.869216,39.800456,2151.7],[-120.869215,39.800468,2151.2],[-120.869181,39.800494,2151.2],[-120.869167,39.800501,2151.2],[-120.869122,39.800501,2154.6],[-120.869108,39.800497,2154.6],[-120.869097,39.800467,2154.6],[-120.869105,39.800435,2154.9],[-120.86911,39.800424,2154.9],[-120.869094,39.800399,2154.9],[-120.869092,39.80039,2154.9],[-120.869077,39.800364,2155.2],[-120.869071,39.800355,2155.2],[-120.869065,39.80034,2155.2],[-120.869061,39.800321,2155.2],[-120.869048,39.800296,2158.2],[-120.869042,39.800287,2158.2],[-120.869031,39.80026,2158.1],[-120.869029,39.800251,2158.1],[-120.869023,39.800232,2158.1],[-120.869021,39.800221,2158.1],[-120.86902,39.80021,2158.1],[-120.869008,39.80018,2157.8],[-120.869007,39.800173,2157.8],[-120.868998,39.800145,2157.8],[-120.869005,39.800117,2157.8],[-120.869007,39.800103,2157.8],[-120.869011,39.800071,2157.6],[-120.869011,39.80006,2157.6],[-120.869003,39.800033,2157.6],[-120.869002,39.800022,2157.6],[-120.868989,39.799997,2157.4],[-120.86898,39.799988,2157.4],[-120.868966,39.799971,2157.4],[-120.868949,39.79996,2159.6],[-120.868928,39.799951,2159.6],[-120.868907,39.799948,2159.6],[-120.868885,39.799943,2159.6],[-120.868866,39.799935,2159.6],[-120.868848,39.799931,2161.1],[-120.868828,39.799921,2161.1],[-120.868798,39.799902,2159.6],[-120.868787,39.799897,2159.6],[-120.868742,39.799898,2159.9],[-120.86873,39.799897,2159.9],[-120.868693,39.799898,2159.9],[-120.86865,39.799894,2159.7],[-120.868635,39.799895,2159.7],[-120.868596,39.799902,2159.7],[-120.868584,39.799908,2159.5],[-120.868564,39.799933,2161.9],[-120.868562,39.799943,2161.9],[-120.868578,39.799975,2161.9],[-120.868588,39.799984,2162.0],[-120.868612,39.800008,2163.9],[-120.868621,39.800015,2163.9],[-120.868649,39.800035,2163.9],[-120.868657,39.800042,2163.9],[-120.868673,39.800072,2163.9],[-120.868676,39.800083,2163.9],[-120.868675,39.800114,2165.1],[-120.868672,39.800124,2165.1],[-120.86864,39.80015,2165.1],[-120.868629,39.800155,2165.1],[-120.868595,39.800175,2165.1],[-120.868583,39.800182,2165.1],[-120.868548,39.800199,2167.1],[-120.868536,39.800204,2167.1],[-120.868499,39.800217,2167.1],[-120.868488,39.800222,2167.1],[-120.86845,39.800228,2167.4],[-120.868438,39.800232,2167.4],[-120.868416,39.800238,2167.4],[-120.868394,39.800243,2167.4],[-120.868359,39.800262,2167.3],[-120.868347,39.800267,2169.1],[-120.868319,39.800291,2169.1],[-120.868309,39.8003,2169.1],[-120.868275,39.800322,2168.9],[-120.868264,39.800329,2168.9],[-120.868232,39.80035,2168.9],[-120.868221,39.800356,2168.9],[-120.868182,39.800371,2171.1],[-120.868169,39.800376,2170.9],[-120.868143,39.800399,2170.9],[-120.868134,39.800406,2170.9],[-120.86812,39.800441,2170.9],[-120.868115,39.800453,2170.9],[-120.868114,39.80048,2172.8],[-120.868114,39.800519,2172.8],[-120.868116,39.800531,2172.8],[-120.868119,39.800568,2174.2],[-120.868121,39.800579,2174.2],[-120.868126,39.800613,2174.2],[-120.868132,39.800628,2174.2],[-120.868149,39.800651,2175.2],[-120.868154,39.800661,2175.2],[-120.868172,39.800685,2174.4],[-120.868183,39.800716,2174.4],[-120.868187,39.80073,2174.4],[-120.868173,39.800754,2174.6],[-120.868166,39.800764,2175.8],[-120.868154,39.800788,2175.8],[-120.86815,39.800799,2175.8],[-120.868122,39.800824,2175.8],[-120.868111,39.80083,2175.8],[-120.868097,39.800851,2176.0],[-120.868097,39.800859,2176.0],[-120.868097,39.800867,2176.0],[-120.868082,39.800877,2176.0],[-120.868069,39.800881,2177.3],[-120.868058,39.800875,2177.3],[-120.868052,39.800874,2177.3],[-120.868054,39.800877,2177.3],[-120.868057,39.800879,2177.3],[-120.868059,39.800882,2177.3],[-120.868061,39.800884,2177.3],[-120.868063,39.800887,2177.3],[-120.868065,39.800889,2177.3],[-120.868068,39.800892,2177.3],[-120.86807,39.800894,2177.3],[-120.868072,39.800897,2177.3],[-120.868074,39.800899,2177.3],[-120.868076,39.800902,2177.3],[-120.868079,39.800904,2177.3],[-120.868081,39.800907,2177.3],[-120.868083,39.800909,2177.3],[-120.86811,39.800935,2176.0],[-120.86813,39.800961,2175.8],[-120.868115,39.800987,2175.8],[-120.868102,39.801021,2175.8],[-120.868097,39.801032,2175.8],[-120.868088,39.801068,2177.7],[-120.868084,39.801078,2177.7],[-120.868079,39.801117,2177.7],[-120.868076,39.801129,2177.7],[-120.868052,39.801152,2178.1],[-120.86802,39.801164,2178.1],[-120.868006,39.801172,2178.1],[-120.867967,39.801188,2180.3],[-120.867955,39.801192,2180.3],[-120.867916,39.801207,2180.3],[-120.867886,39.80123,2181.6],[-120.867872,39.801238,2181.6],[-120.867849,39.801266,2182.4],[-120.86783,39.801297,2182.4],[-120.867822,39.801311,2182.4],[-120.867814,39.801344,2182.0],[-120.86781,39.801355,2182.0],[-120.867804,39.801385,2182.0],[-120.867791,39.801413,2184.1],[-120.867789,39.801427,2184.1],[-120.867777,39.80146,2183.7],[-120.867754,39.801496,2183.7],[-120.867743,39.801508,2183.7],[-120.867722,39.80153,2183.7],[-120.867696,39.801567,2184.3],[-120.867685,39.801582,2184.3],[-120.867659,39.801611,2184.3],[-120.867648,39.801622,2182.5],[-120.867612,39.801648,2184.9],[-120.8676,39.801657,2184.9],[-120.867566,39.80168,2184.9],[-120.867532,39.801701,2184.9],[-120.867518,39.80171,2182.4],[-120.867487,39.801727,2184.7],[-120.86746,39.801747,2184.7],[-120.867431,39.801789,2184.7],[-120.867409,39.801815,2183.9],[-120.867395,39.801827,2183.9],[-120.867379,39.801861,2183.9],[-120.867354,39.80188,2183.9],[-120.867321,39.801895,2180.3],[-120.867278,39.801913,2183.6],[-120.867263,39.80192,2183.6],[-120.867226,39.801927,2186.1],[-120.867147,39.801927,2186.1],[-120.867107,39.801922,2188.0],[-120.867065,39.801916,2188.0],[-120.867017,39.801929,2189.4],[-120.866981,39.801944,2189.4],[-120.866946,39.801959,2190.0],[-120.86691,39.801974,2190.0],[-120.866895,39.802005,2189.2],[-120.866889,39.802015,2189.2],[-120.866871,39.802042,2190.4],[-120.866834,39.80207,2190.4],[-120.86682,39.80208,2188.4],[-120.866796,39.8021,2188.4],[-120.866772,39.802131,2188.4],[-120.866758,39.802143,2189.9],[-120.866752,39.80215,2189.9],[-120.866735,39.802166,2188.0],[-120.866713,39.802196,2188.0],[-120.866703,39.802205,2188.0],[-120.866661,39.802225,2190.1],[-120.866648,39.802232,2190.1],[-120.866609,39.802251,2190.1],[-120.866596,39.802257,2188.4],[-120.866555,39.802278,2191.6],[-120.866528,39.802298,2191.6],[-120.866519,39.802304,2191.6],[-120.866497,39.802322,2191.6],[-120.866486,39.802325,2193.9],[-120.866474,39.802329,2193.9],[-120.86644,39.802341,2193.9],[-120.866428,39.802344,2193.9],[-120.8664,39.802359,2193.9],[-120.866389,39.802364,2193.9],[-120.866372,39.802374,2196.9],[-120.866358,39.802389,2196.9],[-120.866353,39.802404,2196.9],[-120.866346,39.80242,2196.9],[-120.866343,39.802433,2196.9],[-120.866339,39.802454,2198.4],[-120.866323,39.802488,2198.4],[-120.866315,39.802502,2198.4],[-120.866301,39.802534,2198.4],[-120.866291,39.80255,2201.7],[-120.866276,39.802573,2201.7],[-120.866269,39.802584,2201.7],[-120.866246,39.802607,2201.7],[-120.866237,39.802617,2201.7],[-120.866224,39.802632,2201.7],[-120.866231,39.802639,2201.0],[-120.86623,39.802644,2201.0],[-120.866229,39.802648,2201.0],[-120.866229,39.802652,2201.0],[-120.866228,39.802656,2201.0],[-120.866227,39.802661,2201.0],[-120.866226,39.802665,2201.0],[-120.866225,39.802669,2201.0],[-120.866212,39.802682,2201.0],[-120.866208,39.802689,2201.0],[-120.866205,39.802696,2201.0],[-120.866201,39.802703,2201.0],[-120.866205,39.802714,2201.0],[-120.866207,39.80272,2201.0],[-120.866209,39.802727,2199.0],[-120.866211,39.802733,2199.0],[-120.866213,39.802739,2199.0],[-120.866204,39.802746,2199.0],[-120.86619,39.802744,2200.8],[-120.866181,39.802749,2200.8],[-120.866184,39.802747,2200.8],[-120.866183,39.802746,2200.8],[-120.866181,39.802747,2200.8],[-120.866182,39.802748,2200.8],[-120.866181,39.80275,2200.8],[-120.86618,39.80275,2200.8],[-120.86618,39.802752,2200.8],[-120.86618,39.802754,2200.8],[-120.866183,39.802752,2200.8],[-120.866191,39.802748,2200.8],[-120.866199,39.802749,2199.0],[-120.866209,39.802752,2199.0],[-120.866216,39.802752,2199.0],[-120.866219,39.80275,2199.0],[-120.866219,39.802749,2199.0],[-120.86622,39.802761,2199.0],[-120.866215,39.802769,2199.0],[-120.866214,39.802779,2199.0],[-120.866213,39.80278,2199.0],[-120.866209,39.802792,2199.0],[-120.866205,39.802798,2195.5],[-120.8662,39.802798,2195.5],[-120.866199,39.802799,2195.5],[-120.866198,39.802801,2195.5],[-120.866194,39.802801,2195.5],[-120.866187,39.802805,2195.5],[-120.866186,39.802807,2195.5],[-120.866186,39.802817,2195.5],[-120.86619,39.802815,2195.5],[-120.866194,39.802813,2195.5],[-120.866194,39.802815,2195.5],[-120.866194,39.802814,2195.5],[-120.866194,39.802813,2195.5],[-120.866187,39.802813,2197.9],[-120.866178,39.80281,2197.9],[-120.866169,39.802802,2197.9],[-120.866163,39.802796,2200.8],[-120.86616,39.802787,2200.8],[-120.866175,39.802791,2200.8],[-120.866168,39.802783,2200.8],[-120.866166,39.802783,2200.8],[-120.866155,39.802776,2200.8],[-120.866146,39.802772,2200.8],[-120.866145,39.802769,2200.8],[-120.866145,39.802771,2200.8],[-120.866145,39.802769,2200.8],[-120.866146,39.80277,2200.8],[-120.866147,39.802771,2200.8],[-120.866146,39.802771,2200.8],[-120.866145,39.802769,2200.8],[-120.866147,39.802762,2200.8],[-120.866147,39.802755,2200.8],[-120.866149,39.802749,2200.8],[-120.86615,39.802744,2200.8],[-120.866147,39.802739,2200.8],[-120.866144,39.802733,2200.8],[-120.866145,39.802727,2203.2],[-120.866144,39.802725,2203.2],[-120.866142,39.802724,2203.2],[-120.866141,39.802719,2203.2],[-120.866143,39.802719,2203.2],[-120.866142,39.802718,2203.2],[-120.866143,39.802718,2203.2],[-120.866143,39.802717,2203.2],[-120.866143,39.802718,2203.2],[-120.866142,39.80272,2203.2],[-120.866141,39.802719,2203.2],[-120.866146,39.802716,2203.2],[-120.866146,39.802715,2203.2],[-120.866147,39.802717,2203.2],[-120.866153,39.80272,2203.2],[-120.86617,39.802716,2203.2],[-120.866186,39.802711,2201.0],[-120.866193,39.802703,2201.0],[-120.866199,39.802695,2201.0],[-120.866204,39.802683,2201.0],[-120.866208,39.802673,2201.0],[-120.866208,39.80266,2201.0],[-120.866205,39.802652,2201.0],[-120.866213,39.802646,2201.0],[-120.86622,39.802646,2201.0],[-120.866216,39.802644,2201.0],[-120.866215,39.802641,2201.0],[-120.866217,39.802631,2201.0],[-120.866222,39.802627,2201.0],[-120.866225,39.802621,2201.7],[-120.866227,39.802621,2201.7],[-120.866229,39.802617,2201.7],[-120.866231,39.802615,2201.7],[-120.86623,39.802615,2201.7],[-120.866231,39.802615,2201.7],[-120.866233,39.802616,2201.7],[-120.866234,39.802617,2201.7],[-120.866235,39.802616,2201.7],[-120.866244,39.802612,2201.7],[-120.866246,39.802607,2201.7],[-120.86625,39.802606,2201.7],[-120.866247,39.802607,2201.7],[-120.866246,39.802607,2201.7],[-120.866247,39.802608,2201.7],[-120.866244,39.802614,2201.7],[-120.866245,39.802619,2201.0],[-120.866252,39.802617,2201.0],[-120.866261,39.802617,2196.9],[-120.866274,39.802616,2196.9],[-120.866269,39.802607,2198.5],[-120.866271,39.802595,2198.5],[-120.866278,39.802586,2198.5],[-120.866281,39.802574,2198.5],[-120.866281,39.802571,2198.5],[-120.86628,39.802562,2198.5],[-120.866282,39.802553,2198.5],[-120.866282,39.802549,2198.5],[-120.866295,39.802539,2198.5],[-120.866307,39.802535,2198.5],[-120.866315,39.802537,2198.5],[-120.866322,39.802534,2198.5],[-120.866328,39.802526,2198.5],[-120.866329,39.802523,2198.5],[-120.866334,39.802516,2198.5],[-120.866339,39.802515,2198.5],[-120.866345,39.802515,2192.1],[-120.866349,39.802518,2192.1],[-120.866349,39.802517,2192.1],[-120.866354,39.802516,2192.1],[-120.866353,39.802515,2192.1],[-120.866351,39.802515,2192.1],[-120.866348,39.802519,2192.1],[-120.866345,39.802527,2192.1],[-120.866333,39.802537,2192.1],[-120.866317,39.802543,2198.5],[-120.866307,39.802547,2198.5],[-120.866296,39.802557,2198.5],[-120.866286,39.802564,2198.5],[-120.866272,39.802581,2198.5],[-120.866266,39.802588,2198.5],[-120.86626,39.802595,2196.9],[-120.866252,39.802604,2196.9],[-120.866235,39.802614,2201.0],[-120.866218,39.802623,2201.0],[-120.866212,39.802628,2201.0],[-120.866213,39.80264,2201.0],[-120.866215,39.802654,2201.0],[-120.866208,39.802668,2201.0],[-120.866205,39.80268,2201.0],[-120.866203,39.802689,2199.0],[-120.866203,39.802701,2199.0],[-120.866194,39.802712,2199.0],[-120.86619,39.802726,2199.0],[-120.866196,39.802734,2199.0],[-120.8662,39.802736,2199.0],[-120.866195,39.80274,2199.0],[-120.866187,39.802745,2199.0],[-120.866177,39.802751,2199.0],[-120.866162,39.802743,2200.8],[-120.866164,39.802745,2200.8],[-120.866173,39.802745,2199.0],[-120.866174,39.802741,2199.0],[-120.866173,39.802741,2199.0],[-120.866173,39.802742,2199.0],[-120.866174,39.802743,2199.0],[-120.866176,39.802743,2199.0],[-120.866175,39.802743,2199.0],[-120.866174,39.802744,2199.0],[-120.866175,39.802743,2199.0],[-120.866173,39.802742,2199.0],[-120.866171,39.802739,2199.0],[-120.866172,39.802739,2199.0],[-120.866173,39.802739,2199.0],[-120.866174,39.802736,2199.0],[-120.866174,39.802739,2199.0],[-120.866173,39.802738,2199.0],[-120.866171,39.802738,2199.0],[-120.86617,39.802738,2199.0],[-120.866169,39.802739,2199.0],[-120.866172,39.802739,2199.0],[-120.866171,39.80274,2199.0],[-120.86617,39.802741,2199.0],[-120.866169,39.802741,2199.0],[-120.866168,39.802742,2199.0],[-120.866167,39.802742,2199.0],[-120.866168,39.802742,2199.0],[-120.866168,39.802741,2199.0],[-120.866165,39.802742,2199.0],[-120.866164,39.802742,2199.0],[-120.866163,39.802742,2199.0],[-120.866162,39.802742,2199.0],[-120.866164,39.802743,2199.0],[-120.866163,39.802744,2199.0],[-120.866164,39.802744,2199.0],[-120.866163,39.802744,2199.0],[-120.866163,39.802745,2199.0],[-120.866164,39.802744,2199.0],[-120.866164,39.802745,2199.0],[-120.866164,39.802746,2199.0],[-120.866165,39.802746,2199.0],[-120.866164,39.802746,2199.0],[-120.866165,39.802748,2199.0],[-120.866166,39.802748,2199.0],[-120.866165,39.802748,2199.0],[-120.866162,39.802748,2199.0],[-120.866163,39.802758,2199.0],[-120.866162,39.802758,2199.0],[-120.866163,39.802759,2199.0],[-120.866162,39.802759,2199.0],[-120.866162,39.80276,2199.0],[-120.866162,39.802759,2199.0],[-120.866162,39.802758,2199.0],[-120.866159,39.802756,2199.0],[-120.866165,39.802754,2199.0],[-120.866163,39.802751,2199.0],[-120.866161,39.80275,2199.0],[-120.866162,39.80275,2199.0],[-120.866163,39.802749,2199.0],[-120.866165,39.802749,2199.0],[-120.866166,39.80275,2199.0],[-120.866164,39.80275,2199.0],[-120.866163,39.802748,2199.0],[-120.866162,39.802746,2199.0],[-120.866159,39.802743,2199.0],[-120.866158,39.802743,2199.0],[-120.86616,39.802742,2199.0],[-120.866159,39.802744,2199.0],[-120.866159,39.802745,2199.0],[-120.866158,39.802745,2199.0],[-120.866159,39.802744,2199.0],[-120.866162,39.802743,2199.0],[-120.866167,39.802748,2199.0],[-120.866169,39.802748,2199.0],[-120.866161,39.802745,2199.0],[-120.86616,39.802745,2199.0],[-120.866163,39.802745,2199.0],[-120.866163,39.802746,2199.0],[-120.866164,39.802746,2199.0],[-120.866165,39.802746,2199.0],[-120.866166,39.802746,2199.0],[-120.866167,39.802746,2199.0],[-120.866166,39.802745,2199.0],[-120.86617,39.802746,2199.0],[-120.86617,39.802742,2199.0],[-120.86618,39.802731,2199.0],[-120.866186,39.802728,2199.0],[-120.866197,39.802724,2199.0],[-120.866209,39.802725,2199.0],[-120.866208,39.802726,2199.0],[-120.866206,39.802718,2199.0],[-120.866199,39.802707,2199.0],[-120.866203,39.802691,2199.0],[-120.866203,39.802675,2199.0],[-120.866206,39.802668,2201.0],[-120.866208,39.80266,2201.0],[-120.86621,39.802652,2201.0],[-120.866215,39.802637,2201.0],[-120.866216,39.802636,2201.0],[-120.866217,39.802636,2201.0],[-120.866217,39.802635,2201.0],[-120.866218,39.802635,2201.0],[-120.866218,39.802634,2201.0],[-120.866219,39.802634,2201.0],[-120.866219,39.802633,2201.0],[-120.86622,39.802633,2201.0],[-120.86622,39.802632,2201.0],[-120.866221,39.802632,2201.0],[-120.866221,39.802631,2201.0],[-120.866222,39.802631,2201.0],[-120.866222,39.80263,2201.0],[-120.866223,39.80263,2201.0],[-120.866223,39.802629,2201.0],[-120.866224,39.802629,2201.0],[-120.866224,39.802628,2201.0],[-120.866225,39.802628,2201.0],[-120.866225,39.802627,2201.0],[-120.866226,39.802627,2201.0],[-120.866227,39.802626,2201.0],[-120.866228,39.802626,2201.0],[-120.866228,39.802625,2201.0],[-120.866229,39.802625,2201.0],[-120.866229,39.802624,2201.0],[-120.86623,39.802624,2201.0],[-120.86623,39.802623,2201.0],[-120.866231,39.802623,2201.0],[-120.866231,39.802622,2201.0],[-120.866232,39.802622,2201.0],[-120.866232,39.802621,2201.0],[-120.866233,39.802621,2201.0],[-120.866233,39.80262,2201.0],[-120.866234,39.80262,2201.0],[-120.866234,39.802619,2201.0],[-120.866235,39.802619,2201.0],[-120.866235,39.802618,2201.0],[-120.866236,39.802618,2201.0],[-120.866236,39.802617,2201.0],[-120.866237,39.802617,2201.0],[-120.866238,39.802616,2201.0],[-120.866247,39.802596,2201.0],[-120.866252,39.802586,2201.0],[-120.866258,39.802575,2201.0],[-120.866273,39.802569,2201.7],[-120.86628,39.802565,2201.7],[-120.866286,39.802559,2201.7],[-120.866292,39.802549,2198.5],[-120.8663,39.802537,2198.5],[-120.866304,39.802517,2198.5],[-120.86631,39.802496,2198.5],[-120.866312,39.802488,2198.5],[-120.866314,39.80248,2198.5],[-120.866323,39.802449,2198.4],[-120.866334,39.802414,2198.4],[-120.866366,39.802373,2196.9],[-120.866392,39.802347,2193.9],[-120.866454,39.802338,2193.9],[-120.866495,39.802349,2189.8],[-120.866528,39.80237,2189.8],[-120.866535,39.802375,2189.8],[-120.866532,39.802376,2189.8],[-120.866532,39.802368,2189.8],[-120.866532,39.802361,2189.8],[-120.866533,39.802353,2189.8],[-120.866533,39.802346,2189.8],[-120.866533,39.802338,2189.8],[-120.866533,39.802331,2189.8],[-120.866542,39.802316,2191.6],[-120.866557,39.802307,2191.6],[-120.86659,39.802281,2188.4],[-120.866607,39.80227,2188.4],[-120.866646,39.802245,2190.1],[-120.866675,39.802219,2188.0],[-120.866713,39.802192,2188.0],[-120.866746,39.80218,2186.3],[-120.866768,39.802201,2186.3],[-120.866772,39.802214,2186.3],[-120.866779,39.802231,2186.3],[-120.866784,39.802245,2186.3],[-120.866787,39.802277,2183.9],[-120.866793,39.802291,2183.9],[-120.866784,39.802328,2183.9],[-120.866774,39.80234,2183.9],[-120.86677,39.80238,2181.0],[-120.866767,39.802394,2181.0],[-120.866758,39.802427,2181.0],[-120.866746,39.802464,2177.9],[-120.866731,39.802491,2179.9],[-120.866733,39.802535,2179.9],[-120.866734,39.802591,2177.2],[-120.866711,39.802629,2177.2],[-120.866693,39.802659,2174.2],[-120.866656,39.80273,2170.0],[-120.866633,39.802783,2173.6],[-120.866612,39.80283,2169.9],[-120.866599,39.802884,2169.9],[-120.866583,39.802941,2167.9],[-120.866569,39.802998,2167.9],[-120.866555,39.803044,2166.8],[-120.866534,39.803086,2170.3],[-120.866503,39.803118,2168.9],[-120.866474,39.803117,2168.9],[-120.86647,39.803136,2168.9],[-120.866482,39.803136,2168.9],[-120.866485,39.803143,2168.9],[-120.866482,39.803167,2168.9],[-120.86646,39.803206,2167.7],[-120.866453,39.803238,2171.4],[-120.866458,39.80327,2171.4],[-120.866461,39.80328,2171.4],[-120.866449,39.803308,2169.9],[-120.866444,39.803319,2169.9],[-120.866436,39.80335,2169.9],[-120.866435,39.803352,2169.9],[-120.866427,39.803367,2169.9],[-120.866424,39.80337,2169.9],[-120.866436,39.803374,2169.9],[-120.86643,39.803379,2168.2],[-120.866427,39.803378,2168.2],[-120.866423,39.803393,2168.2],[-120.866417,39.803399,2168.2],[-120.866411,39.803405,2168.2],[-120.866409,39.803416,2168.2],[-120.866405,39.803421,2168.2],[-120.866402,39.803427,2168.2],[-120.866398,39.803432,2168.2],[-120.866394,39.803437,2168.2],[-120.86639,39.803442,2168.2],[-120.866392,39.80347,2165.9],[-120.866379,39.8035,2165.9],[-120.866371,39.803509,2165.9],[-120.866359,39.80354,2163.0],[-120.86635,39.803577,2166.1],[-120.866335,39.803601,2166.1],[-120.866326,39.803609,2166.1],[-120.866305,39.803632,2166.1],[-120.866298,39.80364,2162.6],[-120.866273,39.803668,2162.6],[-120.866264,39.803677,2162.6],[-120.866237,39.803701,2165.6],[-120.86623,39.803711,2165.6],[-120.866226,39.803742,2161.9],[-120.86621,39.803779,2161.9],[-120.8662,39.80379,2161.9],[-120.866172,39.803816,2160.9],[-120.86615,39.803829,2160.9],[-120.866148,39.803842,2160.9],[-120.866113,39.803883,2160.9],[-120.866084,39.803936,2158.1],[-120.866058,39.803969,2160.5],[-120.866034,39.803989,2160.5],[-120.865979,39.804069,2161.4],[-120.86599,39.804102,2159.1],[-120.865984,39.804124,2160.6],[-120.865959,39.804155,2160.6],[-120.865949,39.804163,2160.6],[-120.86592,39.804183,2160.6],[-120.865911,39.804187,2160.6],[-120.865889,39.804218,2162.1],[-120.865903,39.804256,2160.0],[-120.86591,39.804274,2160.0],[-120.865904,39.804325,2159.0],[-120.865891,39.804363,2161.5],[-120.865898,39.804406,2157.5],[-120.865891,39.804439,2160.2],[-120.865884,39.804478,2160.2],[-120.865878,39.804505,2157.2],[-120.865874,39.804561,2157.2],[-120.865868,39.80462,2153.6],[-120.865851,39.804676,2150.4],[-120.865825,39.804731,2150.4],[-120.865782,39.804826,2152.1],[-120.865763,39.804855,2151.5],[-120.86575,39.804922,2151.5],[-120.865732,39.804978,2151.4],[-120.865693,39.805027,2154.2],[-120.865673,39.805075,2154.2],[-120.865659,39.805114,2154.1],[-120.865652,39.805144,2154.1],[-120.865651,39.805184,2154.1],[-120.86565,39.805199,2153.8],[-120.865647,39.805236,2153.8],[-120.86564,39.805266,2153.8],[-120.865631,39.805292,2153.3],[-120.865645,39.80529,2153.3],[-120.865648,39.805299,2153.3],[-120.865652,39.805337,2153.3],[-120.865656,39.805349,2153.3],[-120.865686,39.805388,2152.4],[-120.865703,39.805405,2152.4],[-120.865719,39.805431,2152.4],[-120.865723,39.805442,2152.4],[-120.865735,39.805473,2151.5],[-120.865739,39.805481,2151.5],[-120.86575,39.805498,2150.6],[-120.865756,39.805509,2150.6],[-120.865762,39.80552,2150.6],[-120.865771,39.805551,2149.6],[-120.865775,39.805566,2149.6],[-120.865784,39.8056,2149.6],[-120.865806,39.805622,2149.6],[-120.865832,39.805644,2148.6],[-120.865867,39.805661,2147.3],[-120.865909,39.805669,2147.3],[-120.865955,39.805678,2145.5],[-120.866006,39.80568,2145.5],[-120.866081,39.805696,2143.2],[-120.86613,39.80573,2140.7],[-120.866153,39.805749,2138.9],[-120.866229,39.805791,2136.8],[-120.866317,39.805819,2133.8],[-120.866398,39.805837,2127.8],[-120.866498,39.805864,2123.4],[-120.866535,39.805899,2123.4],[-120.866532,39.805937,2121.8],[-120.866545,39.805967,2121.8],[-120.866555,39.805982,2121.8],[-120.866578,39.80601,2117.2],[-120.866589,39.80602,2115.9],[-120.866603,39.80606,2115.9],[-120.866612,39.806072,2115.9],[-120.866626,39.806115,2115.9],[-120.866625,39.806133,2114.4],[-120.866618,39.806172,2114.4],[-120.866638,39.80621,2112.8],[-120.866643,39.806241,2112.8],[-120.866616,39.806269,2112.8],[-120.866602,39.806282,2112.8],[-120.866591,39.806313,2111.3],[-120.866594,39.806329,2111.3],[-120.866596,39.806375,2111.3],[-120.866583,39.806409,2109.7],[-120.866579,39.806417,2109.7],[-120.866628,39.806544,2107.2],[-120.86665,39.806556,2107.2],[-120.86667,39.806578,2101.4],[-120.866663,39.806614,2104.4],[-120.866663,39.806631,2104.4],[-120.866641,39.806666,2101.5],[-120.866621,39.806717,2101.5],[-120.866607,39.806763,2098.6],[-120.866594,39.806797,2098.6],[-120.866577,39.806845,2098.6],[-120.866564,39.806888,2098.1],[-120.866559,39.806928,2098.1],[-120.866578,39.806956,2092.7],[-120.866582,39.806994,2092.7],[-120.866576,39.807014,2094.6],[-120.866538,39.80706,2091.1],[-120.86651,39.807114,2091.1],[-120.866513,39.807163,2087.8],[-120.866559,39.807217,2087.8],[-120.866588,39.807262,2083.2],[-120.866595,39.807304,2083.2],[-120.866568,39.807331,2079.1],[-120.866556,39.807351,2079.1],[-120.866518,39.807372,2079.1],[-120.866518,39.807396,2079.1],[-120.866522,39.80741,2075.5],[-120.866547,39.807462,2075.5],[-120.86655,39.807498,2072.4],[-120.866594,39.807558,2072.4],[-120.866652,39.807602,2070.4],[-120.866717,39.807642,2070.6],[-120.866773,39.807689,2068.1],[-120.866805,39.807736,2068.2],[-120.866805,39.807775,2066.1],[-120.866788,39.807804,2066.1],[-120.866758,39.807821,2066.0],[-120.866726,39.80786,2066.0],[-120.86671,39.807907,2063.9],[-120.866722,39.807946,2063.9],[-120.866753,39.807981,2061.9],[-120.866792,39.808026,2062.1],[-120.866828,39.808059,2059.6],[-120.866858,39.808088,2059.6],[-120.866906,39.808113,2059.8],[-120.866962,39.80815,2057.6],[-120.867005,39.808195,2058.3],[-120.867016,39.80824,2056.0],[-120.866994,39.808318,2053.8],[-120.867019,39.808351,2053.8],[-120.867054,39.808342,2053.8],[-120.867124,39.80834,2054.8],[-120.867167,39.808349,2055.0],[-120.867242,39.808365,2055.0],[-120.867275,39.808389,2054.5],[-120.867225,39.808457,2053.7],[-120.867199,39.80848,2053.7],[-120.867196,39.808493,2052.5],[-120.867184,39.808577,2052.5],[-120.867159,39.808649,2051.1],[-120.867133,39.808697,2047.8],[-120.867102,39.808739,2047.8],[-120.867052,39.80878,2042.8],[-120.867027,39.808804,2042.8],[-120.867047,39.808826,2042.8],[-120.867102,39.808836,2044.9],[-120.867126,39.808842,2044.9],[-120.86715,39.808874,2042.4],[-120.867162,39.808887,2042.4],[-120.867183,39.808911,2044.0],[-120.867192,39.808939,2044.0],[-120.867202,39.808965,2044.0],[-120.867288,39.809108,2041.5],[-120.867303,39.809131,2041.5],[-120.867347,39.809176,2039.7],[-120.867405,39.809219,2040.2],[-120.867438,39.809268,2038.4],[-120.867447,39.809324,2038.4],[-120.867427,39.80938,2036.4],[-120.86745,39.809443,2034.9],[-120.86745,39.8095,2034.9],[-120.867456,39.809555,2033.6],[-120.867431,39.809606,2031.7],[-120.867394,39.809658,2031.7],[-120.867349,39.809713,2029.6],[-120.86731,39.809761,2029.6],[-120.867302,39.809801,2029.5],[-120.867322,39.809849,2029.5],[-120.867371,39.809875,2031.3],[-120.867431,39.809872,2031.3],[-120.867463,39.809893,2031.7],[-120.867477,39.809898,2031.7],[-120.867481,39.809899,2031.7],[-120.867486,39.8099,2031.7],[-120.867491,39.809901,2031.7],[-120.867496,39.809902,2031.7],[-120.8675,39.809903,2031.7],[-120.867505,39.809904,2031.7],[-120.86751,39.809905,2031.7],[-120.867532,39.809931,2031.7],[-120.867555,39.809976,2030.0],[-120.867542,39.810029,2030.0],[-120.867517,39.810085,2028.5],[-120.867477,39.81012,2028.5],[-120.867425,39.810166,2027.0],[-120.867372,39.810208,2027.0],[-120.867335,39.810245,2023.3],[-120.867319,39.810295,2023.3],[-120.867322,39.810353,2021.9],[-120.867336,39.810425,2021.9],[-120.867348,39.810489,2020.6],[-120.86733,39.810555,2019.6],[-120.867302,39.810618,2018.6],[-120.867268,39.810669,2017.8],[-120.867277,39.810734,2017.3],[-120.867295,39.810783,2017.6],[-120.867318,39.810803,2017.6],[-120.867335,39.810829,2016.4],[-120.867342,39.810841,2016.4],[-120.867374,39.810866,2015.5],[-120.867417,39.810874,2015.5],[-120.867433,39.810874,2015.5],[-120.867423,39.810871,2015.5],[-120.867424,39.810869,2015.5],[-120.867418,39.810873,2015.5],[-120.867424,39.810876,2015.5],[-120.867426,39.81088,2015.5],[-120.867428,39.810879,2015.5],[-120.867425,39.810881,2015.5],[-120.867428,39.810882,2015.5],[-120.86743,39.810883,2015.5],[-120.867434,39.810882,2015.5],[-120.86743,39.810882,2015.5],[-120.867435,39.81088,2015.5],[-120.867437,39.810876,2015.5],[-120.867437,39.810875,2015.5],[-120.86744,39.810871,2015.5],[-120.867442,39.81087,2015.5],[-120.867444,39.81087,2015.5],[-120.867442,39.810872,2015.5],[-120.867437,39.810876,2015.5],[-120.867442,39.810875,2015.5],[-120.867441,39.810874,2015.5],[-120.86744,39.810874,2015.5],[-120.867446,39.810872,2015.5],[-120.867444,39.810872,2015.5],[-120.867438,39.810877,2015.5],[-120.86743,39.810876,2015.5],[-120.867425,39.810877,2015.5],[-120.867424,39.81088,2015.5],[-120.867428,39.81088,2015.5],[-120.867428,39.810879,2015.5],[-120.867435,39.810882,2015.5],[-120.867442,39.8109,2015.5],[-120.867457,39.810931,2013.9],[-120.867458,39.810941,2013.9],[-120.867458,39.810979,2013.9],[-120.867462,39.810993,2013.9],[-120.867474,39.81102,2009.6],[-120.867477,39.811052,2009.6],[-120.86742,39.811056,2011.5],[-120.867396,39.811054,2011.5],[-120.86737,39.81108,2012.8],[-120.867361,39.811092,2012.8],[-120.867303,39.811135,2010.3],[-120.867228,39.811173,2011.2],[-120.86718,39.811194,2009.7],[-120.867122,39.811237,2009.7],[-120.867068,39.811276,2009.6],[-120.867048,39.811313,2008.2],[-120.867038,39.811384,2006.4],[-120.867001,39.811431,2006.3],[-120.866947,39.811471,2004.4],[-120.86689,39.811501,2004.8],[-120.866826,39.811546,2005.3],[-120.866747,39.811562,2003.3],[-120.866694,39.811581,2003.4],[-120.866648,39.811617,2002.6],[-120.866594,39.811672,2001.2],[-120.866527,39.811749,1997.4],[-120.866442,39.811809,1996.4],[-120.86635,39.811863,1992.6],[-120.866251,39.81192,1989.8],[-120.866176,39.811967,1989.3],[-120.866117,39.811994,1987.1],[-120.866038,39.812022,1986.3],[-120.865953,39.812051,1985.4],[-120.865868,39.812091,1983.1],[-120.865814,39.812138,1983.1],[-120.865787,39.812156,1981.8],[-120.865786,39.812165,1981.8],[-120.865791,39.812158,1981.8],[-120.865794,39.812163,1981.8],[-120.865791,39.812165,1981.8],[-120.865792,39.812165,1981.8],[-120.86579,39.812172,1980.5],[-120.865785,39.812171,1980.5],[-120.865786,39.812172,1980.5],[-120.865796,39.812168,1980.5],[-120.865795,39.812169,1980.5],[-120.865792,39.812163,1981.8],[-120.865792,39.812161,1981.8],[-120.865791,39.812163,1981.8],[-120.865771,39.81218,1980.5],[-120.86574,39.812208,1980.5],[-120.865692,39.81225,1979.5],[-120.865649,39.812306,1978.0],[-120.865592,39.812366,1974.3],[-120.865529,39.812407,1974.3],[-120.865455,39.81245,1969.7],[-120.865397,39.812494,1969.1],[-120.865369,39.812529,1969.1],[-120.86536,39.812566,1965.6],[-120.865331,39.812602,1965.6],[-120.865271,39.812633,1962.2],[-120.865214,39.812648,1962.3],[-120.865161,39.812665,1962.3],[-120.865096,39.812677,1962.4],[-120.865031,39.812686,1962.2],[-120.864996,39.812703,1962.2],[-120.864978,39.812713,1958.9],[-120.864733,39.81277,1957.0],[-120.864692,39.812786,1957.0],[-120.864614,39.812812,1954.5],[-120.864541,39.812835,1953.5],[-120.864471,39.812859,1951.9],[-120.864432,39.812875,1951.9],[-120.86438,39.812898,1949.7],[-120.864332,39.81292,1949.7],[-120.864303,39.812958,1948.3],[-120.864292,39.812973,1948.3],[-120.864257,39.813007,1947.3],[-120.864212,39.813045,1946.1],[-120.864174,39.813073,1946.1],[-120.864137,39.813108,1944.1],[-120.864102,39.81315,1944.1],[-120.864064,39.813203,1942.6],[-120.864009,39.813255,1942.3],[-120.863943,39.813279,1942.0],[-120.863913,39.813257,1942.0],[-120.863861,39.813281,1941.2],[-120.863839,39.813296,1939.9],[-120.863807,39.813323,1939.9],[-120.863785,39.813329,1939.9],[-120.863765,39.813353,1939.0],[-120.863743,39.813412,1937.7],[-120.863711,39.813446,1937.7],[-120.863625,39.81353,1935.4],[-120.863578,39.813568,1935.3],[-120.863526,39.813611,1932.9],[-120.863492,39.813647,1932.9],[-120.863519,39.813666,1930.1],[-120.863525,39.813679,1930.1],[-120.863508,39.813708,1930.1],[-120.863472,39.813741,1930.6],[-120.863447,39.813762,1928.3],[-120.863429,39.813798,1928.3],[-120.863402,39.813839,1929.2],[-120.863363,39.813869,1926.8],[-120.863322,39.81389,1926.8],[-120.863281,39.813919,1928.0],[-120.863223,39.813963,1925.5],[-120.863168,39.814005,1927.6],[-120.863129,39.814052,1928.3],[-120.863115,39.81411,1928.3],[-120.863109,39.814175,1926.2],[-120.863109,39.814246,1923.9],[-120.863114,39.814345,1922.0],[-120.86311,39.814409,1922.0],[-120.863103,39.814484,1920.4],[-120.863093,39.814545,1919.0],[-120.8631,39.814596,1917.7],[-120.863093,39.814629,1917.7],[-120.863069,39.814653,1917.7],[-120.863061,39.814663,1917.7],[-120.863052,39.814692,1917.7],[-120.863037,39.81472,1916.6],[-120.863017,39.814743,1919.5],[-120.863007,39.814776,1919.5],[-120.862995,39.814793,1917.9],[-120.862997,39.814806,1917.9],[-120.862995,39.814811,1917.9],[-120.862997,39.814804,1917.9],[-120.863003,39.814796,1917.9],[-120.863003,39.814798,1917.9],[-120.863002,39.814807,1917.9],[-120.862998,39.814821,1917.9],[-120.862997,39.814838,1917.9],[-120.862991,39.814889,1917.1],[-120.862988,39.814914,1917.1],[-120.862992,39.81498,1915.7],[-120.863004,39.815037,1915.7],[-120.863011,39.815093,1913.7],[-120.863003,39.815136,1913.7],[-120.863012,39.815179,1911.8],[-120.863037,39.815215,1909.8],[-120.863047,39.815256,1908.0],[-120.863036,39.815293,1908.0],[-120.863037,39.815331,1908.0],[-120.863029,39.815372,1906.9],[-120.863008,39.815422,1908.4],[-120.862996,39.815465,1907.6],[-120.862991,39.815495,1907.6],[-120.862987,39.815508,1907.6],[-120.862986,39.815537,1906.7],[-120.862964,39.815559,1906.7],[-120.862935,39.815592,1906.7],[-120.862922,39.815605,1908.2],[-120.862908,39.81563,1907.7],[-120.862908,39.815662,1907.7],[-120.86288,39.815696,1907.7],[-120.862857,39.815708,1907.7],[-120.862843,39.815739,1907.0],[-120.862842,39.815756,1907.0],[-120.862838,39.815784,1907.0],[-120.862831,39.815818,1906.8],[-120.862828,39.815833,1906.8],[-120.862821,39.815872,1906.8],[-120.862822,39.815888,1906.8],[-120.862812,39.815922,1908.8],[-120.862784,39.815964,1908.8],[-120.862769,39.815986,1908.8],[-120.862777,39.81602,1908.7],[-120.862777,39.816036,1908.7],[-120.862774,39.816067,1908.7],[-120.86277,39.816102,1909.0],[-120.862776,39.816115,1909.0],[-120.862769,39.816151,1909.0],[-120.862766,39.816162,1909.0],[-120.862747,39.816196,1909.3],[-120.862744,39.816223,1909.3],[-120.862762,39.816263,1909.3],[-120.862763,39.816292,1909.6],[-120.862759,39.816326,1909.6],[-120.862766,39.816362,1909.6],[-120.86277,39.81639,1910.3],[-120.862767,39.816442,1910.3],[-120.862769,39.816481,1910.9],[-120.862771,39.816499,1910.9],[-120.862776,39.816532,1910.9],[-120.862793,39.816567,1911.4],[-120.862807,39.816601,1908.5],[-120.862814,39.816643,1908.5],[-120.862821,39.816676,1909.0],[-120.862819,39.816722,1909.0],[-120.862813,39.816742,1909.0],[-120.862814,39.816777,1909.4],[-120.862812,39.816791,1909.4],[-120.86282,39.81683,1909.4],[-120.862822,39.816841,1909.4],[-120.862844,39.816867,1909.7],[-120.862835,39.816903,1909.7],[-120.86283,39.816914,1909.7],[-120.862837,39.816954,1909.6],[-120.862843,39.816966,1909.6],[-120.862882,39.817002,1909.6],[-120.862902,39.817046,1906.1],[-120.862905,39.817077,1906.1],[-120.862897,39.817108,1909.1],[-120.862892,39.817117,1908.1],[-120.86289,39.817146,1908.1],[-120.8629,39.817178,1908.1],[-120.862899,39.817189,1908.1],[-120.862914,39.817226,1904.3],[-120.862915,39.81724,1904.3],[-120.862923,39.817277,1904.3],[-120.862926,39.817303,1902.1],[-120.862931,39.817316,1902.1],[-120.862922,39.817343,1902.1],[-120.862921,39.817352,1902.1],[-120.862908,39.817382,1902.1],[-120.862886,39.817386,1904.2],[-120.862866,39.817389,1904.2],[-120.862826,39.817394,1901.1],[-120.862819,39.817396,1901.1],[-120.862773,39.817413,1903.0],[-120.862769,39.817427,1903.0],[-120.862738,39.817438,1903.0],[-120.862698,39.817429,1905.1],[-120.862653,39.817436,1905.1],[-120.862636,39.817441,1905.1],[-120.862594,39.817458,1907.4],[-120.862582,39.817463,1907.4],[-120.86254,39.817471,1907.4],[-120.862528,39.817475,1907.4],[-120.86248,39.817489,1905.3],[-120.862464,39.817496,1905.3],[-120.862424,39.817515,1907.2],[-120.862409,39.817519,1907.2],[-120.862389,39.817524,1907.2],[-120.862383,39.81753,1907.2],[-120.862381,39.817533,1907.2],[-120.862377,39.817535,1907.2],[-120.862359,39.817541,1907.2],[-120.862347,39.817551,1907.2],[-120.86231,39.817571,1909.3],[-120.862297,39.817581,1904.8],[-120.862248,39.817597,1906.8],[-120.862195,39.817609,1906.8],[-120.862165,39.817611,1906.8],[-120.86213,39.817631,1908.7],[-120.862083,39.817662,1908.7],[-120.86204,39.817688,1905.1],[-120.862003,39.817719,1905.1],[-120.861957,39.817737,1906.6],[-120.861907,39.817742,1906.6],[-120.861864,39.817765,1903.4],[-120.861813,39.8178,1903.4],[-120.861758,39.817845,1905.4],[-120.86169,39.817888,1903.5],[-120.861614,39.817915,1904.5],[-120.861545,39.817941,1900.5],[-120.861516,39.817975,1901.1],[-120.861515,39.818008,1901.1],[-120.861516,39.818045,1897.5],[-120.861505,39.818057,1897.5],[-120.861488,39.818059,1897.5],[-120.861471,39.818062,1897.5],[-120.861438,39.818088,1897.5],[-120.861425,39.818095,1898.1],[-120.861371,39.818103,1898.1],[-120.861363,39.818131,1894.6],[-120.861348,39.81816,1894.6],[-120.861331,39.818189,1895.0],[-120.861308,39.818213,1895.0],[-120.861266,39.818232,1892.1],[-120.861252,39.818237,1892.1],[-120.861225,39.818258,1892.0],[-120.861185,39.818284,1892.0],[-120.861175,39.818299,1888.1],[-120.861162,39.818313,1888.1],[-120.861159,39.818329,1888.1],[-120.861163,39.818331,1888.1],[-120.861162,39.818343,1888.1],[-120.861159,39.818357,1888.1],[-120.86113,39.818394,1882.3],[-120.86112,39.818418,1882.3],[-120.861111,39.818421,1882.3],[-120.861085,39.818428,1882.3],[-120.861072,39.818434,1882.3],[-120.861079,39.818443,1882.3],[-120.861081,39.818453,1882.3],[-120.861083,39.818451,1882.3],[-120.861086,39.81845,1882.3],[-120.861086,39.818445,1882.3],[-120.861068,39.818452,1882.3],[-120.861041,39.818461,1881.9],[-120.860999,39.818447,1881.9],[-120.860945,39.818446,1881.2],[-120.860902,39.818465,1881.2],[-120.860867,39.818483,1878.1],[-120.860824,39.818483,1877.3],[-120.860751,39.81847,1876.1],[-120.860719,39.81852,1876.1],[-120.860681,39.818566,1873.2],[-120.860627,39.818609,1871.8],[-120.860569,39.818631,1870.4],[-120.860504,39.818648,1870.4],[-120.860426,39.818659,1866.5],[-120.86036,39.818663,1865.4],[-120.860291,39.818659,1864.7],[-120.860244,39.818648,1867.9],[-120.860206,39.818649,1868.6],[-120.860148,39.818651,1868.6],[-120.860112,39.818641,1870.3],[-120.860078,39.818629,1870.3],[-120.860069,39.818624,1870.3],[-120.860052,39.818623,1870.3],[-120.860034,39.818615,1872.4],[-120.859991,39.818592,1872.4],[-120.859973,39.818581,1872.4],[-120.859935,39.818577,1872.3],[-120.859913,39.818572,1872.3],[-120.859893,39.81859,1872.3],[-120.859881,39.8186,1872.3],[-120.859876,39.818627,1872.3],[-120.859876,39.818638,1872.3],[-120.85989,39.818667,1865.4],[-120.859885,39.818704,1865.4],[-120.859878,39.818718,1865.4],[-120.859877,39.818747,1861.3],[-120.859899,39.818785,1861.3],[-120.859909,39.818805,1861.3],[-120.859942,39.818824,1857.8],[-120.859961,39.818836,1857.3],[-120.859981,39.818834,1857.3],[-120.860006,39.818836,1857.3],[-120.86002,39.818867,1857.3],[-120.860026,39.818875,1857.3],[-120.860076,39.81888,1856.7],[-120.860108,39.818892,1856.7],[-120.860119,39.818899,1856.7],[-120.860133,39.818924,1850.5],[-120.860164,39.81894,1850.8],[-120.860197,39.81895,1850.8],[-120.860249,39.818956,1851.7],[-120.860271,39.818967,1851.7],[-120.860315,39.819005,1846.3],[-120.860348,39.81903,1848.4],[-120.860394,39.819033,1848.4],[-120.86042,39.819037,1848.4],[-120.860466,39.81907,1851.0],[-120.860497,39.819093,1845.6],[-120.860693,39.819284,1840.3],[-120.8607,39.819308,1841.8],[-120.860675,39.819347,1840.3],[-120.860641,39.819395,1836.5],[-120.86061,39.819413,1836.5],[-120.860551,39.81942,1835.0],[-120.860498,39.819426,1833.5],[-120.860403,39.819423,1831.9],[-120.860322,39.819421,1831.9],[-120.860244,39.81943,1830.6],[-120.860177,39.819433,1830.0],[-120.860097,39.819455,1827.3],[-120.860029,39.819476,1827.3],[-120.85995,39.819519,1827.2],[-120.859902,39.819546,1824.4],[-120.859855,39.819576,1823.7],[-120.859805,39.8196,1823.7],[-120.859734,39.819652,1820.1],[-120.859661,39.819708,1818.7],[-120.859619,39.819768,1817.0],[-120.859602,39.819818,1817.0],[-120.85953,39.81981,1815.5],[-120.859474,39.819824,1814.1],[-120.859522,39.819809,1815.5],[-120.859498,39.819833,1814.1],[-120.859471,39.819874,1812.5],[-120.859412,39.819907,1812.5],[-120.859426,39.819988,1811.0],[-120.859438,39.820053,1809.9],[-120.859495,39.820075,1809.9],[-120.859526,39.820084,1810.9],[-120.85964,39.820114,1811.7],[-120.859769,39.820148,1810.4],[-120.859839,39.820169,1810.7],[-120.859859,39.820214,1809.0],[-120.860006,39.820222,1808.9],[-120.86005,39.820236,1808.9],[-120.860056,39.820259,1808.9],[-120.860039,39.82029,1808.9],[-120.860028,39.820318,1807.0],[-120.860042,39.820358,1807.0],[-120.860075,39.8204,1806.7],[-120.860091,39.820422,1804.4],[-120.860112,39.820399,1806.7],[-120.860091,39.820389,1806.7],[-120.860081,39.820397,1806.7],[-120.860079,39.820389,1806.7],[-120.860066,39.820386,1806.7],[-120.860063,39.820375,1806.7],[-120.860106,39.820395,1806.7],[-120.860115,39.820406,1804.4],[-120.860086,39.820399,1806.7],[-120.860067,39.820389,1806.7],[-120.860049,39.820379,1807.0],[-120.860046,39.82038,1807.0],[-120.86002,39.820374,1807.0],[-120.86001,39.820384,1807.0],[-120.859994,39.820382,1807.0],[-120.859982,39.820368,1807.0],[-120.859971,39.820354,1807.0],[-120.859974,39.820326,1807.0],[-120.859976,39.820317,1807.0],[-120.860005,39.820284,1808.9],[-120.860056,39.820311,1807.0],[-120.860091,39.82033,1806.7],[-120.860108,39.820351,1806.7],[-120.860124,39.820371,1806.7],[-120.860116,39.820385,1806.7],[-120.860102,39.820392,1806.7],[-120.8601,39.820392,1806.7],[-120.860102,39.820387,1806.7],[-120.860102,39.820379,1806.7],[-120.860096,39.820376,1806.7],[-120.86011,39.820358,1806.7],[-120.860099,39.820382,1806.7],[-120.860087,39.820375,1806.7],[-120.860103,39.820385,1806.7],[-120.860092,39.820372,1806.7],[-120.860088,39.820361,1806.7],[-120.860084,39.820351,1806.7],[-120.860094,39.820337,1806.7],[-120.860087,39.820342,1806.7],[-120.860085,39.820348,1806.7],[-120.860081,39.820351,1806.7],[-120.86008,39.820354,1806.7],[-120.860077,39.820352,1806.7],[-120.860092,39.820349,1806.7],[-120.86008,39.820363,1806.7],[-120.860064,39.820367,1806.7],[-120.860055,39.82038,1807.0],[-120.860052,39.820382,1807.0],[-120.860014,39.820379,1807.0],[-120.860021,39.820382,1807.0],[-120.860013,39.820396,1807.0],[-120.860002,39.820396,1807.0],[-120.860001,39.820407,1807.0],[-120.859962,39.820408,1807.0],[-120.859914,39.820413,1807.2],[-120.859872,39.820413,1807.2],[-120.859832,39.820405,1807.2],[-120.859799,39.820413,1807.2],[-120.859757,39.820439,1805.3],[-120.859699,39.820471,1805.3],[-120.859633,39.820531,1803.3],[-120.859559,39.820572,1802.9],[-120.859473,39.820624,1800.7],[-120.859399,39.820667,1799.4],[-120.859341,39.820713,1798.0],[-120.859293,39.820743,1796.6],[-120.859242,39.82077,1796.6],[-120.859192,39.820795,1794.9],[-120.859143,39.820828,1794.9],[-120.859095,39.820852,1793.4],[-120.859054,39.820881,1793.4],[-120.859005,39.820924,1791.6],[-120.858985,39.820949,1791.6],[-120.858969,39.820962,1791.6],[-120.858947,39.820986,1791.5],[-120.858926,39.821019,1789.8],[-120.858923,39.821031,1789.8],[-120.85892,39.821063,1789.8],[-120.858918,39.821076,1789.8],[-120.858893,39.821106,1789.6],[-120.858886,39.821119,1789.6],[-120.858864,39.821136,1789.6],[-120.858865,39.821151,1789.6],[-120.858857,39.821181,1789.6],[-120.8588,39.821321,1786.8],[-120.858758,39.821451,1785.1],[-120.858715,39.821581,1782.4],[-120.858673,39.821711,1780.3],[-120.858632,39.821746,1777.7],[-120.858603,39.821763,1777.7],[-120.85856,39.821792,1777.3],[-120.858504,39.821827,1777.3],[-120.858471,39.82187,1774.3],[-120.85845,39.821921,1774.3],[-120.858429,39.821966,1771.9],[-120.858428,39.821985,1771.9],[-120.858424,39.821994,1771.9],[-120.858397,39.822007,1771.9],[-120.858382,39.822,1771.9],[-120.858368,39.821993,1771.2],[-120.8583,39.821992,1771.2],[-120.858257,39.822009,1770.6],[-120.858244,39.822017,1770.6],[-120.858233,39.822056,1767.7],[-120.858242,39.822072,1767.7],[-120.858237,39.822163,1763.7],[-120.858216,39.822178,1763.7],[-120.8582,39.822186,1763.7],[-120.858178,39.82221,1762.1],[-120.858144,39.822233,1758.2],[-120.858135,39.822238,1758.2],[-120.858129,39.82227,1758.2],[-120.858136,39.822287,1758.2],[-120.858137,39.82229,1758.2],[-120.858138,39.822294,1758.2],[-120.858139,39.822297,1758.2],[-120.85814,39.822301,1758.2],[-120.858141,39.822304,1758.2],[-120.858142,39.822308,1758.2],[-120.858145,39.822311,1758.2],[-120.858142,39.822314,1758.2],[-120.858141,39.822317,1758.2],[-120.858136,39.822317,1758.2],[-120.858142,39.822325,1758.2],[-120.858143,39.822324,1758.2],[-120.858144,39.822338,1754.3],[-120.858137,39.822339,1754.3],[-120.858142,39.822346,1754.3],[-120.858136,39.822345,1754.3],[-120.858136,39.822347,1754.3],[-120.858137,39.822346,1754.3],[-120.858132,39.822343,1754.3],[-120.85813,39.822351,1754.3],[-120.85813,39.822344,1754.3],[-120.858128,39.822347,1754.3],[-120.858141,39.822345,1754.3],[-120.858127,39.82235,1754.3],[-120.858133,39.822352,1754.3],[-120.858137,39.822354,1754.3],[-120.858147,39.822352,1754.3],[-120.85816,39.822351,1754.3],[-120.858163,39.822348,1754.3],[-120.858168,39.82234,1754.3],[-120.858174,39.82234,1754.3],[-120.858183,39.822339,1754.3],[-120.858175,39.82234,1754.3],[-120.858148,39.822343,1754.3],[-120.858122,39.822348,1754.3],[-120.858101,39.822342,1752.3],[-120.858069,39.82236,1752.3],[-120.858052,39.822365,1752.3],[-120.858035,39.82237,1752.3],[-120.857988,39.822351,1750.0],[-120.857965,39.822335,1750.0],[-120.85789,39.82232,1752.0],[-120.857807,39.822277,1749.5],[-120.857723,39.822256,1747.2],[-120.857676,39.822236,1752.2],[-120.857611,39.822201,1750.2],[-120.857555,39.822182,1750.2],[-120.857468,39.822142,1748.5],[-120.857375,39.822129,1752.0],[-120.857262,39.822135,1745.1],[-120.857234,39.822173,1745.1],[-120.857188,39.822212,1745.1],[-120.857119,39.822221,1745.5],[-120.85705,39.822273,1743.0],[-120.857005,39.822308,1743.0],[-120.856972,39.822352,1740.8],[-120.856943,39.822372,1740.8],[-120.856903,39.822431,1739.3],[-120.856873,39.822501,1739.3],[-120.85684,39.822562,1736.4],[-120.856781,39.822546,1737.9],[-120.856743,39.822532,1737.9],[-120.856709,39.822568,1739.4],[-120.856694,39.822588,1739.4],[-120.856677,39.822615,1736.3],[-120.856642,39.822645,1736.3],[-120.856624,39.82268,1737.8],[-120.856606,39.822698,1734.5],[-120.856583,39.822721,1734.5],[-120.856568,39.822755,1734.5],[-120.856523,39.822777,1735.6],[-120.856518,39.822784,1735.6],[-120.856486,39.822794,1731.9],[-120.856434,39.822817,1732.4],[-120.856389,39.822825,1732.4],[-120.856369,39.822831,1732.4],[-120.856332,39.822809,1732.8],[-120.8563,39.822794,1732.8],[-120.856251,39.822809,1732.9],[-120.855934,39.823049,1723.4],[-120.855907,39.82307,1719.2],[-120.855852,39.823123,1719.2],[-120.855777,39.823177,1713.1],[-120.855718,39.823211,1712.3],[-120.855675,39.823243,1712.3],[-120.855662,39.823272,1709.0],[-120.855617,39.823293,1708.7],[-120.855598,39.8233,1708.7],[-120.855608,39.823304,1708.7],[-120.855603,39.823307,1708.7],[-120.855599,39.82331,1708.7],[-120.855595,39.823312,1708.7],[-120.85559,39.823315,1708.7],[-120.855586,39.823318,1708.7],[-120.855582,39.823321,1708.7],[-120.855577,39.823324,1708.7],[-120.855573,39.823327,1708.7],[-120.855569,39.823329,1708.7],[-120.855564,39.823332,1708.7],[-120.85556,39.823335,1708.7],[-120.855522,39.823365,1706.9],[-120.855493,39.823399,1705.1],[-120.855481,39.823426,1705.1],[-120.855458,39.82346,1705.1],[-120.855415,39.823516,1700.9],[-120.855393,39.823569,1700.9],[-120.855392,39.823598,1700.8],[-120.855372,39.823622,1700.8],[-120.855347,39.823646,1700.8],[-120.855307,39.823691,1700.7],[-120.855237,39.823742,1695.6],[-120.855174,39.823803,1698.2],[-120.855098,39.823853,1691.5],[-120.85505,39.823894,1688.4],[-120.855029,39.823919,1688.4],[-120.855031,39.823963,1689.5],[-120.854993,39.824029,1689.5],[-120.854947,39.824095,1686.4],[-120.854921,39.824159,1687.1],[-120.854898,39.824207,1687.1],[-120.854877,39.824236,1684.9],[-120.85484,39.824278,1684.9],[-120.854811,39.824318,1684.9],[-120.854793,39.824335,1682.7],[-120.854772,39.824366,1682.7],[-120.854732,39.82438,1682.7],[-120.854694,39.824409,1678.9],[-120.854681,39.82442,1678.9],[-120.854648,39.82443,1679.7],[-120.854602,39.824439,1675.9],[-120.854568,39.824455,1675.9],[-120.854544,39.824491,1675.9],[-120.854509,39.824513,1672.2],[-120.854483,39.824544,1672.2],[-120.854465,39.82458,1672.2],[-120.854447,39.824614,1670.8],[-120.854404,39.824637,1667.8],[-120.854345,39.824644,1667.8],[-120.854253,39.824659,1665.2],[-120.854198,39.824696,1661.0],[-120.854156,39.824723,1661.0],[-120.854108,39.824753,1658.6],[-120.854054,39.824789,1654.8],[-120.854028,39.824816,1654.8],[-120.854011,39.824857,1654.8],[-120.853981,39.824895,1653.7],[-120.853949,39.824938,1651.7],[-120.853902,39.824957,1651.7],[-120.853855,39.824974,1648.4],[-120.853803,39.824982,1648.4],[-120.853784,39.825018,1644.1],[-120.853777,39.825034,1644.1],[-120.853748,39.82507,1643.7],[-120.853738,39.825086,1643.7],[-120.853709,39.825146,1643.3],[-120.853692,39.825212,1640.0],[-120.853656,39.82527,1640.5],[-120.853612,39.825315,1640.0],[-120.853577,39.825374,1638.9],[-120.853542,39.825427,1639.4],[-120.853532,39.825491,1639.4],[-120.85353,39.825541,1639.0],[-120.85353,39.825593,1638.2],[-120.853517,39.825623,1638.2],[-120.853511,39.825643,1638.2],[-120.853504,39.82568,1638.1],[-120.853502,39.825691,1638.1],[-120.853495,39.825719,1638.1],[-120.853479,39.825757,1638.1],[-120.853465,39.825792,1637.9],[-120.853461,39.825804,1637.9],[-120.853443,39.825842,1637.9],[-120.853423,39.825884,1637.5],[-120.853414,39.8259,1636.6],[-120.853407,39.825941,1636.6],[-120.85341,39.825958,1637.8],[-120.853401,39.825985,1637.8],[-120.853395,39.826021,1637.8],[-120.853399,39.826036,1638.7],[-120.853401,39.826086,1638.7],[-120.853399,39.826117,1638.7],[-120.853365,39.826159,1638.9],[-120.85333,39.826304,1638.4],[-120.853288,39.826346,1638.1],[-120.853261,39.826372,1638.1],[-120.853234,39.8264,1635.9],[-120.853214,39.826435,1635.9],[-120.853208,39.826475,1635.9],[-120.853204,39.826526,1636.8],[-120.853194,39.82658,1636.8],[-120.853159,39.826642,1636.3],[-120.853111,39.826667,1634.5],[-120.853082,39.826652,1634.5],[-120.853068,39.826649,1634.5],[-120.853035,39.826669,1630.5],[-120.853025,39.826681,1631.5],[-120.852998,39.826722,1631.5],[-120.852959,39.826766,1628.7],[-120.852918,39.826809,1629.4],[-120.852926,39.82684,1629.4],[-120.852937,39.826845,1629.4],[-120.852947,39.826851,1629.4],[-120.852989,39.826929,1627.4],[-120.853014,39.826956,1624.5],[-120.853025,39.827005,1624.5],[-120.853015,39.827054,1621.4],[-120.852988,39.827091,1621.4],[-120.852949,39.827108,1622.3],[-120.852887,39.827121,1622.3],[-120.852826,39.827113,1622.4],[-120.852777,39.8271,1622.4],[-120.852735,39.827098,1621.9],[-120.85269,39.827089,1621.9],[-120.852644,39.82707,1621.1],[-120.852619,39.827041,1621.1],[-120.852587,39.82701,1621.4],[-120.852546,39.826974,1621.4],[-120.8525,39.82693,1621.7],[-120.85246,39.826916,1616.2],[-120.852446,39.826941,1617.1],[-120.852432,39.826971,1617.1],[-120.852415,39.827007,1617.1],[-120.852384,39.82706,1612.2],[-120.852394,39.827086,1612.2],[-120.852391,39.827129,1610.7],[-120.852378,39.827191,1610.7],[-120.85236,39.827232,1608.4],[-120.852372,39.827273,1608.4],[-120.852362,39.827304,1608.4],[-120.852316,39.827286,1608.4],[-120.852306,39.827265,1604.3],[-120.852262,39.827254,1604.3],[-120.85223,39.827264,1604.3],[-120.852212,39.827266,1604.3],[-120.85219,39.827288,1599.5],[-120.85217,39.827301,1599.5],[-120.852154,39.827311,1599.5],[-120.852162,39.827339,1599.3],[-120.852133,39.827361,1599.3],[-120.852105,39.827407,1595.3],[-120.852086,39.827442,1595.3],[-120.852036,39.827555,1595.1],[-120.851984,39.827644,1592.4],[-120.851933,39.827734,1590.2],[-120.851902,39.827754,1590.2],[-120.851878,39.827751,1590.2],[-120.85186,39.827748,1590.2],[-120.851843,39.827746,1590.2],[-120.851808,39.827754,1587.7],[-120.851767,39.827754,1587.7],[-120.851702,39.827759,1584.7],[-120.851615,39.827789,1581.1],[-120.851535,39.827822,1577.6],[-120.851491,39.827848,1577.6],[-120.851469,39.827874,1577.3],[-120.851433,39.8279,1574.6],[-120.851404,39.827919,1574.6],[-120.851369,39.827927,1574.6],[-120.851336,39.827951,1572.1],[-120.851281,39.82798,1572.1],[-120.851252,39.828008,1570.3],[-120.851208,39.828048,1569.8],[-120.851183,39.828071,1569.8],[-120.851176,39.828064,1568.2],[-120.851168,39.828066,1568.2],[-120.851189,39.82805,1569.8],[-120.851191,39.828053,1569.8],[-120.851185,39.828059,1568.2],[-120.851175,39.828066,1568.2],[-120.851144,39.828086,1568.2],[-120.851106,39.828094,1568.2],[-120.851082,39.828098,1566.5],[-120.850993,39.828107,1564.8],[-120.850946,39.828123,1564.8],[-120.850924,39.828168,1564.2],[-120.850915,39.828208,1564.2],[-120.850898,39.828208,1562.6],[-120.850872,39.828201,1562.6],[-120.850861,39.828168,1562.6],[-120.850852,39.828141,1562.6],[-120.850837,39.828101,1562.9],[-120.850833,39.828084,1562.9],[-120.850829,39.828051,1562.9],[-120.850818,39.828016,1561.1],[-120.850808,39.827966,1561.1],[-120.850755,39.827983,1561.1],[-120.850733,39.827997,1561.1],[-120.850697,39.828031,1558.7],[-120.850686,39.828056,1558.7],[-120.850687,39.828065,1558.7],[-120.850664,39.828095,1558.7],[-120.850657,39.828107,1558.7],[-120.850659,39.828136,1558.7],[-120.850649,39.828162,1558.6],[-120.850648,39.8282,1558.6],[-120.850661,39.828233,1558.6],[-120.850666,39.828268,1558.0],[-120.850666,39.82831,1558.0],[-120.85066,39.828328,1556.9],[-120.85068,39.828357,1556.9],[-120.850676,39.828396,1556.9],[-120.850682,39.828426,1555.3],[-120.850688,39.828462,1555.3],[-120.850697,39.828475,1555.3],[-120.850715,39.8285,1554.9],[-120.850744,39.828519,1554.9],[-120.850753,39.828523,1554.9],[-120.850758,39.828548,1554.9],[-120.85076,39.828564,1554.9],[-120.850699,39.828603,1550.7],[-120.850635,39.828629,1550.7],[-120.85059,39.828638,1548.8],[-120.85058,39.828673,1546.1],[-120.850608,39.828698,1546.1],[-120.850615,39.828705,1548.1],[-120.850618,39.828718,1548.1],[-120.85062,39.828736,1548.1],[-120.850621,39.828754,1545.5],[-120.850623,39.828768,1545.5],[-120.850632,39.828783,1545.5],[-120.850626,39.828797,1545.5],[-120.850622,39.828814,1545.5],[-120.850623,39.828819,1545.5],[-120.850623,39.828823,1545.5],[-120.850623,39.828828,1545.5],[-120.850624,39.828832,1545.5],[-120.850624,39.828837,1542.7],[-120.850624,39.828841,1542.7],[-120.850625,39.828846,1542.7],[-120.850625,39.82885,1542.7],[-120.850627,39.828853,1542.7],[-120.850624,39.828853,1542.7],[-120.850624,39.828856,1542.7],[-120.850622,39.82886,1542.7],[-120.850622,39.828865,1542.7],[-120.850622,39.828872,1542.7],[-120.850622,39.828873,1542.7],[-120.85062,39.828876,1542.7],[-120.850619,39.828877,1542.7],[-120.850619,39.828883,1542.7],[-120.850621,39.828889,1542.7],[-120.850622,39.828894,1542.7],[-120.850624,39.8289,1542.7],[-120.850625,39.828906,1542.7],[-120.850627,39.828912,1542.7],[-120.850628,39.828917,1542.7],[-120.85063,39.828923,1539.7],[-120.850631,39.828929,1539.7],[-120.850636,39.828963,1539.7],[-120.850596,39.828989,1538.0],[-120.850575,39.828995,1538.0],[-120.850513,39.829016,1531.8],[-120.850481,39.829036,1531.8],[-120.850461,39.829061,1531.8],[-120.85045,39.829078,1531.8],[-120.850401,39.829109,1525.5],[-120.85036,39.829127,1525.5],[-120.850358,39.829167,1525.5],[-120.850359,39.829183,1520.0],[-120.850356,39.82922,1520.0],[-120.850346,39.829257,1520.0],[-120.850317,39.829284,1513.5],[-120.850276,39.829314,1513.5],[-120.850243,39.829362,1507.8],[-120.850207,39.829409,1507.8],[-120.850168,39.829474,1503.9],[-120.850154,39.829558,1499.8],[-120.850114,39.829616,1499.8],[-120.850054,39.829678,1496.8],[-120.849982,39.829713,1496.8],[-120.849932,39.829758,1494.1],[-120.849898,39.829822,1491.5],[-120.849854,39.829842,1491.4],[-120.849816,39.829843,1491.4],[-120.849774,39.829849,1491.0],[-120.849735,39.829878,1491.0],[-120.849732,39.829909,1489.1],[-120.849718,39.829922,1489.1],[-120.849691,39.829942,1489.1],[-120.849636,39.83001,1486.3],[-120.849515,39.830107,1483.6],[-120.849425,39.830136,1483.1],[-120.849343,39.830185,1480.3],[-120.849293,39.830221,1479.6],[-120.849243,39.830264,1479.6],[-120.849232,39.830296,1478.5],[-120.8492,39.830315,1477.6],[-120.849186,39.830317,1477.6],[-120.849149,39.830318,1477.6],[-120.849113,39.830322,1476.2],[-120.849069,39.830326,1476.2],[-120.849029,39.830341,1474.5],[-120.849062,39.830352,1476.2],[-120.849072,39.830357,1476.2],[-120.849081,39.830363,1476.2],[-120.849094,39.830401,1475.3],[-120.849108,39.830413,1475.3],[-120.849129,39.830468,1473.8],[-120.84918,39.830527,1474.8],[-120.849258,39.830574,1473.5],[-120.849382,39.830603,1473.7],[-120.849437,39.830648,1473.4],[-120.84944,39.8307,1471.8],[-120.849446,39.830767,1470.2],[-120.84944,39.830856,1469.1],[-120.849466,39.830922,1468.3],[-120.849479,39.830966,1468.3],[-120.849484,39.831001,1468.3],[-120.849492,39.83106,1467.2],[-120.849496,39.831136,1465.6],[-120.84949,39.831218,1463.2],[-120.849493,39.831294,1460.7],[-120.849495,39.831358,1460.7],[-120.84947,39.831384,1458.7],[-120.849483,39.831412,1458.7],[-120.849494,39.831416,1458.7],[-120.849523,39.831424,1458.7],[-120.849527,39.831435,1458.7],[-120.849541,39.831464,1457.3],[-120.849553,39.83147,1455.9],[-120.849554,39.831505,1455.9],[-120.84955,39.831523,1455.9],[-120.84957,39.83156,1454.1],[-120.84958,39.831571,1454.1],[-120.849585,39.831809,1446.6],[-120.849607,39.831849,1442.3],[-120.849623,39.83191,1438.1],[-120.849623,39.83195,1432.3],[-120.849632,39.831987,1432.3],[-120.849643,39.832013,1427.1],[-120.849671,39.832036,1427.1],[-120.849711,39.832068,1424.1],[-120.849719,39.832096,1424.1],[-120.849702,39.832125,1423.3],[-120.849686,39.832141,1423.3],[-120.849641,39.832171,1423.3],[-120.849587,39.832202,1422.5],[-120.849529,39.832238,1425.4],[-120.849485,39.832263,1425.4],[-120.849465,39.832291,1421.6],[-120.849466,39.832304,1421.6],[-120.849476,39.832343,1421.6],[-120.849486,39.832405,1418.0],[-120.849477,39.832465,1418.0],[-120.849434,39.832485,1416.4],[-120.849416,39.832511,1416.4],[-120.84934,39.832536,1417.7],[-120.849298,39.832583,1413.2],[-120.84927,39.832643,1407.9],[-120.849249,39.832689,1409.1],[-120.849222,39.832718,1409.1],[-120.849177,39.832722,1409.1],[-120.849156,39.83273,1409.7],[-120.849128,39.832749,1405.5],[-120.849127,39.832781,1405.5],[-120.849133,39.832795,1405.5],[-120.849115,39.832844,1401.7],[-120.849082,39.832929,1398.3],[-120.849072,39.832987,1399.0],[-120.849072,39.833049,1395.9],[-120.849075,39.833105,1395.9],[-120.849078,39.833157,1392.7],[-120.849063,39.8332,1392.7],[-120.84905,39.833215,1388.4],[-120.849031,39.833249,1388.4],[-120.848994,39.833278,1388.4],[-120.84903,39.833304,1383.3],[-120.849045,39.833319,1383.3],[-120.849049,39.833349,1383.3],[-120.849041,39.833355,1383.3],[-120.849032,39.83336,1383.3],[-120.849008,39.833385,1377.6],[-120.84899,39.833392,1377.6],[-120.848971,39.833396,1380.3],[-120.848934,39.833422,1380.3],[-120.848922,39.833433,1380.3],[-120.848898,39.833469,1374.0],[-120.848857,39.833532,1377.1],[-120.848799,39.833592,1373.2],[-120.848744,39.833635,1373.2],[-120.848707,39.833673,1369.5],[-120.848701,39.833697,1369.5],[-120.848691,39.833716,1369.5],[-120.848667,39.833735,1363.9],[-120.848649,39.833729,1369.5],[-120.848629,39.833837,1357.0],[-120.848582,39.833862,1359.3],[-120.848558,39.833873,1359.3],[-120.848503,39.83392,1354.1],[-120.848472,39.833966,1354.1],[-120.848444,39.83399,1356.1],[-120.848441,39.834018,1349.3],[-120.848393,39.834059,1349.3],[-120.848372,39.834083,1349.3],[-120.848342,39.83413,1344.6],[-120.848324,39.834153,1344.6],[-120.848317,39.834164,1344.6],[-120.848305,39.834201,1338.6],[-120.848273,39.834231,1338.6],[-120.848264,39.83425,1338.6],[-120.848265,39.834262,1338.6],[-120.848264,39.834263,1338.6],[-120.848258,39.834266,1340.4],[-120.84826,39.834268,1340.4],[-120.848259,39.834276,1340.4],[-120.848259,39.83428,1340.4],[-120.848257,39.834282,1340.4],[-120.848256,39.834284,1340.4],[-120.848255,39.834287,1340.4],[-120.848256,39.834289,1340.4],[-120.848256,39.834288,1340.4],[-120.848256,39.834291,1340.4],[-120.848257,39.834291,1340.4],[-120.848256,39.834293,1340.4],[-120.848256,39.834295,1340.4],[-120.848252,39.834299,1340.4],[-120.848253,39.834301,1340.4],[-120.848252,39.8343,1340.4],[-120.848249,39.834307,1340.4],[-120.848281,39.834319,1332.6],[-120.848301,39.834323,1332.6],[-120.848351,39.83433,1332.6],[-120.848432,39.834317,1329.7],[-120.848517,39.834318,1326.5],[-120.848606,39.834324,1323.4],[-120.848676,39.834335,1320.3],[-120.848719,39.834316,1320.3],[-120.848729,39.834305,1326.8],[-120.84875,39.83426,1323.6],[-120.848802,39.834217,1329.8],[-120.84887,39.834191,1326.5],[-120.848942,39.834157,1323.0],[-120.849016,39.834125,1319.2],[-120.849087,39.834104,1326.3],[-120.849164,39.834095,1322.6],[-120.84923,39.834081,1318.6],[-120.849283,39.834069,1318.6],[-120.849292,39.83405,1314.8],[-120.849308,39.834037,1314.8],[-120.849355,39.834026,1314.8],[-120.849412,39.834008,1317.9],[-120.849436,39.833997,1317.9],[-120.849471,39.833991,1317.9],[-120.849623,39.833914,1317.2],[-120.849741,39.833839,1320.8],[-120.849859,39.833763,1313.7],[-120.849928,39.833708,1320.6],[-120.850005,39.833663,1324.3],[-120.85008,39.833608,1320.3],[-120.850171,39.833572,1323.5],[-120.850269,39.833559,1320.1],[-120.850344,39.833542,1316.9],[-120.850408,39.833503,1313.6],[-120.850454,39.833477,1320.1],[-120.850512,39.833451,1316.9],[-120.850577,39.833426,1313.5],[-120.850643,39.833401,1320.2],[-120.85072,39.833373,1317.2],[-120.850806,39.83334,1314.0],[-120.850897,39.833305,1317.3],[-120.85098,39.833273,1314.3],[-120.851057,39.833234,1311.4],[-120.851141,39.833202,1314.5],[-120.851248,39.833186,1311.5],[-120.851313,39.833154,1308.2],[-120.851388,39.833103,1309.4],[-120.851464,39.833072,1309.4],[-120.851537,39.833023,1309.9],[-120.851612,39.832981,1305.3],[-120.851699,39.832933,1305.2],[-120.851788,39.832889,1300.3],[-120.851864,39.832827,1299.8],[-120.851952,39.832785,1294.8],[-120.852032,39.832777,1291.1],[-120.852101,39.83279,1291.1],[-120.852119,39.832788,1289.6],[-120.852137,39.832791,1289.6],[-120.852184,39.832783,1289.6],[-120.852204,39.832779,1289.3],[-120.852252,39.83278,1289.3],[-120.852273,39.832783,1289.3],[-120.852314,39.832787,1289.3],[-120.852358,39.832784,1289.3],[-120.852409,39.832805,1289.3],[-120.852428,39.832816,1289.3],[-120.852494,39.832829,1289.3],[-120.85255,39.83283,1289.3],[-120.852592,39.832832,1288.7],[-120.85263,39.832836,1288.7],[-120.852675,39.832842,1287.6],[-120.852761,39.832852,1286.3],[-120.852823,39.832851,1286.3],[-120.85288,39.832844,1284.8],[-120.852956,39.832834,1283.1],[-120.853076,39.832817,1281.4],[-120.85317,39.8328,1279.8],[-120.853264,39.832785,1278.3],[-120.853366,39.832771,1276.8],[-120.853465,39.832769,1275.4],[-120.853553,39.832765,1273.9],[-120.853662,39.832724,1278.0],[-120.85371,39.832748,1276.8],[-120.853764,39.832774,1270.8],[-120.853812,39.83279,1270.8],[-120.853841,39.832809,1270.8],[-120.853855,39.832813,1270.4],[-120.85387,39.832818,1270.4],[-120.853909,39.832824,1270.4],[-120.853926,39.832855,1268.6],[-120.853983,39.832872,1268.5],[-120.854012,39.832877,1268.5],[-120.854008,39.832888,1268.5],[-120.854039,39.832904,1269.7],[-120.854068,39.832913,1269.7],[-120.854074,39.832905,1269.7],[-120.854086,39.832912,1269.7],[-120.854091,39.832923,1271.4],[-120.854096,39.832935,1271.4],[-120.854109,39.832927,1275.9],[-120.85412,39.832926,1275.9],[-120.854131,39.832924,1275.9],[-120.854142,39.832922,1275.9],[-120.854172,39.832938,1275.9],[-120.854183,39.832946,1275.9],[-120.854199,39.832958,1280.3],[-120.854198,39.832973,1280.3],[-120.854188,39.83299,1275.9],[-120.854188,39.832999,1280.7],[-120.854189,39.833007,1280.7],[-120.854189,39.833016,1280.7],[-120.854189,39.83303,1280.7],[-120.85419,39.833014,1280.7],[-120.854199,39.833011,1285.4],[-120.854198,39.833009,1285.4],[-120.854208,39.833009,1285.4],[-120.854214,39.833011,1285.4],[-120.854213,39.833016,1285.4],[-120.854213,39.833011,1285.4],[-120.854211,39.83301,1285.4],[-120.854209,39.833016,1285.4],[-120.854219,39.833024,1285.4],[-120.854217,39.833024,1285.4],[-120.854211,39.833011,1285.4],[-120.854213,39.833007,1285.4],[-120.854215,39.833005,1285.4],[-120.854214,39.833005,1285.4],[-120.854217,39.833008,1285.4],[-120.854218,39.833007,1285.4],[-120.854218,39.833001,1285.4],[-120.854221,39.832997,1285.4],[-120.854215,39.832989,1285.4],[-120.854216,39.832988,1285.4],[-120.854212,39.832981,1280.3],[-120.854216,39.832971,1280.3],[-120.854214,39.83296,1280.3],[-120.854215,39.832953,1280.3],[-120.854211,39.832958,1280.3],[-120.854201,39.832949,1280.3],[-120.854197,39.832944,1280.3],[-120.854195,39.832943,1280.3],[-120.854198,39.832954,1280.3],[-120.8542,39.832966,1280.3],[-120.854202,39.832977,1280.3],[-120.854205,39.832988,1280.3],[-120.854207,39.832999,1280.3],[-120.854188,39.83296,1275.9],[-120.854171,39.832921,1275.9],[-120.854173,39.832929,1275.9],[-120.854175,39.832935,1275.9],[-120.854176,39.83294,1275.9],[-120.854177,39.832945,1275.9],[-120.854178,39.83295,1275.9],[-120.85418,39.832956,1275.9],[-120.854181,39.832961,1275.9],[-120.854171,39.832966,1275.9],[-120.854172,39.832973,1275.9],[-120.854169,39.832972,1275.9],[-120.854175,39.832967,1275.9],[-120.854175,39.832968,1275.9],[-120.854174,39.832968,1275.9],[-120.854179,39.832971,1275.9],[-120.854176,39.832973,1275.9],[-120.854175,39.832974,1275.9],[-120.854177,39.832975,1275.9],[-120.854183,39.832977,1275.9],[-120.854185,39.832979,1275.9],[-120.854188,39.832981,1275.9],[-120.854185,39.832975,1275.9],[-120.854191,39.832979,1275.9],[-120.854202,39.832978,1280.3],[-120.854209,39.832981,1280.3],[-120.854211,39.83298,1280.3],[-120.85421,39.832979,1280.3],[-120.854193,39.832977,1275.9],[-120.854186,39.832981,1275.9],[-120.854195,39.832987,1275.9],[-120.85421,39.832989,1280.3],[-120.854216,39.832979,1280.3],[-120.85422,39.832988,1280.3],[-120.854215,39.832982,1280.3],[-120.854216,39.832988,1280.3],[-120.854217,39.832994,1280.3],[-120.854221,39.833002,1280.3],[-120.854216,39.833011,1280.7],[-120.854211,39.833016,1280.7],[-120.854207,39.83302,1280.7],[-120.854205,39.83302,1280.7],[-120.854202,39.83302,1280.7],[-120.854195,39.83303,1280.7],[-120.854194,39.833032,1280.7],[-120.854193,39.833036,1280.7],[-120.854193,39.833033,1280.7],[-120.854192,39.833034,1280.7],[-120.85419,39.833033,1280.7],[-120.854187,39.83303,1280.7],[-120.854186,39.83303,1280.7],[-120.854186,39.833034,1280.7],[-120.85419,39.833039,1280.7],[-120.854185,39.833044,1280.7],[-120.854192,39.833034,1280.7],[-120.854195,39.833024,1280.7],[-120.854192,39.833024,1280.7],[-120.854191,39.83303,1280.7],[-120.854189,39.833027,1280.7],[-120.854186,39.833032,1280.7],[-120.854153,39.83304,1280.7],[-120.854123,39.833022,1280.7],[-120.854087,39.833032,1276.5],[-120.854076,39.833039,1276.5],[-120.854039,39.833037,1276.5],[-120.853999,39.833019,1272.2],[-120.853987,39.833014,1272.2],[-120.85395,39.833009,1272.2],[-120.853913,39.833003,1269.4],[-120.853902,39.833006,1269.4],[-120.853882,39.833011,1269.4],[-120.853865,39.833015,1269.4],[-120.853828,39.833026,1268.5],[-120.853817,39.833029,1268.5],[-120.853775,39.833035,1268.5],[-120.853767,39.833034,1268.5],[-120.85376,39.833039,1268.5],[-120.853739,39.83304,1267.9],[-120.853726,39.833045,1267.9],[-120.853722,39.833042,1267.9],[-120.853712,39.833037,1267.9],[-120.853688,39.833038,1267.9],[-120.853694,39.833037,1267.9],[-120.853705,39.83304,1267.9],[-120.853716,39.833039,1267.9],[-120.853718,39.833042,1267.9],[-120.85372,39.833044,1267.9],[-120.853724,39.833049,1267.9],[-120.853725,39.833048,1267.9],[-120.853723,39.833046,1267.9],[-120.853731,39.833048,1267.9],[-120.853731,39.833047,1267.9],[-120.853732,39.833046,1267.9],[-120.853737,39.83304,1267.9],[-120.853737,39.833043,1267.9],[-120.853742,39.833042,1268.5],[-120.853737,39.833043,1267.9],[-120.853741,39.833047,1267.9],[-120.853732,39.833043,1267.9],[-120.853727,39.833041,1267.9],[-120.85371,39.833033,1267.9],[-120.853712,39.833029,1267.9],[-120.853712,39.83303,1267.9],[-120.853707,39.833027,1267.9],[-120.853707,39.833031,1267.9],[-120.853706,39.833032,1267.9],[-120.853704,39.833032,1267.9],[-120.853699,39.833032,1267.9],[-120.853702,39.833034,1267.9],[-120.853699,39.833031,1267.9],[-120.853699,39.833032,1267.9],[-120.853696,39.833033,1267.9],[-120.853695,39.833026,1267.9],[-120.853688,39.833018,1267.9],[-120.853677,39.833018,1267.9],[-120.853656,39.833014,1267.9],[-120.853639,39.833019,1267.6],[-120.853642,39.833024,1267.6],[-120.853644,39.833021,1267.6],[-120.853642,39.833028,1267.6],[-120.853643,39.833035,1267.6],[-120.853645,39.833039,1267.6],[-120.853642,39.83304,1267.6],[-120.85364,39.83304,1267.6],[-120.853645,39.833044,1267.6],[-120.853651,39.833048,1267.9],[-120.853659,39.833048,1267.9],[-120.853663,39.83305,1267.9],[-120.853669,39.833046,1267.9],[-120.853675,39.833046,1267.9],[-120.853679,39.833058,1267.9],[-120.853667,39.833072,1267.9],[-120.853658,39.833081,1267.9],[-120.853648,39.833091,1267.9],[-120.853614,39.833113,1268.9],[-120.853599,39.833121,1268.9],[-120.853577,39.833156,1268.9],[-120.853568,39.833166,1268.9],[-120.85355,39.833191,1276.3],[-120.853546,39.833202,1276.3],[-120.853515,39.833228,1272.7],[-120.85348,39.833246,1272.7],[-120.853469,39.833252,1272.7],[-120.85343,39.833277,1277.4],[-120.853414,39.833287,1277.4],[-120.853397,39.833317,1277.4],[-120.853388,39.833329,1277.4],[-120.853403,39.833384,1284.1],[-120.853367,39.833406,1284.1],[-120.853351,39.833414,1281.1],[-120.853324,39.833444,1286.5],[-120.853315,39.833458,1286.5],[-120.853305,39.83349,1286.5],[-120.853299,39.8335,1286.5],[-120.853269,39.833523,1283.9],[-120.853262,39.83353,1283.9],[-120.853233,39.833554,1288.8],[-120.853222,39.833562,1288.8],[-120.853191,39.833583,1288.8],[-120.853181,39.833591,1288.8],[-120.853157,39.833615,1286.2],[-120.853148,39.833623,1286.2],[-120.853123,39.833644,1291.1],[-120.853115,39.833653,1291.1],[-120.853094,39.833682,1291.1],[-120.853087,39.833695,1288.2],[-120.853055,39.833724,1292.7],[-120.853048,39.833736,1292.7],[-120.85304,39.833764,1292.7],[-120.853029,39.833797,1292.7],[-120.853026,39.833813,1292.7],[-120.853007,39.833841,1297.4],[-120.852985,39.833872,1293.8],[-120.852981,39.833882,1293.8],[-120.852962,39.833914,1298.7],[-120.852954,39.833923,1298.7],[-120.852959,39.833953,1298.7],[-120.852962,39.833987,1298.7],[-120.852943,39.834014,1293.8],[-120.852937,39.834024,1293.8],[-120.852929,39.834048,1293.8],[-120.852923,39.83406,1293.8],[-120.852917,39.83409,1298.7],[-120.852913,39.834102,1298.7],[-120.852904,39.834139,1298.7],[-120.852889,39.834164,1298.7],[-120.852886,39.834199,1303.7],[-120.852866,39.83423,1299.8],[-120.852855,39.83424,1299.8],[-120.852827,39.834266,1304.5],[-120.852815,39.834273,1304.5],[-120.852798,39.834302,1304.5],[-120.852793,39.834312,1304.5],[-120.852767,39.834331,1300.7],[-120.852759,39.834338,1300.7],[-120.852722,39.834361,1305.0],[-120.85271,39.83437,1305.0],[-120.852698,39.834403,1301.6],[-120.852691,39.83441,1301.6],[-120.852678,39.834448,1306.4],[-120.852675,39.834461,1306.4],[-120.852647,39.834485,1306.4],[-120.852636,39.834493,1306.4],[-120.852599,39.834516,1304.0],[-120.852581,39.834518,1304.0],[-120.852568,39.834548,1309.8],[-120.852566,39.834557,1309.8],[-120.852547,39.834584,1309.8],[-120.852542,39.834595,1309.8],[-120.852498,39.834604,1307.4],[-120.852482,39.834612,1307.4],[-120.852453,39.834631,1313.0],[-120.852446,39.834644,1313.0],[-120.852422,39.834671,1310.6],[-120.852416,39.834681,1310.6],[-120.852395,39.834707,1310.6],[-120.852381,39.834713,1310.6],[-120.852358,39.834739,1315.8],[-120.852328,39.834766,1313.4],[-120.852314,39.834775,1313.4],[-120.852277,39.834803,1318.4],[-120.852264,39.834817,1318.4],[-120.852232,39.83485,1316.1],[-120.852223,39.834863,1316.1],[-120.852196,39.834891,1316.1],[-120.852187,39.834904,1320.3],[-120.852172,39.834931,1320.3],[-120.852144,39.834952,1317.8],[-120.852135,39.83498,1317.8],[-120.852116,39.835007,1320.9],[-120.852104,39.835011,1320.9],[-120.852104,39.835039,1320.9],[-120.852074,39.835068,1320.9],[-120.852065,39.83508,1320.9],[-120.852044,39.835106,1321.4],[-120.852041,39.83512,1321.4],[-120.852019,39.835153,1321.4],[-120.852012,39.835166,1321.4],[-120.852004,39.835194,1324.9],[-120.851992,39.835225,1324.9],[-120.851968,39.835256,1324.9],[-120.851958,39.835271,1322.4],[-120.851933,39.835299,1325.9],[-120.851916,39.835335,1325.9],[-120.851909,39.835351,1325.9],[-120.851883,39.835376,1329.5],[-120.85187,39.835389,1327.4],[-120.851833,39.835393,1327.4],[-120.85181,39.835422,1327.4],[-120.851772,39.835438,1325.6],[-120.851752,39.835462,1325.6],[-120.851718,39.835491,1330.0],[-120.851672,39.835509,1328.2],[-120.851659,39.835515,1328.2],[-120.851612,39.835529,1328.2],[-120.851592,39.835533,1326.5],[-120.851548,39.83555,1326.5],[-120.851506,39.835552,1326.5],[-120.851471,39.835563,1329.4],[-120.851443,39.83558,1329.4],[-120.851425,39.835596,1329.4],[-120.851407,39.835602,1329.4],[-120.85137,39.835609,1327.5],[-120.851354,39.83561,1327.5],[-120.851324,39.835633,1327.5],[-120.851313,39.835638,1330.2],[-120.851272,39.835647,1330.2],[-120.851258,39.835651,1330.2],[-120.851221,39.835673,1327.8],[-120.851211,39.83568,1327.8],[-120.851176,39.835695,1327.8],[-120.851146,39.835711,1327.8],[-120.851134,39.835717,1325.5],[-120.851112,39.835749,1329.9],[-120.851102,39.835758,1329.9],[-120.851073,39.835785,1329.9],[-120.85106,39.835791,1329.9],[-120.851037,39.835824,1335.2],[-120.851032,39.835835,1330.9],[-120.851021,39.835867,1330.9],[-120.851011,39.835876,1330.9],[-120.850993,39.835912,1335.6],[-120.850987,39.835926,1335.6],[-120.850983,39.835956,1335.6],[-120.850976,39.835985,1335.6],[-120.850981,39.836013,1339.8],[-120.850974,39.836054,1339.8],[-120.85097,39.836068,1339.8],[-120.850962,39.836106,1343.2],[-120.850963,39.836122,1343.2],[-120.850956,39.836149,1343.2],[-120.850946,39.836188,1342.3],[-120.850947,39.836202,1342.3],[-120.850942,39.836231,1342.3],[-120.850944,39.83626,1342.3],[-120.850939,39.836298,1345.7],[-120.850938,39.836311,1345.7],[-120.850928,39.83635,1345.7],[-120.850927,39.836362,1345.7],[-120.850925,39.836395,1349.1],[-120.850914,39.836434,1349.1],[-120.850914,39.836448,1349.1],[-120.850897,39.836495,1352.3],[-120.850895,39.83653,1352.3],[-120.850915,39.836566,1355.9],[-120.850905,39.836597,1355.9],[-120.85088,39.83663,1355.9],[-120.850869,39.836667,1360.6],[-120.85086,39.836708,1356.2],[-120.850859,39.836748,1361.0],[-120.850842,39.83678,1361.0],[-120.850827,39.836828,1361.0],[-120.850817,39.836883,1364.8],[-120.85079,39.836927,1366.7],[-120.850768,39.836964,1362.3],[-120.850746,39.837011,1364.3],[-120.850728,39.837053,1364.3],[-120.850715,39.837102,1366.2],[-120.850696,39.837152,1366.2],[-120.850666,39.837211,1361.7],[-120.850645,39.837275,1361.7],[-120.850624,39.837323,1363.0],[-120.850583,39.837367,1355.8],[-120.850553,39.837413,1356.9],[-120.850528,39.837465,1356.9],[-120.850496,39.837532,1350.4],[-120.850474,39.837583,1350.6],[-120.850482,39.837637,1350.6],[-120.850516,39.837682,1353.3],[-120.850566,39.837709,1353.3],[-120.85063,39.837724,1357.3],[-120.850693,39.837753,1354.6],[-120.85075,39.837785,1354.6],[-120.850808,39.837841,1349.6],[-120.850871,39.837876,1349.6],[-120.850914,39.837909,1350.2],[-120.850962,39.83791,1350.2],[-120.85098,39.83791,1350.4],[-120.851058,39.837891,1350.6],[-120.851152,39.837888,1350.6],[-120.851255,39.837883,1351.0],[-120.851353,39.837907,1351.4],[-120.851423,39.837939,1340.7],[-120.851482,39.837951,1341.0],[-120.851523,39.837967,1341.0],[-120.851557,39.837978,1341.3],[-120.85161,39.837983,1341.3],[-120.851668,39.838017,1342.1],[-120.851737,39.838044,1335.1],[-120.851808,39.838091,1337.0],[-120.851879,39.838122,1328.4],[-120.851977,39.838156,1329.9],[-120.852068,39.838175,1331.7],[-120.852169,39.838179,1334.0],[-120.852264,39.838217,1328.9],[-120.852335,39.838237,1330.9],[-120.852378,39.838281,1333.0],[-120.852423,39.838329,1325.4],[-120.852458,39.83839,1327.8],[-120.852503,39.838453,1318.5],[-120.852532,39.838508,1312.2],[-120.852579,39.838585,1314.0],[-120.852641,39.838645,1309.6],[-120.852706,39.838671,1309.6],[-120.852786,39.838698,1305.1],[-120.85288,39.838712,1306.3],[-120.853003,39.838736,1307.8],[-120.853112,39.838797,1304.5],[-120.853207,39.838852,1305.7],[-120.853272,39.838918,1298.1],[-120.853336,39.838998,1292.2],[-120.85341,39.839073,1284.7],[-120.853502,39.839115,1285.3],[-120.853582,39.839154,1277.5],[-120.853657,39.839165,1277.5],[-120.853739,39.839149,1278.4],[-120.85382,39.839122,1286.3],[-120.853902,39.839099,1286.5],[-120.854009,39.839077,1286.7],[-120.854121,39.839067,1286.9],[-120.854224,39.839053,1287.1],[-120.854329,39.839046,1289.0],[-120.854401,39.839033,1291.6],[-120.854439,39.83906,1290.3],[-120.85447,39.8391,1290.3],[-120.854448,39.839151,1288.3],[-120.85442,39.839201,1288.3],[-120.854416,39.839276,1286.4],[-120.85442,39.839345,1284.8],[-120.854426,39.839422,1283.4],[-120.854408,39.839505,1272.6],[-120.854428,39.839598,1265.0],[-120.85443,39.839668,1265.0],[-120.854444,39.839723,1256.3],[-120.854455,39.839765,1256.3],[-120.854493,39.839797,1254.0],[-120.854544,39.839816,1255.0],[-120.854593,39.839849,1255.0],[-120.854631,39.839892,1253.8],[-120.854656,39.839925,1253.8],[-120.85469,39.839943,1254.8],[-120.854715,39.839962,1254.8],[-120.854718,39.839968,1254.8],[-120.854726,39.839979,1251.4],[-120.854717,39.840003,1251.4],[-120.854716,39.840031,1251.4],[-120.85474,39.840052,1251.4],[-120.854794,39.840065,1251.4],[-120.854848,39.840075,1253.3],[-120.854886,39.840079,1253.3],[-120.854905,39.840081,1256.1],[-120.854961,39.840088,1243.6],[-120.854987,39.840091,1241.9],[-120.855031,39.840102,1241.9],[-120.855069,39.840106,1241.9],[-120.855119,39.840096,1243.9],[-120.855162,39.84009,1258.6],[-120.855209,39.840077,1257.2],[-120.85527,39.840068,1255.3],[-120.855314,39.840064,1255.3],[-120.855332,39.840062,1255.3],[-120.855378,39.840047,1253.4],[-120.855414,39.840034,1253.4],[-120.855458,39.840028,1252.4],[-120.855491,39.840009,1252.4],[-120.855527,39.839988,1258.7],[-120.855565,39.839993,1251.8],[-120.855617,39.839987,1258.1],[-120.855634,39.839982,1257.8],[-120.855684,39.839976,1257.8],[-120.855702,39.83997,1257.8],[-120.855755,39.839969,1257.3],[-120.855774,39.83997,1257.3],[-120.855814,39.839963,1256.4],[-120.855868,39.839961,1256.4],[-120.855895,39.839957,1256.4],[-120.855934,39.839957,1255.9],[-120.855952,39.839957,1255.9],[-120.855984,39.839938,1255.9],[-120.85603,39.839957,1257.0],[-120.856049,39.839964,1257.0],[-120.856082,39.839977,1261.9],[-120.856122,39.83999,1261.9],[-120.856158,39.840004,1261.9],[-120.856169,39.840011,1266.2],[-120.856181,39.840045,1272.6],[-120.856183,39.840054,1272.6],[-120.856175,39.840073,1266.2],[-120.856179,39.840088,1266.2],[-120.856195,39.840096,1272.6],[-120.856201,39.840106,1276.2],[-120.856202,39.840119,1276.2],[-120.856206,39.840115,1276.2],[-120.856232,39.840116,1276.2],[-120.85623,39.840138,1276.2],[-120.856247,39.840165,1276.2],[-120.856264,39.8402,1282.5],[-120.856269,39.840212,1282.5],[-120.856284,39.840238,1282.5],[-120.85631,39.840267,1282.5],[-120.856314,39.840295,1283.8],[-120.856332,39.840334,1283.8],[-120.856342,39.840348,1285.8],[-120.85634,39.840388,1286.7],[-120.856341,39.840401,1286.7],[-120.856347,39.840434,1286.7],[-120.856344,39.840473,1287.5],[-120.856347,39.840486,1287.5],[-120.856341,39.840525,1287.5],[-120.85634,39.840539,1287.5],[-120.856351,39.840571,1288.0],[-120.856352,39.840603,1288.0],[-120.856359,39.840644,1288.0],[-120.85636,39.840658,1288.0],[-120.856354,39.840688,1288.3],[-120.856361,39.84072,1288.3],[-120.856358,39.840729,1288.3],[-120.856362,39.840745,1288.3],[-120.856367,39.840755,1288.3],[-120.856365,39.840754,1288.3],[-120.856359,39.840751,1288.3],[-120.85636,39.840757,1289.0],[-120.85636,39.840761,1289.0],[-120.856359,39.840763,1289.0],[-120.856358,39.84077,1289.0],[-120.856359,39.840771,1289.0],[-120.856361,39.840776,1289.0],[-120.856364,39.840782,1289.0],[-120.856365,39.840784,1289.0],[-120.856365,39.840783,1289.0],[-120.856361,39.840786,1289.0],[-120.85636,39.840789,1289.0],[-120.856357,39.840791,1289.0],[-120.856353,39.840793,1289.0],[-120.856352,39.840797,1289.0],[-120.856349,39.840798,1289.0],[-120.85635,39.840799,1289.0],[-120.856352,39.840799,1289.0],[-120.856352,39.8408,1289.0],[-120.856352,39.840801,1289.0],[-120.856351,39.840801,1289.0],[-120.856351,39.840804,1289.0],[-120.856352,39.840803,1289.0],[-120.856352,39.840804,1289.0],[-120.856354,39.840804,1289.0],[-120.856356,39.840804,1289.0],[-120.856357,39.840805,1289.0],[-120.856355,39.840805,1289.0],[-120.856355,39.840806,1289.0],[-120.856358,39.840812,1289.0],[-120.856355,39.840814,1289.0],[-120.85635,39.840818,1289.0],[-120.856363,39.840835,1289.0],[-120.856373,39.840838,1289.0],[-120.856367,39.840837,1289.0],[-120.856366,39.840837,1289.0],[-120.856369,39.840838,1289.0],[-120.856373,39.840842,1289.0],[-120.85637,39.840843,1289.0],[-120.856372,39.840842,1289.0],[-120.85637,39.840841,1289.0],[-120.856369,39.840841,1289.0],[-120.856369,39.84084,1289.0],[-120.856379,39.840841,1289.0],[-120.85638,39.840842,1289.0],[-120.85638,39.840843,1289.0],[-120.856374,39.840844,1289.0],[-120.856375,39.840846,1289.0],[-120.856373,39.840842,1289.0],[-120.856374,39.840841,1289.0],[-120.856369,39.840844,1289.0],[-120.856371,39.840841,1289.0],[-120.85637,39.840841,1289.0],[-120.856372,39.840845,1289.0],[-120.85637,39.840846,1289.0],[-120.856371,39.840846,1289.0],[-120.856369,39.840845,1289.0],[-120.856369,39.840844,1289.0],[-120.856368,39.840845,1289.0],[-120.856367,39.840844,1289.0],[-120.856372,39.840843,1289.0],[-120.856372,39.840842,1289.0],[-120.85637,39.840842,1289.0],[-120.85637,39.84084,1289.0],[-120.856371,39.840839,1289.0],[-120.856371,39.840836,1289.0],[-120.856361,39.840838,1289.0],[-120.856349,39.840829,1289.0],[-120.856333,39.840819,1286.8],[-120.85633,39.840818,1286.8],[-120.856335,39.84082,1286.8],[-120.85634,39.840803,1289.0],[-120.856338,39.840818,1289.0],[-120.856335,39.840821,1289.0],[-120.856334,39.840824,1289.0],[-120.856336,39.840823,1289.0],[-120.856355,39.840827,1289.0],[-120.856358,39.84083,1289.0],[-120.856359,39.84083,1289.0],[-120.85636,39.840831,1289.0],[-120.856356,39.840832,1289.0],[-120.856357,39.840832,1289.0],[-120.856358,39.840837,1289.0],[-120.856351,39.840848,1289.0],[-120.856348,39.840849,1289.0],[-120.856345,39.840842,1289.0],[-120.856346,39.840837,1289.0],[-120.856337,39.840839,1289.0],[-120.856335,39.840836,1289.0],[-120.856336,39.840839,1289.0],[-120.856337,39.840832,1289.0],[-120.856337,39.840828,1289.0],[-120.856336,39.84083,1289.0],[-120.856333,39.840827,1289.0],[-120.856332,39.840826,1289.0],[-120.856328,39.840826,1289.0],[-120.85633,39.840826,1289.0],[-120.856325,39.840827,1286.8],[-120.856323,39.840824,1286.8],[-120.85632,39.840825,1286.8],[-120.85632,39.840826,1286.8],[-120.856319,39.840826,1286.8],[-120.856319,39.840827,1286.8],[-120.856319,39.840826,1286.8],[-120.856317,39.840827,1286.8],[-120.856313,39.840826,1286.8],[-120.856313,39.840825,1286.8],[-120.856313,39.840824,1286.8],[-120.856314,39.840824,1286.8],[-120.856314,39.840826,1286.8],[-120.856313,39.840826,1286.8],[-120.856311,39.840825,1286.8],[-120.856308,39.840825,1286.8],[-120.856307,39.840826,1286.8],[-120.856313,39.840819,1289.0],[-120.85631,39.840823,1289.0],[-120.856309,39.840823,1289.0],[-120.856306,39.840823,1289.0],[-120.856305,39.840823,1289.0],[-120.856304,39.840822,1289.0],[-120.856305,39.840823,1289.0],[-120.856305,39.840824,1289.0],[-120.856304,39.840826,1289.0],[-120.856302,39.840827,1289.0],[-120.856307,39.840827,1289.0],[-120.856307,39.840829,1289.0],[-120.85631,39.840829,1289.0],[-120.856312,39.84083,1289.0],[-120.85631,39.840831,1289.0],[-120.856313,39.840828,1289.0],[-120.856314,39.840829,1289.0],[-120.856312,39.840825,1289.0],[-120.856312,39.840828,1289.0],[-120.856311,39.840829,1289.0],[-120.856311,39.840828,1289.0],[-120.856312,39.840827,1289.0],[-120.856312,39.840828,1289.0],[-120.85632,39.84082,1289.0],[-120.856329,39.840815,1288.3],[-120.85633,39.840815,1288.3],[-120.856339,39.840814,1288.3],[-120.856335,39.840816,1288.3],[-120.856334,39.840816,1288.3],[-120.856325,39.840815,1288.3],[-120.856323,39.840814,1288.3],[-120.856315,39.840812,1288.3],[-120.856318,39.840815,1288.3],[-120.856325,39.840819,1288.3],[-120.856333,39.840824,1288.3],[-120.85634,39.840827,1288.3],[-120.856344,39.84083,1288.3],[-120.856346,39.840826,1288.3],[-120.856345,39.840819,1288.3],[-120.856353,39.840817,1288.3],[-120.856359,39.840812,1288.3],[-120.85636,39.840813,1288.3],[-120.856367,39.840812,1288.3],[-120.856375,39.840816,1290.1],[-120.856365,39.840817,1288.3],[-120.856356,39.840822,1288.3],[-120.856363,39.840823,1288.3],[-120.856357,39.840824,1288.3],[-120.856355,39.840826,1288.3],[-120.856364,39.840826,1288.3],[-120.856351,39.840831,1288.3],[-120.856349,39.840829,1288.3],[-120.85635,39.840829,1288.3],[-120.856352,39.840827,1288.3],[-120.856355,39.840827,1288.3],[-120.856356,39.840827,1288.3]]}}
