{"type":"Feature","properties":{"name":"Gold Valley Rim to Pauley Creek DH","sourceLabel":"Trailforks ride log","sourceUrl":"https://www.trailforks.com/ridelog/view/103492055/","retrievedAt":"2026-09-28","gpxSha256":"84657185b22cf028a79bb601e07c994db2a74b54e574ed8ee77c2df602eba644","dataUsePolicy":"https://www.trailforks.com/about/data/","licenseNote":"Downloaded through the source page export. No agreement checkbox was presented for this ride-log or route-plan export. Trailforks attribution retained; commercial permission has not been established.","elevationSource":"Original GPX recording"},"geometry":{"type":"LineString","coordinates":[[-120.66626354121,39.614224545658,2156.6],[-120.66628918983,39.614292941988,2157.2],[-120.66628558561,39.614314148203,2157.2],[-120.66626664251,39.61431180127,2157.2],[-120.66626974382,39.614291097969,2157.2],[-120.66619531251,39.614235023037,2156.9],[-120.66617251374,39.614227060229,2156.9],[-120.66615264863,39.614224880934,2156.9],[-120.66613923758,39.614234603941,2156.9],[-120.66613152623,39.614248434082,2156.9],[-120.66612666473,39.614261174574,2156.9],[-120.66607318819,39.614378772676,2157.6],[-120.66608048044,39.614409282804,2157.6],[-120.66610638052,39.614447504282,2158.1],[-120.66613186151,39.614485390484,2159.0],[-120.66614912823,39.614519840106,2159.0],[-120.66613337025,39.614544315264,2159.0],[-120.66610168666,39.614577423781,2159.8],[-120.66604586318,39.614755036309,2157.6],[-120.66606237553,39.614832485095,2156.8],[-120.66607964225,39.61487011984,2156.8],[-120.66610001028,39.614915885031,2158.6],[-120.6661221385,39.61495234631,2158.6],[-120.66613806412,39.614981934428,2158.6],[-120.66618659534,39.615092156455,2160.3],[-120.66619749181,39.615132473409,2159.6],[-120.66620646045,39.61517312564,2159.6],[-120.66625918262,39.615351324901,2157.0],[-120.6662657205,39.615382505581,2159.3],[-120.66627427004,39.615416452289,2159.3],[-120.6662850827,39.615443861112,2159.3],[-120.66630528308,39.615466408432,2159.3],[-120.66633378156,39.615478310734,2158.1],[-120.66635984927,39.615487782285,2161.1],[-120.66637619399,39.61550203152,2161.1],[-120.66639111377,39.615525333211,2161.1],[-120.66640628502,39.615553831682,2161.1],[-120.66642246209,39.615590209141,2160.1],[-120.66643796861,39.615623569116,2162.6],[-120.66645104438,39.61565441452,2162.6],[-120.66646336578,39.615683164448,2161.9],[-120.66647442989,39.615723062307,2161.9],[-120.66651566885,39.615829428658,2160.9],[-120.66654592752,39.615877624601,2162.5],[-120.66657216288,39.615910314023,2162.5],[-120.66659705713,39.615946523845,2161.6],[-120.66660795361,39.615969657898,2161.6],[-120.66662002355,39.616000922397,2161.6],[-120.66663268022,39.616032019258,2162.9],[-120.66664148122,39.61606646888,2162.9],[-120.6666589994,39.616148779169,2162.4],[-120.66667274572,39.616193873808,2162.4],[-120.66677073017,39.616327481344,2163.1],[-120.666799061,39.616349190474,2163.1],[-120.66682118922,39.616371318698,2165.0],[-120.66684239544,39.616402499378,2165.0],[-120.66686804406,39.616435104981,2164.4],[-120.66689134575,39.616471230984,2164.4],[-120.66690584645,39.616504507139,2164.4],[-120.66691079177,39.616532670334,2163.8],[-120.6669113785,39.616567790508,2163.8],[-120.66691540182,39.61660400033,2163.2],[-120.66692822613,39.61664037779,2164.9],[-120.66694783978,39.616670217365,2164.9],[-120.66696837544,39.616698212922,2164.3],[-120.66698824055,39.616727214307,2164.3],[-120.66701028496,39.616752443835,2164.3],[-120.66702847369,39.616783289239,2165.4],[-120.66703836434,39.61681866087,2165.4],[-120.66704674624,39.61685679853,2164.8],[-120.66705755889,39.616893175989,2164.8],[-120.66706820391,39.616923015565,2164.8],[-120.66707499325,39.616940952837,2164.2],[-120.66707868129,39.616954950616,2164.2],[-120.66707910039,39.616964841262,2164.2],[-120.66707826219,39.616975486279,2164.2],[-120.66707993858,39.616986047477,2164.2],[-120.66708077677,39.616992836818,2164.2],[-120.66708513536,39.616997363046,2164.2],[-120.66708823666,39.617002308369,2164.2],[-120.66708773375,39.617002559826,2164.2],[-120.66708588973,39.617001805454,2164.2],[-120.66708052531,39.617014713585,2164.2],[-120.66707055084,39.617008008063,2164.2],[-120.66706099547,39.616999374703,2164.2],[-120.66705303267,39.616983281448,2164.2],[-120.66705127247,39.616976156831,2164.2],[-120.66704775207,39.616971965879,2164.2],[-120.66704096273,39.616968529299,2164.2],[-120.66703459248,39.616960734129,2164.2],[-120.66703182645,39.616958471015,2164.2],[-120.66703023389,39.616956040263,2164.2],[-120.66703123972,39.616954363883,2164.2],[-120.6670311559,39.616954280064,2164.2],[-120.66703543067,39.616966098547,2164.2],[-120.66704146564,39.616994345561,2164.2],[-120.66705211066,39.617100376636,2163.7],[-120.66710583866,39.617231804878,2162.4],[-120.6671329122,39.617268182337,2163.8],[-120.66719393246,39.617340350524,2163.1],[-120.66722519696,39.617373878136,2164.4],[-120.66726065241,39.617407405749,2164.4],[-120.66729602404,39.61743674241,2163.7],[-120.66731890664,39.6174670849,2164.9],[-120.6673306413,39.617547970265,2164.3],[-120.66732586361,39.617599770427,2164.3],[-120.66732594743,39.617650816217,2163.8],[-120.66729954444,39.617846868932,2161.2],[-120.66724539734,39.61798123084,2160.0],[-120.66723047756,39.618146857247,2159.0],[-120.66722821444,39.618213996291,2157.7],[-120.66726844758,39.618351291865,2154.1],[-120.66730356775,39.618416838348,2155.0],[-120.66734950058,39.618462603539,2152.0],[-120.66740004346,39.618494203314,2152.0],[-120.66743692383,39.618520354852,2149.3],[-120.66743030213,39.618547679856,2149.3],[-120.66738453694,39.618557905778,2149.3],[-120.66732234322,39.61857073009,2149.4],[-120.66725847311,39.618569137529,2149.3],[-120.66715520807,39.618507027626,2149.2],[-120.66710986197,39.618481295183,2151.0],[-120.66706367768,39.618473416194,2150.1],[-120.66703048535,39.61848070845,2150.1],[-120.66700634547,39.618488335982,2150.1],[-120.66698907875,39.618512056768,2147.6],[-120.66698379815,39.618545835838,2147.6],[-120.66699955612,39.618571065366,2147.6],[-120.66702621058,39.618576681241,2148.6],[-120.6670747418,39.618591014296,2148.6],[-120.66712771542,39.618623787537,2147.4],[-120.66721580923,39.618763094768,2145.6],[-120.66714146174,39.618944814429,2144.2],[-120.66709745675,39.619033662602,2143.0],[-120.66707130522,39.619120499119,2141.3],[-120.66706954502,39.619196271524,2140.5],[-120.667131152,39.619228206575,2140.5],[-120.66715478897,39.61927883327,2140.4],[-120.6671712175,39.619346726686,2140.5],[-120.66717918031,39.619385367259,2140.5],[-120.667166356,39.619438424706,2140.9],[-120.66715177149,39.619502965361,2140.9],[-120.66713634878,39.619609331712,2141.4],[-120.66710156389,39.619691977277,2141.8],[-120.66706124693,39.619759619236,2142.8],[-120.66702084616,39.619797505438,2142.8],[-120.66696527414,39.619793565944,2142.9],[-120.66691758111,39.619806390256,2143.1],[-120.6668149028,39.61981468834,2142.5],[-120.66676377319,39.619848383591,2142.1],[-120.66670669243,39.619892891496,2141.9],[-120.66665497608,39.619927341118,2143.2],[-120.6666030921,39.619960701093,2142.9],[-120.66655606963,39.619996827096,2144.4],[-120.66652044654,39.620020128787,2144.2],[-120.66649630666,39.620043262839,2144.2],[-120.66648205742,39.620065558702,2144.2],[-120.6664806325,39.62008651346,2144.2],[-120.66648733802,39.620108809322,2145.7],[-120.66648842767,39.620132865384,2145.7],[-120.66644534469,39.620274687186,2147.1],[-120.66642053425,39.620314920321,2146.9],[-120.66639195196,39.620342077687,2146.9],[-120.66636521369,39.620375018567,2146.9],[-120.66633394919,39.620444756001,2148.0],[-120.66635289229,39.620503345504,2149.0],[-120.66635817289,39.620527485386,2149.0],[-120.66634694114,39.62054961361,2149.0],[-120.66633093171,39.62057987228,2150.3],[-120.66631668247,39.620612142608,2148.5],[-120.66630779766,39.620646676049,2148.5],[-120.66630628891,39.620680958033,2149.8],[-120.66630779766,39.620717754588,2149.8],[-120.66630603746,39.620741894469,2149.8],[-120.66629271023,39.620779361576,2151.6],[-120.66626957618,39.620819007978,2151.6],[-120.66624786705,39.62085865438,2151.6],[-120.66622934304,39.620897211134,2153.5],[-120.6662031915,39.620937863365,2151.6],[-120.66617821343,39.62097465992,2153.6],[-120.66614158452,39.62103526108,2153.6],[-120.66610604525,39.621073063463,2153.4],[-120.66606807522,39.621106926352,2153.4],[-120.6660221424,39.621135843918,2151.6],[-120.66597076133,39.62115989998,2153.6],[-120.66591703333,39.621187476441,2151.8],[-120.66587319598,39.621201055124,2151.8],[-120.66584117711,39.621201558039,2150.1],[-120.66582114436,39.621211281046,2150.1],[-120.66580454819,39.621240785345,2151.9],[-120.66579331644,39.621275067329,2151.9],[-120.6657843478,39.621310690418,2151.9],[-120.66578024067,39.621353354305,2153.8],[-120.66577462479,39.621403310448,2153.8],[-120.66576414742,39.621433569118,2154.5],[-120.66573388875,39.621484698728,2154.5],[-120.66570136696,39.621530715376,2156.4],[-120.6656636484,39.621559632942,2155.9],[-120.66562794149,39.621593160555,2155.9],[-120.66559826955,39.621635321528,2158.1],[-120.66557035781,39.621666418388,2157.8],[-120.66553163342,39.621675387025,2157.8],[-120.66548653878,39.621676309034,2157.4],[-120.66544404253,39.621658371761,2157.4],[-120.66542048939,39.621673375368,2157.4],[-120.6654086709,39.621696425602,2157.4],[-120.66540238447,39.621714530513,2159.1],[-120.66539668478,39.62172777392,2159.1],[-120.66539031453,39.621744370088,2159.1],[-120.66538075916,39.621761217713,2159.1],[-120.66537070088,39.621773287654,2159.1],[-120.66536609083,39.621784519404,2159.1],[-120.66536449827,39.621795751154,2160.4],[-120.66536307335,39.621801702306,2160.4],[-120.66536399536,39.62180647999,2160.4],[-120.66536952741,39.621809162199,2160.4],[-120.66537464038,39.621802037582,2160.4],[-120.66537413746,39.621798601002,2160.4],[-120.66537774168,39.621791308746,2159.1],[-120.66538863815,39.621793068945,2159.1],[-120.66539173946,39.621793404222,2159.1],[-120.66539802589,39.621796505526,2159.1],[-120.66540095955,39.62179181166,2159.1],[-120.66539484076,39.62178401649,2159.1],[-120.66539584659,39.621777730063,2159.1],[-120.6653848663,39.621781669557,2159.1],[-120.66537832841,39.621780831367,2159.1],[-120.66537975334,39.621785022318,2159.1],[-120.665382687,39.621779490262,2159.1],[-120.6653760653,39.621780412272,2159.1],[-120.66536793485,39.62178401649,2159.1],[-120.66536491737,39.62179700844,2159.1],[-120.66537338309,39.621797259897,2159.1],[-120.66537011415,39.621795583516,2159.1],[-120.66536969505,39.621825087816,2160.4],[-120.66536969505,39.621845874935,2160.4],[-120.66536332481,39.622000353411,2161.3],[-120.66534974612,39.622114850208,2162.6],[-120.66533901729,39.622145611793,2162.6],[-120.6653223373,39.622171930969,2161.2],[-120.66530792043,39.6222073026,2161.8],[-120.66530054435,39.622241333127,2161.8],[-120.66528671421,39.622307298705,2162.9],[-120.66527908668,39.622338982299,2162.9],[-120.6652707886,39.622395224869,2163.3],[-120.66526710056,39.622417269275,2163.3],[-120.66526148468,39.622441492975,2163.3],[-120.66525653936,39.622472841293,2163.3],[-120.66524740309,39.622508296743,2163.1],[-120.66524539143,39.622540650889,2163.1],[-120.6652496662,39.622568897903,2163.4],[-120.66527120769,39.622589517385,2163.4],[-120.66530808806,39.62260552682,2163.4],[-120.66534974612,39.622621620074,2164.8],[-120.66538553685,39.622643413022,2164.8],[-120.66542359069,39.62266176939,2165.7],[-120.66545996815,39.622676353902,2165.7],[-120.66549307667,39.622693452984,2165.7],[-120.66552367061,39.622709965333,2167.3],[-120.66555585712,39.622730249539,2167.3],[-120.66558536142,39.622751204297,2165.1],[-120.66561075859,39.622771153226,2166.9],[-120.66564328037,39.622789761052,2166.9],[-120.6656804122,39.622802501544,2166.9],[-120.66571645439,39.622815158218,2168.7],[-120.66575299948,39.622829826549,2168.7],[-120.66578912549,39.62284793146,2167.4],[-120.66582717933,39.622871987522,2167.4],[-120.66586489789,39.622892858461,2169.1],[-120.66590437666,39.622910125181,2169.1],[-120.66594989039,39.622921943665,2170.2],[-120.66599833779,39.622936360538,2170.2],[-120.66604804248,39.622947843745,2170.6],[-120.66609364003,39.622958907858,2167.7],[-120.66612968221,39.622973576188,2168.2],[-120.66616136581,39.622991429642,2168.2],[-120.66618693061,39.623012468219,2168.2],[-120.66621626727,39.623036105186,2168.5],[-120.66624619067,39.623059406877,2166.4],[-120.66628005356,39.623082289472,2166.4],[-120.66631735303,39.623097795993,2166.8],[-120.66635691561,39.623109865934,2166.8],[-120.66640008241,39.623122690246,2166.5],[-120.66644601524,39.623138867319,2166.5],[-120.66649395972,39.623158229515,2164.8],[-120.66653670743,39.623176921159,2164.8],[-120.66662505269,39.623195948079,2165.5],[-120.66682160832,39.623255794868,2165.8],[-120.66685337573,39.623268451542,2166.3],[-120.66688288003,39.623283538967,2166.3],[-120.666906517,39.623301392421,2166.3],[-120.6669303216,39.623320251703,2166.3],[-120.66694733687,39.623347073793,2166.6],[-120.66696326248,39.623380769044,2166.6],[-120.66698312759,39.623412704095,2166.6],[-120.66702906042,39.623482022434,2166.4],[-120.66708647646,39.62354388088,2166.0],[-120.66711111926,39.62357673794,2166.0],[-120.6671346724,39.623614707962,2165.8],[-120.66716887057,39.623678326607,2165.8],[-120.66727699712,39.623783603311,2165.6],[-120.66730909981,39.623808581382,2165.8],[-120.66733919084,39.623829703778,2165.5],[-120.66737271845,39.62385116145,2165.5],[-120.6674037315,39.623878654093,2165.5],[-120.66743801348,39.623909834772,2165.3],[-120.66746986471,39.623945960775,2165.3],[-120.66762300208,39.624136397615,2164.5],[-120.66772023216,39.624318955466,2164.5],[-120.667758286,39.624344855547,2165.1],[-120.6677948311,39.624370252714,2165.3],[-120.66780765541,39.624393135309,2165.3],[-120.66782089882,39.624421382323,2165.3],[-120.66783120856,39.624462621287,2165.6],[-120.6678379979,39.624494807795,2165.6],[-120.66784126684,39.624544428661,2165.6],[-120.66784881055,39.624594300985,2165.6],[-120.66787186079,39.624618524686,2165.6],[-120.66792843863,39.62467443198,2166.5],[-120.66795777529,39.624712904915,2166.5],[-120.66798065789,39.624754982069,2167.5],[-120.66799901426,39.624788928777,2167.5],[-120.66800672561,39.624819690362,2167.4],[-120.66801678389,39.624855061993,2167.4],[-120.66803161986,39.624891942367,2167.4],[-120.66806774586,39.624958243221,2168.4],[-120.6680819951,39.624987579882,2168.4],[-120.66809582524,39.625021023676,2168.4],[-120.66812113859,39.62506653741,2168.4],[-120.66815550439,39.625117164105,2168.3],[-120.66818743944,39.625187991187,2169.1],[-120.66821778193,39.625232079998,2169.1],[-120.66824410111,39.625272145495,2168.9],[-120.6682687439,39.625307517126,2169.7],[-120.66828022711,39.625352025032,2169.7],[-120.66828818992,39.62539116852,2169.0],[-120.66829196177,39.625438107178,2169.0],[-120.6682775449,39.625545395538,2167.4],[-120.66827159375,39.625636758283,2167.2],[-120.66826145165,39.625673219562,2167.1],[-120.66825407557,39.625718649477,2167.3],[-120.66826069728,39.625771371648,2167.3],[-120.66827142611,39.625819064677,2168.1],[-120.66827083938,39.625872122124,2168.1],[-120.6682775449,39.625910259783,2167.3],[-120.66827293485,39.625936411321,2167.3],[-120.66825835034,39.625990306959,2167.3],[-120.66825491376,39.626043112949,2167.1],[-120.66825415939,39.626098014414,2167.2],[-120.66824996844,39.626150066033,2167.2],[-120.66825189628,39.626198597252,2167.5],[-120.6682568416,39.626231789589,2167.5],[-120.668260362,39.626255426556,2167.5],[-120.6682652235,39.626288032159,2167.5],[-120.66826405004,39.626336228102,2168.1],[-120.66832892597,39.626515768468,2170.1],[-120.66834225319,39.626563126221,2170.1],[-120.66834418103,39.626620290801,2171.2],[-120.66835457459,39.626663373783,2171.7],[-120.66838231869,39.626699248329,2172.6],[-120.66841291264,39.626722047105,2172.6],[-120.66844870336,39.626734452322,2173.1],[-120.66846144386,39.626752389595,2173.8],[-120.66847284324,39.626785162836,2173.8],[-120.66848063841,39.626814164221,2173.8],[-120.66849128343,39.626846686006,2174.3],[-120.66850720905,39.626878621057,2174.3],[-120.66852464341,39.626910891384,2174.3],[-120.668538725,39.626945257187,2174.3],[-120.66855163313,39.626981467009,2175.3],[-120.66856303252,39.627015246078,2175.3],[-120.66857585683,39.627048522234,2175.6],[-120.66858817823,39.62709126994,2175.6],[-120.66860142164,39.62713108398,2175.6],[-120.66861248575,39.627168383449,2176.1],[-120.66861986183,39.627208365127,2176.1],[-120.66862002946,39.627246838063,2176.9],[-120.66861064173,39.627285478637,2176.9],[-120.66859211773,39.627322610468,2178.0],[-120.66856814548,39.627362759784,2178.0],[-120.66854333505,39.627406848595,2177.1],[-120.66853092983,39.627433419228,2178.7],[-120.66851383075,39.627462923527,2178.7],[-120.66848860122,39.627495612949,2178.7],[-120.66845775582,39.627531487495,2179.9],[-120.6684180256,39.627565182745,2178.8],[-120.66837410443,39.627632824704,2180.3],[-120.66834216937,39.627697449178,2180.9],[-120.66831920296,39.627735000104,2180.9],[-120.66829657182,39.627755451947,2180.9],[-120.66827720962,39.627776155248,2180.9],[-120.66825399175,39.627801887691,2181.2],[-120.66822524182,39.627839690074,2181.2],[-120.66819774918,39.62788595818,2182.8],[-120.66817729734,39.627915630117,2182.8],[-120.66815676168,39.627946894616,2181.7],[-120.66815827042,39.627966256812,2183.7],[-120.6681612879,39.627977237105,2183.7],[-120.66813429818,39.628004729748,2183.7],[-120.66810328513,39.628042867407,2183.7],[-120.66806598566,39.628086034209,2185.5],[-120.66801954992,39.628113526851,2185.5],[-120.6679692585,39.628136660904,2184.4],[-120.66791645251,39.628149233758,2188.0],[-120.66786800511,39.628166584298,2187.0],[-120.66782819107,39.628186365589,2187.0],[-120.66778267734,39.628199944273,2186.2],[-120.66772241145,39.628232968971,2186.2],[-120.6676631514,39.628276638687,2189.3],[-120.66761747003,39.628309411928,2188.7],[-120.66757053137,39.628344280645,2188.7],[-120.66752686165,39.628378897905,2192.0],[-120.66748327576,39.628406809643,2192.0],[-120.66744061187,39.628437235951,2191.5],[-120.66740264185,39.628460956737,2195.0],[-120.66736701876,39.628484174609,2195.0],[-120.66733030602,39.628504542634,2194.4],[-120.66729828715,39.628518288955,2194.4],[-120.66726953723,39.628530191258,2194.4],[-120.66724531353,39.62853865698,2193.6],[-120.6672267057,39.628544189036,2196.7],[-120.6671901606,39.628555588424,2196.7],[-120.66715001129,39.628584841266,2195.7],[-120.66710977815,39.628606550395,2195.7],[-120.66706786864,39.628626164049,2194.4],[-120.66702612676,39.628642341122,2197.3],[-120.66697801463,39.628646615893,2195.9],[-120.66692286171,39.628629935905,2193.0],[-120.66687491722,39.628613507375,2191.7],[-120.66682403907,39.628597414121,2191.7],[-120.66678464413,39.628602024168,2190.5],[-120.66674843431,39.628598587587,2190.5],[-120.66669638269,39.628595318645,2189.4],[-120.666637877,39.628627588972,2189.4],[-120.66656839103,39.628664636984,2192.2],[-120.66648675129,39.628694392741,2192.3],[-120.66644341685,39.62869355455,2192.3],[-120.66640511155,39.628688273951,2193.2],[-120.66637175158,39.628683915362,2193.2],[-120.66633797251,39.628687100485,2193.2],[-120.66630285233,39.628692297265,2194.8],[-120.66627183929,39.628694057465,2194.8],[-120.66625080071,39.628693470731,2194.8],[-120.66622758284,39.628691626713,2196.3],[-120.66620109603,39.62868324481,2196.3],[-120.66617226228,39.628677293658,2196.3],[-120.66613839939,39.628669749945,2197.3],[-120.66610302776,39.628662373871,2197.3],[-120.6660705898,39.628661116585,2197.3],[-120.66604611464,39.628657009453,2197.7],[-120.66602859646,39.628661870956,2197.7],[-120.66601602361,39.628666816279,2197.7],[-120.66599532031,39.628679808229,2197.7],[-120.66597654484,39.628697410226,2197.7],[-120.66595843993,39.628725573421,2197.5],[-120.66594117321,39.628744851798,2197.5],[-120.66592399031,39.628759771585,2199.1],[-120.66589658149,39.628780223429,2199.1],[-120.66586263478,39.628789359704,2198.2],[-120.66582910717,39.628801932558,2198.2],[-120.66579641774,39.628815846518,2198.2],[-120.66576691344,39.628832191229,2196.6],[-120.66574830562,39.628851888701,2198.8],[-120.66573321819,39.628865048289,2198.8],[-120.66571125761,39.628872256726,2198.8],[-120.665696254,39.628873094916,2197.4],[-120.66569256596,39.628877034411,2197.4],[-120.66570245661,39.628878124058,2198.8],[-120.66571955569,39.628871837631,2198.8],[-120.66574193537,39.628863120452,2198.8],[-120.66577160731,39.628855744377,2196.6],[-120.66580354236,39.628837974742,2198.2],[-120.66583623178,39.628822468221,2198.2],[-120.66586783156,39.628812661394,2198.2],[-120.66589515656,39.6288069617,2199.1],[-120.6659164466,39.628814505413,2199.1],[-120.66593614407,39.628825820982,2199.1],[-120.6659596134,39.628828754649,2199.1],[-120.66598685458,39.628829173744,2199.4],[-120.66601795144,39.628828922287,2199.4],[-120.66604670137,39.6288329456,2199.4],[-120.66607218236,39.628839986399,2199.1],[-120.66609682515,39.628855073825,2199.1],[-120.66611895338,39.628868568689,2199.1],[-120.6661415007,39.628878543153,2201.4],[-120.6661635451,39.62888658978,2201.4],[-120.66618307494,39.62889874354,2201.1],[-120.66620159894,39.6289073769,2201.1],[-120.6662243139,39.628911484033,2201.1],[-120.66625222564,39.628915088251,2201.1],[-120.66627703607,39.628917099908,2200.5],[-120.66630260088,39.628920536488,2200.5],[-120.66633151844,39.6289316006,2200.5],[-120.66636068746,39.628938054666,2200.0],[-120.66638357006,39.628937216476,2200.0],[-120.66640393808,39.628938976675,2200.0],[-120.66642145626,39.628948029131,2200.0],[-120.66643771715,39.628949956968,2200.0],[-120.66645615734,39.628953980282,2199.4],[-120.66646043211,39.628957919776,2199.4],[-120.66647023894,39.628955489025,2199.4],[-120.66649328917,39.628957500681,2199.4],[-120.66653134301,39.628963954747,2199.4],[-120.66657786258,39.628956913948,2199.1],[-120.66663335077,39.628941910341,2199.3],[-120.66667324863,39.628944341093,2199.3],[-120.66671147011,39.628945179284,2200.2],[-120.66675094888,39.628930259496,2200.2],[-120.66679428332,39.628930427134,2200.2],[-120.66682965495,39.628934282809,2201.1],[-120.66686083563,39.628940066323,2201.1],[-120.66689168103,39.628951130435,2201.1],[-120.66691632383,39.628959763795,2202.2],[-120.66694457084,39.628975270316,2202.2],[-120.66697365604,39.628993039951,2205.2],[-120.66699746065,39.629004858434,2206.3],[-120.66701740958,39.62901734747,2206.3],[-120.66702168435,39.629035787657,2206.3],[-120.66700617783,39.629043582827,2206.3],[-120.66697977483,39.629042996094,2205.2],[-120.66694783978,39.629071578383,2207.9],[-120.66691271961,39.629085408524,2206.7],[-120.66687407903,39.629088426009,2206.7],[-120.66685932688,39.629124300554,2206.7],[-120.66682982258,39.629149027169,2206.7],[-120.66680509597,39.629172747955,2206.0],[-120.66677944735,39.629192361608,2209.2],[-120.66675715148,39.629207113758,2209.2],[-120.66673770547,39.629225721583,2209.2],[-120.66671499051,39.629255561158,2208.7],[-120.66670761444,39.629262099043,2208.7],[-120.66669981927,39.629257656634,2208.7],[-120.66668640822,39.62926142849,2208.7],[-120.66668221727,39.629265200347,2208.7],[-120.66666763276,39.629269056022,2208.7],[-120.66663309932,39.629286155105,2212.5],[-120.66659848206,39.629293614998,2212.6],[-120.66656579264,39.629278527573,2212.6],[-120.66652522422,39.629263440147,2208.7],[-120.66649613902,39.629277605563,2209.4],[-120.66646596417,39.629304092377,2212.9],[-120.66643620841,39.62932898663,2212.9],[-120.66641064361,39.6293627657,2213.2],[-120.66638130695,39.629383049905,2216.6],[-120.66637074575,39.629388330504,2216.6],[-120.666368315,39.629390090704,2216.6],[-120.66637795419,39.629388581961,2216.6],[-120.66638482735,39.629389252514,2216.6],[-120.66638357006,39.629383469,2216.6],[-120.6663903594,39.629381876439,2216.6],[-120.66639438272,39.629380702972,2216.6],[-120.66641617566,39.629386654124,2216.6],[-120.66644375212,39.629396125674,2216.3],[-120.66647501662,39.629396125674,2216.3],[-120.66650678404,39.629396963865,2216.3],[-120.6665339414,39.629407608882,2216.2],[-120.66655950621,39.629411716014,2216.2],[-120.66657987423,39.62942160666,2216.2],[-120.66658691503,39.62945102714,2216.2],[-120.66659873351,39.629472736269,2219.4],[-120.66661323421,39.629491763189,2219.3],[-120.66663041711,39.629498887807,2219.3],[-120.66665472463,39.629507940263,2219.3],[-120.66669780761,39.629498468712,2219.3],[-120.66674776375,39.629475502297,2219.1],[-120.66679294221,39.629435604438,2216.1],[-120.66682454199,39.629436861724,2216.3],[-120.66685220227,39.629443818703,2216.3],[-120.66687634215,39.629443818703,2216.3],[-120.6669029966,39.629420097917,2216.9],[-120.6669272203,39.629417834803,2216.9],[-120.66695697606,39.629425378516,2216.9],[-120.66699586809,39.629425797611,2217.7],[-120.66705873236,39.629436358809,2217.7],[-120.66711111926,39.62945706211,2221.0],[-120.66714221612,39.629462091252,2221.0],[-120.66717742011,39.629463432357,2221.7],[-120.6672126241,39.629459744319,2221.7],[-120.66725864075,39.62945018895,2222.4],[-120.66730340011,39.629439711571,2220.6],[-120.66733080894,39.629452368245,2222.4],[-120.66735235043,39.629445578903,2221.3],[-120.66736944951,39.629485728219,2223.1],[-120.66741001792,39.629512298852,2223.1],[-120.66742979921,39.629541970789,2223.1],[-120.6674504187,39.629570972174,2225.1],[-120.66748461686,39.629587652162,2225.1],[-120.66751873121,39.629601985216,2225.1],[-120.66755519249,39.629617910832,2225.4],[-120.6675935816,39.629633249715,2227.5],[-120.66763046198,39.62964842096,2227.8],[-120.66766457632,39.629657305777,2227.8],[-120.66769827157,39.629656635225,2227.8],[-120.66773003899,39.629665352404,2227.9],[-120.66775510088,39.62968303822,2227.9],[-120.66777421162,39.629700724036,2227.9],[-120.66779080778,39.629715643823,2230.3],[-120.66780857742,39.629730731249,2230.3],[-120.66782969981,39.629749255255,2230.3],[-120.66784671508,39.629772808403,2230.3],[-120.66786238924,39.629795020446,2230.3],[-120.66787688993,39.629807258025,2233.1],[-120.66788284108,39.629823938012,2233.1],[-120.6678864453,39.629841120914,2233.1],[-120.66789449193,39.629853861406,2233.1],[-120.66791125573,39.629860650748,2233.0],[-120.66793246195,39.629869535565,2233.0],[-120.66795668565,39.629883365706,2233.0],[-120.66798266955,39.629904488102,2235.9],[-120.66801192239,39.629931310192,2235.3],[-120.66803413443,39.629962826148,2235.3],[-120.66805123352,39.629986546934,2235.3],[-120.66807101481,39.630009597167,2238.2],[-120.66808585078,39.63001890108,2237.6],[-120.66810194403,39.630024181679,2237.6],[-120.66811652854,39.630028959364,2237.6],[-120.66813915968,39.630032815039,2237.6],[-120.66816899925,39.630033150315,2237.6],[-120.66819808446,39.630035413429,2236.7],[-120.66823144443,39.630045555532,2236.7],[-120.66826111637,39.630058296025,2236.7],[-120.66828651354,39.630073718727,2235.7],[-120.66829984076,39.630094002932,2238.4],[-120.66830227152,39.630112862214,2238.4],[-120.66829246469,39.630149994045,2238.4],[-120.66826379858,39.630197519436,2241.9],[-120.66821862012,39.630202800035,2241.9],[-120.66816941835,39.63020933792,2242.6],[-120.66812113859,39.630222832784,2242.6],[-120.66807679832,39.630227694288,2243.3],[-120.66804327071,39.630223922431,2243.3],[-120.66801368259,39.63022056967,2243.3],[-120.66799071617,39.63023096323,2243.9],[-120.66797177307,39.630258288234,2243.9],[-120.66794972867,39.630295168608,2245.5],[-120.66791192628,39.630332719535,2245.5],[-120.66786607727,39.630357278511,2247.1],[-120.66782726906,39.63042659685,2247.1],[-120.66779566929,39.630451574922,2248.6],[-120.66776272841,39.630453670397,2248.6],[-120.66771813668,39.630444031209,2247.5],[-120.6676666718,39.630413772538,2247.8],[-120.66761084832,39.630411677063,2248.2],[-120.66756994464,39.630399188027,2248.2],[-120.66752552055,39.63038242422,2248.7],[-120.66748235375,39.630323247984,2247.3],[-120.66744882613,39.630309334025,2247.3],[-120.6674222555,39.630319392309,2247.8],[-120.66740557551,39.630291480571,2247.8],[-120.66740406677,39.630320314318,2247.8],[-120.66738822497,39.630344538018,2247.8],[-120.66737506539,39.63037814945,2249.4],[-120.66736299545,39.630412096158,2249.4],[-120.66734572873,39.630445959046,2249.4],[-120.66731018946,39.630440259352,2250.1],[-120.6672720518,39.630419053137,2250.1],[-120.66723626107,39.630396505818,2250.7],[-120.66720147617,39.630373371765,2250.7],[-120.66716912203,39.630350321531,2248.7],[-120.66713986918,39.630334228277,2249.0],[-120.66710684448,39.630328612402,2249.0],[-120.6670694612,39.630314614624,2249.0],[-120.66704750061,39.630295336246,2249.1],[-120.66702562384,39.630272788927,2246.5],[-120.66699712537,39.63027421385,2246.5],[-120.66696778871,39.630268011242,2246.3],[-120.66692386754,39.630264993757,2246.3],[-120.66688111983,39.63026910089,2246.3],[-120.66684382036,39.630292151123,2249.9],[-120.66682764329,39.630324337631,2249.9],[-120.66680073738,39.63033221662,2249.9],[-120.66677584313,39.630341101438,2250.9],[-120.66676025279,39.63037638925,2254.5],[-120.6667215284,39.630371863022,2254.5],[-120.66667417064,39.630375299603,2255.4],[-120.66663242877,39.630374545231,2255.4],[-120.66659085453,39.630373204127,2256.4],[-120.66654793918,39.630371276289,2256.4],[-120.66650695167,39.630362391472,2253.8],[-120.66647593863,39.630358535796,2253.8],[-120.66644425504,39.630350070074,2253.8],[-120.66641340964,39.630337748677,2254.2],[-120.66638164222,39.630336994305,2254.2],[-120.66635230556,39.630342274904,2254.2],[-120.66632053815,39.630342191085,2254.2],[-120.66630142741,39.630336239934,2254.5],[-120.66628307104,39.630334479734,2254.5],[-120.66624887288,39.630398182198,2257.7],[-120.66622976214,39.630415029824,2257.7],[-120.66620998085,39.630433805287,2257.9],[-120.66619330086,39.630449647084,2260.4],[-120.66616471857,39.630457861349,2260.4],[-120.66612456925,39.630469428375,2261.2],[-120.66609187983,39.63048459962,2261.2],[-120.66607235,39.630497340113,2261.2],[-120.66606681794,39.630503458902,2261.2],[-120.66606229171,39.630509410053,2261.2],[-120.66606430337,39.630523491651,2261.2],[-120.66606673412,39.630537070334,2261.2],[-120.66606396809,39.630554504693,2263.8],[-120.66606874578,39.630571436137,2263.8],[-120.66607486457,39.630577052012,2263.8],[-120.66606421955,39.630587277934,2263.8],[-120.66604427062,39.630606723949,2265.0],[-120.66600990482,39.630626421422,2266.0],[-120.66597520374,39.63064301759,2266.0],[-120.66594184376,39.630666235462,2266.0],[-120.665911166,39.630703115836,2266.6],[-120.66590596922,39.63073479943,2266.2],[-120.66591904499,39.630769500509,2266.2],[-120.66594502889,39.630800932646,2266.1],[-120.66597159952,39.63082825765,2265.3],[-120.66599817015,39.630846697837,2265.3],[-120.66602323204,39.630854157731,2265.3],[-120.66604569554,39.630867904052,2265.1],[-120.66606480628,39.630890199915,2265.1],[-120.666082073,39.630912747234,2264.4],[-120.66609556787,39.63093646802,2264.4],[-120.66610822454,39.630957171321,2264.4],[-120.66612691619,39.630979886279,2264.4],[-120.66615574993,39.631007965654,2263.8],[-120.66617268138,39.631035625935,2263.8],[-120.6662741024,39.631099160761,2263.4],[-120.66630084068,39.631128581241,2263.6],[-120.66630955786,39.631153894588,2263.6],[-120.66631550901,39.631156828254,2263.6],[-120.66633118317,39.631162863225,2263.6],[-120.66636152565,39.631191026419,2263.2],[-120.66641273908,39.631212903187,2263.3],[-120.66645892337,39.631244083866,2263.3],[-120.66649907269,39.631276102737,2263.1],[-120.66652614623,39.631287250668,2262.5],[-120.66655439325,39.631292615086,2262.5],[-120.66658440046,39.63130610995,2262.1],[-120.66661859863,39.631312983111,2262.1],[-120.66665103659,39.631326980889,2262.1],[-120.66668397747,39.631335781887,2262.1],[-120.66671884619,39.631342906505,2262.1],[-120.66675136797,39.631345169619,2262.1],[-120.66678221337,39.631339805201,2262.5],[-120.66681557335,39.631328405812,2262.5],[-120.66685304046,39.631319772452,2262.5],[-120.66689570434,39.631317928433,2262.7],[-120.66693878733,39.631321532652,2262.7],[-120.66698706709,39.631321113557,2262.2],[-120.6670329161,39.631323963404,2262.2],[-120.66707993858,39.631322957575,2261.4],[-120.66713048145,39.631327986717,2261.4],[-120.66719099879,39.631329914555,2260.5],[-120.6672557909,39.631324633956,2259.6],[-120.66732443869,39.631318515167,2258.6],[-120.66740658134,39.631312647834,2258.6],[-120.66750247031,39.63130954653,2257.7],[-120.66760271788,39.631310719997,2256.3],[-120.66770640202,39.631313737482,2255.6],[-120.66781125963,39.631323963404,2254.9],[-120.66791544668,39.631347181275,2254.2],[-120.66801552661,39.631379870698,2253.6],[-120.66811728291,39.631405267864,2253.6],[-120.66831677221,39.631446003914,2252.1],[-120.66840863787,39.631459079683,2251.8],[-120.66849580966,39.63148699142,2252.0],[-120.66858214326,39.631518423557,2251.8],[-120.66866713576,39.631545329466,2251.6],[-120.66874274053,39.631544826552,2250.8],[-120.66881180741,39.631540384144,2249.6],[-120.66887953319,39.6315459162,2249.6],[-120.66894843243,39.631549017504,2248.6],[-120.66900316626,39.631540132686,2248.0],[-120.66905639134,39.631560668349,2248.0],[-120.66908899695,39.631580617279,2248.9],[-120.66911791451,39.631594615057,2248.0],[-120.66914331168,39.631604421884,2248.0],[-120.66916619428,39.631603332236,2248.0],[-120.66918882541,39.631611043587,2247.2],[-120.66922813654,39.631612636149,2247.2],[-120.66924842075,39.631640380248,2247.2],[-120.66929376684,39.631700646132,2246.9],[-120.66930910572,39.631725372747,2246.9],[-120.66933073103,39.631747668609,2246.9],[-120.66936199553,39.631792679429,2248.0],[-120.66937456839,39.631810029969,2246.2],[-120.66938948818,39.631813885644,2246.2],[-120.66941102967,39.63184020482,2246.2],[-120.66942561418,39.631877001375,2247.0],[-120.66943852231,39.631908349693,2247.0],[-120.66945201717,39.631943553686,2248.3],[-120.669470625,39.631968196481,2248.3],[-120.66949275322,39.631975488737,2246.0],[-120.66951328889,39.631977751851,2246.0],[-120.66952519119,39.631994431838,2246.0],[-120.66953206435,39.632015386596,2246.0],[-120.66953885369,39.632040113211,2247.4],[-120.66955176182,39.632061067969,2247.4],[-120.6695706211,39.632086716592,2245.1],[-120.66959769465,39.632113454863,2245.1],[-120.66966114566,39.632178330794,2246.2],[-120.66967396997,39.632213786244,2245.1],[-120.66968696192,39.63225142099,2245.1],[-120.66968880594,39.632282853127,2245.1],[-120.66968612373,39.632312441245,2245.8],[-120.66968075931,39.632340436801,2245.8],[-120.66967925057,39.632375976071,2245.8],[-120.66967899911,39.632411599159,2246.0],[-120.66967313178,39.632441271096,2248.7],[-120.66965821199,39.632475385442,2248.7],[-120.66964169964,39.63250849396,2248.9],[-120.66961211152,39.632584266365,2248.7],[-120.66958051175,39.632660793141,2247.8],[-120.66951421089,39.632703457028,2250.6],[-120.66949258558,39.632721729577,2250.6],[-120.66942762583,39.632721645758,2253.8],[-120.66938529722,39.632721813396,2256.7],[-120.66936216317,39.632732877508,2256.7],[-120.66933735274,39.632737571374,2256.7],[-120.66931773908,39.632748384029,2256.7],[-120.66929678433,39.632760286331,2256.7],[-120.66927247681,39.632777888328,2256.3],[-120.66917466,39.63288073428,2254.9],[-120.66915730946,39.632916105911,2254.9],[-120.66915848292,39.632947286591,2253.9],[-120.6691764202,39.632972348481,2253.9],[-120.66926577128,39.633019873872,2252.8],[-120.66929460503,39.633034039289,2251.3],[-120.66932184622,39.633044013754,2251.7],[-120.66935210489,39.633062370121,2251.7],[-120.66938864999,39.633077038452,2249.5],[-120.66951647401,39.633103692904,2246.8],[-120.66955276765,39.633120289072,2244.4],[-120.66957598552,39.633137304336,2244.8],[-120.66959467717,39.633159264922,2244.8],[-120.66961345263,39.633179968223,2244.8],[-120.66963122226,39.633201509714,2244.8],[-120.66964580677,39.633226403967,2246.3],[-120.66965670325,39.633246939629,2243.8],[-120.66965972073,39.633267978206,2243.8],[-120.66965728998,39.63329186663,2243.8],[-120.6696577929,39.633329166099,2245.6],[-120.66965661943,39.633357413113,2245.6],[-120.66965066828,39.633436622098,2251.6],[-120.6696454715,39.633497139439,2251.6],[-120.66963398829,39.633521530777,2253.7],[-120.66960657947,39.6335264761,2253.7],[-120.66958746873,39.633532343432,2253.7],[-120.66954564303,39.633546508849,2256.7],[-120.66952192225,39.633590932935,2256.7],[-120.66952628084,39.633621862158,2257.9],[-120.66954296082,39.633647929877,2257.9],[-120.66959937103,39.633688665926,2255.1],[-120.66965502687,39.633691934869,2251.7],[-120.66967941821,39.633692018688,2251.7],[-120.66970573738,39.633706938475,2253.2],[-120.66973825917,39.633727138862,2253.2],[-120.66977212206,39.633747758344,2249.6],[-120.66980556585,39.633777933195,2249.6],[-120.66983833909,39.633798468858,2249.6],[-120.66987236962,39.633818753064,2247.9],[-120.66990371794,39.63383551687,2247.9],[-120.6699379161,39.633847754449,2247.9],[-120.6699705217,39.63387097232,2244.6],[-120.67001427524,39.63390734978,2247.6],[-120.67005149089,39.633945068344,2244.7],[-120.67008074373,39.633976668119,2244.7],[-120.67010982893,39.634004747495,2247.9],[-120.67013338208,39.634031737223,2247.9],[-120.67014134489,39.634048333392,2245.0],[-120.6701475475,39.634062582627,2245.0],[-120.67016229965,39.634066186845,2245.0],[-120.67017579451,39.6340285521,2245.0],[-120.67019741982,39.634060151875,2245.0],[-120.67021351308,39.634068449959,2245.0],[-120.67022189498,39.634085465223,2248.2],[-120.67023497075,39.634096277878,2245.3],[-120.67029674537,39.634058726951,2242.7],[-120.67035659216,39.634076831862,2242.8],[-120.67037620582,39.634095523506,2242.8],[-120.67040495574,39.634117232636,2242.8],[-120.67043546587,39.63413500227,2240.5],[-120.67048626021,39.634208511561,2242.1],[-120.67053940147,39.634372629225,2242.3],[-120.67055750638,39.634429542348,2242.3],[-120.67055683583,39.634543536231,2243.2],[-120.67054434679,39.634589133784,2244.1],[-120.67051165737,39.634610591456,2244.1],[-120.67049296573,39.634639257565,2248.7],[-120.67048114724,39.634656105191,2248.7],[-120.67047092132,39.634680747986,2248.7],[-120.6704646349,39.634699774906,2248.7],[-120.67044502124,39.634762220085,2250.2],[-120.67044409923,39.634767249227,2250.2],[-120.6704501342,39.634773284197,2250.2],[-120.67045968957,39.634777223691,2250.2],[-120.67046497017,39.634783845395,2250.2],[-120.67046036012,39.634793987498,2250.2],[-120.67045290023,39.634803039953,2250.2],[-120.67044108175,39.634826509282,2252.0],[-120.67043219693,39.634846877307,2252.0],[-120.6704263296,39.634865485132,2252.0],[-120.67041920498,39.634885434061,2252.0],[-120.67041509785,39.634887361899,2252.0],[-120.67042046227,39.634910747409,2252.0],[-120.67042431794,39.63492793031,2253.9],[-120.67042683251,39.634941341355,2253.9],[-120.67043261603,39.634956428781,2253.9],[-120.67044108175,39.634974617511,2253.9],[-120.67044870928,39.634999092668,2253.9],[-120.67045072094,39.6350084804,2256.7],[-120.67044963129,39.635015772656,2256.7],[-120.67044627853,39.635046282783,2256.7],[-120.67044594325,39.635056424886,2256.7],[-120.67044510506,39.635073523968,2256.7],[-120.67044820637,39.635107554495,2260.6],[-120.67045281641,39.635135885328,2260.6],[-120.670457175,39.635170083493,2260.6],[-120.67045876756,39.635198414326,2265.0],[-120.67045642063,39.635206880048,2265.0],[-120.67045625299,39.635221716017,2265.0],[-120.67046178505,39.635250046849,2265.0],[-120.67047016695,39.635283658281,2265.0],[-120.67047838122,39.635320538655,2268.9],[-120.67048500292,39.635358089581,2268.9],[-120.67048475146,39.63539195247,2272.3],[-120.67047947086,39.635410057381,2272.3],[-120.67048349418,39.635425480083,2272.3],[-120.67049221136,39.635455654934,2272.3],[-120.67049883306,39.635485075414,2269.9],[-120.67050872371,39.635522793978,2269.9],[-120.67052247003,39.635566631332,2272.0],[-120.67053764127,39.635612228885,2272.0],[-120.67054962739,39.635640811175,2272.0],[-120.67055717111,39.63566981256,2273.8],[-120.67056429572,39.635695545003,2273.8],[-120.67057234235,39.635723037645,2273.8],[-120.67058206536,39.635763522238,2270.8],[-120.6705941353,39.635802581906,2270.8],[-120.67060939036,39.635841641575,2272.4],[-120.67062229849,39.635879443958,2272.4],[-120.67063319497,39.635902913287,2272.4],[-120.67063679919,39.63592085056,2273.8],[-120.6706390623,39.635940128937,2273.8],[-120.67064350471,39.635971980169,2273.8],[-120.6706496235,39.636010620743,2275.4],[-120.67064970732,39.636065019295,2275.4],[-120.67065482028,39.636107347906,2277.0],[-120.67064576782,39.636136265472,2277.0],[-120.67062707618,39.636155795306,2277.0],[-120.67061324604,39.636180354282,2277.0],[-120.67060410976,39.636208768934,2278.6],[-120.67059958354,39.63622553274,2278.6],[-120.67058994435,39.636238357052,2278.6],[-120.67060100846,39.636236177757,2278.6],[-120.67062481306,39.636253695935,2278.6],[-120.67064660601,39.636275069788,2278.6],[-120.67065599374,39.636305999011,2280.4],[-120.67066345364,39.636343214661,2280.4],[-120.67066948861,39.636379340664,2282.0],[-120.67067300901,39.636412281543,2282.0],[-120.67068524659,39.636442624032,2279.4],[-120.67069538869,39.636465255171,2279.4],[-120.67070008256,39.636485204101,2280.9],[-120.67070905119,39.636507416144,2280.9],[-120.67071651109,39.636524682865,2280.9],[-120.67072237842,39.636537590995,2280.9],[-120.67073008977,39.636566089466,2282.3],[-120.67073713057,39.636594252661,2282.3],[-120.67074693739,39.636621577665,2282.3],[-120.67075012252,39.636648064479,2282.3],[-120.67075079307,39.636655692011,2283.5],[-120.67074995488,39.636667761952,2283.5],[-120.67074635066,39.636684525758,2283.5],[-120.67073587328,39.636700283736,2283.5],[-120.67072413862,39.636720065027,2283.5],[-120.67071399651,39.636741187423,2284.3],[-120.67070050165,39.636778822169,2284.3],[-120.67069429904,39.636809583753,2284.3],[-120.6706963107,39.63683933951,2284.7],[-120.67070452496,39.63686180301,2284.7],[-120.67070829682,39.636875297874,2284.7],[-120.67070812918,39.636894911528,2284.7],[-120.67071139812,39.636947466061,2285.1],[-120.67069882527,39.636996081099,2285.1],[-120.67068340257,39.637028099969,2285.6],[-120.67067527212,39.637059029192,2287.8],[-120.67067543976,39.637085348368,2287.8],[-120.67067376338,39.637116445228,2288.2],[-120.67067451775,39.637127090245,2288.2],[-120.67067594267,39.637131951749,2288.2],[-120.6706861686,39.637147961184,2286.1],[-120.670680888,39.637172855437,2288.2],[-120.67067409866,39.637222476304,2288.6],[-120.67066563293,39.637256423011,2288.6],[-120.67065716721,39.637271510437,2288.6],[-120.67065155134,39.637284921482,2288.6],[-120.67064266652,39.637300092727,2288.9],[-120.67063914612,39.637302272022,2288.9],[-120.67062774673,39.637316688895,2288.9],[-120.67061534151,39.63734745048,2288.9],[-120.67061224021,39.637370919809,2288.9],[-120.67061550915,39.637393131852,2288.9],[-120.67061475478,39.637412242591,2289.0],[-120.67060746253,39.637428922579,2289.0],[-120.67060234956,39.637444177642,2289.0],[-120.6706025172,39.637463288382,2289.0],[-120.67060654052,39.637490864843,2289.4],[-120.6706161797,39.637520285323,2289.4],[-120.67062640563,39.637547945604,2289.4],[-120.67063361406,39.63757686317,2289.4],[-120.67064157687,39.637604691088,2289.4],[-120.67065180279,39.637640481815,2289.4],[-120.6706601847,39.637675182894,2289.4],[-120.67067091353,39.637706782669,2289.4],[-120.67068424076,39.637735784054,2289.4],[-120.67070779391,39.637767886743,2288.3],[-120.6707222946,39.637809377164,2288.3],[-120.67072992213,39.637862350792,2288.7],[-120.67073780112,39.637917419896,2288.7],[-120.67074869759,39.637951366603,2289.2],[-120.67076814361,39.637972069904,2289.2],[-120.67079781555,39.637987241149,2287.9],[-120.67081985995,39.638015152887,2287.9],[-120.67083586939,39.638053290546,2288.3],[-120.67084676586,39.638085560873,2288.3],[-120.67086193711,39.638115065172,2288.3],[-120.67086671479,39.638140462339,2289.1],[-120.67087149248,39.638161249459,2289.1],[-120.67087769508,39.638175582513,2289.1],[-120.670886999,39.638191508129,2287.6],[-120.67090401426,39.638202907518,2287.6],[-120.67093058489,39.638227885589,2288.2],[-120.670959251,39.638255797327,2288.2],[-120.67098305561,39.638285888359,2286.8],[-120.67100660875,39.638322182,2287.3],[-120.67103384994,39.638361660764,2287.3],[-120.67106151022,39.638396110386,2287.3],[-120.67108615302,39.638422932476,2286.1],[-120.67110685632,39.638438522816,2286.1],[-120.67112730816,39.638455035165,2286.1],[-120.67115538754,39.63847800158,2286.1],[-120.67119302228,39.638507757336,2284.6],[-120.67123685963,39.638547152281,2284.6],[-120.67128539085,39.638587133959,2282.7],[-120.67141338252,39.638699367642,2280.6],[-120.67144506611,39.638728452846,2278.9],[-120.67147448659,39.638763237745,2278.9],[-120.67150290124,39.638801291585,2278.7],[-120.6715516001,39.638881757855,2277.2],[-120.67160675302,39.638994662091,2277.3],[-120.67163156345,39.639052161947,2276.6],[-120.67166685127,39.639089545235,2276.6],[-120.67170700058,39.639140758663,2275.5],[-120.67174907774,39.639195157215,2276.1],[-120.67179626785,39.639251315966,2276.9],[-120.67191445269,39.639337398112,2275.7],[-120.67214713432,39.639474023134,2273.8],[-120.672214441,39.639537893236,2273.0],[-120.67236891948,39.639764539897,2270.1],[-120.67240571603,39.639840899035,2270.4],[-120.6724342145,39.63991926983,2270.4],[-120.67246028222,39.640003591776,2267.3],[-120.67248593085,39.640136025846,2267.2],[-120.67248869687,39.640202242881,2267.0],[-120.67248735577,39.640267118812,2266.8],[-120.67247922532,39.640330150723,2266.8],[-120.67247243598,39.640407096595,2266.6],[-120.67246841267,39.640475241467,2266.4],[-120.67246958613,39.640581021085,2266.4],[-120.67246891558,39.640632653609,2266.2],[-120.67245265469,39.640692668036,2266.2],[-120.67242834717,39.640761734918,2269.2],[-120.67240320146,39.640840105712,2268.9],[-120.67238710821,39.640887295827,2268.9],[-120.67237369716,39.640935072675,2268.7],[-120.67237327807,39.640996428207,2268.7],[-120.67238031887,39.641054933891,2268.7],[-120.67239305936,39.641159959137,2269.7],[-120.67240236327,39.641194576398,2269.7],[-120.6724192109,39.641242269427,2269.7],[-120.67240881734,39.641232378781,2269.7],[-120.67238761112,39.641265571117,2270.9],[-120.67236816511,39.641315275803,2270.9],[-120.67235567607,39.641365399584,2272.1],[-120.67235106602,39.641440585256,2273.2],[-120.67237596028,39.641531445086,2274.1],[-120.67240764387,39.641556255519,2274.1],[-120.67243807018,39.641577126458,2274.1],[-120.67246128805,39.641597326845,2272.6],[-120.67248450592,39.641618365422,2272.6],[-120.67250344902,39.641640326008,2273.6],[-120.67251577042,39.64166270569,2273.6],[-120.67252155393,39.641692796722,2273.6],[-120.67252281122,39.641722301021,2273.6],[-120.67252297886,39.641732359305,2274.1],[-120.67252331413,39.641738142818,2274.1],[-120.67252172157,39.641753816977,2274.1],[-120.67251669243,39.641774436459,2274.1],[-120.67251560278,39.641815675423,2274.1],[-120.67251401022,39.641834786162,2274.1],[-120.67250822671,39.641860350966,2274.1],[-120.67248852924,39.641957497224,2274.5],[-120.67250646651,39.641981888562,2274.5],[-120.67252926528,39.642009465024,2274.7],[-120.67254971713,39.642029246315,2273.8],[-120.67257922143,39.642047267407,2273.8],[-120.6726112403,39.642063863575,2273.8],[-120.67263772711,39.64207819663,2272.0],[-120.67265775986,39.642095714808,2272.3],[-120.67267879844,39.642125554383,2272.3],[-120.67269723862,39.642160004005,2272.3],[-120.6727169361,39.642193112522,2272.6],[-120.67273881286,39.642217922956,2270.8],[-120.67276404239,39.642263771966,2270.8],[-120.67276957445,39.642333174124,2271.4],[-120.67276974209,39.642366366461,2271.4],[-120.6727689039,39.642396541312,2272.5],[-120.67276580259,39.642419423908,2272.5],[-120.67275281064,39.642463931814,2272.5],[-120.67273604684,39.642493436113,2274.0],[-120.67271928303,39.642540374771,2274.0],[-120.67269765772,39.64258546941,2276.5],[-120.67266614176,39.642604999244,2276.5],[-120.67262959667,39.642610112205,2276.5],[-120.67256907932,39.64260189794,2277.4],[-120.67254678346,39.642603490502,2277.4],[-120.67252205685,39.642609860748,2277.1],[-120.6725055445,39.642614638433,2277.1],[-120.67250361666,39.642617153004,2277.1],[-120.67250462249,39.642624612898,2277.1],[-120.67250428721,39.64262704365,2277.1],[-120.67250386812,39.642635593191,2277.1],[-120.67250353284,39.642638610676,2277.1],[-120.67250604741,39.642640203238,2277.1],[-120.67250646651,39.642642969266,2277.1],[-120.672501605,39.642670629546,2276.4],[-120.67248903215,39.642723770812,2276.4],[-120.67248299718,39.642775487155,2275.5],[-120.67250210792,39.642856121063,2274.9],[-120.67252021283,39.642883697525,2274.9],[-120.67255055532,39.642904652283,2276.9],[-120.67258022726,39.642935749143,2277.0],[-120.6726073008,39.642968270928,2277.0],[-120.67263211124,39.64299400337,2278.4],[-120.67266002297,39.643088718876,2278.5],[-120.67267611623,39.643123419955,2278.5],[-120.67276169546,39.643210759386,2279.0],[-120.67279019393,39.643245209008,2278.6],[-120.67282129079,39.64328234084,2278.9],[-120.67290267907,39.643363310024,2278.4],[-120.67292899825,39.64339918457,2278.4],[-120.67296336405,39.643434891477,2277.8],[-120.67299949005,39.643470849842,2277.4],[-120.67303310148,39.6435142681,2277.4],[-120.6730666291,39.643606636673,2276.7],[-120.67307065241,39.643649887294,2276.7],[-120.67307299934,39.643688192591,2276.0],[-120.67307844758,39.643727671355,2276.6],[-120.6730855722,39.643764970824,2276.6],[-120.67311557941,39.643842168152,2276.2],[-120.67311884835,39.643870247528,2276.0],[-120.67312153056,39.643900003284,2276.0],[-120.67312228493,39.643919197842,2276.0],[-120.6731221173,39.643923221156,2276.0],[-120.6731181778,39.643962029368,2275.7],[-120.67311759107,39.644146095961,2274.8],[-120.67314709537,39.644433679059,2274.3],[-120.6731353607,39.644508613274,2274.3],[-120.6730908528,39.644630234689,2273.7],[-120.67306813784,39.644683627412,2273.7],[-120.67304332741,39.644738696516,2274.5],[-120.67302396521,39.644787982106,2274.2],[-120.67301223055,39.64483441785,2274.2],[-120.67297979258,39.644951596856,2273.8],[-120.67293612286,39.645089143887,2272.4],[-120.67292329855,39.645158378407,2271.3],[-120.67290980369,39.645280586556,2269.9],[-120.67288968712,39.645338254049,2268.0],[-120.67284928635,39.645392568782,2267.7],[-120.67279513925,39.645448895171,2266.2],[-120.6727358792,39.645501114428,2265.6],[-120.67267745733,39.645546125248,2264.2],[-120.672626663,39.64559180662,2263.6],[-120.67259288393,39.645635643974,2262.7],[-120.67256907932,39.645673530176,2262.3],[-120.6725399103,39.645709656179,2262.1],[-120.67250445485,39.645744021982,2262.1],[-120.6724738609,39.645773777738,2261.2],[-120.67244888283,39.645800348371,2261.6],[-120.67242180929,39.645828511566,2261.6],[-120.67239372991,39.645860781893,2260.7],[-120.67236414179,39.645884754136,2260.7],[-120.67233807407,39.645907972008,2261.3],[-120.67231041379,39.645928926766,2261.3],[-120.6722523272,39.645975613967,2260.5],[-120.67222533748,39.645995898172,2261.1],[-120.67220538855,39.646010901779,2260.4],[-120.67219533026,39.646025821567,2260.4],[-120.6721923966,39.646030515432,2260.4],[-120.67219113931,39.64603328146,2260.4],[-120.67219180986,39.646024983376,2260.4],[-120.67218946293,39.646026995033,2260.4],[-120.67219943739,39.646042585373,2260.4],[-120.67223598249,39.646096061915,2261.0],[-120.67223673686,39.646099498495,2261.0],[-120.67225266248,39.646204356104,2260.7],[-120.6722580269,39.646280631423,2260.7],[-120.67227445543,39.646310051903,2260.7],[-120.67227973603,39.646394373849,2260.3],[-120.67225836217,39.646483641118,2260.0],[-120.67225852981,39.646523036063,2260.0],[-120.67221695557,39.646732248366,2258.7],[-120.67220932804,39.646784048527,2258.0],[-120.67221025005,39.646884715185,2257.1],[-120.67220974714,39.646940790117,2257.2],[-120.67219013348,39.647238682956,2259.0],[-120.67217504606,39.647391652688,2256.6],[-120.67218862474,39.647476142272,2256.6],[-120.67219432443,39.647561805323,2255.2],[-120.67217797972,39.647651826963,2254.2],[-120.67213389091,39.647793062031,2252.6],[-120.67213053815,39.64796715416,2251.6],[-120.67214403301,39.648032365367,2251.6],[-120.67217010073,39.648075532168,2251.5],[-120.672196839,39.648110400885,2249.7],[-120.6722166203,39.648143090308,2249.9],[-120.67224629223,39.648189106956,2249.9],[-120.67229071632,39.648250881582,2248.6],[-120.67234243266,39.648297484964,2248.6],[-120.67239389755,39.648313242942,2247.7],[-120.67243128084,39.648304693401,2247.6],[-120.67243278958,39.648276865482,2247.6],[-120.67239867523,39.648185418919,2246.9],[-120.6724082306,39.648131020367,2246.9],[-120.67244234495,39.64808056131,2246.0],[-120.67255407572,39.648007387295,2244.1],[-120.67260411568,39.648008560762,2243.5],[-120.67264786921,39.648034377024,2243.4],[-120.67269028164,39.648075699806,2242.5],[-120.67273571156,39.648100677878,2242.5],[-120.67285238765,39.64814635925,2241.0],[-120.67289195023,39.648176115006,2241.0],[-120.67291826941,39.648205032572,2241.0],[-120.67294006236,39.648229843006,2238.8],[-120.67296772264,39.64825373143,2238.8],[-120.67300351337,39.648273680359,2238.8],[-120.67304676399,39.648290108889,2236.3],[-120.67308833823,39.648303100839,2236.3],[-120.67313150503,39.648313326761,2235.0],[-120.6731842272,39.648330258206,2235.0],[-120.67323326133,39.64836454019,2233.7],[-120.67325924523,39.648407539353,2233.7],[-120.67326578312,39.648442827165,2234.6],[-120.67326611839,39.648456154391,2234.6],[-120.67326486111,39.648459507152,2234.6],[-120.67326578312,39.648462021723,2234.6],[-120.67325270735,39.648513235152,2235.3],[-120.67322194576,39.648599652573,2235.6],[-120.67321926355,39.648645417765,2235.6],[-120.67324046977,39.648759914562,2234.7],[-120.67326142453,39.648817833513,2232.6],[-120.67328455858,39.648874578997,2230.0],[-120.67329151556,39.648931827396,2230.0],[-120.67327793688,39.648983962834,2227.4],[-120.67324893549,39.649039199576,2227.4],[-120.67322337069,39.649100638926,2225.3],[-120.67320526578,39.649163000286,2226.0],[-120.6731666252,39.649292919785,2224.8],[-120.67316050641,39.649345977232,2223.2],[-120.67315933295,39.649392832071,2223.2],[-120.67315019667,39.649435831234,2221.1],[-120.67313351668,39.649477321655,2221.1],[-120.67312739789,39.649521745741,2222.9],[-120.6731203571,39.649564996362,2220.9],[-120.67310065962,39.649609001353,2220.9],[-120.67306386307,39.649702962488,2219.4],[-120.6730234623,39.649800444022,2220.6],[-120.67301273346,39.649850903079,2219.4],[-120.67301038653,39.649904966354,2219.4],[-120.67302086391,39.649956095964,2218.4],[-120.67304207012,39.650013847277,2215.4],[-120.67306520417,39.650070760399,2215.4],[-120.67309278063,39.650111831725,2215.2],[-120.6731371209,39.650141503662,2215.2],[-120.67318229936,39.650141252205,2212.5],[-120.67321800627,39.650119375437,2212.5],[-120.67325086333,39.650097247213,2209.9],[-120.6733194273,39.650061288849,2207.3],[-120.67338220775,39.650026671588,2207.3],[-120.67343912087,39.650003453717,2206.5],[-120.67347943783,39.649984259158,2207.0],[-120.67350232042,39.649963555858,2207.0],[-120.67352117971,39.649942433462,2206.8],[-120.67353836261,39.649920556694,2206.8],[-120.67355713807,39.649894908071,2208.1],[-120.67356686108,39.649866577238,2208.1],[-120.67356811836,39.649826176465,2208.1],[-120.6735718064,39.649791223928,2209.6],[-120.67358882166,39.649761803448,2209.6],[-120.67361178808,39.649734981358,2208.3],[-120.6736321561,39.649706399068,2209.1],[-120.67365319468,39.649678068236,2209.1],[-120.67374162376,39.649573378265,2207.9],[-120.67375964485,39.64954957366,2207.9],[-120.67377976142,39.649526858702,2207.1],[-120.67384606227,39.649467682466,2208.6],[-120.67387548275,39.64945871383,2208.5],[-120.67390532233,39.649456031621,2208.5],[-120.67394362763,39.649448571727,2208.5],[-120.67397883162,39.649439267814,2208.3],[-120.67411864176,39.649405991659,2209.3],[-120.67426507361,39.649402303621,2207.5],[-120.67434025928,39.649411439896,2206.5],[-120.6745204702,39.649449242279,2203.2],[-120.67460596561,39.649454522878,2202.3],[-120.67468081601,39.649436585605,2202.3],[-120.67474032752,39.649404650554,2201.1],[-120.6747820694,39.649363579229,2200.1],[-120.67480067722,39.649316640571,2199.2],[-120.6748062931,39.649261655286,2199.2],[-120.67480260506,39.649202143773,2198.6],[-120.67478366196,39.649157300591,2198.6],[-120.674760947,39.649120252579,2200.0],[-120.67473990843,39.649088401347,2200.0],[-120.67471736111,39.649059064686,2200.0],[-120.67469037138,39.649027297273,2199.6],[-120.67462013103,39.648954709992,2202.4],[-120.67460001446,39.648921014741,2202.6],[-120.67458450794,39.648900898173,2204.8],[-120.67457495257,39.648879691958,2204.8],[-120.67456925288,39.64885882102,2204.8],[-120.67451812327,39.648731667548,2205.2],[-120.67452122457,39.648706018925,2205.2],[-120.67454067059,39.648685315624,2205.2],[-120.6746142637,39.648653464392,2204.1],[-120.67465776578,39.648641142994,2204.1],[-120.67487619817,39.648547433317,2202.0],[-120.67494534887,39.648547098041,2201.2],[-120.6750040222,39.648547768593,2200.6],[-120.67505523562,39.648542236537,2200.6],[-120.67509823479,39.648524466902,2200.1],[-120.67516931333,39.648486748338,2199.5],[-120.67519680597,39.648449197412,2200.3],[-120.67521901801,39.648404857144,2200.3],[-120.67522647791,39.648358505219,2200.6],[-120.67521004938,39.648304525763,2200.6],[-120.67518942989,39.648256832734,2200.8],[-120.67518213764,39.648215174675,2200.8],[-120.67519479431,39.648186676204,2201.2],[-120.67522773519,39.64816714637,2201.2],[-120.67527517676,39.648149712011,2199.1],[-120.6753339339,39.648136300966,2199.1],[-120.67546494305,39.648139234632,2196.4],[-120.67553987727,39.648136300966,2195.3],[-120.67561866716,39.64812213555,2195.3],[-120.67569703795,39.648097576573,2193.7],[-120.67575763911,39.648068994284,2193.2],[-120.67580021918,39.648022809997,2193.2],[-120.67584799603,39.647978469729,2194.5],[-120.6759042386,39.647945696488,2194.2],[-120.67595427856,39.64792038314,2194.2],[-120.67600658163,39.64790135622,2195.7],[-120.67606341094,39.647906050086,2195.7],[-120.67609819584,39.647939829156,2191.8],[-120.67614739761,39.64802515693,2189.8],[-120.67616567016,39.648076118901,2189.8],[-120.67617882974,39.648134876043,2189.3],[-120.67620355636,39.648189358413,2186.8],[-120.67624152638,39.648218862712,2187.4],[-120.67628620192,39.648212576285,2186.3],[-120.67631134763,39.648193297908,2184.7],[-120.67630631849,39.648170918226,2184.7],[-120.67628812976,39.648123560473,2184.7],[-120.67629391328,39.648097073659,2184.1],[-120.67635141313,39.648058684543,2184.1],[-120.67641654052,39.648059690371,2182.9],[-120.67649013363,39.648086344823,2182.2],[-120.67654646002,39.648120459169,2182.2],[-120.67660161294,39.648170080036,2182.2],[-120.67665089853,39.648223891854,2182.3],[-120.67669515498,39.648277787492,2182.3],[-120.67673563957,39.648300753906,2182.3],[-120.67676858045,39.648292288184,2181.2],[-120.67680495791,39.648264292628,2181.2],[-120.67684460431,39.648232609034,2180.0],[-120.67688668147,39.648206206039,2178.8],[-120.67693588324,39.648186424747,2177.3],[-120.67699925043,39.648179886863,2177.3],[-120.67707376555,39.648193465546,2176.3],[-120.6771502085,39.648224059492,2175.3],[-120.67722204141,39.648261945695,2175.1],[-120.67729345523,39.648305950686,2175.1],[-120.6773549784,39.648335119709,2174.7],[-120.6774184294,39.648338053375,2174.0],[-120.67746561952,39.648313829675,2172.9],[-120.67749562673,39.648271668702,2172.1],[-120.67752001807,39.648229004815,2170.8],[-120.67752814852,39.648181479424,2170.8],[-120.67750945687,39.648132948205,2169.1],[-120.67748607136,39.648086344823,2170.3],[-120.67747995257,39.648055080324,2168.8],[-120.67749998532,39.648046111688,2167.1],[-120.67754952237,39.648051476106,2167.1],[-120.67760182545,39.648071089759,2167.0],[-120.67765236832,39.648111322895,2167.0],[-120.67775831558,39.648188604042,2166.7],[-120.67780173384,39.648223472759,2164.2],[-120.6778443139,39.648261107504,2167.0],[-120.67788966,39.648310896009,2164.7],[-120.67792452872,39.648350961506,2167.0],[-120.67797565833,39.648488424718,2166.4],[-120.67798990756,39.648535447195,2167.6],[-120.67800734192,39.648656900972,2168.5],[-120.67800667137,39.64870467782,2169.1],[-120.67802192643,39.648754298687,2169.1],[-120.67804791033,39.648838369176,2166.9],[-120.67804179154,39.648989411071,2168.0],[-120.67803089507,39.64906048961,2168.0],[-120.67801480182,39.649139363319,2166.9],[-120.67799309269,39.649220500141,2165.4],[-120.67789678462,39.649352096021,2163.7],[-120.67780768499,39.649457959458,2164.0],[-120.67781371996,39.649511100724,2164.0],[-120.67784054205,39.649558290839,2163.5],[-120.67789561115,39.649551836774,2162.1],[-120.67796216346,39.649522164837,2161.1],[-120.67802184261,39.649480087683,2161.1],[-120.67807406187,39.64942141436,2160.4],[-120.67812276073,39.649378666654,2160.4],[-120.67817447707,39.649360310286,2159.0],[-120.67821169272,39.649398867041,2159.0],[-120.67824035883,39.649487463757,2156.7],[-120.67824320868,39.649549741298,2156.2],[-120.67822191864,39.649600367993,2157.7],[-120.67819744349,39.649643115699,2157.4],[-120.67817891948,39.649684354663,2157.4],[-120.67819492891,39.649717379361,2157.4],[-120.6782428734,39.64972701855,2155.2],[-120.67831428722,39.649720564485,2154.1],[-120.67839123309,39.649706901982,2154.1],[-120.67853054032,39.64967505075,2150.3],[-120.67855451256,39.649623753503,2150.7],[-120.67856582813,39.649567343295,2150.7],[-120.67856716923,39.649508669972,2151.5],[-120.67855434492,39.649469442666,2151.5],[-120.67853431217,39.649433484301,2152.7],[-120.6785110943,39.649387132376,2152.7],[-120.67848854698,39.649327620864,2156.1],[-120.6784732081,39.649227960035,2157.5],[-120.67847756669,39.649193007499,2157.5],[-120.67852056585,39.649144895375,2156.5],[-120.67863422446,39.649124192074,2154.7],[-120.67869398743,39.649134585634,2152.9],[-120.67874897271,39.64915227145,2152.9],[-120.67879373208,39.649176578969,2151.3],[-120.67883270793,39.649203233421,2150.2],[-120.67887528799,39.649236341938,2150.2],[-120.67892633379,39.649266935885,2148.8],[-120.67899783142,39.649331727996,2146.3],[-120.67900923081,39.649374140427,2144.8],[-120.6790047884,39.649417391047,2144.8],[-120.67898257636,39.649459971115,2144.8],[-120.67894318141,39.64950020425,2144.6],[-120.67883664742,39.649554435164,2145.8],[-120.67880094051,39.649576228112,2144.8],[-120.67878560163,39.649613276124,2146.5],[-120.67878258415,39.64966725558,2146.3],[-120.67879121751,39.649723833427,2146.3],[-120.67886598408,39.649800360203,2144.0],[-120.67887956277,39.64984998107,2143.2],[-120.6788814906,39.649897422642,2143.2],[-120.67887193523,39.649958526716,2142.0],[-120.67885282449,39.650000184774,2142.0],[-120.67882030271,39.650025581941,2140.7],[-120.67877872847,39.650049638003,2142.9],[-120.67873539403,39.650079645216,2142.9],[-120.6786753796,39.650110239163,2145.1],[-120.67859985866,39.650135971606,2145.1],[-120.67853699438,39.650165895,2145.1],[-120.6784820091,39.650208055973,2143.9],[-120.67845409736,39.650236302987,2143.9],[-120.67843750119,39.650301095098,2143.9],[-120.6784141995,39.650348871946,2142.1],[-120.67837723531,39.650407545269,2139.1],[-120.67832912318,39.65045507066,2140.5],[-120.67825980484,39.650439396501,2140.5],[-120.67818151787,39.650368150324,2144.2],[-120.67811077461,39.650302100927,2147.3],[-120.67800122313,39.650253066793,2148.0],[-120.67794254981,39.650244601071,2148.6],[-120.67788396031,39.650242254138,2148.9],[-120.67783677019,39.650238398463,2148.9],[-120.67777315155,39.650237141177,2148.8],[-120.67772411741,39.650260610506,2148.8],[-120.67770366557,39.650296233594,2148.8],[-120.67772135139,39.650332694873,2146.0],[-120.67776535638,39.650347614661,2146.0],[-120.67782294005,39.650346357375,2146.1],[-120.67787817679,39.650354404002,2146.1],[-120.67792645656,39.650376616046,2145.9],[-120.67797305994,39.650402432308,2143.4],[-120.67802041769,39.650430176407,2143.4],[-120.67807783373,39.650452304631,2142.8],[-120.67820507102,39.650479629636,2139.3],[-120.67826516926,39.650505948812,2138.2],[-120.67836013623,39.650585995987,2135.8],[-120.67838268355,39.650640562177,2135.8],[-120.67836633883,39.65078221634,2134.3],[-120.67835628055,39.650846756995,2134.3],[-120.67833993584,39.650909788907,2134.3],[-120.6783278659,39.650963852182,2133.0],[-120.67834211513,39.651007186621,2133.0],[-120.67838083953,39.651028811932,2132.4],[-120.67843087949,39.651028728113,2132.4],[-120.67847899161,39.651009365916,2132.0],[-120.6785181351,39.65098137036,2132.0],[-120.67854948342,39.650952536613,2132.1],[-120.67857462913,39.650925295427,2132.1],[-120.67859399132,39.65089738369,2132.1],[-120.67861452699,39.650874752551,2132.1],[-120.67864168435,39.650854803622,2131.9],[-120.67867529579,39.650844326243,2131.9],[-120.67872030661,39.650839464739,2131.3],[-120.67877998576,39.650826221332,2131.3],[-120.67883287556,39.650828316808,2130.8],[-120.67887260579,39.65083762072,2130.8],[-120.67890328355,39.650841560215,2130.2],[-120.67892943509,39.650852708146,2130.2],[-120.67896321416,39.650860670954,2130.2],[-120.67902691662,39.650919009,2128.8],[-120.67906966433,39.650971395895,2127.7],[-120.67917703651,39.651063848287,2125.9],[-120.67926194519,39.651151271537,2125.7],[-120.67928826436,39.651208855212,2124.9],[-120.6792985741,39.651257973164,2124.4],[-120.67930511199,39.651313964278,2124.4],[-120.67930880003,39.651369033381,2123.8],[-120.6793113146,39.651421587914,2123.4],[-120.67930997349,39.651474561542,2123.4],[-120.67926538177,39.651586292312,2123.6],[-120.67922892049,39.651617472991,2123.4],[-120.67919287831,39.651637421921,2123.4],[-120.67914811894,39.651659298688,2124.5],[-120.67910411395,39.651683690026,2124.5],[-120.6790721789,39.651717552915,2124.3],[-120.67906044424,39.651751248166,2124.3],[-120.67906471901,39.651795420796,2124.3],[-120.67906916142,39.651881922036,2123.5],[-120.67906262353,39.651931375265,2122.8],[-120.67906832322,39.651976134628,2122.8],[-120.6790893618,39.652021396905,2120.9],[-120.67911526188,39.652065904811,2120.9],[-120.67913479172,39.652147712186,2116.0],[-120.67913965322,39.65217679739,2116.0],[-120.67915348336,39.652200015262,2112.5],[-120.67916127853,39.652220634744,2112.5],[-120.67917443812,39.65223220177,2112.5],[-120.67917385139,39.652233207598,2112.5],[-120.6791620329,39.652246367186,2112.5],[-120.67913370207,39.652278888971,2112.5],[-120.67911392078,39.652317697182,2110.0],[-120.67911056802,39.652346028015,2110.0],[-120.67911894992,39.652364049107,2110.0],[-120.67915222608,39.652401264757,2109.0],[-120.67916924134,39.652417106554,2109.0],[-120.67918055691,39.652437139302,2108.7],[-120.67918994464,39.6524494607,2108.7],[-120.67919187248,39.652452478185,2108.7],[-120.67920620553,39.652483072132,2108.7],[-120.67921106704,39.652539817616,2108.7],[-120.67921492271,39.652568986639,2109.9],[-120.67921995185,39.652597317472,2109.9],[-120.6792232208,39.652780294418,2111.2],[-120.67917862907,39.652920942754,2111.9],[-120.67917904817,39.652965534478,2111.7],[-120.67918298766,39.653093023226,2111.6],[-120.67918399349,39.653138285503,2111.5],[-120.67917896435,39.653185978532,2111.5],[-120.67915130407,39.653277425095,2111.9],[-120.6791901961,39.653358981013,2112.3],[-120.67923361436,39.653401980177,2111.7],[-120.67929103039,39.653439950198,2111.7],[-120.67935087718,39.65347263962,2110.5],[-120.67943813279,39.653508514166,2109.7],[-120.67951692268,39.653531899676,2107.4],[-120.67959629931,39.653560565785,2104.7],[-120.67971213721,39.653653688729,2102.3],[-120.67974943668,39.653705907986,2100.0],[-120.67978397012,39.653749326244,2100.0],[-120.67980618216,39.653790229931,2101.3],[-120.67981540225,39.653825769201,2101.3],[-120.67983183078,39.653859380633,2101.3],[-120.67985228263,39.653903469443,2100.0],[-120.67985605448,39.653954179958,2100.0],[-120.67982160486,39.654070436954,2102.0],[-120.67980182357,39.654128523543,2102.0],[-120.67978606559,39.654170265421,2101.6],[-120.67976988852,39.654193650931,2101.6],[-120.67974884994,39.654209157452,2102.9],[-120.6797217764,39.654230028391,2102.9],[-120.67968707532,39.654251821339,2102.1],[-120.67964985967,39.654274536297,2103.1],[-120.67956956103,39.654350895435,2102.4],[-120.6794914417,39.654457261786,2102.2],[-120.67946420051,39.65454694815,2100.6],[-120.67946487106,39.65459103696,2100.6],[-120.67947568372,39.654648369178,2099.4],[-120.67948599346,39.654705114663,2099.0],[-120.67949043587,39.654824305326,2097.1],[-120.67948347889,39.65488105081,2093.2],[-120.67948766984,39.654926229268,2093.2],[-120.67949152552,39.654959337786,2093.2],[-120.67949789576,39.654996469617,2092.3],[-120.67950904369,39.655037624761,2092.3],[-120.67952170037,39.655080037192,2090.3],[-120.67953829654,39.655119683594,2090.3],[-120.6795566529,39.655160922557,2088.6],[-120.67958012223,39.655198557302,2088.6],[-120.67965539172,39.655332835391,2087.7],[-120.67969981581,39.655364518985,2086.8],[-120.67974700592,39.655378181487,2086.8],[-120.67981489934,39.655380360782,2087.2],[-120.67987038754,39.65538664721,2087.3],[-120.6799274683,39.655383881181,2087.3],[-120.67998128012,39.655370553955,2087.1],[-120.68002469838,39.655358567834,2087.1],[-120.68006711081,39.655344821513,2086.6],[-120.68012972362,39.655332248658,2086.6],[-120.68018889986,39.655319256708,2087.4],[-120.68030909635,39.655254296958,2086.6],[-120.68035930395,39.655223367736,2085.6],[-120.68041571416,39.65520568192,2086.4],[-120.68047505803,39.655195791274,2085.2],[-120.68053616211,39.655178440735,2084.2],[-120.68059986457,39.655154803768,2084.2],[-120.68065476604,39.655126389116,2083.6],[-120.68069667555,39.655090849847,2083.6],[-120.68074026145,39.655060758814,2082.4],[-120.68085526116,39.65505329892,2081.1],[-120.68094494753,39.655040223151,2080.1],[-120.6810047105,39.655010635033,2079.0],[-120.68104276434,39.654981885105,2079.0],[-120.68105475046,39.65494768694,2078.7],[-120.68105257116,39.654923379421,2078.7],[-120.68107193336,39.654906699434,2078.7],[-120.68113747984,39.654874680564,2077.8],[-120.68126161583,39.654841739684,2076.7],[-120.68132984452,39.654826233163,2076.0],[-120.68137032911,39.654815588146,2075.2],[-120.68141249008,39.65480058454,2075.2],[-120.68146764301,39.654787508771,2074.6],[-120.68152866326,39.654745012522,2073.9],[-120.68155749701,39.6547365468,2072.8],[-120.68159496412,39.654735960066,2072.8],[-120.68162329495,39.654731433839,2072.8],[-120.68163746037,39.654730679467,2071.4],[-120.68165061995,39.654731098562,2071.4],[-120.68165791221,39.654726572335,2071.4],[-120.68166067824,39.654719866812,2071.4],[-120.68165958859,39.654714502394,2071.4],[-120.6816587504,39.654703103006,2071.4],[-120.68164802156,39.654677202925,2071.4],[-120.68162756972,39.654611069709,2071.8],[-120.6816085428,39.654560862109,2070.7],[-120.68159689195,39.654440162703,2069.6],[-120.68161709234,39.654382746667,2068.5],[-120.68163922057,39.654345363379,2067.2],[-120.68164911121,39.65431150049,2067.2],[-120.68165187724,39.654275709763,2066.3],[-120.6816450879,39.654247295111,2066.3],[-120.68163083866,39.654217706993,2066.9],[-120.68161843345,39.654191555455,2066.9],[-120.68160753697,39.65416951105,2066.9],[-120.68159789778,39.654153501615,2066.9],[-120.68158775568,39.654134726152,2066.9],[-120.68158490583,39.654115112498,2066.2],[-120.68158423528,39.654099689797,2066.2],[-120.68158775568,39.654087368399,2066.2],[-120.68159144372,39.654074627906,2066.2],[-120.68159261718,39.654064821079,2066.2],[-120.68159605376,39.65405526571,2066.2],[-120.68161047064,39.654039340094,2065.6],[-120.68163285032,39.654025258496,2065.6],[-120.68165531382,39.654008913785,2064.4],[-120.68166461773,39.653988210484,2064.4],[-120.68166327663,39.653956443071,2064.4],[-120.68165497854,39.653920987621,2064.0],[-120.6816468481,39.65384311974,2064.6],[-120.68162245676,39.653751840815,2063.9],[-120.68161147647,39.653667854145,2063.1],[-120.6816261448,39.653633823618,2063.1],[-120.68166763522,39.653601134196,2062.3],[-120.68171214312,39.653572048992,2061.4],[-120.68174592219,39.653561655432,2061.4],[-120.68177584559,39.653553692624,2060.7],[-120.68180241622,39.653558973223,2060.7],[-120.68183091469,39.653566516936,2060.7],[-120.6818631012,39.653579508886,2060.6],[-120.68188749254,39.653605241328,2060.6],[-120.68196452223,39.653664585203,2060.3],[-120.68205764517,39.653737507761,2059.3],[-120.68214766681,39.653767682612,2058.7],[-120.68220131099,39.653783021495,2058.7],[-120.68235252053,39.653890728951,2057.1],[-120.68240725435,39.653930375353,2057.1],[-120.68245419301,39.653971530497,2056.5],[-120.68251135759,39.654010171071,2055.5],[-120.68255402148,39.654062809423,2055.5],[-120.68258880638,39.654107233509,2055.5],[-120.68262493238,39.654141934589,2054.5],[-120.68264965899,39.654176970944,2054.5],[-120.68267673254,39.65421452187,2054.5],[-120.68269483745,39.654237488285,2053.1],[-120.68271294236,39.654262885451,2053.1],[-120.68270967342,39.654318876565,2053.1],[-120.68271914497,39.654336730018,2053.1],[-120.68272040226,39.654366318136,2053.1],[-120.68274864927,39.654381992295,2053.1],[-120.68279600702,39.654373023659,2052.2],[-120.6828131061,39.654346201569,2052.2],[-120.68281478249,39.654308734462,2052.2],[-120.68278863095,39.654216784984,2052.4],[-120.6827685982,39.654167331755,2053.3],[-120.68274638616,39.654120812193,2053.3],[-120.68273113109,39.654074711725,2053.3],[-120.68269265816,39.654003633186,2053.3],[-120.6826730445,39.653973123059,2054.2],[-120.68265812472,39.653938002884,2054.1],[-120.68262007087,39.653857452795,2054.1],[-120.68259215914,39.653768101707,2054.7],[-120.68255268037,39.653669530526,2054.4],[-120.68252560683,39.653625525534,2054.2],[-120.6824898161,39.653594261035,2055.0],[-120.68245980889,39.65356961824,2055.0],[-120.68241982721,39.653528211638,2054.6],[-120.68239384331,39.65349778533,2055.4],[-120.68237389438,39.653468951583,2054.8],[-120.68234816194,39.653443554416,2054.8],[-120.68232083693,39.653419498354,2055.8],[-120.68230013363,39.653390496969,2055.8],[-120.68220709451,39.653302654624,2055.9],[-120.682184631,39.653268540278,2055.0],[-120.68216342479,39.653232246637,2055.0],[-120.68212863989,39.653197713196,2056.0],[-120.68210734986,39.65317751281,2054.5],[-120.68208228797,39.653155552223,2054.5],[-120.68194926716,39.653032757342,2055.3],[-120.68184323609,39.65288833715,2053.2],[-120.68182538263,39.652866041288,2053.2],[-120.68178188056,39.652768811211,2051.5],[-120.68174265325,39.652682980523,2050.5],[-120.68170082755,39.652606621385,2049.5],[-120.68169026636,39.652572087944,2049.5],[-120.68168079481,39.652531854808,2049.9],[-120.68161466159,39.652337897569,2052.7],[-120.68160552531,39.652304369956,2052.7],[-120.68159521557,39.652274111286,2052.7],[-120.68158381619,39.652247456834,2055.9],[-120.68157602102,39.652226082981,2055.9],[-120.68156722002,39.65220965445,2055.9],[-120.68156051449,39.652194315568,2055.9],[-120.68155808374,39.652180150151,2055.9],[-120.68156252615,39.652162799612,2057.1],[-120.68157149479,39.652145281434,2057.1],[-120.68158029579,39.652131367475,2057.1],[-120.68159295246,39.652125583962,2057.1],[-120.68160158582,39.652123320848,2054.0],[-120.68163519725,39.652097923681,2054.0],[-120.68165598437,39.652080154046,2054.2],[-120.68167174235,39.65205819346,2054.2],[-120.68168582395,39.652037322521,2054.2],[-120.68172228523,39.651998849586,2051.8],[-120.6817675475,39.651957442984,2051.5],[-120.68178087473,39.651907235384,2049.5],[-120.68177735433,39.651878904551,2049.2],[-120.68177266046,39.651851831004,2049.2],[-120.68176503293,39.651828110218,2051.2],[-120.68176712841,39.651802042499,2050.9],[-120.68177710287,39.651624932885,2048.5],[-120.68178372458,39.651592411101,2048.1],[-120.68178506568,39.65156131424,2048.1],[-120.68177944981,39.651534659788,2048.1],[-120.68177442066,39.651510100812,2049.0],[-120.68177073263,39.651482189074,2049.0],[-120.68174969405,39.651394514367,2047.7],[-120.68175103515,39.65137171559,2047.7],[-120.68176302128,39.651356963441,2047.7],[-120.68176872097,39.651352940127,2047.7],[-120.68177668378,39.651342881843,2046.1],[-120.68177869543,39.651323603466,2046.1],[-120.68178003654,39.651298793033,2046.1],[-120.68178389221,39.651269959286,2046.1],[-120.68179026246,39.651239030063,2046.1],[-120.68182781339,39.651166526601,2047.4],[-120.68189419806,39.651084719226,2046.7],[-120.68193233572,39.651062926278,2046.7],[-120.68196787499,39.651030488312,2045.0],[-120.68201112561,39.650941891596,2045.9],[-120.68201573566,39.65090341866,2045.9],[-120.68202042952,39.650874417275,2045.9],[-120.682031326,39.65085153468,2047.1],[-120.68205152638,39.650828232989,2047.1],[-120.68207994103,39.650806272402,2044.6],[-120.68211774342,39.650784898549,2044.6],[-120.68215177394,39.650762099773,2041.6],[-120.68237867206,39.650662858039,2040.1],[-120.68247623742,39.650588929653,2038.1],[-120.68257447332,39.650528244674,2038.2],[-120.68263926543,39.650499746203,2036.7],[-120.68271009251,39.650466721505,2035.8],[-120.68284294568,39.650393212214,2034.5],[-120.68289969116,39.650340322405,2032.9],[-120.68299356848,39.650220209733,2031.7],[-120.6830456201,39.650161284953,2032.2],[-120.68309842609,39.650097079575,2030.6],[-120.683143856,39.650029689074,2031.2],[-120.68317285739,39.649959532544,2030.5],[-120.68317369558,39.649895997718,2031.9],[-120.68316430785,39.649833803996,2033.0],[-120.68316137418,39.649780998006,2034.2],[-120.68317922764,39.649757193401,2033.6],[-120.68322608247,39.649742525071,2033.6],[-120.68329439498,39.649722324684,2033.0],[-120.68335315213,39.649688629434,2035.4],[-120.68341107108,39.649648563936,2035.4],[-120.68346748129,39.649613359943,2038.6],[-120.68352104165,39.649588298053,2038.6],[-120.68357518874,39.649571953341,2037.7],[-120.68363805301,39.649556279182,2036.5],[-120.68376654759,39.649524847046,2037.7],[-120.68383150734,39.649515626952,2035.4],[-120.68401372992,39.649560553953,2027.7],[-120.68410861306,39.649587459862,2026.2],[-120.68419536576,39.649595506489,2025.0],[-120.68429083563,39.649565666914,2023.9],[-120.68438337184,39.649510094896,2025.0],[-120.68443567492,39.649540269747,2025.0],[-120.68440893665,39.649625178427,2022.9],[-120.68438705988,39.64968116954,2020.7],[-120.68437281065,39.649732131511,2020.5],[-120.68437230773,39.649795247242,2020.5],[-120.68439326249,39.649856351316,2017.4],[-120.68443927914,39.649890800938,2017.4],[-120.68450457416,39.649885520339,2016.1],[-120.6845655106,39.649874372408,2014.9],[-120.68462376483,39.649863475934,2014.9],[-120.68465595134,39.649876886979,2013.8],[-120.68466726691,39.649897757918,2013.8],[-120.68467992358,39.649918377399,2013.8],[-120.68469308317,39.649931117892,2013.8],[-120.68470867351,39.649942936376,2012.7],[-120.68472434767,39.649952240288,2012.7],[-120.68474446423,39.649956095964,2012.1],[-120.68476692773,39.649960286915,2012.1],[-120.68479182199,39.649958778173,2012.1],[-120.68481495604,39.649958023801,2012.1],[-120.6848354917,39.649956766516,2012.1],[-120.68485225551,39.649960538372,2011.5],[-120.68487010896,39.649972943589,2011.5],[-120.68488720804,39.649989958853,2011.5],[-120.68490279838,39.650024995208,2011.5],[-120.684918724,39.650062462315,2010.6],[-120.68497303873,39.650162039325,2010.6],[-120.68499902263,39.650275614113,2010.8],[-120.68501469679,39.650305202231,2011.1],[-120.68506658077,39.650370413437,2011.9],[-120.68509055302,39.650398911908,2012.6],[-120.68511259742,39.650426153094,2013.6],[-120.68512843922,39.650446940213,2013.6],[-120.68515358493,39.650458674878,2013.6],[-120.68523061462,39.650454819202,2014.6],[-120.68530756049,39.650447946042,2015.4],[-120.68540269509,39.65045071207,2016.1],[-120.68542599678,39.650457752869,2016.1],[-120.68545139395,39.650458339602,2016.1],[-120.68550411612,39.650459513068,2016.6],[-120.68553093821,39.650461189449,2016.6],[-120.68555851467,39.650461608544,2017.1],[-120.68558441475,39.65046194382,2017.1],[-120.68561534397,39.650455238298,2017.1],[-120.68563805893,39.650453059003,2017.6],[-120.68565918133,39.650447526947,2017.6],[-120.68568801507,39.650437384844,2017.6],[-120.68572179414,39.650432271883,2017.6],[-120.68575724959,39.650430679321,2018.1],[-120.68579253741,39.650438055396,2018.1],[-120.68582925014,39.650447024032,2018.6],[-120.6858744286,39.650448029861,2018.6],[-120.6859400589,39.650433110073,2019.1],[-120.68594768643,39.650432188064,2019.1],[-120.68595506251,39.650423387066,2019.1],[-120.68595791236,39.650420201942,2019.1],[-120.68594760261,39.650422548875,2019.1],[-120.68593209609,39.650433529168,2019.1],[-120.68592631258,39.650437803939,2019.1],[-120.68592564203,39.650433780625,2019.1],[-120.68592807278,39.650431349874,2019.1],[-120.68593595177,39.650428919122,2019.1],[-120.68593821488,39.650422465056,2019.1],[-120.68595263176,39.650421962142,2019.1],[-120.68605438806,39.650403605774,2019.8],[-120.68607869558,39.650392374024,2017.9],[-120.68610685878,39.650377705693,2018.4],[-120.68620970473,39.65034166351,2019.0],[-120.68642377853,39.650265136734,2017.7],[-120.68661320955,39.650131948292,2016.3],[-120.68666911684,39.650088949129,2014.8],[-120.68674656563,39.650059612468,2015.0],[-120.68679610267,39.650071011856,2015.0],[-120.68683767691,39.650081740692,2015.0],[-120.68687656894,39.650083919987,2015.1],[-120.68691696972,39.650072604418,2015.1],[-120.68695510738,39.650057516992,2018.8],[-120.68696726114,39.650037232786,2018.8],[-120.68697053008,39.650033963844,2018.8],[-120.6869908981,39.650028180331,2018.8],[-120.6870811712,39.650007141754,2018.6],[-120.68725400604,39.649930112064,2016.5],[-120.68737629801,39.64986984618,2014.6],[-120.68749406375,39.649789128453,2012.5],[-120.6876885239,39.649649318308,2008.6],[-120.6877770368,39.649606989697,2005.2],[-120.68784275092,39.649584274739,2004.6],[-120.68802044727,39.649539515376,2003.8],[-120.68810837343,39.649533564225,2003.4],[-120.68819914944,39.649531636387,2003.1],[-120.68830249831,39.649523254484,2000.7],[-120.68853786215,39.649473885074,1999.1],[-120.68873533979,39.649442872033,1997.7],[-120.68884589709,39.649420911446,1995.4],[-120.68894572556,39.649396184832,1995.2],[-120.68912694231,39.649378499016,1994.6],[-120.68922157399,39.649363243952,1994.4],[-120.68939482793,39.649311359972,1992.2],[-120.68949876353,39.649285040796,1992.3],[-120.68958124146,39.649260900915,1992.6],[-120.68974804133,39.649199796841,1991.2],[-120.68992339075,39.6491392795,1990.5],[-120.69010670297,39.649074152112,1991.4],[-120.69021105766,39.649045402184,1990.2],[-120.69029496051,39.649019921198,1990.3],[-120.69036134519,39.648994775489,1990.3],[-120.69045790471,39.648951105773,1988.5],[-120.69052713923,39.648925708607,1987.9],[-120.69063375704,39.64890902862,1987.1],[-120.69069997407,39.648906514049,1985.9],[-120.69079862908,39.648912213743,1984.4],[-120.6908903271,39.648927804083,1982.9],[-120.69098487496,39.648943897337,1981.5],[-120.69106542505,39.648966863751,1980.4],[-120.69117891602,39.649000391364,1981.3],[-120.69129944779,39.649043725803,1980.1],[-120.69137957878,39.64906912297,1978.9],[-120.6914699357,39.649114804342,1979.4],[-120.69153045304,39.649162162095,1979.6],[-120.69158334285,39.649210860953,1979.6],[-120.69163103588,39.649238856509,1978.5],[-120.69167520851,39.649265930057,1979.6],[-120.6917332951,39.649278838187,1978.3],[-120.69178593345,39.649312701076,1976.9],[-120.69182876498,39.649367015809,1977.9],[-120.69188685156,39.649394927546,1976.6],[-120.69205608219,39.64947078377,1975.0],[-120.69210570306,39.649503305554,1975.0],[-120.69216395728,39.649512274191,1973.8],[-120.69222372025,39.649496683851,1973.8],[-120.6922683958,39.649494336918,1972.7],[-120.69229446352,39.649492995813,1972.7],[-120.69230359979,39.649496348575,1972.7],[-120.69230158813,39.649491989985,1972.7],[-120.69230418652,39.64948981069,1972.7],[-120.69229999557,39.649496013299,1972.7],[-120.6922992412,39.649498695508,1972.7],[-120.69230016321,39.649508083239,1972.7],[-120.69232371636,39.64950623922,1972.7],[-120.69241323508,39.649583436549,1972.6],[-120.69245615043,39.649599026889,1971.6],[-120.69250266999,39.649613359943,1972.7],[-120.69255765527,39.649619562551,1971.8],[-120.69267198443,39.649636913091,1970.9],[-120.69278698415,39.649662896991,1970.0],[-120.69302553311,39.649741686881,1968.6],[-120.69311195053,39.649764988571,1967.9],[-120.69318302907,39.649793822318,1968.0],[-120.6932430435,39.649838246405,1968.0],[-120.69330129772,39.649878647178,1967.2],[-120.69336106069,39.649921981618,1967.4],[-120.69341286086,39.649984342977,1968.3],[-120.69346717559,39.650050392374,1967.5],[-120.69352274761,39.650117363781,1968.2],[-120.69357211702,39.650171762332,1967.8],[-120.69369114004,39.650243259966,1966.9],[-120.69376112893,39.650267986581,1966.5],[-120.69383564405,39.650318110362,1965.9],[-120.6939992588,39.650445180014,1965.8],[-120.69409037009,39.650516258553,1964.9],[-120.69419589825,39.650586834177,1962.1],[-120.69430645555,39.650653135031,1958.5],[-120.69441399537,39.650723207742,1956.4],[-120.6945185177,39.650798896328,1952.9],[-120.6947140675,39.650943567976,1950.5],[-120.69492445327,39.65108178556,1949.1],[-120.69512989372,39.651219835505,1946.5],[-120.69523072802,39.65128261596,1944.7],[-120.6953306403,39.65133969672,1944.0],[-120.69543952122,39.651397112757,1941.6],[-120.69564638659,39.651486715302,1939.8],[-120.69572509266,39.651512363926,1940.5],[-120.6957807485,39.651541365311,1941.6],[-120.6958155334,39.651572881266,1940.3],[-120.69582869299,39.651610851288,1940.3],[-120.69581402466,39.651662316173,1939.7],[-120.69579759613,39.651708919555,1939.7],[-120.69577848539,39.651753595099,1939.6],[-120.69576415233,39.651791984215,1939.6],[-120.69575493224,39.651875719428,1939.3],[-120.69575199857,39.651915617287,1939.3],[-120.69575191475,39.651953671128,1939.5],[-120.6957477238,39.652056684718,1939.2],[-120.69575359114,39.65211359784,1939.7],[-120.69578887895,39.652219880372,1939.8],[-120.69585417397,39.652293473482,1940.6],[-120.6959089078,39.652318367735,1940.6],[-120.69599633105,39.652342759073,1941.2],[-120.69606137462,39.652352565899,1940.8],[-120.69614603184,39.652359271422,1940.4],[-120.69624988362,39.652366982773,1940.2],[-120.69641710259,39.652387266979,1938.4],[-120.69664492272,39.652416938916,1936.6],[-120.69685027935,39.652468068525,1934.5],[-120.69697500207,39.652496064082,1932.8],[-120.69709888659,39.652520203963,1932.2],[-120.69721765816,39.652545684949,1931.7],[-120.69733802229,39.652549289167,1930.9],[-120.69745436311,39.652524227276,1930.4],[-120.69755813107,39.652485921979,1929.7],[-120.69764303975,39.652436133474,1929.7],[-120.6977062393,39.65238458477,1929.7],[-120.69774379022,39.652336724102,1929.7],[-120.69775619544,39.652277128771,1930.2],[-120.69777212106,39.652206972241,1928.9],[-120.69780053571,39.652133630589,1929.1],[-120.69783079438,39.652063138783,1927.7],[-120.69786407053,39.651983007789,1926.9],[-120.69789424539,39.65190673247,1925.3],[-120.69793984294,39.651847053319,1925.3],[-120.69799407385,39.651790559292,1923.2],[-120.69807127118,39.651726521552,1921.3],[-120.6981545873,39.651696430519,1921.0],[-120.69823513739,39.651671200991,1921.0],[-120.69829607382,39.651647815481,1918.5],[-120.69834250957,39.6516236756,1917.8],[-120.69838592783,39.651595344767,1917.8],[-120.69842188619,39.65156047605,1917.8],[-120.69845658727,39.651521248743,1915.5],[-120.69850218482,39.651481015608,1915.5],[-120.69855532609,39.651446901262,1913.7],[-120.69860528223,39.651428628713,1913.7],[-120.6986597646,39.651415217668,1913.0],[-120.69871558808,39.651399711147,1912.4],[-120.69877308793,39.651384456083,1912.4],[-120.69882513955,39.651397448033,1911.9],[-120.69887769409,39.651408763602,1911.9],[-120.69893267937,39.65140465647,1911.4],[-120.69904575124,39.651371380314,1911.0],[-120.69911221974,39.651359561831,1909.0],[-120.69926108234,39.651328297332,1908.0],[-120.699362671,39.651295188814,1907.2],[-120.69947456941,39.651264008135,1904.3],[-120.69959292188,39.651270210743,1905.2],[-120.69983381778,39.651318406686,1903.3],[-120.69991696626,39.651368446648,1904.7],[-120.70000447333,39.651420079172,1903.9],[-120.70009038784,39.651494259015,1904.1],[-120.70014193654,39.651585370302,1903.9],[-120.70020505227,39.651640774682,1903.3],[-120.70027009584,39.651685366407,1903.3],[-120.70032306947,39.651692407206,1901.8],[-120.70038174279,39.651686120778,1901.8],[-120.70043739863,39.651687629521,1900.2],[-120.70053446107,39.651685031131,1898.4],[-120.70063177496,39.6516998671,1896.4],[-120.70071056485,39.651719899848,1894.6],[-120.70081475191,39.651731718332,1893.3],[-120.70090963505,39.651725599542,1892.2],[-120.70097736083,39.651727108285,1891.2],[-120.70105045103,39.651760635898,1891.1],[-120.70114835165,39.651886867359,1890.7],[-120.70117349736,39.651961298659,1890.9],[-120.70121884346,39.652040088549,1889.6],[-120.70126544684,39.652087949216,1889.6],[-120.70133116096,39.652127763256,1887.9],[-120.70138656534,39.652178725228,1886.7],[-120.70143811405,39.652198841795,1886.7],[-120.70147013292,39.652214348316,1887.3],[-120.70150122978,39.652228597552,1888.4],[-120.70152805187,39.652257179841,1888.4],[-120.70155135356,39.652291461825,1888.4],[-120.70156333968,39.652315098792,1890.3],[-120.70158027112,39.652333203703,1891.8],[-120.70161220618,39.652340579778,1891.8],[-120.70163399912,39.652343345806,1891.8],[-120.70166325197,39.652345106006,1892.9],[-120.70169342682,39.652347536758,1892.9],[-120.70171790197,39.652350721881,1892.9],[-120.70173902437,39.652353068814,1892.9],[-120.70176199079,39.652354326099,1893.7],[-120.70178780705,39.652349799871,1893.7],[-120.70181219839,39.652344686911,1893.7],[-120.7018404454,39.65233605355,1893.7],[-120.70186919533,39.652325324714,1894.0],[-120.7018937543,39.652311997488,1892.5],[-120.70191864856,39.652302777395,1892.5],[-120.70194832049,39.652294898406,1892.5],[-120.70198302157,39.652280900627,1892.5],[-120.70211310871,39.652296742424,1892.3],[-120.70214973763,39.652308812365,1891.9],[-120.70219952613,39.652309650555,1891.9],[-120.7023235783,39.652314260602,1891.1],[-120.70236096159,39.652326749638,1892.0],[-120.70238334127,39.652344016358,1892.0],[-120.70241586305,39.652371760458,1892.0],[-120.70246866904,39.652430182323,1894.2],[-120.70250881836,39.652461111546,1894.2],[-120.70254838094,39.652499165386,1897.0],[-120.70257914253,39.652517102659,1897.0],[-120.70260663517,39.652523724362,1897.0],[-120.70263052359,39.652536967769,1896.6],[-120.70276756771,39.652575775981,1895.7],[-120.7028397359,39.652614165097,1897.2],[-120.7028533984,39.652654817328,1897.2],[-120.70292422548,39.652766212821,1896.0],[-120.70298558101,39.652776522562,1897.1],[-120.70304978639,39.65278532356,1895.3],[-120.70318398066,39.652819437906,1891.9],[-120.70323946886,39.652857743204,1891.9],[-120.7032683026,39.652912477031,1891.9],[-120.70330786519,39.653050443158,1888.9],[-120.70331675,39.653116073459,1888.2],[-120.70332580246,39.653180278838,1887.5],[-120.70334156044,39.653230737895,1887.5],[-120.70337936282,39.6532805264,1886.7],[-120.70343937725,39.65329955332,1886.7],[-120.70350517519,39.653300642967,1885.6],[-120.70357566699,39.6533029899,1884.3],[-120.70364766754,39.653319921345,1883.2],[-120.70372293703,39.653365267441,1883.1],[-120.70378001779,39.653412122279,1883.1],[-120.70381195284,39.653457552195,1882.3],[-120.70384095423,39.653521087021,1882.5],[-120.70388755761,39.653589399531,1882.5],[-120.70394195616,39.653636002913,1880.3],[-120.70399174467,39.65366140008,1880.3],[-120.70406592451,39.653671290725,1878.3],[-120.70414085872,39.653691742569,1876.2],[-120.70420422591,39.653725018725,1875.0],[-120.70426675491,39.653767598793,1875.0],[-120.70431017317,39.653806071728,1875.3],[-120.70434294641,39.653843874112,1875.3],[-120.7043939922,39.65388561599,1876.5],[-120.70444755256,39.653920736164,1876.5],[-120.70450429805,39.653932889923,1875.5],[-120.70457990281,39.653948144987,1874.4],[-120.70467386395,39.653949318454,1873.3],[-120.70474561304,39.653961556032,1873.3],[-120.70481141098,39.653969015926,1874.3],[-120.70488190278,39.653976894915,1872.7],[-120.70493303239,39.654003381729,1872.7],[-120.70498508401,39.654019307345,1871.0],[-120.70502791554,39.654039926827,1871.0],[-120.70504761301,39.654059708118,1870.7],[-120.70506177843,39.654079908505,1870.7],[-120.70508390665,39.654102455825,1870.7],[-120.70512271486,39.654122153297,1870.7],[-120.70515012369,39.654140258208,1869.7],[-120.70518775843,39.654158195481,1869.7],[-120.70523285307,39.654173618183,1867.2],[-120.7052717451,39.654194405302,1867.2],[-120.70533578284,39.654256599024,1864.8],[-120.70538146421,39.6542846784,1864.8],[-120.7054399699,39.654292138293,1861.4],[-120.70548196323,39.654279565439,1861.4],[-120.70548942313,39.654251988977,1861.4],[-120.70548070595,39.654214102775,1860.3],[-120.70548221469,39.654157524928,1860.3],[-120.7054884173,39.65411067009,1858.9],[-120.70549420081,39.654047889635,1855.2],[-120.70549998432,39.653969854116,1853.8],[-120.70551993325,39.653895171359,1853.0],[-120.70555496961,39.653826272115,1852.3],[-120.7055954542,39.653749912977,1849.5],[-120.70562906563,39.653684282675,1849.5],[-120.7056509424,39.653623513877,1848.7],[-120.70568723604,39.653473896906,1845.5],[-120.70570693351,39.653404410928,1845.5],[-120.70572872646,39.653286645189,1843.5],[-120.70573300123,39.653227133676,1843.5],[-120.70573895238,39.653173405677,1841.8],[-120.70576007478,39.653127975762,1841.8],[-120.70581816137,39.653097633272,1839.4],[-120.70586694404,39.653086904436,1838.1],[-120.7059209235,39.653071230277,1838.1],[-120.70596643724,39.653034936637,1835.6],[-120.7059887331,39.652975844219,1835.6],[-120.70600046776,39.652919769287,1835.3],[-120.70601714775,39.652866460383,1835.3],[-120.70604003035,39.6528268978,1833.8],[-120.70607875474,39.652767637745,1833.8],[-120.70611798204,39.652707539499,1833.1],[-120.7061565388,39.652649955824,1830.8],[-120.70619333535,39.652596898377,1830.8],[-120.70623499341,39.652535878122,1829.1],[-120.70627556182,39.652477623895,1829.6],[-120.7063159626,39.652427164838,1828.1],[-120.70640799589,39.652321301401,1827.1],[-120.70645267144,39.652262963355,1827.4],[-120.70648435503,39.65221577324,1827.4],[-120.70651595481,39.652169505134,1826.0],[-120.70654914714,39.652124326676,1825.7],[-120.70659055375,39.652075879276,1825.7],[-120.70663631894,39.652026761323,1823.4],[-120.70668610744,39.651976888999,1823.4],[-120.70673748851,39.65194218792,1821.5],[-120.70679272525,39.651926178485,1820.6],[-120.70686170831,39.651932464913,1820.6],[-120.70692666806,39.651966998354,1820.4],[-120.70695214905,39.652000023052,1820.4],[-120.7069907058,39.652099348605,1819.7],[-120.70702222176,39.652143102139,1819.6],[-120.70703865029,39.65217855759,1819.6],[-120.70705784485,39.652225412428,1818.6],[-120.70706463419,39.65229716152,1818.4],[-120.70707226172,39.65235248208,1817.9],[-120.70709598251,39.652431188151,1817.1],[-120.70712372661,39.652502601966,1816.1],[-120.70715448819,39.652578961104,1814.1],[-120.70719363168,39.652647189796,1813.1],[-120.70725691505,39.652694296092,1810.0],[-120.70735305548,39.652722040191,1808.1],[-120.70744349621,39.652712233365,1806.2],[-120.70751910098,39.652667725459,1805.5],[-120.70757316425,39.652624642476,1805.5],[-120.7075777743,39.652625061572,1805.5],[-120.70760191418,39.652594551444,1805.5],[-120.70773803629,39.652431523427,1804.0],[-120.70778195746,39.652435798198,1804.0],[-120.70781716146,39.652471505105,1802.1],[-120.70784205571,39.652583571151,1800.2],[-120.70788706653,39.652622547001,1800.2],[-120.70790550672,39.652646938339,1798.5],[-120.70792671293,39.652672419325,1797.5],[-120.70794959553,39.652699492872,1797.5],[-120.70796124637,39.652760094032,1796.6],[-120.70797624998,39.652821784839,1796.6],[-120.70799946785,39.652899317443,1794.4],[-120.70802947506,39.652941729873,1794.4],[-120.70806920528,39.652967043221,1793.7],[-120.70807222277,39.653026135638,1793.7],[-120.7080780901,39.653061758727,1792.7],[-120.70807708427,39.653072906658,1792.7],[-120.70808596909,39.653066871688,1792.7],[-120.70808756165,39.653058070689,1792.7],[-120.70808563381,39.653053879738,1792.7],[-120.70808102377,39.653051448986,1792.7],[-120.70807892829,39.653052287176,1792.7],[-120.70807959884,39.653051868081,1792.7],[-120.70807616226,39.65305279009,1792.7],[-120.70807306096,39.653057567775,1792.7],[-120.70810600184,39.653058825061,1792.7],[-120.70813349448,39.653051448986,1792.7],[-120.70818873122,39.653037954122,1792.5],[-120.70821538568,39.653027225286,1792.7],[-120.70823642425,39.653011467308,1792.7],[-120.7082480751,39.65299227275,1792.4],[-120.70825980976,39.652967713773,1792.4],[-120.708327787,39.652841063216,1792.9],[-120.70831839927,39.652850953862,1792.9],[-120.70831705816,39.652854055166,1792.9],[-120.70830062963,39.65286151506,1792.7],[-120.70826391689,39.652885403484,1792.7],[-120.70826123469,39.652885571122,1792.7],[-120.70826123469,39.652885068208,1792.7],[-120.70828512311,39.652853803709,1792.9],[-120.70838235319,39.652778785676,1792.5],[-120.70847304538,39.65273251757,1792.4],[-120.70853146724,39.652714161202,1792.1],[-120.70856859908,39.652698570862,1792.1],[-120.70866633207,39.652645261958,1791.9],[-120.70878426544,39.652622379363,1791.5],[-120.70885576308,39.652596982196,1791.1],[-120.70891611278,39.652563957497,1790.6],[-120.70914267562,39.652453484014,1789.2],[-120.70921593346,39.65243043378,1788.7],[-120.70934593678,39.652377879247,1788.0],[-120.70940997452,39.652335634455,1787.4],[-120.70953511633,39.652310824022,1786.2],[-120.70963938721,39.652278637514,1785.4],[-120.70968540385,39.652257012203,1785.4],[-120.70976712741,39.652212504297,1784.8],[-120.70981473662,39.65218719095,1784.0],[-120.70986871608,39.652160955593,1784.0],[-120.7099168282,39.652135139331,1783.4],[-120.70996401832,39.65211703442,1783.4],[-120.71001322009,39.652104377747,1782.4],[-120.71006510407,39.652101108804,1782.4],[-120.71012151428,39.652084931731,1781.8],[-120.71022268385,39.65206942521,1781.4],[-120.71027238853,39.652081159875,1781.3],[-120.71033055894,39.652106305584,1781.3],[-120.71046399884,39.652099935338,1781.2],[-120.71053180844,39.652056097984,1781.2],[-120.71064420976,39.651961550117,1780.7],[-120.71070497856,39.651933722198,1780.7],[-120.71077639237,39.651919053867,1780.4],[-120.71084445342,39.651929531246,1780.6],[-120.71090262383,39.651929866523,1780.6],[-120.71094914339,39.651936069131,1780.5],[-120.71098091081,39.651995748281,1780.5],[-120.71099742316,39.652012092993,1780.8],[-120.71101670153,39.652001867071,1780.5],[-120.71102424525,39.651996670291,1780.5],[-120.71103271097,39.651996837929,1780.5],[-120.71104771458,39.651985019445,1780.5],[-120.71109943092,39.651947887614,1780.4],[-120.71112474427,39.65193439275,1780.4],[-120.71114628576,39.651927603409,1780.4],[-120.71116573177,39.651920981705,1780.1],[-120.7111755386,39.651918383315,1780.1],[-120.71118584834,39.651914779097,1780.0],[-120.71119112894,39.651911593974,1780.0],[-120.71118987165,39.651909666136,1780.0],[-120.71120529436,39.651880161837,1780.0],[-120.71121711284,39.651859458536,1780.0],[-120.71123823524,39.651823751628,1779.8],[-120.71124276146,39.651817716658,1779.8],[-120.71124770679,39.651814196259,1779.8],[-120.71125240065,39.651809586212,1779.8],[-120.7112552505,39.651807742193,1779.8],[-120.71126606315,39.651801791042,1779.8],[-120.71128844284,39.651782847941,1779.7],[-120.71133990772,39.651743536815,1779.7],[-120.71136740036,39.651730041951,1779.7],[-120.71139757521,39.651714283973,1780.4],[-120.71142724715,39.651705315337,1780.4],[-120.71145188995,39.651702716947,1780.4],[-120.7114781253,39.651700453833,1781.5],[-120.7115027681,39.651697017252,1781.5],[-120.71152439341,39.651702884585,1781.5],[-120.71155381389,39.651701794937,1781.5],[-120.71158985607,39.65170757845,1782.5],[-120.71167216636,39.651813525707,1782.2],[-120.71168608032,39.651829116046,1782.2],[-120.71171868593,39.651810256764,1782.2],[-120.71177023463,39.651814447716,1783.3],[-120.71179579943,39.651817381382,1783.3],[-120.71182136424,39.6518209856,1783.3],[-120.71184877306,39.651820566505,1784.5],[-120.7118700631,39.651818135753,1784.5],[-120.71188489906,39.651827523485,1784.5],[-120.7118938677,39.651837078854,1784.5],[-120.71190660819,39.651832971722,1784.5],[-120.71191071533,39.651826350018,1784.5],[-120.71192521602,39.651821488515,1784.5],[-120.71193787269,39.651821823791,1784.5],[-120.71194902062,39.651815453544,1784.5],[-120.71196100675,39.651807239279,1786.0],[-120.711968299,39.651796845719,1786.0],[-120.71197684854,39.651786787435,1786.0],[-120.71197919548,39.651792570949,1786.0],[-120.71198003367,39.651778237894,1786.0],[-120.7119806204,39.65176130645,1786.0],[-120.71197802201,39.65174311772,1786.0],[-120.71197659709,39.65172492899,1786.0],[-120.71196888573,39.651704560965,1786.3],[-120.71195966564,39.651683270931,1786.3],[-120.7119515352,39.651661561802,1785.3],[-120.71194793098,39.65163490735,1785.3],[-120.71194281802,39.651604648679,1785.7],[-120.71194122545,39.651577323675,1785.7],[-120.71193619631,39.651552261785,1785.7],[-120.71192974225,39.651527618989,1785.9],[-120.71192035452,39.651499120519,1785.9],[-120.71191783994,39.651473136619,1785.9],[-120.71191490628,39.651455869898,1785.9],[-120.71190945804,39.651435669512,1786.2],[-120.71190166287,39.651402728632,1786.2],[-120.7118978072,39.651363585144,1786.2],[-120.71189629845,39.651328129694,1786.3],[-120.71189512499,39.651304911822,1786.3],[-120.71187408641,39.651238778606,1786.4],[-120.71185187437,39.651099219918,1785.3],[-120.71186947636,39.651069045067,1786.5],[-120.71190593764,39.65103501454,1786.5],[-120.71194499731,39.65099955909,1786.5],[-120.71197131649,39.650960247964,1787.7],[-120.71196419187,39.650932755321,1787.7],[-120.711959498,39.650911549106,1787.7],[-120.71194793098,39.650879614055,1787.7],[-120.7119542174,39.650799650699,1787.7],[-120.71195329539,39.65077961795,1787.7],[-120.7119511161,39.650753131136,1787.7],[-120.71195002645,39.65072941035,1787.7],[-120.71196368895,39.650646094233,1787.8],[-120.71198657155,39.650569986552,1788.1],[-120.71199327707,39.650549702346,1788.1],[-120.71199243888,39.65044635348,1788.4],[-120.71197332814,39.650391200557,1788.8],[-120.71195673198,39.650361277163,1788.8],[-120.71194021963,39.650340573862,1788.0],[-120.7119317539,39.650305788964,1788.0],[-120.71190426126,39.650229429826,1788.5],[-120.71182689629,39.650151142851,1787.6],[-120.71180812083,39.650074699894,1787.6],[-120.71179831401,39.650054750964,1788.3],[-120.71178196929,39.650029605255,1788.3],[-120.71176403202,39.650005549192,1786.9],[-120.71174131706,39.649976715446,1786.9],[-120.71172103286,39.649953078479,1787.5],[-120.71170410141,39.64993388392,1787.5],[-120.71167744696,39.649888621643,1785.9],[-120.71166663431,39.649874623865,1786.4],[-120.71165707894,39.649853250012,1786.4],[-120.71164140478,39.649834726006,1786.4],[-120.71162891574,39.649830115959,1786.4],[-120.71162128821,39.649823578075,1786.4],[-120.71161659434,39.649820560589,1786.4],[-120.71161583997,39.649818297476,1786.4],[-120.71161609143,39.649815699086,1786.4],[-120.71161600761,39.649807233363,1786.4],[-120.71161131375,39.649791391566,1786.4],[-120.71161659434,39.64978158474,1787.1],[-120.71160720661,39.649771861732,1787.1],[-120.71160175838,39.649758702144,1787.1],[-120.71159723215,39.649739423767,1787.1],[-120.71156295016,39.649665243924,1786.0],[-120.71154844947,39.649642445147,1786.0],[-120.71152782999,39.649615120143,1786.0],[-120.71145700291,39.649494756013,1786.0],[-120.71144518442,39.649461396039,1786.0],[-120.71138676256,39.649396436289,1787.0],[-120.71134761907,39.649358969182,1785.2],[-120.71131937206,39.6493106056,1786.1],[-120.71128810756,39.649215219542,1785.2],[-120.71126681753,39.649174399674,1785.2],[-120.71125038899,39.649126622826,1785.8],[-120.71125013754,39.649083204567,1785.8],[-120.71125181392,39.649042636156,1785.8],[-120.71122138761,39.648953201249,1786.2],[-120.7111997623,39.648916237056,1785.0],[-120.71118727326,39.648876674473,1785.0],[-120.71120210923,39.648773157969,1785.2],[-120.71111929603,39.648573668674,1785.4],[-120.7110835053,39.648454645649,1784.2],[-120.71108601987,39.648405946791,1784.2],[-120.71106749587,39.648363366723,1784.0],[-120.71105098352,39.64832380414,1784.0],[-120.71102173068,39.648214168847,1782.6],[-120.71103145368,39.648088859394,1782.6],[-120.71105626412,39.647920718417,1780.3],[-120.71106657386,39.647874115035,1780.3],[-120.71108283475,39.647832373157,1778.4],[-120.71112960577,39.647693149745,1777.7],[-120.71114351973,39.647657023743,1777.1],[-120.71115299128,39.647623328492,1777.1],[-120.71116154082,39.647584687918,1777.1],[-120.71117118001,39.647548142821,1776.7],[-120.71117813699,39.647514950484,1776.7],[-120.71118484251,39.647477651015,1776.7],[-120.71118450724,39.647403387353,1776.3],[-120.71118266322,39.647186044604,1775.2],[-120.71117813699,39.647121001035,1775.2],[-120.71118123829,39.647060148418,1774.9],[-120.71119154803,39.646995188668,1774.6],[-120.71121057495,39.646924864501,1775.6],[-120.71122960187,39.646854121238,1775.2],[-120.71125022136,39.646796034649,1775.0],[-120.7112706732,39.646749934182,1775.0],[-120.71130109951,39.646707940847,1775.6],[-120.71134929545,39.646658403799,1775.6],[-120.71141148917,39.646588247269,1776.1],[-120.71146580391,39.646561257541,1776.1],[-120.71151349694,39.646487077698,1776.5],[-120.71160779335,39.646323127672,1776.8],[-120.71160636842,39.646270154044,1776.8],[-120.71158407256,39.646253976971,1776.7],[-120.71153034456,39.646276272833,1776.1],[-120.71143227629,39.646331761032,1775.4],[-120.71136279032,39.646362103522,1774.9],[-120.71127352305,39.646301502362,1774.1],[-120.71128039621,39.646194633096,1774.1],[-120.71129615419,39.646149035543,1774.8],[-120.71130948141,39.64610519819,1774.8],[-120.71132373065,39.64606798254,1774.8],[-120.71137377061,39.645989779383,1774.9],[-120.7113865111,39.645944349468,1774.9],[-120.71143018082,39.645792134106,1775.5],[-120.71145046502,39.645748045295,1775.5],[-120.71147418581,39.645709739998,1775.6],[-120.71150721051,39.645674871281,1776.1],[-120.7115459349,39.645643187687,1776.1],[-120.71159203537,39.645618293434,1776.6],[-120.71164140478,39.645587699488,1776.9],[-120.71168021299,39.645546292886,1777.3],[-120.71170611307,39.645520308986,1777.7],[-120.7117758505,39.64536851272,1778.5],[-120.71177786216,39.645322747529,1778.7],[-120.71177165955,39.645276060328,1778.7],[-120.71176034398,39.645229708403,1778.6],[-120.71175129153,39.645183859393,1778.6],[-120.71174953133,39.645145637915,1778.9],[-120.71176000871,39.645098028705,1778.9],[-120.71179403923,39.644968025386,1780.0],[-120.71179714054,39.644921170548,1780.0],[-120.71179538034,39.644889067858,1780.2],[-120.71177911945,39.644862245768,1780.2],[-120.71174995042,39.644827544689,1779.6],[-120.7116758544,39.644714137539,1779.0],[-120.71164919995,39.644632916898,1778.9],[-120.71162489243,39.644578099251,1778.8],[-120.71159807034,39.644532585517,1778.8],[-120.71156948805,39.644492603838,1777.7],[-120.71152137592,39.644403001294,1777.3],[-120.71148952469,39.644292863086,1775.9],[-120.71144032292,39.644189430401,1774.7],[-120.71137678809,39.644081555307,1773.7],[-120.71132624522,39.643990108743,1773.0],[-120.71128626354,39.643917605281,1772.6],[-120.71128115058,39.643858931959,1772.1],[-120.71128601208,39.643755666912,1771.2],[-120.71129171178,39.643704956397,1771.2],[-120.71127494797,39.643672602251,1770.6],[-120.71124527603,39.643632117659,1770.6],[-120.71122700348,39.643588028848,1771.2],[-120.71119749919,39.643485350534,1771.5],[-120.71119649336,39.643369344994,1771.0],[-120.71125022136,39.643038176,1769.9],[-120.71126966737,39.642995009199,1769.6],[-120.71132565849,39.642901886255,1768.3],[-120.71135885082,39.642848325893,1768.3],[-120.71140025742,39.642790490761,1767.6],[-120.71145574562,39.642700972036,1765.8],[-120.71146178059,39.642669204623,1765.8],[-120.71147250943,39.642630061135,1765.6],[-120.7114798855,39.642583793029,1765.6],[-120.71148424409,39.642535848543,1765.4],[-120.71150218137,39.642424704507,1765.1],[-120.71152866818,39.642355972901,1763.3],[-120.71155683137,39.642281457782,1763.3],[-120.71159513667,39.642141479999,1760.8],[-120.71159454994,39.642093703151,1760.8],[-120.71157963015,39.642051709816,1759.9],[-120.71155465208,39.642000077292,1759.9],[-120.71153109893,39.641952551901,1758.5],[-120.71151307784,39.641852891073,1756.9],[-120.71149832569,39.641812657937,1755.5],[-120.71147292852,39.641785835847,1756.4],[-120.71143940091,39.641757253557,1756.4],[-120.71140092798,39.641725234687,1756.4],[-120.71136287414,39.641679469496,1756.2],[-120.71132708341,39.641630183905,1754.8],[-120.71129732765,39.641580060124,1755.2],[-120.7112636324,39.641540832818,1753.0],[-120.71118408814,39.641467742622,1753.0],[-120.71112449281,39.641410578042,1751.0],[-120.7110923063,39.641350228339,1749.1],[-120.7110125944,39.641238246113,1747.6],[-120.71098091081,39.641179405153,1747.6],[-120.7109663263,39.641121318564,1747.1],[-120.71097554639,39.64107748121,1746.3],[-120.71098367684,39.641052586958,1746.3],[-120.7109848503,39.641048479825,1746.3],[-120.71098451503,39.641044791788,1746.3],[-120.71098241955,39.641048982739,1746.3],[-120.71097973734,39.641051581129,1746.3],[-120.71098191664,39.641059208661,1746.3],[-120.71098635904,39.641063315794,1746.3],[-120.71100085974,39.641059543937,1746.3],[-120.71101837792,39.64104889892,1747.2],[-120.71109926328,39.641034984961,1747.2],[-120.71113119833,39.641053341329,1747.1],[-120.71115584113,39.641081504524,1747.8],[-120.71123404428,39.641170855612,1747.9],[-120.71125759743,39.641206059605,1747.9],[-120.71128643118,39.641230870038,1747.9],[-120.71137184277,39.641273533925,1748.8],[-120.71143613197,39.641268756241,1748.4],[-120.71150771342,39.641267834231,1748.2],[-120.71157527156,39.641278814524,1748.2],[-120.71163855493,39.641300020739,1747.8],[-120.71169504896,39.641319718212,1747.3],[-120.71174173616,39.64135106653,1748.2],[-120.71179236285,39.64139347896,1747.4],[-120.71184307337,39.641430359334,1747.4],[-120.71190032177,39.641463803127,1746.7],[-120.71197944693,39.641497917473,1745.3],[-120.71205236949,39.641542676836,1745.1],[-120.71210023016,39.641584586352,1745.1],[-120.71213602088,39.641623394564,1744.1],[-120.71216401644,39.641679218039,1745.7],[-120.71219402365,39.641732191667,1747.5],[-120.71222956292,39.641784410924,1746.1],[-120.71227373555,39.641907541081,1747.1],[-120.71231690235,39.641927406192,1745.6],[-120.71233894676,39.641962442547,1745.6],[-120.71235646494,39.641999658197,1745.5],[-120.71237825789,39.642032431439,1745.5],[-120.71239099838,39.642079118639,1745.5],[-120.71238395758,39.642119938508,1745.1],[-120.7123770006,39.642148604617,1745.1],[-120.71238446049,39.64216385968,1745.1],[-120.71238940582,39.642172995955,1745.1],[-120.71241538972,39.642173582688,1742.5],[-120.7124170661,39.642213899642,1742.3],[-120.71241966449,39.642251618207,1742.3],[-120.71241471916,39.642278775573,1742.6],[-120.71240231395,39.642312722281,1744.8],[-120.71239912882,39.642342980951,1744.8],[-120.71240331978,39.642367204651,1746.2],[-120.71239468642,39.642408275977,1746.2],[-120.71238957345,39.642427638173,1746.2],[-120.71239376441,39.642440630123,1746.2],[-120.71239301004,39.642446581274,1746.2],[-120.71239225566,39.642441803589,1746.2],[-120.71239342913,39.642441216856,1746.2],[-120.71239443496,39.642437528819,1746.2],[-120.71239720099,39.64242705144,1746.2],[-120.7124100253,39.642397211865,1746.2],[-120.7124289684,39.642385561019,1744.3],[-120.7124562934,39.642371311784,1744.3],[-120.71247372776,39.642347842455,1744.3],[-120.71247934364,39.642324121669,1742.6],[-120.7124857977,39.642289839685,1742.6],[-120.71250633337,39.642251618207,1742.6],[-120.71257263422,39.642186826095,1740.1],[-120.71260272525,39.642167212442,1738.0],[-120.71263038553,39.642127817497,1737.7],[-120.71268654428,39.642026647925,1735.4],[-120.71274697781,39.641952384263,1735.3],[-120.71275854483,39.641931178048,1735.3],[-120.71276918985,39.641898572445,1735.3],[-120.71277371608,39.641888262704,1735.3],[-120.71278226562,39.641880467534,1732.9],[-120.71278754622,39.641863703728,1733.1],[-120.71279215626,39.641825733706,1733.1],[-120.71277120151,39.641748955473,1735.5],[-120.71273784153,39.641725653782,1735.5],[-120.71263935417,39.64169380255,1737.7],[-120.71258889511,39.641668321565,1739.9],[-120.71253550239,39.641645438969,1739.9],[-120.71247766726,39.641613587737,1741.9],[-120.71244237944,39.641586933285,1740.8],[-120.7124201674,39.641556423157,1740.8],[-120.71241362952,39.641518285498,1740.8],[-120.71240591817,39.64147050865,1740.8],[-120.71239368059,39.641397502273,1739.8],[-120.71236618795,39.641314437613,1739.8],[-120.71226200089,39.641070524231,1737.9],[-120.71223048493,39.641027860343,1736.3],[-120.71220760234,39.640993829817,1737.3],[-120.71217977442,39.640949992463,1737.3],[-120.71214783937,39.640923673287,1735.1],[-120.71212621406,39.640908502042,1735.1],[-120.71211397648,39.640891319141,1736.3],[-120.71210433729,39.640870112926,1736.3],[-120.7121308241,39.640845302492,1735.1],[-120.71218346246,39.640826024115,1732.7],[-120.71224171668,39.640816133469,1731.9],[-120.71229125373,39.640842117369,1734.2],[-120.71242628619,39.640911603346,1732.9],[-120.71250013076,39.640953429043,1733.1],[-120.71254455484,39.641015287489,1733.1],[-120.71257732809,39.641068596393,1734.5],[-120.71261010133,39.641089802608,1733.6],[-120.71266324259,39.64106281288,1733.6],[-120.71270682849,39.641010425985,1731.4],[-120.71275234222,39.640982514247,1731.4],[-120.71280607022,39.640934821218,1729.0],[-120.71286776103,39.640884110704,1729.0],[-120.71290589869,39.640892157331,1728.1],[-120.71293481626,39.640919733793,1728.1],[-120.71296080016,39.640952758491,1729.6],[-120.71298343129,39.6409814246,1728.5],[-120.71301301941,39.640984777361,1728.5],[-120.7130490616,39.640974886715,1728.5],[-120.71310161613,39.640959883109,1727.3],[-120.71318970993,39.64089827612,1725.0],[-120.7132551726,39.640915794298,1723.9],[-120.71330353618,39.640966085717,1724.3],[-120.71332843043,39.641010090709,1724.3],[-120.71335089393,39.641035571694,1722.9],[-120.7133498881,39.641041606665,1722.9],[-120.71327696554,39.641054766253,1724.6],[-120.71320060641,39.641025764868,1725.9],[-120.71316414513,39.641013359651,1725.9],[-120.71314017288,39.641001960263,1727.3],[-120.71315182373,39.640972372144,1725.9],[-120.7131789811,39.640948986635,1725.9],[-120.71321167052,39.64092166163,1725.0],[-120.71323639713,39.640922835097,1725.0],[-120.71326397359,39.640932390466,1723.9],[-120.71329222061,39.640933480114,1723.9],[-120.71331015788,39.640918811783,1723.9],[-120.71331066079,39.640905568376,1723.9],[-120.71329750121,39.640898443758,1723.9],[-120.71325458586,39.64088620618,1723.9],[-120.71321477182,39.640876315534,1725.0],[-120.71318786591,39.640853684396,1725.0],[-120.71318023838,39.640824599192,1724.1],[-120.71320337243,39.640809679404,1724.1],[-120.7132807374,39.640794591978,1723.3],[-120.71329314262,39.640774391592,1723.3],[-120.71317244321,39.64074505493,1723.1],[-120.71312458254,39.640740696341,1723.6],[-120.71308325976,39.640728039667,1723.6],[-120.71304537356,39.640705659986,1724.2],[-120.71300949901,39.640679592267,1724.2],[-120.71296172217,39.640661738813,1724.8],[-120.71287446655,39.64060918428,1723.6],[-120.71286440827,39.640579596162,1723.6],[-120.71287916042,39.640560820699,1723.6],[-120.71289994754,39.640563586727,1722.9],[-120.71292534471,39.640577081591,1722.9],[-120.71296482347,39.640579679981,1722.9],[-120.71307890117,39.640540704131,1720.2],[-120.71314268745,39.640523940325,1720.2],[-120.71319867857,39.640505081043,1719.9],[-120.71325282566,39.640476163477,1717.4],[-120.71330387145,39.640439366922,1717.2],[-120.71334569715,39.640410700813,1717.2],[-120.71337402798,39.640394356102,1713.7],[-120.71340797469,39.640375580639,1713.7],[-120.7134714257,39.640333503485,1713.3],[-120.71372179314,39.640359403566,1710.9],[-120.71381919086,39.640381447971,1709.4],[-120.7139096316,39.640384800732,1707.5],[-120.71398087777,39.640364851803,1704.9],[-120.71400325745,39.640343226492,1704.9],[-120.71400677785,39.640327384695,1704.9],[-120.71401105262,39.64032269083,1704.9],[-120.71401381865,39.640322187915,1704.9],[-120.71401708759,39.640317577869,1704.9],[-120.71401608177,39.640323026106,1704.9],[-120.71400350891,39.640340460464,1704.9],[-120.71400107816,39.64034347795,1704.9],[-120.71400057524,39.640347249806,1704.9],[-120.71400023997,39.640349848196,1704.9],[-120.71399470791,39.640331240371,1704.9],[-120.71399018168,39.640309782699,1704.9],[-120.713994205,39.640304753557,1702.7],[-120.71399521083,39.640300730243,1702.7],[-120.71398456581,39.640307016671,1704.9],[-120.71398288943,39.640310201794,1704.9],[-120.71398213506,39.640310453251,1704.9],[-120.71397710592,39.640315314755,1704.9],[-120.7139717415,39.640315901488,1704.9],[-120.71396092884,39.640327719972,1704.9],[-120.71393729188,39.640359235927,1704.9],[-120.71394693106,39.640379687771,1704.9],[-120.71394860744,39.640415729955,1706.1],[-120.71393234655,39.640469877049,1708.7],[-120.71391541511,39.640550594777,1709.1],[-120.71386596188,39.640624439344,1709.7],[-120.7138642855,39.640594599769,1709.7],[-120.71386420168,39.640594599769,1709.7],[-120.7138361223,39.640615889803,1712.7],[-120.71384056471,39.640610441566,1712.7],[-120.71384659968,39.640610441566,1712.7],[-120.71384743787,39.640609519556,1712.7],[-120.71384743787,39.640609435737,1712.7],[-120.71392429993,39.640553193167,1709.1],[-120.71393217891,39.640525449067,1709.1],[-120.71393502876,39.64052352123,1709.1],[-120.71393905208,39.640502482653,1708.7],[-120.71393813007,39.640498543158,1708.7],[-120.71394173428,39.640466943383,1708.7],[-120.71394592524,39.640473229811,1708.7],[-120.71395464242,39.640415478498,1706.1],[-120.71395254694,39.640419082716,1706.1],[-120.71394986473,39.640426794067,1706.1],[-120.71394860744,39.640430985019,1706.1],[-120.71394743398,39.640433331951,1706.1],[-120.71393980645,39.640440875664,1708.7],[-120.71394818835,39.640418412164,1706.1],[-120.71399093606,39.640404162928,1704.9],[-120.7139695622,39.640404833481,1704.9],[-120.71395732462,39.640355799347,1704.9],[-120.71395833045,39.640317577869,1702.7],[-120.71392622776,39.640241470188,1705.7],[-120.7139039319,39.640186149627,1703.5],[-120.7139109727,39.640089506283,1700.8],[-120.71391390637,39.640056984499,1700.8],[-120.71391306818,39.640016835183,1698.8],[-120.71391189471,39.639971572906,1698.8],[-120.71393192746,39.639815082774,1693.2],[-120.71393729188,39.63974526152,1686.5],[-120.71393486112,39.639665465802,1684.0],[-120.71393259801,39.639577958733,1681.7],[-120.71390309371,39.639502186328,1679.4],[-120.71385389194,39.639429012313,1679.4],[-120.71379312314,39.63938173838,1675.7],[-120.71373051032,39.639360364527,1675.4],[-120.71367141791,39.63934360072,1675.4],[-120.71362582035,39.639306887984,1672.9],[-120.71358877234,39.639265565202,1672.9],[-120.71356488392,39.639195911586,1670.7],[-120.7135581784,39.639146039262,1671.2],[-120.71354677901,39.639121312648,1669.2],[-120.71351928636,39.63909348473,1669.2],[-120.71349447593,39.639061884955,1669.2],[-120.7135057915,39.639017544687,1667.5],[-120.7135366369,39.638953339309,1667.5],[-120.71355650201,39.638897934929,1666.1],[-120.71355968714,39.638844290748,1665.4],[-120.71356010623,39.63881813921,1665.4],[-120.71355943568,39.638807158917,1665.4],[-120.71356027387,39.638804811984,1665.4],[-120.7135626208,39.638808751479,1665.4],[-120.71355977096,39.638816211373,1665.4],[-120.71355532855,39.638819647953,1665.4],[-120.71355633438,39.638817803934,1665.4],[-120.71355499327,39.638820150867,1665.4],[-120.71356396191,39.63880514726,1664.6],[-120.71356572211,39.638797184452,1664.6],[-120.71356387809,39.638789892197,1664.6],[-120.71355977096,39.638789473101,1664.6],[-120.71356069297,39.63878788054,1664.6],[-120.71355993859,39.638788802549,1664.6],[-120.71356379427,39.638794586062,1664.6],[-120.71356672794,39.638797016814,1664.6],[-120.71355625056,39.638803051785,1665.4],[-120.71356010623,39.638805733994,1665.4],[-120.71355616674,39.63878008537,1665.4],[-120.71355474181,39.638762315735,1665.6],[-120.71356203407,39.638719987124,1663.9],[-120.71356731467,39.638700960204,1663.9],[-120.71357234381,39.638695176691,1663.9],[-120.71359111927,39.638681095093,1663.9],[-120.71359681897,39.638673802838,1663.9],[-120.71359614842,39.638670701534,1663.9],[-120.71359581314,39.638680089265,1663.9],[-120.71359866299,39.638677574694,1663.9],[-120.71358307265,39.638679251075,1663.9],[-120.71357661858,39.638572549447,1663.7],[-120.71355633438,39.638547068462,1663.7],[-120.7135388162,39.63854379952,1665.9],[-120.71351685561,39.63853508234,1665.9],[-120.7134811487,39.638519156724,1665.9],[-120.71346631274,39.638503231108,1665.4],[-120.71346069686,39.638493675739,1667.5],[-120.71346421726,39.638492083177,1667.5],[-120.71349715814,39.63842947036,1665.4],[-120.71352071129,39.638379514217,1664.8],[-120.71354024112,39.638342466205,1664.8],[-120.71356764995,39.638270130381,1662.3],[-120.71356882341,39.63826241903,1662.3],[-120.71356840432,39.638260826468,1662.3],[-120.7135784626,39.638253618032,1662.3],[-120.71359153837,39.638244397938,1662.3],[-120.71361710317,39.638218581676,1661.6],[-120.71364132687,39.638181449845,1661.6],[-120.71366094053,39.638125710189,1661.0],[-120.7136810571,39.638070305809,1659.1],[-120.71374216117,39.637911720201,1657.9],[-120.713725565,39.637869894505,1657.8],[-120.71371282451,39.637857740745,1657.8],[-120.71371098049,39.63784952648,1657.8],[-120.71371869184,39.637840306386,1657.8],[-120.71372036822,39.637835109606,1657.8],[-120.71372983977,39.637815160677,1657.8],[-120.71373528801,39.637798145413,1657.8],[-120.7137392275,39.637792697176,1658.4],[-120.71373679675,39.637790182605,1658.4],[-120.71372363716,39.637717595324,1658.4],[-120.71371659636,39.637700160965,1658.6],[-120.71372145787,39.637691862881,1658.6],[-120.71377024055,39.637632519007,1656.6],[-120.71379002184,39.637595638633,1656.5],[-120.71388440207,39.637415008619,1656.2],[-120.71389387362,39.637356586754,1656.2],[-120.71388993412,39.637307468802,1657.5],[-120.71388599463,39.637256003916,1657.5],[-120.71392002515,39.637136058882,1659.2],[-120.71394156665,39.637100519612,1656.7],[-120.71398104541,39.637055173516,1657.0],[-120.71402136236,39.637008234859,1657.0],[-120.71404935792,39.636967079714,1654.3],[-120.71406628937,39.636948471889,1654.3],[-120.71407156996,39.636940928176,1654.3],[-120.71406310424,39.636950483546,1654.3],[-120.71406394243,39.636948136613,1654.3],[-120.71410928853,39.636902958155,1654.3],[-120.71413351223,39.636867251247,1652.2],[-120.71415949613,39.636825174093,1652.2],[-120.71418195963,39.636770524085,1652.5],[-120.71419587359,39.636744037271,1652.5],[-120.71419998072,39.636738505214,1652.5],[-120.71420635097,39.636729955673,1652.5],[-120.71422127075,39.636706067249,1650.1],[-120.71422906592,39.636686285958,1650.1],[-120.71423384361,39.636671282351,1650.1],[-120.71424465626,39.636657116935,1650.1],[-120.71426426992,39.636634234339,1650.1],[-120.71428111754,39.636605903506,1651.5],[-120.71428078227,39.636590396985,1651.5],[-120.71429234929,39.636559383944,1651.5],[-120.71433903649,39.6364887245,1650.3],[-120.71435823105,39.636466512457,1650.3],[-120.71436233819,39.636469278485,1650.3],[-120.71436217055,39.636469781399,1650.3],[-120.71437734179,39.636446144432,1650.3],[-120.71439603344,39.636421920732,1651.0],[-120.71440977976,39.636394260451,1648.9],[-120.71442059241,39.636317649856,1648.2],[-120.71441665292,39.636316224933,1648.2],[-120.71442478336,39.636268615723,1648.2],[-120.71442570537,39.636265262961,1648.2],[-120.71442788467,39.636263335124,1648.2],[-120.71442872286,39.636265262961,1648.2],[-120.71442067623,39.63628873229,1648.2],[-120.7144200895,39.636291498318,1648.2],[-120.71441514418,39.636294096708,1648.2],[-120.71444900706,39.636253863573,1647.3],[-120.71447054856,39.636213127524,1647.3],[-120.71449032985,39.636181192473,1647.3],[-120.71451161988,39.636147748679,1645.2],[-120.71456559934,39.636078681797,1645.2],[-120.71457582526,39.636073065922,1645.2],[-120.71459895931,39.63606284,1643.9],[-120.71459577419,39.636079519987,1643.2],[-120.71460206062,39.636084800586,1643.2],[-120.71460407227,39.6360888239,1643.2],[-120.71461488493,39.636047584936,1643.9],[-120.71461882442,39.636035179719,1643.9],[-120.71462745778,39.636023528874,1643.9],[-120.71464849636,39.635999053717,1643.9],[-120.71473357268,39.635890256613,1643.7],[-120.71487950161,39.635709291324,1645.4],[-120.71494571865,39.63561876677,1647.6],[-120.71505552158,39.635408800095,1647.9],[-120.71508527733,39.635346774012,1647.9],[-120.71514495648,39.63523437269,1646.6],[-120.71518946439,39.6351833269,1647.5],[-120.71526071057,39.63512968272,1645.3],[-120.71534645744,39.635043349117,1643.9],[-120.71544134058,39.634970845655,1642.5],[-120.71567863226,39.634769596159,1639.9],[-120.71572733112,39.634693153203,1638.0],[-120.71575214155,39.63465007022,1638.5],[-120.71576437913,39.634617464617,1638.5],[-120.71577695198,39.634588379413,1638.5],[-120.71579882875,39.634564155713,1638.5],[-120.71583277546,39.634546805173,1637.0],[-120.715858927,39.63453842327,1637.0],[-120.71587770246,39.634523419663,1637.0],[-120.71589429863,39.634503889829,1635.0],[-120.71589371189,39.63447698392,1636.3],[-120.71589069441,39.634451335296,1636.3],[-120.71588038467,39.634443456307,1638.0],[-120.71587124839,39.634425267577,1638.0],[-120.71587401442,39.634401546791,1638.0],[-120.71587636136,39.634360307828,1638.7],[-120.71592648514,39.634283781052,1637.2],[-120.71596411988,39.634234076366,1637.2],[-120.71601030417,39.634194429964,1634.9],[-120.71605497971,39.634169954807,1634.9],[-120.71615338326,39.634105162695,1632.7],[-120.71620568633,39.634065348655,1631.2],[-120.71624751203,39.634033413604,1631.2],[-120.71636837907,39.6339541208,1628.4],[-120.71643233299,39.633879354224,1629.2],[-120.71650341153,39.633806766942,1628.6],[-120.71656661108,39.633696544915,1627.9],[-120.71659946814,39.633633010089,1629.1],[-120.71662461385,39.633584395051,1629.1],[-120.7166411262,39.633553717285,1627.2],[-120.71664523333,39.633541731164,1627.2],[-120.71664540097,39.633538126945,1627.2],[-120.71664866991,39.633532091975,1628.6],[-120.71664087474,39.633435364813,1631.7],[-120.71664003655,39.633443243802,1631.7],[-120.71663198993,39.633454727009,1630.5],[-120.7166138012,39.633475346491,1630.5],[-120.71659368463,39.633491439745,1630.5],[-120.71656761691,39.633510215208,1630.5],[-120.71652503684,39.633544748649,1630.8],[-120.71651481092,39.633548939601,1630.8],[-120.71648136713,39.633552627638,1630.8],[-120.71645328775,39.633554052562,1632.1],[-120.71642822586,39.633552040905,1632.1],[-120.71640475653,39.63353251107,1633.6],[-120.71638799272,39.633518764749,1633.6],[-120.7163834665,39.633502671495,1633.6],[-120.71638103575,39.633479034528,1633.6],[-120.71638883092,39.633468976244,1633.6],[-120.71640484035,39.633461264893,1633.6],[-120.71643426083,39.633445339277,1635.3],[-120.71645764634,39.633428491652,1633.5],[-120.71646208875,39.633426228538,1633.5],[-120.71646544151,39.633417678997,1633.5],[-120.71649896912,39.633394796401,1633.5],[-120.71654163301,39.6333776135,1633.5],[-120.7165961992,39.633301254362,1632.5],[-120.71665319614,39.633210394531,1633.6],[-120.71668840013,39.633172173053,1635.7],[-120.71671614423,39.633134705946,1635.7],[-120.71675201878,39.63309279643,1638.0],[-120.71678747423,39.633075278252,1638.0],[-120.71684849449,39.633057424799,1635.9],[-120.71690892801,39.633055245504,1635.9],[-120.71698914282,39.633038816974,1633.8],[-120.71710581891,39.632984921336,1634.3],[-120.71717605926,39.632955500856,1634.3],[-120.7173633948,39.632904790342,1633.1],[-120.7174651511,39.632876962423,1630.8],[-120.71754151024,39.632863132283,1628.0],[-120.71763345972,39.632836477831,1624.7],[-120.71766673587,39.63285651058,1622.2],[-120.71767109446,39.632917363197,1622.2],[-120.7176646404,39.63297679089,1623.0],[-120.71763597429,39.633028004318,1621.2],[-120.71761258878,39.633066393435,1621.2],[-120.71757914498,39.633115511388,1618.6],[-120.71759800427,39.63314300403,1618.6],[-120.71762021631,39.633161025122,1618.6],[-120.71763429791,39.633157169446,1618.6],[-120.7176280953,39.633143087849,1618.6],[-120.71766790934,39.633078463376,1621.2],[-120.71776882745,39.632956758142,1617.5],[-120.71787469089,39.63285299018,1619.0],[-120.71792875417,39.63283832185,1619.0],[-120.71804593317,39.632776966318,1618.3],[-120.71813587099,39.632736733183,1615.3],[-120.71821625344,39.632717203349,1615.3],[-120.71824701503,39.632710497826,1612.3],[-120.71827752516,39.63270328939,1614.6],[-120.71829998866,39.632698344067,1614.6],[-120.71830510162,39.632698008791,1614.6],[-120.71832295507,39.632686441764,1611.4],[-120.71837366559,39.632664984092,1611.4],[-120.71852093562,39.632618296891,1608.6],[-120.71858983487,39.63259935379,1610.2],[-120.71864792146,39.632584182546,1610.2],[-120.71870994754,39.63258552365,1609.0],[-120.71878412738,39.632596671581,1607.7],[-120.71882327087,39.632633384317,1605.8],[-120.71886467747,39.632655596361,1605.8],[-120.71889770217,39.632684849203,1604.4],[-120.71889862418,39.632752826437,1602.6],[-120.71888864972,39.632806470618,1600.8],[-120.71888454258,39.632811164483,1600.8],[-120.71889200248,39.632822060958,1600.8],[-120.71888253093,39.632855169475,1600.8],[-120.71888437495,39.632893307135,1600.8],[-120.71892033331,39.632923901081,1598.4],[-120.71897020563,39.632938066497,1597.5],[-120.71902963333,39.632948962972,1597.5],[-120.71908788756,39.632952483371,1596.1],[-120.71914060973,39.632947873324,1596.1],[-120.71917589754,39.632947118953,1594.1],[-120.71920162998,39.632947789505,1594.1],[-120.71922333911,39.632930606604,1594.1],[-120.71924630553,39.632906382903,1594.1],[-120.71927337907,39.632882662117,1594.1],[-120.719338255,39.632828850299,1591.6],[-120.71937706321,39.632787778974,1593.5],[-120.71945660748,39.632720053196,1590.8],[-120.71953539737,39.632663810626,1590.6],[-120.71956641041,39.632645118982,1590.6],[-120.7195857726,39.632628941908,1593.4],[-120.71959566325,39.632616201416,1593.4],[-120.71960479952,39.632603293285,1591.0],[-120.71962483227,39.63258116506,1591.0],[-120.71967973374,39.632527772337,1591.0],[-120.71973212063,39.632478738204,1591.4],[-120.7198028639,39.63242107071,1590.9],[-120.71987913921,39.632374048233,1590.9],[-120.71998156607,39.63228603825,1586.3],[-120.72004183196,39.632195848972,1587.7],[-120.72007359937,39.632161231712,1587.7],[-120.72010712698,39.632127117366,1586.4],[-120.72016680613,39.632046399638,1588.8],[-120.72018591687,39.632011195645,1586.3],[-120.72020024993,39.631981104612,1586.3],[-120.72021676227,39.631962664425,1588.1],[-120.72024643421,39.631934333593,1588.1],[-120.72028121911,39.631896028295,1585.7],[-120.72039051913,39.631793098524,1584.8],[-120.7204172574,39.631753703579,1586.3],[-120.72043854743,39.631711794063,1586.3],[-120.72046771646,39.631661586463,1587.3],[-120.72050241753,39.631629986688,1587.3],[-120.72060434148,39.631513310596,1592.2],[-120.72067977861,39.631414907053,1593.1],[-120.7207841333,39.631277695298,1593.9],[-120.72086485103,39.631201671436,1594.3],[-120.72088723071,39.631152134389,1597.1],[-120.72095386684,39.631047025323,1597.5],[-120.72104422376,39.631021795794,1594.7],[-120.72109694593,39.631019029766,1594.7],[-120.72115000337,39.631037889048,1591.6],[-120.72120063007,39.631023807451,1591.6],[-120.72121890262,39.631000421941,1588.9],[-120.72123038583,39.630964631215,1590.6],[-120.72125159204,39.630907969549,1590.6],[-120.72127698921,39.630835885182,1591.7],[-120.72130749933,39.630750557408,1589.2],[-120.72136810049,39.630664978176,1588.6],[-120.72140288539,39.6306404192,1586.3],[-120.72144630365,39.630622817203,1586.3],[-120.72148905136,39.630599180236,1583.2],[-120.7215196453,39.630570765585,1583.2],[-120.72154009715,39.630544194952,1583.2],[-120.72157077491,39.630516115576,1582.2],[-120.72161922231,39.630473535508,1580.5],[-120.72167077102,39.630426513031,1579.7],[-120.7217279356,39.630356607959,1576.3],[-120.72181368247,39.630298605189,1573.1],[-120.72182885371,39.63028812781,1573.1],[-120.72182491422,39.630272788927,1573.1],[-120.72181368247,39.630253007635,1573.1],[-120.72184746154,39.630172373727,1573.2],[-120.72188685648,39.630087381229,1575.5],[-120.72190697305,39.630023343489,1578.1],[-120.72193044238,39.629934327677,1580.3],[-120.72193999775,39.629884455353,1580.3],[-120.72193480097,39.629859309644,1581.8],[-120.72194108739,39.629831481725,1581.8],[-120.72196573019,39.629787644371,1579.0],[-120.72199297138,39.629739113152,1580.3],[-120.72202842683,39.629699131474,1580.3],[-120.72202490643,39.629704914987,1580.3],[-120.72203177959,39.62970986031,1577.7],[-120.7220516447,39.629699802026,1577.7],[-120.72211048566,39.629659820348,1578.6],[-120.72216454893,39.629628136754,1576.3],[-120.72226152755,39.629502659664,1574.9],[-120.72249236517,39.629327477887,1567.5],[-120.72252077982,39.629297386855,1568.4],[-120.72254064493,39.629262182862,1568.4],[-120.72259780951,39.629156235605,1566.9],[-120.72260183282,39.629108794034,1569.6],[-120.72261130437,39.62906671688,1569.6],[-120.72264835238,39.629018856212,1572.2],[-120.72270526551,39.628943251446,1570.7],[-120.72274373844,39.62890829891,1570.7],[-120.72280207649,39.628863371909,1569.1],[-120.72286502458,39.628829257563,1566.1],[-120.72297323495,39.628724064678,1564.3],[-120.72302595712,39.628657680005,1565.0],[-120.7231108658,39.628536561504,1563.0],[-120.72313115001,39.628506219015,1563.0],[-120.72314271703,39.628485180438,1561.4],[-120.72315495461,39.628461878747,1561.4],[-120.72320239618,39.628411084414,1561.4],[-120.72326526046,39.628337239847,1561.9],[-120.72328403592,39.628300359473,1564.0],[-120.72329811752,39.628237579018,1564.0],[-120.72330540977,39.628169937059,1566.1],[-120.72331882082,39.628121657297,1567.8],[-120.7233412005,39.628070779145,1566.1],[-120.72337539867,39.628008250147,1567.2],[-120.72342015803,39.62794999592,1567.2],[-120.72346961126,39.627882353961,1566.1],[-120.72350129485,39.627853436396,1566.1],[-120.72358184494,39.627737514675,1565.0],[-120.7235891372,39.627710105851,1565.0],[-120.72360162623,39.62767909281,1565.0],[-120.72361545637,39.62765310891,1565.2],[-120.72362987325,39.627620838583,1563.3],[-120.72368661873,39.627498881891,1563.5],[-120.72370078415,39.627429479733,1564.1],[-120.72369248606,39.627370135859,1564.7],[-120.72369919159,39.627330154181,1564.7],[-120.72372416966,39.627278437838,1565.1],[-120.72375535034,39.627221943811,1563.8],[-120.72377789766,39.627158995718,1564.1],[-120.72382894345,39.626955650747,1562.6],[-120.72382240556,39.626918099821,1563.5],[-120.72381326929,39.626896055415,1563.5],[-120.72381310165,39.626857414842,1563.5],[-120.72380748577,39.626765884459,1563.0],[-120.72376121767,39.626688268036,1561.9],[-120.72374369949,39.626656668261,1563.0],[-120.72373867035,39.626649208367,1561.8],[-120.72373489849,39.626641832292,1561.8],[-120.7237208169,39.626623140648,1561.8],[-120.72368552908,39.626604700461,1561.8],[-120.72365862317,39.626579051837,1561.8],[-120.72366558015,39.626553654671,1560.9],[-120.7237344794,39.626476122066,1560.7],[-120.72376465425,39.626445695758,1559.6],[-120.72381184436,39.626385681331,1559.3],[-120.72386900894,39.626295575872,1557.7],[-120.72388795204,39.626266742125,1557.7],[-120.72391670197,39.626213684678,1557.7],[-120.72391971946,39.626126596704,1557.3],[-120.7239040453,39.62609147653,1556.9],[-120.72388535365,39.626046968624,1556.9],[-120.72384805419,39.626012770459,1556.5],[-120.72380195372,39.625976728275,1557.6],[-120.72378016077,39.625915456563,1557.1],[-120.72377923876,39.625825351104,1556.7],[-120.72376968339,39.625778580084,1556.7],[-120.7237393409,39.625687552616,1557.2],[-120.72371193208,39.625650504604,1557.0],[-120.72364546359,39.625521590933,1556.8],[-120.7236336451,39.625287903473,1556.4],[-120.72360891849,39.625212382525,1555.7],[-120.72359114885,39.625142812729,1555.5],[-120.72361570783,39.625000990927,1555.7],[-120.72363976389,39.624913064763,1555.5],[-120.72366373613,39.624781971797,1555.3],[-120.72382626124,39.624630091712,1553.8],[-120.72394746356,39.62461123243,1553.2],[-120.72403631173,39.624586338177,1552.5],[-120.72410596535,39.624556917697,1551.8],[-120.72414301336,39.624549457803,1551.4],[-120.72418886237,39.624541746452,1550.4],[-120.72422054596,39.624526575208,1550.4],[-120.72425784543,39.62449430488,1549.3],[-120.72431283072,39.62443026714,1548.7],[-120.72437007912,39.624379472807,1546.9],[-120.72440737858,39.624353908002,1543.5],[-120.7244264055,39.624358937144,1544.5],[-120.72443788871,39.624360110611,1544.5],[-120.72445373051,39.624332282692,1543.5],[-120.72448424064,39.624292468652,1543.5],[-120.72451609187,39.624264892191,1540.5],[-120.72458323091,39.624197753146,1540.5],[-120.72462648153,39.624134972692,1538.0],[-120.72467207909,39.624073114246,1537.9],[-120.72469823062,39.624034641311,1536.0],[-120.72466939688,39.624034306034,1537.9],[-120.72457585484,39.624075209722,1539.5],[-120.72453050874,39.62408753112,1539.5],[-120.72448222898,39.624080406502,1540.8],[-120.72448549792,39.624065151438,1540.8],[-120.7245047763,39.624056853354,1539.5],[-120.72454450652,39.624023661017,1539.5],[-120.72458985262,39.623976806179,1537.6],[-120.72461390868,39.623942608014,1537.6],[-120.72462078184,39.623918132856,1537.6],[-120.72460435331,39.623908996582,1537.6],[-120.72457417846,39.623893741518,1538.6],[-120.72452824563,39.623883683234,1538.6],[-120.72446839884,39.623870942742,1539.7],[-120.72441961616,39.623857783154,1539.7],[-120.72438986041,39.623835068196,1540.6],[-120.72438684292,39.623812437057,1540.6],[-120.72440771386,39.623748064041,1539.0],[-120.72445398197,39.623698694631,1538.5],[-120.72460678406,39.623619737104,1535.5],[-120.72465213016,39.623632309958,1535.5],[-120.72466688231,39.623599788174,1534.1],[-120.72466914542,39.623557124287,1534.1],[-120.72465782985,39.623528961092,1534.1],[-120.72462807409,39.623525440693,1534.1],[-120.7246051915,39.62352049537,1534.1],[-120.72460049763,39.623517142609,1534.1],[-120.72459571995,39.623513454571,1534.1],[-120.72458742186,39.623494427651,1532.2],[-120.7245272398,39.623435419053,1535.2],[-120.72450284846,39.623388480395,1532.7],[-120.724511398,39.623347660527,1532.7],[-120.72452690452,39.623317569494,1531.2],[-120.72455464862,39.623280018568,1531.2],[-120.72462321259,39.623236097395,1528.3],[-120.72470652871,39.623187733814,1526.9],[-120.72480233386,39.62314481847,1525.2],[-120.72487886064,39.623118918389,1524.8],[-120.72498497553,39.623106513172,1524.0],[-120.72499520145,39.62309980765,1524.0],[-120.7249998115,39.623090587556,1524.0],[-120.7250050921,39.623078098521,1524.0],[-120.72500844486,39.623071644455,1524.0],[-120.72500970215,39.623071309179,1524.0],[-120.72501221672,39.623066447675,1524.0],[-120.72501422837,39.623071476817,1524.0],[-120.72502344847,39.623059406877,1524.0],[-120.72502948344,39.623052785173,1523.1],[-120.72503208183,39.623054880649,1523.1],[-120.72502043098,39.623069716617,1524.0],[-120.7250152342,39.623075081035,1524.0],[-120.72501531802,39.623071141541,1524.0],[-120.72500869632,39.623075919226,1524.0],[-120.72499855421,39.623099640012,1524.0],[-120.72498908266,39.623104669154,1524.0],[-120.72498623282,39.623081954196,1524.0],[-120.72498187423,39.623064938933,1524.0],[-120.72497743182,39.62305219844,1524.0],[-120.72495823726,39.623020682484,1524.5],[-120.72497449815,39.622977431864,1524.5],[-120.72497525252,39.622913897038,1525.3],[-120.7249755878,39.622907442972,1525.3],[-120.72497592308,39.622902916744,1525.3],[-120.72498095222,39.622899312526,1525.3],[-120.72498195805,39.622885398567,1525.3],[-120.72497902438,39.622856648639,1525.3],[-120.72497483343,39.622822534293,1526.3],[-120.72495027445,39.622684735805,1527.3],[-120.72493828833,39.622649447992,1528.4],[-120.72492697276,39.622599324211,1528.4],[-120.72491942905,39.622595384717,1528.4],[-120.72492127307,39.622592031956,1528.4],[-120.72492144071,39.622580297291,1528.4],[-120.7249169983,39.622563282028,1528.4],[-120.72491423227,39.622540650889,1529.4],[-120.72491431609,39.62253109552,1529.4],[-120.72490677238,39.622522713616,1530.7],[-120.72489830665,39.62250938639,1530.7],[-120.72489855811,39.622504524887,1530.7],[-120.72489143349,39.622497484088,1530.7],[-120.72488590144,39.622485078871,1530.7],[-120.72488548234,39.622479714453,1530.7],[-120.72488162667,39.622471416369,1530.7],[-120.72488388978,39.622461190447,1531.7],[-120.72489294223,39.622447527945,1531.7],[-120.72489738464,39.622445683926,1531.7],[-120.72489495389,39.622427998111,1531.7],[-120.72490199469,39.622393129393,1531.7],[-120.72490735911,39.622389022261,1531.7],[-120.72491356172,39.62237695232,1530.5],[-120.72492739186,39.622355410829,1531.4],[-120.72494340129,39.622328002006,1531.4],[-120.72495253757,39.622298497707,1531.4],[-120.72495480068,39.622289026156,1531.4],[-120.72494977154,39.622280644253,1531.4],[-120.72494993918,39.622271424159,1532.5],[-120.72495647706,39.622257677838,1532.5],[-120.72496184148,39.62224803865,1532.5],[-120.72496494278,39.622245104983,1532.5],[-120.72496335022,39.622243931517,1532.5],[-120.72495572269,39.622236806899,1532.5],[-120.72494180873,39.622225575149,1532.5],[-120.72492202744,39.622223814949,1532.5],[-120.72489109822,39.622225994244,1533.6],[-120.72487961501,39.622225826606,1533.6],[-120.72488020174,39.62222465314,1533.6],[-120.72488313541,39.62222725153,1533.6],[-120.72489252314,39.622223647311,1533.6],[-120.72491255589,39.622235381976,1532.5],[-120.72491951287,39.622234795243,1532.5],[-120.72491909377,39.622217277065,1532.5],[-120.72492211126,39.622215768322,1532.5],[-120.72492077015,39.622214175761,1532.5],[-120.72490350343,39.622206296772,1533.6],[-120.72490492836,39.622187940404,1533.6],[-120.72490375489,39.62218567729,1533.6],[-120.72489067912,39.622186096385,1533.6],[-120.72488162667,39.622187269852,1533.6],[-120.72487894446,39.622185342014,1533.6],[-120.72488598526,39.622146785259,1534.5],[-120.72487710044,39.622177546844,1533.6],[-120.72487718426,39.62217612192,1533.6],[-120.72489445098,39.622151730582,1534.5],[-120.724906018,39.622129853815,1533.4],[-120.72492127307,39.622120382264,1533.4],[-120.72495790198,39.622111413628,1533.4],[-120.72501649149,39.622100517154,1532.3],[-120.72506535798,39.622096074745,1532.3],[-120.72512034327,39.622071934864,1531.2],[-120.7251693774,39.622043101117,1532.3],[-120.72522511706,39.621994821355,1531.4],[-120.72528999299,39.621932124719,1531.6],[-120.72537071072,39.62189826183,1530.9],[-120.72545268573,39.621874205768,1531.9],[-120.72551848367,39.621852077544,1531.3],[-120.72559132241,39.621814442798,1530.7],[-120.72568226606,39.621734563261,1531.1],[-120.72582593188,39.621626939625,1531.5],[-120.72589273565,39.621578408405,1532.0],[-120.72605316527,39.621512359008,1531.8],[-120.72616942227,39.621509760618,1531.2],[-120.72632834315,39.621497774497,1529.7],[-120.72642481886,39.621483022347,1528.9],[-120.72646848857,39.62146542035,1528.1],[-120.72650503367,39.621458379552,1528.1],[-120.72654283606,39.621450249106,1528.1],[-120.7265853323,39.621449662372,1527.2],[-120.72666822933,39.621417643502,1526.4],[-120.72670477442,39.621414877474,1526.4],[-120.72673260234,39.621391156688,1527.6],[-120.72676487267,39.621373051777,1527.0],[-120.72681801394,39.621347319335,1527.0],[-120.72688414715,39.621317563578,1527.4],[-120.72698414326,39.621279593557,1526.7],[-120.72701750323,39.621229302138,1527.4],[-120.72704683989,39.621151434258,1526.3],[-120.72706737556,39.621109776199,1526.9],[-120.72707860731,39.621112877503,1526.9],[-120.72710299864,39.621067447588,1526.9],[-120.72715865448,39.620936354622,1529.5],[-120.72719369084,39.620920345187,1529.5],[-120.72725370526,39.620897043496,1528.8],[-120.72733199224,39.620833005756,1531.2],[-120.72740751319,39.620762178674,1533.3],[-120.72747984901,39.620744660497,1532.7],[-120.7275379356,39.620738206431,1532.7],[-120.72759417817,39.620713898912,1532.1],[-120.72773298249,39.620658159256,1533.9],[-120.72778964415,39.620609125122,1533.2],[-120.72783624753,39.620558079332,1534.4],[-120.72788771242,39.620496891439,1536.5],[-120.72793867439,39.620441151783,1535.7],[-120.7279950846,39.620379544795,1538.2],[-120.72808560915,39.620324140415,1537.9],[-120.72816356085,39.620309555903,1541.0],[-120.72823589668,39.620294049382,1540.2],[-120.72833631188,39.620268400759,1539.2],[-120.72844292969,39.620239064097,1538.2],[-120.72853303514,39.620217774063,1539.9],[-120.72864283808,39.620226491243,1538.2],[-120.72876479477,39.620217019692,1534.5],[-120.72885775007,39.620227748528,1532.5],[-120.72894609533,39.620208134875,1530.2],[-120.72902010754,39.620180558413,1530.2],[-120.72910417803,39.620145941153,1527.7],[-120.72917517275,39.62012976408,1527.6],[-120.72924398817,39.620117107406,1525.2],[-120.72933887132,39.620077628642,1523.7],[-120.72944733314,39.620052315295,1522.6],[-120.72958177887,39.620054746047,1521.5],[-120.72968563065,39.620088525116,1520.4],[-120.72977682576,39.620104115456,1519.3],[-120.72984756902,39.620133452117,1518.0],[-120.72990582325,39.620124399662,1516.6],[-120.72995971888,39.620098415762,1516.6],[-120.73001428507,39.620059607551,1515.0],[-120.73006264865,39.619998335838,1517.5],[-120.7301073242,39.619956174865,1517.9],[-120.73017437942,39.619925664738,1517.9],[-120.73023917153,39.619897333905,1515.3],[-120.73034930974,39.619828350842,1515.1],[-120.73038409464,39.619791554287,1512.3],[-120.73041141964,39.619754422456,1514.9],[-120.73044000193,39.619719134644,1514.9],[-120.73046875186,39.619684182107,1517.2],[-120.73049926199,39.619648810476,1517.2],[-120.73053169996,39.619614277035,1517.2],[-120.73055483401,39.619587790221,1521.6],[-120.73057168163,39.619572618976,1519.8],[-120.7305957377,39.619550826028,1519.8],[-120.73062733747,39.619523752481,1519.8],[-120.73074677959,39.619450159371,1518.9],[-120.73080821894,39.619418643415,1523.0],[-120.73092514649,39.619372207671,1519.8],[-120.73098901659,39.61931177415,1519.9],[-120.73101248592,39.619282856584,1519.9],[-120.73104006238,39.619252765551,1516.0],[-120.73107275181,39.619229296222,1520.1],[-120.73112052865,39.619201049209,1516.3],[-120.73116855696,39.61917405948,1516.3],[-120.73123636656,39.619133239612,1516.7],[-120.73136846535,39.619028968737,1516.8],[-120.73142931797,39.618958896026,1513.7],[-120.73143552057,39.618949340656,1518.2],[-120.73145748116,39.618935342878,1518.2],[-120.7314677909,39.61892821826,1518.2],[-120.73148438707,39.618969876319,1511.9],[-120.73150274344,39.618965769187,1511.9],[-120.73158438317,39.618919501081,1515.6],[-120.73161162436,39.61890659295,1515.6],[-120.73163475841,39.618902653456,1515.6],[-120.73164590634,39.61890055798,1515.6],[-120.7316760812,39.618891254067,1513.7],[-120.73171522468,39.618869209662,1513.7],[-120.73176325299,39.618844399229,1516.8],[-120.73181312531,39.618828138337,1516.8],[-120.73187230155,39.618803914636,1514.9],[-120.73190272786,39.618783378974,1514.9],[-120.73193675838,39.618776589632,1514.9],[-120.7319610659,39.618784300983,1512.5],[-120.73199819773,39.618793353438,1512.5],[-120.73206340894,39.618775080889,1509.9],[-120.73211126961,39.618750689551,1516.1],[-120.73216960765,39.618721101433,1513.3],[-120.73220657185,39.618710204959,1513.3],[-120.73224697262,39.618693860248,1510.4],[-120.73228460737,39.618682209402,1510.4],[-120.73233129457,39.618679024279,1508.1],[-120.73236817494,39.61866251193,1515.4],[-120.73241016828,39.618647675961,1515.5],[-120.73244570754,39.618641976267,1515.5],[-120.73248166591,39.61864868179,1514.9],[-120.73251133785,39.618671229109,1506.7],[-120.732535813,39.618685226887,1506.7],[-120.73255852796,39.618663853034,1514.9],[-120.73257772252,39.618651447818,1514.9],[-120.73260630481,39.618648933247,1513.2],[-120.73264276609,39.618637030944,1513.2],[-120.73267151602,39.618624877185,1511.2],[-120.73269297369,39.618629906327,1511.2],[-120.73273605667,39.618613729253,1511.2],[-120.73276941665,39.618604425341,1510.1],[-120.73280185461,39.61860794574,1510.1],[-120.73285357095,39.618620853871,1510.1],[-120.73289003223,39.618641892448,1512.2],[-120.73294208385,39.618658740073,1512.2],[-120.73296949267,39.618672234938,1508.0],[-120.73297259398,39.61869536899,1508.0],[-120.73299773969,39.618698302656,1508.0],[-120.73300293647,39.618703331798,1508.0],[-120.73300913908,39.618710540235,1508.0],[-120.73302556761,39.618725124747,1508.0],[-120.7330572512,39.618761586025,1503.3],[-120.73321960866,39.618785222992,1510.5],[-120.73328976519,39.618784049526,1510.5],[-120.73336830363,39.618785642087,1512.9],[-120.73354222812,39.61880969815,1516.2],[-120.73364423588,39.618828808889,1516.0],[-120.73377298191,39.61879578419,1514.6],[-120.73383735493,39.618774242699,1512.9],[-120.73386694305,39.618777344003,1512.9],[-120.73390675709,39.618785558268,1512.1],[-120.73394766077,39.618797460571,1512.1],[-120.73399962857,39.618794275448,1512.9],[-120.73405930772,39.618798634037,1512.9],[-120.73415234685,39.618827635422,1514.8],[-120.7341622375,39.618827886879,1515.9],[-120.73416877538,39.618836268783,1515.9],[-120.7341882214,39.618848841637,1515.9],[-120.73421018198,39.618858480826,1504.6],[-120.73425083421,39.618876921013,1504.9],[-120.7342551928,39.618876837194,1504.9],[-120.73426030576,39.618879184127,1504.9],[-120.73426382616,39.618872143328,1504.9],[-120.73426332325,39.618867030367,1504.9],[-120.7342653349,39.618864683434,1504.9],[-120.73426977731,39.618867365643,1504.9],[-120.73430204764,39.618882620707,1504.9],[-120.73453431018,39.61885814555,1505.0],[-120.7345846016,39.618859654292,1505.3],[-120.73463715613,39.61887373589,1506.3],[-120.73467990384,39.618890918791,1506.3],[-120.73473354802,39.618910700083,1508.0],[-120.73479004204,39.618926877156,1508.0],[-120.73484460823,39.618949173018,1497.8],[-120.73490386829,39.618966775015,1497.8],[-120.73496991768,39.618975240737,1499.2],[-120.73503613472,39.618972307071,1501.3],[-120.73509656824,39.618954034522,1501.3],[-120.73515624739,39.618937438354,1516.1],[-120.73521173559,39.61894900538,1506.5],[-120.7352492027,39.618968199939,1506.5],[-120.73529287241,39.618980269879,1508.6],[-120.73534207419,39.618989322335,1508.6],[-120.73541097343,39.618996949866,1510.4],[-120.73552781716,39.619013210759,1511.9],[-120.7356244605,39.619030058384,1513.4],[-120.73569897562,39.619042044505,1505.1],[-120.7358151488,39.61905553937,1506.0],[-120.73590592481,39.619040451944,1517.0],[-120.73598789982,39.619041541591,1517.2],[-120.73605227284,39.61906501092,1507.2],[-120.73611781932,39.619164755568,1500.0],[-120.73620415293,39.619196774438,1500.2],[-120.73628931306,39.619207335636,1500.3],[-120.73633893393,39.619212783873,1500.3],[-120.7363916561,39.619219489396,1500.4],[-120.73645720258,39.619222423062,1500.4],[-120.73652350344,39.619218148291,1500.1],[-120.73659927584,39.619213370606,1499.7],[-120.73669742793,39.619210185483,1499.3],[-120.73680656031,39.619206581265,1498.8],[-120.7369302772,39.61920440197,1496.8],[-120.73709883727,39.619186464697,1495.7],[-120.73715239763,39.619165342301,1494.6],[-120.7372055389,39.619143214077,1493.3],[-120.73729631491,39.619092419744,1500.9],[-120.73741081171,39.619070626795,1497.8],[-120.7375120651,39.619072889909,1496.2],[-120.73759471066,39.619075655937,1492.1],[-120.73780886829,39.61906760931,1481.3],[-120.73789587244,39.619051264599,1478.3],[-120.73794415221,39.619035087526,1487.9],[-120.73797960766,39.619024274871,1485.2],[-120.73801623657,39.619010780007,1485.2],[-120.73805571534,39.6190200001,1483.3],[-120.73809997179,39.619042379782,1474.8],[-120.73817339726,39.619054198265,1473.4],[-120.73824313469,39.619041709229,1472.1],[-120.73832888156,39.619034081697,1477.3],[-120.73835201561,39.619000386447,1477.3],[-120.7383792568,39.618947412819,1477.3],[-120.73840775527,39.618917405605,1483.3],[-120.73847807944,39.618868120015,1479.5],[-120.73851730675,39.618823947385,1477.9],[-120.7385400217,39.618779439479,1477.9],[-120.73855049908,39.618694195524,1479.5],[-120.73855158873,39.618636025116,1479.8],[-120.73856089264,39.618571819738,1479.8],[-120.73857606389,39.618507446721,1479.7],[-120.7385787461,39.618448186666,1479.6],[-120.73858729564,39.618337377906,1479.5],[-120.73860883713,39.618261605501,1475.6],[-120.73862912133,39.618192203343,1475.6],[-120.73866164312,39.618043927476,1473.9],[-120.73870028369,39.617946697399,1469.8],[-120.73877488263,39.617806468159,1471.6],[-120.73880706914,39.617736814544,1466.7],[-120.73884797283,39.617669507861,1469.4],[-120.73888887651,39.617606895044,1468.2],[-120.73891578242,39.617578228936,1468.2],[-120.7389526628,39.617545204237,1468.2],[-120.73899373412,39.61750689894,1465.8],[-120.7390284352,39.617462810129,1465.8],[-120.73906372301,39.617390055209,1466.8],[-120.73912113905,39.617279497907,1462.3],[-120.73914720677,39.617187632248,1462.4],[-120.73916330002,39.61709308438,1456.3],[-120.73915994726,39.617016138509,1456.0],[-120.73920361698,39.616846153513,1459.2],[-120.73922105134,39.616799969226,1459.2],[-120.73923370801,39.616748839617,1463.4],[-120.73925005272,39.616698715836,1461.9],[-120.7392878551,39.616672229022,1461.9],[-120.73933898471,39.616654459387,1456.2],[-120.73941836134,39.61662386544,1456.2],[-120.7395146694,39.616580447182,1454.2],[-120.73964576237,39.616549685597,1453.0],[-120.73977056891,39.616528982297,1451.9],[-120.73988070711,39.616503836587,1455.4],[-120.73999335989,39.616474416107,1451.7],[-120.74008271098,39.616467459127,1448.8],[-120.74014205486,39.6164836362,1448.8],[-120.74020676315,39.616456981748,1445.7],[-120.74029653333,39.616446588188,1442.1],[-120.74037046172,39.616443151608,1438.7],[-120.74042838067,39.616453209892,1438.7],[-120.74046383612,39.616406690329,1439.2],[-120.74046920054,39.616355309263,1439.2],[-120.74047205038,39.616337539628,1445.4],[-120.74049920775,39.616317171603,1445.4],[-120.7405205816,39.616302335635,1445.4],[-120.74056031182,39.616292277351,1445.0],[-120.74060431682,39.616281883791,1445.0],[-120.74065779336,39.61625170894,1445.2],[-120.7407161314,39.616225808859,1453.3],[-120.74093045667,39.616159675643,1458.0],[-120.74101058766,39.616150623187,1456.6],[-120.74109658599,39.616142241284,1454.7],[-120.74122206308,39.616124639288,1452.7],[-120.74131225236,39.6161339432,1450.4],[-120.74143513106,39.616150790825,1447.7],[-120.74153378606,39.616164956242,1444.9],[-120.74161735363,39.616160094738,1442.2],[-120.7416828163,39.616146683693,1439.1],[-120.74172824621,39.616148360074,1439.1],[-120.74176319875,39.616157161072,1435.4],[-120.7418123167,39.616176858544,1431.4],[-120.74186369777,39.616184234619,1428.0],[-120.74191072024,39.616177110001,1428.0],[-120.74194986373,39.616136876866,1428.0],[-120.74203410186,39.616031097248,1427.2],[-120.74207190424,39.615984745324,1427.2],[-120.74211473577,39.615931268781,1424.7],[-120.74216108769,39.615866895765,1427.1],[-120.74220945127,39.61580411531,1422.1],[-120.74234414846,39.615647373721,1421.6],[-120.74240877293,39.615566739812,1418.7],[-120.74249334633,39.615458110347,1415.7],[-120.74257548898,39.615354929119,1417.6],[-120.74272887781,39.615194583312,1410.9],[-120.74279375374,39.61513062939,1408.1],[-120.74294907041,39.614996938035,1406.5],[-120.74301017448,39.614945221692,1402.5],[-120.74307169765,39.614895684645,1402.0],[-120.74314864352,39.614826366305,1399.7],[-120.74318292551,39.614758137614,1402.4],[-120.74322240427,39.61469435133,1402.4],[-120.74327604845,39.614643892273,1400.0],[-120.74333002791,39.614600222558,1400.0],[-120.7433969155,39.614535178989,1397.0],[-120.74346925132,39.614451527596,1392.2],[-120.74352532625,39.614369133487,1387.9],[-120.74357880279,39.61428841576,1387.9],[-120.74362238869,39.614200908691,1386.3],[-120.74375549331,39.614049950615,1390.2],[-120.74382120743,39.61398624815,1388.6],[-120.74386093765,39.613947775215,1388.6],[-120.74389664456,39.613920450211,1384.1],[-120.74392732233,39.613909889013,1386.9],[-120.74396797456,39.613905362785,1386.9],[-120.74399881996,39.613894131035,1382.5],[-120.7439919468,39.613907709718,1382.5],[-120.74398582801,39.613916762173,1384.1],[-120.743984906,39.613911397755,1386.9],[-120.74399823323,39.613910727203,1382.5],[-120.74401373975,39.61391701363,1379.5],[-120.74402731843,39.613924305886,1379.5],[-120.74405087158,39.613956576213,1379.5],[-120.74410552159,39.614052213728,1371.9],[-120.74415430427,39.614111306146,1369.0],[-120.74416645803,39.61417676881,1369.0],[-120.74417970143,39.614250445738,1365.8],[-120.74416922405,39.614317249507,1362.7],[-120.74415614828,39.614388076589,1359.9],[-120.74416587129,39.61444851011,1359.9],[-120.74416830204,39.614552361891,1357.4],[-120.74417014606,39.614658728242,1352.6],[-120.74417509139,39.614751012996,1350.5],[-120.74417819269,39.61478529498,1350.5],[-120.74419378303,39.614815218374,1350.5],[-120.74421884492,39.614799711853,1346.6],[-120.74422362261,39.614742044359,1348.4],[-120.74423150159,39.614693010226,1348.4],[-120.74426519684,39.614654704928,1350.4],[-120.7443535421,39.614551272243,1347.6],[-120.74440869503,39.614494275302,1343.6],[-120.74443493038,39.614452365786,1344.9],[-120.74448890984,39.614354968071,1342.6],[-120.74451346882,39.61430660449,1342.6],[-120.7445512712,39.614259749651,1343.9],[-120.74457926676,39.614233430475,1340.8],[-120.74460474774,39.614212643355,1340.8],[-120.74464799836,39.614177187905,1342.8],[-120.74467926286,39.614153634757,1340.4],[-120.74471195228,39.614131003618,1340.4],[-120.74474061839,39.614109545946,1343.0],[-120.74477758259,39.614093368873,1339.8],[-120.74480297975,39.61409362033,1339.8],[-120.74480448849,39.614095967263,1339.8],[-120.74480834417,39.614105522633,1339.8],[-120.74480012991,39.614138128236,1337.8],[-120.74479904026,39.614176684991,1337.8],[-120.74477951042,39.614216079935,1336.0],[-120.74477892369,39.614259582013,1336.0],[-120.74476710521,39.614293025807,1336.0],[-120.74476844631,39.61431087926,1335.0],[-120.74477314018,39.614329151809,1335.0],[-120.74477297254,39.614330744371,1335.0],[-120.74477414601,39.614331582561,1335.0],[-120.7447811868,39.614336527884,1335.0],[-120.74480155483,39.614339545369,1335.0],[-120.74483483098,39.614339293912,1335.0],[-120.74495268054,39.614337785169,1330.3],[-120.74495921843,39.614335605875,1330.3],[-120.74496709742,39.614335019141,1330.3],[-120.744979335,39.614333007485,1330.3],[-120.744989058,39.614329822361,1330.3],[-120.74499241076,39.614328900352,1330.3],[-120.74499459006,39.614325882867,1330.3],[-120.74499517679,39.61432479322,1330.3],[-120.74499266222,39.614320266992,1330.3],[-120.74496726505,39.614324625582,1330.3],[-120.74493424036,39.614303838462,1332.5],[-120.74498386122,39.614199735224,1331.8],[-120.7449996192,39.614186575636,1331.8],[-120.74500766583,39.614185485989,1331.8],[-120.74501403607,39.614187246189,1331.8],[-120.74503004551,39.61418883875,1329.7],[-120.74505032972,39.61418104358,1329.7],[-120.74507019483,39.614190515131,1329.7],[-120.74511076324,39.614199567586,1329.7],[-120.74513808824,39.614210380241,1329.1],[-120.74515921064,39.614201495424,1328.4],[-120.74517991394,39.614188252017,1328.4],[-120.74520288035,39.614176684991,1328.4],[-120.74522383511,39.614186407998,1328.5],[-120.74524512514,39.61418448016,1328.5],[-120.74526557699,39.614177355543,1328.5],[-120.74528066441,39.614166459069,1328.5],[-120.7452942431,39.614157574251,1328.5],[-120.74531251565,39.614144330844,1330.2],[-120.74535526335,39.614121280611,1330.2],[-120.74537504464,39.614104181528,1328.2],[-120.74539742433,39.614081298932,1330.0],[-120.74542759918,39.614008963108,1327.9],[-120.74543925002,39.613967472687,1327.9],[-120.74544997886,39.613945093006,1327.9],[-120.7454673294,39.613927826285,1327.9],[-120.74547856115,39.613906452432,1326.2],[-120.7454964146,39.613878875971,1327.3],[-120.74551820755,39.613840067759,1327.3],[-120.74553438462,39.613795224577,1325.6],[-120.74555089697,39.613758511841,1325.6],[-120.74557327665,39.613708723336,1324.9],[-120.74559314176,39.613691456616,1325.1],[-120.74561778456,39.613671088591,1325.1],[-120.74565072544,39.613650133833,1325.1],[-120.74568366632,39.613629262894,1324.7],[-120.745714847,39.613606380299,1324.7],[-120.74574183673,39.61358634755,1324.7],[-120.74577184394,39.613574696705,1325.9],[-120.7457906194,39.613577127457,1325.9],[-120.74580637738,39.613581988961,1325.9],[-120.74583428912,39.613552065566,1325.9],[-120.74585381895,39.613512502983,1324.3],[-120.74587670155,39.613474030048,1326.1],[-120.74590469711,39.613424912095,1324.6],[-120.74593302794,39.613399850205,1324.6],[-120.74596462771,39.613381661475,1326.9],[-120.74599119835,39.613365232944,1324.9],[-120.74601475149,39.613340841606,1324.9],[-120.7460420765,39.613305302337,1327.9],[-120.74607635848,39.613270349801,1325.0],[-120.7461160887,39.613233134151,1325.0],[-120.74615062214,39.613208826631,1332.9],[-120.74618423358,39.613192901015,1332.9],[-120.74621382169,39.613171946257,1338.6],[-120.74624324217,39.613145207986,1334.0],[-120.74625765905,39.61310849525,1334.0],[-120.7462759316,39.613075302914,1334.0],[-120.74630350806,39.61304621771,1335.4],[-120.74632387608,39.61303750053,1335.4],[-120.74634172954,39.613022664562,1335.4],[-120.74634189717,39.613023502752,1335.4],[-120.74634985998,39.613022748381,1335.4],[-120.74638573453,39.612993998453,1341.6],[-120.74641481973,39.612976480275,1341.6],[-120.7464538794,39.612955022603,1337.5],[-120.74648933485,39.612941695377,1343.0],[-120.74649260379,39.612943036482,1343.0],[-120.74650827795,39.612941779196,1343.0],[-120.7465300709,39.612941527739,1343.0],[-120.7465736568,39.612919148058,1347.1],[-120.7466084417,39.612875310704,1347.1],[-120.74665613472,39.612822420895,1344.4],[-120.74668178335,39.612784115598,1348.3],[-120.7467066776,39.612762406468,1345.8],[-120.7467221003,39.612751929089,1345.8],[-120.74674825184,39.612740948796,1349.9],[-120.74677146971,39.612721167505,1349.9],[-120.7467947714,39.612693926319,1349.9],[-120.74681924656,39.61266534403,1347.6],[-120.74684699066,39.612642209977,1347.6],[-120.74687163346,39.612587224692,1351.9],[-120.74688269757,39.612549422309,1350.3],[-120.74688353576,39.612527629361,1350.3],[-120.74690725654,39.612500136718,1350.3],[-120.74693676084,39.612478930503,1348.9],[-120.74696542695,39.612453952432,1353.8],[-120.74697749689,39.612427884713,1353.8],[-120.74698520824,39.612407181412,1353.8],[-120.74699509889,39.612391255796,1352.7],[-120.74699484743,39.612390585244,1352.7],[-120.74699987657,39.612382538617,1352.7],[-120.74700733647,39.612365355715,1352.7],[-120.74701513164,39.612342976034,1352.7],[-120.74702887796,39.61232076399,1352.7],[-120.74703617021,39.612302323803,1356.2],[-120.74704337865,39.612264605239,1356.2],[-120.74705947191,39.612224875018,1356.2],[-120.74708042666,39.612189838663,1355.2],[-120.74710330926,39.612155808136,1355.2],[-120.74713071808,39.612142397091,1359.6],[-120.74715938419,39.612134182826,1359.6],[-120.74716852047,39.612130159512,1359.6],[-120.7471880503,39.612100655213,1358.5],[-120.74721906334,39.612078024074,1362.8],[-120.74724798091,39.612063439563,1362.8],[-120.74726575054,39.612048016861,1362.8],[-120.74728352018,39.612028822303,1362.8],[-120.74729835615,39.612014153972,1361.6],[-120.74730422348,39.612009292468,1365.8],[-120.74731654488,39.611997976899,1365.8],[-120.74733632617,39.61198230274,1365.8],[-120.74736591429,39.611957324669,1365.8],[-120.74738737196,39.611913319677,1364.5],[-120.74744051322,39.611845929176,1368.4],[-120.74748426676,39.6117918659,1366.8],[-120.74752324261,39.611755572259,1370.1],[-120.74754503556,39.611727157608,1367.6],[-120.74757152237,39.611702514812,1367.6],[-120.74760345742,39.611697737128,1370.8],[-120.74763664976,39.61169228889,1370.8],[-120.74766380712,39.611685583368,1370.8],[-120.74770269915,39.611677369103,1373.8],[-120.74774050154,39.611666975543,1373.8],[-120.74775936082,39.611658677459,1373.8],[-120.74777218513,39.611648535356,1377.0],[-120.74777402915,39.611645853147,1377.0],[-120.74778308161,39.61164467968,1377.0],[-120.74778769165,39.611643590033,1377.0],[-120.74780546129,39.611645014957,1377.0],[-120.74783245102,39.611644009128,1377.0],[-120.74785675853,39.611641662195,1377.0],[-120.74787670746,39.611633783206,1376.3],[-120.74789363891,39.611617187038,1376.3],[-120.74791551568,39.611596148461,1376.3],[-120.74796044268,39.611573265865,1376.3],[-120.74798902497,39.611563710496,1378.8],[-120.74801634997,39.61154946126,1378.8],[-120.74805339798,39.611528841779,1376.2],[-120.74810419232,39.611498080194,1376.2],[-120.7481455151,39.611480142921,1378.0],[-120.74816965498,39.611476706341,1378.0],[-120.74818943627,39.611468911171,1378.0],[-120.74821374379,39.61145256646,1371.7],[-120.74822715484,39.611442675814,1371.7],[-120.74824266136,39.61144125089,1371.7],[-120.74825917371,39.611452985555,1373.5],[-120.74828063138,39.611450470984,1373.5],[-120.74828892946,39.611452063546,1373.5],[-120.74828993529,39.611450554803,1373.5],[-120.74829429388,39.611447202042,1373.5],[-120.74829462916,39.611447202042,1373.5],[-120.74841809459,39.611437730491,1375.5],[-120.74844156392,39.611433623359,1377.5],[-120.74856108986,39.611411662772,1379.1],[-120.74871196412,39.611418116838,1380.0],[-120.74876016006,39.611429097131,1380.6],[-120.74889955111,39.611416859552,1380.4],[-120.7489400357,39.611414344981,1380.4],[-120.74903525412,39.611418703571,1379.6],[-120.74910574593,39.611441921443,1378.8],[-120.7491875533,39.611453237012,1385.3],[-120.74938503094,39.611447621137,1376.4],[-120.74945434928,39.611463211477,1382.1],[-120.74950807728,39.611483076587,1382.1],[-120.74954546057,39.611504869536,1380.8],[-120.74957714416,39.611530937254,1380.8],[-120.74965090491,39.61151056923,1379.6],[-120.74968351051,39.611480981112,1379.6],[-120.74972474948,39.611476706341,1379.6],[-120.74976892211,39.61148718372,1378.3],[-120.74980446137,39.611477712169,1378.3],[-120.74984402396,39.611481400207,1376.6],[-120.7498767972,39.611487518996,1376.6],[-120.74990345165,39.611499588937,1376.6],[-120.74993454851,39.611515011638,1374.6],[-120.74996229261,39.611532697454,1380.5],[-120.74998718686,39.611546359956,1380.5],[-120.75004938059,39.611568823457,1379.6],[-120.75008626096,39.611575193703,1379.6],[-120.75015658513,39.611608469859,1379.1],[-120.75018659234,39.611609894782,1379.1],[-120.75021148659,39.611605955288,1378.8],[-120.7502440922,39.611596148461,1378.8],[-120.75026747771,39.611586509272,1378.8],[-120.75028809719,39.611587096006,1378.8],[-120.75030335225,39.611591454595,1379.3],[-120.75032019988,39.611595980823,1379.3],[-120.75032715686,39.611596567556,1379.3],[-120.75032975525,39.611601177603,1379.3],[-120.75032606721,39.611639399081,1385.0],[-120.7503062021,39.611669071019,1385.0],[-120.75029639527,39.6116689872,1385.0],[-120.75027728453,39.611680051312,1384.8],[-120.75022682548,39.611671334133,1384.8],[-120.75023554265,39.611675189808,1384.8],[-120.75023143552,39.611669490114,1384.8],[-120.7502471935,39.61164040491,1378.8],[-120.75026093982,39.611640153453,1378.8],[-120.75027678162,39.611607966945,1378.8],[-120.75029413216,39.611595477909,1379.3],[-120.75029606,39.611597321928,1379.3],[-120.75028851628,39.611597824842,1379.3],[-120.75028935447,39.611602099612,1379.3],[-120.75030377135,39.61163604632,1379.3],[-120.75030989014,39.611653899774,1385.0],[-120.75031793676,39.611648786813,1379.3],[-120.75033461675,39.611654989421,1385.0],[-120.75036202557,39.611690947786,1385.0],[-120.75039136223,39.61176680401,1391.8],[-120.75039412826,39.611756578088,1391.8],[-120.75044391677,39.611800080165,1391.8],[-120.75044358149,39.61180225946,1391.8],[-120.75044726953,39.611836122349,1391.8],[-120.75039664283,39.611844588071,1397.1],[-120.75044525787,39.611904351041,1397.1],[-120.75044307858,39.61190527305,1397.1],[-120.7504550647,39.611917845905,1397.1],[-120.750449365,39.611921617761,1397.1],[-120.75047937222,39.61191223003,1398.0],[-120.75048515573,39.611904183403,1398.0],[-120.75047987513,39.611911559477,1398.0],[-120.75049337,39.611909799278,1398.0],[-120.75047627091,39.611905943602,1397.1],[-120.75047769584,39.611908625811,1397.1],[-120.75049445964,39.611913403496,1398.0],[-120.75044408441,39.6119165048,1397.1],[-120.75044651516,39.611914744601,1397.1],[-120.75048197061,39.611849281937,1393.3],[-120.75056981295,39.611754147336,1390.3],[-120.75060845353,39.61174425669,1390.3],[-120.75064030476,39.611753560603,1390.3],[-120.75065874495,39.611753057688,1391.8],[-120.75067735277,39.611758925021,1395.4],[-120.75068640523,39.611762864515,1395.4],[-120.75072345324,39.611765882,1395.4],[-120.75074566528,39.611775018275,1395.4],[-120.75077374466,39.611779544502,1396.2],[-120.75079436414,39.611787255853,1396.2],[-120.75083887205,39.611801505089,1396.2],[-120.75085613877,39.611801756546,1397.1],[-120.75087407604,39.61179622449,1397.1],[-120.75089310296,39.611797565594,1397.1],[-120.75091757812,39.611799241975,1397.1],[-120.75094087981,39.61180049926,1397.4],[-120.75097482651,39.611814748496,1397.4],[-120.7510024868,39.611823633313,1397.4],[-120.7510333322,39.611821705475,1398.0],[-120.75105076656,39.611814748496,1398.0],[-120.75106996112,39.611807959154,1398.0],[-120.75109745376,39.611809635535,1398.0],[-120.75113165192,39.61181441322,1398.6],[-120.75117255561,39.611812569201,1398.6],[-120.75120826252,39.61181005463,1398.6],[-120.75123474933,39.611809551716,1399.1],[-120.75126576237,39.611812317744,1399.1],[-120.75129593723,39.611821034923,1399.1],[-120.75131999329,39.611821454018,1400.1],[-120.75133952312,39.611816592515,1400.1],[-120.75136701576,39.611814161763,1400.1],[-120.75138679706,39.611819358543,1400.1],[-120.75140657835,39.611825225875,1401.1],[-120.75144454837,39.611815083772,1401.1],[-120.7514935825,39.611807540059,1401.9],[-120.75152384117,39.611803684384,1401.9],[-120.75154663995,39.611793961376,1401.9],[-120.75157010928,39.611786250025,1401.9],[-120.7515891362,39.611785495654,1402.5],[-120.75161553919,39.611785076559,1402.5],[-120.75164252892,39.611780382693,1402.5],[-120.75166055001,39.611773090437,1402.5],[-120.75167463161,39.611762613058,1400.1],[-120.75169382617,39.611752973869,1400.1],[-120.75170103461,39.611750543118,1400.1],[-120.75170966797,39.611749788746,1400.1],[-120.75173330493,39.611748950556,1400.1],[-120.75175425969,39.611744843423,1400.1],[-120.75178661384,39.611744089052,1400.8],[-120.75181385502,39.611748196185,1400.8],[-120.75184344314,39.611757500097,1400.8],[-120.75187009759,39.611769653857,1403.7],[-120.75189180672,39.611774347723,1403.7],[-120.75191217475,39.611778454855,1403.7],[-120.75193815865,39.611780969426,1403.7],[-120.75196716003,39.611781639978,1403.5],[-120.75199842453,39.611790776253,1403.5],[-120.75203798711,39.611784489825,1403.4],[-120.75206061825,39.611798487604,1403.4],[-120.75206246227,39.611804774031,1403.4],[-120.75208257884,39.611819526181,1403.4],[-120.75209883973,39.611831847578,1403.4],[-120.75210168958,39.611829752102,1403.4],[-120.75211225078,39.611841822043,1403.4],[-120.7521339599,39.611859256402,1403.4],[-120.75218081474,39.61187241599,1403.4],[-120.75223454274,39.61189747788,1399.9],[-120.75228173286,39.611936202273,1399.9],[-120.75234484859,39.611965455115,1398.1],[-120.75243336149,39.611970903352,1392.1],[-120.75255297124,39.611968724057,1390.3],[-120.75268557295,39.611960342154,1395.3],[-120.75282999314,39.611970316619,1389.1],[-120.75294247828,39.611969143152,1387.9],[-120.75304172002,39.611941147596,1391.2],[-120.75314959511,39.611917762086,1388.8],[-120.7532750722,39.611879792064,1384.2],[-120.75339635834,39.61183603853,1386.9],[-120.75354077853,39.611805947497,1382.3],[-120.75368796475,39.61180745624,1380.2],[-120.75386448763,39.61179882288,1375.8],[-120.75397387147,39.611781723797,1373.5],[-120.75412608683,39.611738305539,1374.9],[-120.75422096997,39.611703101546,1373.4],[-120.75433370657,39.611670579761,1376.6],[-120.75445457362,39.611648367718,1375.4],[-120.75457803905,39.611626323313,1373.8],[-120.75471759774,39.611593298614,1373.4],[-120.75487358496,39.611548958346,1377.8],[-120.75507676229,39.611527081579,1377.2],[-120.75521556661,39.611541330814,1376.7],[-120.75535227545,39.61157117039,1376.7],[-120.75547741726,39.611626071855,1371.9],[-120.75559778139,39.611668484285,1371.8],[-120.75572066009,39.611708046868,1367.0],[-120.75586491264,39.611743083224,1367.0],[-120.75597270392,39.611768145114,1362.8],[-120.75606381521,39.611810306087,1363.0],[-120.75617571361,39.611851545051,1363.3],[-120.75625634752,39.611877109855,1359.1],[-120.75634821318,39.611907955259,1359.3],[-120.756464554,39.611912481487,1359.5],[-120.75656195171,39.611937459558,1359.8],[-120.75674987398,39.611985068768,1355.6],[-120.75687434524,39.612021027133,1356.0],[-120.75702899136,39.612063607201,1351.8],[-120.75717567466,39.612077856436,1352.1],[-120.75730416924,39.612078694627,1352.3],[-120.75744850561,39.612077688798,1351.9],[-120.75754707679,39.612093782052,1351.6],[-120.75767582282,39.612105349079,1351.4],[-120.75778151862,39.612112808973,1351.3],[-120.75791847892,39.612127309665,1350.9],[-120.75799877755,39.612176846713,1346.6],[-120.75808167458,39.612226383761,1346.5],[-120.7581540104,39.612269299105,1342.3],[-120.75825115666,39.612316992134,1342.3],[-120.75835852884,39.612355129793,1338.9],[-120.75847436674,39.612398631871,1338.9],[-120.75859087519,39.612425286323,1335.5],[-120.75870218687,39.612462669611,1335.6],[-120.75880377553,39.612494604662,1335.7],[-120.75890561566,39.612523773685,1332.4],[-120.75899806805,39.612559983507,1332.4],[-120.75909085572,39.612594768405,1332.5],[-120.75918481685,39.612628631294,1329.4],[-120.75929051265,39.612656962126,1329.6],[-120.75939947739,39.612679006532,1329.7],[-120.75950006023,39.612717730924,1326.3],[-120.7595981285,39.612772297114,1326.4],[-120.75970323756,39.612819151953,1322.8],[-120.75982091948,39.612855529413,1321.9],[-120.75995578431,39.612883273512,1321.2],[-120.76009592973,39.612903054804,1317.3],[-120.76024060138,39.612951502204,1315.3],[-120.76035568491,39.612967344001,1314.4],[-120.76045107096,39.613006487489,1310.0],[-120.76054763049,39.613045379519,1308.9],[-120.76060513034,39.61306524463,1304.9],[-120.76068450697,39.613083768636,1304.4],[-120.76077268459,39.613158870488,1301.8],[-120.76083739288,39.613198181614,1301.9],[-120.76089539565,39.613221315667,1301.9],[-120.76096546836,39.613236822188,1302.4],[-120.76103093103,39.613261464983,1298.4],[-120.76110460795,39.613274205476,1298.4],[-120.76125263236,39.613233804703,1305.3],[-120.76132044196,39.613222237676,1306.3],[-120.76141406782,39.613232128322,1307.0],[-120.76150450855,39.613250400871,1304.0],[-120.76163535006,39.613288706169,1304.3],[-120.76174238697,39.613361041993,1301.1],[-120.76184464619,39.613424409181,1301.4],[-120.76193919405,39.613475706428,1298.4],[-120.76203357428,39.613513760269,1298.5],[-120.76214337721,39.613547874615,1296.0],[-120.76223826036,39.613577630371,1296.1],[-120.76235091314,39.613618114963,1296.0],[-120.76256884262,39.613697743043,1293.7],[-120.76270144433,39.613746944815,1288.4],[-120.7628285978,39.613806288689,1284.2],[-120.76290881261,39.613837972283,1282.7],[-120.76304510236,39.613873511553,1280.7],[-120.76311718673,39.613858759403,1278.2],[-120.76322330162,39.613802265376,1275.2],[-120.76333511621,39.613761948422,1274.6],[-120.76343377121,39.613708974794,1270.1],[-120.76348456554,39.613675531,1270.9],[-120.7635262236,39.61362792179,1268.7],[-120.76354960911,39.613580144942,1269.0],[-120.76356017031,39.613526081666,1269.0],[-120.76353594661,39.61347034201,1269.6],[-120.76349923387,39.613410495222,1274.0],[-120.76350585558,39.613352157176,1274.0],[-120.76354768127,39.613308236003,1277.5],[-120.76359260827,39.61329029873,1277.5],[-120.76367391273,39.613272026181,1275.4],[-120.76373401098,39.613266577944,1273.2],[-120.76385512948,39.613252999261,1271.1],[-120.76397750527,39.61323749274,1273.9],[-120.76410692185,39.613227015361,1270.4],[-120.7642705366,39.613220477477,1269.3],[-120.7643951755,39.613236235455,1269.2],[-120.76452517882,39.613259034231,1266.4],[-120.76461595483,39.613283844665,1266.8],[-120.76469633728,39.613309074193,1267.2],[-120.76475760899,39.613295244053,1267.6],[-120.76481376775,39.613267248496,1267.6],[-120.76487277634,39.613209413365,1272.0],[-120.76489532366,39.613168593496,1272.0],[-120.76493488625,39.613163731992,1272.5],[-120.7649804838,39.613169012591,1272.5],[-120.76513228007,39.613205557689,1273.2],[-120.76521769166,39.613223746419,1273.4],[-120.7653108146,39.613240342587,1269.7],[-120.7654323522,39.613251825795,1269.7],[-120.76565346681,39.613283174112,1268.2],[-120.76577072963,39.613314019516,1266.1],[-120.76590190642,39.613300021738,1264.4],[-120.76601816341,39.613289376721,1262.4],[-120.76628386974,39.613291556016,1255.3],[-120.76641320251,39.613283844665,1250.9],[-120.76652451418,39.613284431398,1248.6],[-120.76665175147,39.613292561844,1246.0],[-120.76676398516,39.613318461925,1243.0],[-120.76686532237,39.613332292065,1235.2],[-120.76696137898,39.613306894898,1231.3],[-120.76703597791,39.613268002868,1231.3],[-120.76711317524,39.613210167736,1230.4],[-120.76720688492,39.613133892417,1229.8],[-120.76733202673,39.61302199401,1226.3],[-120.76750678942,39.612820995972,1227.7],[-120.76762832701,39.612689651549,1223.2],[-120.7677577436,39.612564425915,1224.2],[-120.76783343218,39.61248789914,1222.7],[-120.7678907644,39.612407181412,1220.8],[-120.7679458335,39.612318668514,1224.5],[-120.76800643466,39.612232418731,1222.7],[-120.76806091703,39.612157065421,1222.7],[-120.76809503138,39.612091854215,1221.3],[-120.76813509688,39.612024128437,1224.6],[-120.76823375188,39.611965538934,1222.6],[-120.76849032193,39.611844168976,1207.7],[-120.76859710738,39.611773425713,1205.2],[-120.76869425364,39.611706621945,1199.5],[-120.76885392889,39.611583827063,1196.9],[-120.76892953366,39.611485255882,1196.0],[-120.76896381564,39.611406130716,1201.4],[-120.76892425306,39.611355671659,1201.4],[-120.76891117729,39.611285347492,1208.0],[-120.76890698634,39.611227679998,1214.8],[-120.76897454448,39.611180070788,1214.8],[-120.76902718283,39.611144196242,1218.0],[-120.76908878982,39.611114356667,1215.4],[-120.76914897189,39.611078733578,1215.4],[-120.76919641346,39.611040428281,1217.0],[-120.7692305278,39.610996004194,1217.0],[-120.76926363632,39.610938085243,1217.1],[-120.76931250282,39.610878070816,1217.1],[-120.76935038902,39.610813530162,1220.6],[-120.76950662769,39.610670451075,1219.6],[-120.76961810701,39.610596019775,1217.7],[-120.76972640119,39.610554277897,1220.0],[-120.76982128434,39.61052368395,1217.7],[-120.76995137148,39.610484624282,1221.1],[-120.77013225295,39.610446570441,1214.4],[-120.77028052881,39.610414132476,1207.3],[-120.77038186602,39.61038345471,1208.5],[-120.77067104168,39.61027616635,1201.7],[-120.77080062591,39.610197292641,1202.1],[-120.7708930783,39.610146498308,1198.8],[-120.77098846436,39.61008740589,1199.2],[-120.77107370831,39.610034432262,1195.4],[-120.77115090564,39.609989253804,1196.1],[-120.77124394476,39.609944997355,1192.2],[-120.77133178711,39.609890598804,1193.1],[-120.77137419954,39.609835445881,1198.3],[-120.77139733359,39.609781214967,1195.8],[-120.77141434886,39.609728576615,1204.5],[-120.77142968774,39.609685325995,1204.5],[-120.77145525254,39.609643751755,1204.5],[-120.77148760669,39.609613828361,1214.3],[-120.77153052203,39.609585246071,1214.3],[-120.77157695778,39.609561357647,1214.8],[-120.77164552175,39.609547862783,1214.8],[-120.77174744569,39.609547695145,1215.1],[-120.77184366994,39.609564878047,1214.8],[-120.77198641375,39.60959748365,1214.3],[-120.77206956223,39.609589520842,1213.6],[-120.77213787474,39.609584324062,1212.7],[-120.77219755389,39.609592119232,1212.7],[-120.7722601667,39.609585748985,1211.3],[-120.77232202515,39.609577618539,1209.7],[-120.77238421887,39.609581474215,1209.7],[-120.77243819833,39.609585246071,1208.1],[-120.7724856399,39.609590610489,1208.1],[-120.7725274656,39.609604440629,1206.6],[-120.77258152887,39.609615504742,1206.6],[-120.77272871509,39.609616678208,1202.4],[-120.77279459685,39.609624054283,1200.0],[-120.77285042033,39.609634531662,1200.0],[-120.77294924296,39.609636878595,1197.8],[-120.77313247137,39.609637884423,1192.6],[-120.77319441363,39.60963034071,1189.8],[-120.7733048033,39.60960611701,1186.9],[-120.77344654128,39.60956454277,1181.3],[-120.77354142442,39.609511988238,1181.3],[-120.77373345383,39.609386678785,1178.6],[-120.77390092425,39.609304117039,1175.6],[-120.77402128838,39.609246365726,1175.2],[-120.77424827032,39.609133210033,1171.2],[-120.77432731166,39.609088869765,1170.2],[-120.77439570799,39.609056850895,1166.7],[-120.77445840463,39.609013516456,1163.3],[-120.77449302189,39.608960710466,1165.4],[-120.77463392168,39.608776643872,1160.5],[-120.77465571463,39.608685867861,1160.9],[-120.77468027361,39.60856994614,1160.8],[-120.77469184063,39.608466178179,1160.4],[-120.77472142875,39.608375821263,1159.9],[-120.77474087477,39.608300384134,1157.8],[-120.77477222309,39.608224444091,1157.4],[-120.77481740154,39.608149928972,1156.4],[-120.7748590596,39.608061332256,1152.2],[-120.77489920892,39.607995869592,1152.2],[-120.7749321498,39.607922108844,1148.0],[-120.7749387715,39.607837535441,1147.3],[-120.77495268546,39.607751872391,1146.6],[-120.77496433631,39.607672914863,1145.8],[-120.7749682758,39.607600327581,1144.9],[-120.77498160303,39.607505779713,1144.9],[-120.77501378953,39.60735197179,1141.2],[-120.77502963133,39.607265051454,1133.1],[-120.7750479877,39.607176957652,1129.2],[-120.77503994107,39.607095317915,1125.4],[-120.77502208762,39.607028346509,1125.4],[-120.77501974069,39.606945952401,1121.2],[-120.77503751032,39.606893984601,1117.4],[-120.77502435073,39.606832796708,1113.6],[-120.77501236461,39.606782002375,1117.3],[-120.7750198245,39.606750234962,1109.8],[-120.77501839958,39.606718048453,1109.8],[-120.77500599436,39.606681670994,1113.6],[-120.77501169406,39.60665602237,1105.7],[-120.77500549145,39.606637163088,1109.8],[-120.77500197105,39.606604389846,1109.8],[-120.77500884421,39.606570359319,1101.7],[-120.77502183616,39.606531634927,1101.7],[-120.7750189025,39.606496347114,1101.7],[-120.77501898631,39.606446642429,1098.1],[-120.77504647896,39.606391573325,1095.5],[-120.77506022528,39.606350082904,1095.5],[-120.77504882589,39.606321165338,1095.5],[-120.77499384061,39.606241201982,1099.4],[-120.77498101629,39.606223599985,1099.4],[-120.77498671599,39.606213960797,1101.9],[-120.7750083413,39.606181522831,1098.2],[-120.77507640235,39.606077838689,1100.0],[-120.77509190887,39.606053195894,1095.1],[-120.7751739677,39.605953367427,1091.4],[-120.77519928105,39.605853958055,1092.2],[-120.77519542538,39.605796961114,1092.6],[-120.77520581894,39.605731246993,1092.9],[-120.77522501349,39.60568045266,1092.9],[-120.77526650392,39.605611385778,1086.7],[-120.7753316313,39.605520106852,1087.5],[-120.77538091689,39.605436455458,1081.8],[-120.77542995103,39.605338387191,1084.8],[-120.77549214475,39.60522942245,1083.1],[-120.77554872259,39.605158595368,1083.3],[-120.7756033726,39.605072680861,1090.1],[-120.77563622966,39.605007469654,1091.8],[-120.77570621856,39.604915101081,1097.8],[-120.77576355077,39.604862965643,1094.0],[-120.77585910447,39.604802029207,1096.7],[-120.77595616691,39.604748887941,1092.1],[-120.77602699399,39.604718126357,1095.5],[-120.77611810528,39.604648640379,1089.6],[-120.77622866258,39.604587452486,1094.7],[-120.77630736865,39.604545291513,1090.4],[-120.77638624236,39.604495419189,1095.9],[-120.77643175609,39.604470189661,1095.9],[-120.77649319544,39.604442110285,1100.6],[-120.77655966394,39.60441914387,1099.2],[-120.77662806027,39.60440623574,1099.0],[-120.77668715268,39.604399362579,1099.0],[-120.77680232003,39.604387879372,1099.5],[-120.77689980157,39.604378826916,1100.6],[-120.77713441104,39.604358123615,1109.0],[-120.7772328984,39.604346808046,1109.2],[-120.77729660086,39.604352759197,1109.3],[-120.7773575373,39.604358123615,1102.4],[-120.77742048539,39.604355609044,1102.1],[-120.77749030665,39.604340940714,1107.9],[-120.77756985091,39.604320321232,1106.6],[-120.77767663635,39.604305485263,1105.4],[-120.77778048813,39.604300791398,1104.3],[-120.77787486836,39.604313699529,1103.2],[-120.77796128578,39.604350496083,1094.9],[-120.77804720029,39.6042902302,1101.3],[-120.77807888389,39.604340521619,1093.3],[-120.7780604437,39.604353597388,1093.3],[-120.7780705858,39.604353681207,1093.3],[-120.77807385474,39.604364493862,1093.3],[-120.77806429937,39.604377401993,1093.3],[-120.77806840651,39.604373462498,1093.3],[-120.7780670654,39.604370864108,1093.3],[-120.77807351947,39.604361560196,1093.3],[-120.7781053707,39.60434731096,1093.3],[-120.77813697048,39.604339767247,1091.5],[-120.7781419158,39.604342030361,1091.5],[-120.77814090997,39.604345550761,1091.5],[-120.7781450171,39.604341778904,1091.5],[-120.77815264463,39.604321578518,1100.2],[-120.77817368321,39.604299617931,1100.2],[-120.77816069126,39.604331888258,1100.2],[-120.7781608589,39.604333229363,1100.2],[-120.77816471457,39.604326020926,1100.2],[-120.77823621221,39.604285955429,1098.8],[-120.77826705761,39.604257205501,1098.8],[-120.77827250585,39.604253768921,1098.8],[-120.77829312533,39.604243040085,1098.8],[-120.77831801958,39.60422786884,1104.2],[-120.77832682058,39.604223761708,1104.2],[-120.7783374656,39.604245973751,1097.2],[-120.77855078503,39.60423566401,1101.2],[-120.77879092656,39.604197107255,1094.9],[-120.77886141837,39.604187719524,1094.9],[-120.77893978916,39.6041862946,1091.9],[-120.7790210098,39.604180343449,1088.5],[-120.77913123183,39.604192832485,1084.6],[-120.77930691652,39.604122340679,1085.2],[-120.77934916131,39.604108594358,1080.8],[-120.77941663563,39.604098703712,1080.8],[-120.77946114354,39.604103649035,1075.6],[-120.77948142774,39.604108678177,1075.6],[-120.77950263396,39.604095099494,1075.6],[-120.77952694148,39.604084286839,1069.3],[-120.77955326065,39.604085795581,1069.3],[-120.77958519571,39.604093842208,1069.3],[-120.77962291427,39.604092501104,1063.7],[-120.77965702862,39.604079090059,1063.7],[-120.7798137702,39.603997031227,1062.3],[-120.78000353649,39.60390843451,1060.8],[-120.78006078489,39.603880355135,1060.8],[-120.78009900637,39.603868033737,1060.7],[-120.78012440354,39.603861914948,1060.7],[-120.78012742102,39.603861412033,1060.7],[-120.78014762141,39.603855879977,1060.7],[-120.78015290201,39.60385822691,1060.7],[-120.78019539826,39.60387205705,1060.5],[-120.78022213653,39.603890748695,1060.4],[-120.7802431751,39.603903573006,1060.4],[-120.78024468385,39.603905668482,1060.4],[-120.7802541554,39.60390935652,1060.3],[-120.78025490977,39.603914720938,1060.3],[-120.78026312403,39.603917319328,1060.3],[-120.78026966192,39.603921761736,1060.3],[-120.78027578071,39.603920672089,1060.3],[-120.78032221645,39.603908853605,1060.3],[-120.78037795611,39.603907931596,1060.5],[-120.78047376126,39.603913715109,1060.8],[-120.78055062331,39.603921929374,1061.1],[-120.78058649786,39.603947577998,1061.1],[-120.7806298323,39.603996863589,1062.9],[-120.78066227026,39.604018153623,1062.9],[-120.78068749979,39.604027625173,1062.9],[-120.78071348369,39.604033660144,1062.8],[-120.78074365854,39.604044472799,1062.8],[-120.78075103462,39.604047993198,1062.8],[-120.78075765632,39.604047071189,1062.8],[-120.78076863661,39.604045059532,1062.8],[-120.7807786949,39.60404606536,1062.0],[-120.78079755418,39.604058889672,1062.0],[-120.78081825748,39.604060398415,1062.0],[-120.78082102351,39.604056123644,1062.0],[-120.78081725165,39.604061236605,1063.6],[-120.7808046788,39.604079173878,1063.6],[-120.78080124222,39.604087974876,1063.6],[-120.78082663938,39.60407724604,1063.6],[-120.78085321002,39.604067942128,1062.2],[-120.78085321002,39.604073222727,1062.2],[-120.78085932881,39.604083616287,1062.2],[-120.7808945328,39.604100715369,1062.2],[-120.78093828633,39.604123011231,1061.6],[-120.78096494079,39.604157209396,1062.9],[-120.78098723665,39.604178583249,1062.9],[-120.78100961633,39.60419761017,1062.9],[-120.78102554195,39.604215212166,1062.9],[-120.78103451058,39.604241866618,1063.3],[-120.78104188666,39.604277154431,1063.3],[-120.78106317669,39.604307748377,1063.3],[-120.7811266277,39.604372037575,1063.4],[-120.78114540316,39.60437673144,1063.4],[-120.78120080754,39.604379413649,1063.4],[-120.78126266599,39.604344461113,1064.7],[-120.78130030073,39.604322165251,1070.8],[-120.78132125549,39.604304647073,1070.8],[-120.78133332543,39.604287045076,1070.8],[-120.78133433126,39.604256702587,1070.8],[-120.78134120442,39.604216301814,1070.9],[-120.78134405427,39.604169782251,1070.9],[-120.78137950972,39.604052770883,1069.6],[-120.78139292076,39.604017734528,1069.6],[-120.78139342368,39.603974735364,1069.6],[-120.78139417805,39.603946320713,1068.3],[-120.78140029684,39.603924779221,1070.6],[-120.78140767291,39.603907512501,1070.6],[-120.78142141923,39.603886725381,1070.6],[-120.78143759631,39.603863507509,1069.1],[-120.78150289133,39.603803325444,1071.0],[-120.78152602538,39.603776503354,1069.4],[-120.78154530376,39.603738868609,1069.4],[-120.78156843781,39.603716824204,1069.4],[-120.78163716942,39.603646835312,1069.6],[-120.78168134205,39.603608027101,1070.6],[-120.78178645112,39.60353619419,1070.6],[-120.78184227459,39.603506354615,1070.6],[-120.78194512054,39.603476179764,1071.9],[-120.78200521879,39.603471737355,1071.9],[-120.78207428567,39.60347299464,1073.0],[-120.78213857487,39.603471904993,1073.8],[-120.78220135532,39.603477269411,1073.8],[-120.78226413578,39.603487998247,1074.3],[-120.78231828287,39.603508030996,1074.9],[-120.78238056041,39.603536948562,1075.3],[-120.78244602308,39.603571314365,1075.5],[-120.7825025171,39.603593274951,1075.5],[-120.78256043606,39.603603081778,1076.4],[-120.78261240385,39.603610960767,1076.6],[-120.78265171498,39.6036097873,1076.6],[-120.78270477243,39.603598471731,1076.7],[-120.78274617903,39.603591514751,1075.8],[-120.78278515488,39.603601740673,1076.7],[-120.78283033334,39.603636022657,1076.8],[-120.78291549347,39.603693857789,1077.8],[-120.78296293505,39.603738365695,1078.0],[-120.78302378766,39.603773569688,1078.0],[-120.78303501941,39.603788824752,1078.9],[-120.78306611627,39.60379594937,1079.4],[-120.78310601413,39.603791255504,1079.4],[-120.78313417733,39.603778347373,1079.4],[-120.78316460364,39.603749932721,1078.7],[-120.78320810571,39.603724787012,1078.7],[-120.78324683011,39.603690588847,1079.1],[-120.7832833752,39.603681368753,1079.1],[-120.78332679346,39.603665946051,1077.9],[-120.78336912207,39.603623198345,1078.4],[-120.78341254033,39.603601405397,1078.4],[-120.78344489448,39.603583049029,1077.7],[-120.78348093666,39.603566201404,1077.7],[-120.78351865523,39.603539044037,1077.7],[-120.78355444595,39.603515071794,1078.2],[-120.78359660693,39.603494787589,1078.2],[-120.78363767825,39.603477856144,1077.5],[-120.78367589973,39.603465367109,1077.5],[-120.78371487558,39.603435359895,1078.4],[-120.78375225887,39.603412058204,1078.4],[-120.78379576094,39.60340635851,1079.5],[-120.78384429216,39.603398814797,1077.9],[-120.78387849033,39.603466792032,1079.5],[-120.78389089555,39.603489590809,1079.5],[-120.78393246979,39.603473162279,1080.7],[-120.78398619778,39.603455476463,1080.7],[-120.78401679173,39.603431671858,1081.8],[-120.7840492297,39.603384314105,1080.5],[-120.78408326022,39.603342907503,1080.5],[-120.78412818722,39.603308122605,1080.5],[-120.78418300487,39.603270990774,1080.5],[-120.78422835097,39.603254646063,1081.9],[-120.78428191133,39.603227488697,1080.5],[-120.78433354385,39.603192200884,1082.0],[-120.78439095989,39.603149956092,1083.4],[-120.78444728628,39.603099413216,1082.1],[-120.78454946168,39.602949712425,1080.5],[-120.78461752273,39.602831779048,1080.2],[-120.78465985134,39.602826079354,1082.0],[-120.78474006616,39.602758185938,1080.0],[-120.78477376141,39.602725580335,1081.8],[-120.78480117023,39.602681240067,1081.8],[-120.78482061625,39.602673025802,1079.8],[-120.7848640345,39.602613011375,1081.7],[-120.78489487991,39.602541429922,1080.1],[-120.78495631926,39.602443110198,1080.8],[-120.78495112248,39.602433973923,1080.8],[-120.78494207002,39.60240396671,1078.7],[-120.78494131565,39.602400194854,1078.7],[-120.78494282439,39.60239181295,1077.6],[-120.78494533896,39.602389130741,1077.6],[-120.78493561596,39.602386113256,1077.6],[-120.78494609334,39.602351831272,1077.6],[-120.78495028429,39.602336240932,1077.6],[-120.78498079441,39.602203555405,1078.3],[-120.785002755,39.602140942588,1078.3],[-120.7850066945,39.60207849741,1078.0],[-120.78501608223,39.601885797456,1077.8],[-120.78506025486,39.601756380871,1079.5],[-120.78512236476,39.601646745577,1079.0],[-120.78515019268,39.601599220186,1079.7],[-120.78519411385,39.601534595713,1078.6],[-120.78524876386,39.601485142484,1080.5],[-120.78532939777,39.601454129443,1078.7],[-120.78541941941,39.601438120008,1080.2],[-120.78551388346,39.601420182735,1081.6],[-120.78562427312,39.601390426978,1083.7],[-120.78581387177,39.601316833869,1077.1],[-120.78587966971,39.601275762543,1077.1],[-120.78596147709,39.601222705096,1070.7],[-120.78605317511,39.601179203019,1071.2],[-120.78625693917,39.601094461977,1070.5],[-120.78632441349,39.601053725928,1068.7],[-120.78651585616,39.600921543315,1068.6],[-120.78657494858,39.600872425362,1068.0],[-120.78667846508,39.600787600502,1068.2],[-120.78668978065,39.60076966323,1068.2],[-120.78671257943,39.600739153102,1068.2],[-120.78674526885,39.600702524185,1068.6],[-120.78675080091,39.600645527244,1068.6],[-120.78676538542,39.600559445098,1067.3],[-120.78680704348,39.600400775671,1065.7],[-120.78682640567,39.60033338517,1064.6],[-120.78693218529,39.600079329684,1065.4],[-120.78699924052,39.600012945011,1064.0],[-120.78717366792,39.599932059646,1065.2],[-120.78727098182,39.599855700508,1064.8],[-120.78734608367,39.599773557857,1063.0],[-120.78749662265,39.59961572662,1059.0],[-120.78756409697,39.599555879831,1056.5],[-120.78764372505,39.599508605897,1055.0],[-120.78773743473,39.599463259801,1056.0],[-120.78783843666,39.599424367771,1053.9],[-120.78794974834,39.599397713318,1054.5],[-120.78807639889,39.599376926199,1054.4],[-120.78821511939,39.599355468526,1054.2],[-120.78836926259,39.599328059703,1050.9],[-120.78851670027,39.599342728034,1045.7],[-120.78866824508,39.599366700277,1045.1],[-120.78882196918,39.599400395527,1041.4],[-120.78894241713,39.599405759946,1040.5],[-120.78908113763,39.599415315315,1039.3],[-120.78921642154,39.599441550672,1040.6],[-120.78936285339,39.599501397461,1039.6],[-120.78950819559,39.599562669173,1040.2],[-120.78960123472,39.599608937278,1039.6],[-120.78971548006,39.599663419649,1040.9],[-120.78984623775,39.599716728553,1040.2],[-120.78996400349,39.599755369127,1041.9],[-120.79005134292,39.599782694131,1041.3],[-120.79013214447,39.599798871204,1040.8],[-120.79032802954,39.599840277806,1042.9],[-120.79040950164,39.599856957793,1042.8],[-120.79049793072,39.599881013855,1042.7],[-120.79055559821,39.599920073524,1046.3],[-120.79060379416,39.599970029667,1046.3],[-120.79064880498,39.599994588643,1051.7],[-120.7907303609,39.599992996082,1051.9],[-120.79081116244,39.599985117093,1046.3],[-120.79096740112,39.59996022284,1046.6],[-120.79112489708,39.599927198142,1047.6],[-120.79128096811,39.599891658872,1044.6],[-120.79136671498,39.59985813126,1045.1],[-120.79151557758,39.599800212309,1042.4],[-120.79166972078,39.599753525108,1044.0],[-120.79192318954,39.599677585065,1043.5],[-120.79209267162,39.599641039968,1045.5],[-120.79224262387,39.599552778527,1042.8],[-120.79229702242,39.599528973922,1040.4],[-120.792354187,39.599508689716,1040.4],[-120.79240472987,39.599493099377,1040.7],[-120.79247513786,39.599480526522,1040.6],[-120.79255300574,39.599481616169,1040.4],[-120.79280672595,39.599477676675,1040.8],[-120.79290764406,39.599483460188,1040.5],[-120.79331081361,39.599558142945,1035.2],[-120.7934310101,39.599577924237,1034.5],[-120.79356528819,39.599624611437,1039.3],[-120.79373426735,39.599676495418,1036.4],[-120.79390559345,39.599705077708,1034.8],[-120.79406501725,39.599712789059,1034.3],[-120.79424321651,39.599727205932,1043.0],[-120.79436508939,39.599697785452,1036.2],[-120.79449752346,39.599641794339,1038.8],[-120.79461512156,39.599619079381,1037.2],[-120.79485090449,39.5995464921,1045.6],[-120.79487982206,39.599454794079,1041.1],[-120.7949737832,39.599402491003,1036.6],[-120.79507361166,39.599357396364,1041.2],[-120.79517444596,39.599302997813,1037.0],[-120.7952746097,39.599234601483,1033.2],[-120.79537133686,39.599160002545,1038.2],[-120.79545750283,39.599083224311,1035.1],[-120.79564156942,39.598916172981,1029.6],[-120.79572656192,39.598829923198,1027.5],[-120.79581130296,39.598739985377,1025.3],[-120.79591431655,39.598668571562,1023.2],[-120.79606535845,39.598530437797,1021.1],[-120.79618446529,39.598358608782,1019.4],[-120.79630860128,39.598176386207,1016.5],[-120.79640432261,39.598088460043,1015.6],[-120.79658361152,39.59791822359,1014.4],[-120.79680137336,39.59778578952,1013.5],[-120.79692902975,39.597726445645,1008.4],[-120.79704193398,39.597663329914,1003.1],[-120.79712307081,39.59762041457,1002.9],[-120.79720068723,39.597587808967,1003.4],[-120.79728014767,39.597552772611,1006.5],[-120.79735759646,39.597522011027,1007.0],[-120.7974304352,39.597494183108,1007.5],[-120.79750671051,39.597468869761,1012.1],[-120.79755716957,39.597444143146,1012.1],[-120.79758608714,39.597423858941,1012.8],[-120.79760327004,39.59740659222,1012.8],[-120.79762036912,39.597393013537,1015.7],[-120.79767334275,39.597387900576,1015.9],[-120.79772162251,39.597374489531,1015.9],[-120.79774953425,39.597362168133,1015.8],[-120.7977761887,39.597337609157,1015.8],[-120.79780141823,39.597305841744,1015.8],[-120.79781608656,39.597284300253,1017.5],[-120.7978492789,39.597254795954,1016.7],[-120.79787467606,39.597233422101,1016.7],[-120.79790711403,39.597224285826,1016.7],[-120.79793536104,39.59722051397,1015.7],[-120.79794139601,39.597219005227,1015.7],[-120.79793854617,39.59722395055,1015.7],[-120.79793754034,39.59722571075,1015.7],[-120.79793435521,39.597228895873,1015.7],[-120.79793401994,39.597228895873,1015.7],[-120.79793586396,39.597228560597,1015.7],[-120.79802228138,39.597211293876,1015.7],[-120.79807575792,39.597206264734,1015.7],[-120.79816334881,39.597179610282,1013.1],[-120.79824867658,39.597129989415,1007.7],[-120.79828119837,39.597106436267,1004.2],[-120.79829829745,39.597086906433,1004.2],[-120.79830165021,39.597072908655,1004.2],[-120.79830450006,39.597067544237,1004.2],[-120.79830265604,39.59706553258,1004.2],[-120.79831321724,39.597037704661,1004.2],[-120.79832118005,39.597037453204,1004.2],[-120.79833811149,39.597029238939,1007.8],[-120.79834205098,39.597027981654,1007.8],[-120.7983531151,39.597033010796,1004.2],[-120.79835009761,39.597035190091,1004.2],[-120.79834976234,39.597034938633,1004.2],[-120.79835755751,39.597035106272,1004.2],[-120.79834439792,39.597023623064,1007.8],[-120.79833442345,39.597015576437,1007.8],[-120.79832084477,39.597017839551,1007.8],[-120.79830902629,39.59702312015,1007.8],[-120.79831246287,39.597029322758,1004.2],[-120.79831288196,39.597043236718,1004.2],[-120.79831204377,39.597060503438,1004.2],[-120.79830885865,39.597066873685,1004.2],[-120.798298968,39.597077937797,1004.2],[-120.79829519615,39.59708028473,1004.2],[-120.79829645343,39.59707936272,1004.2],[-120.79831229523,39.597069807351,1004.2],[-120.79830550589,39.597055474296,1004.2],[-120.79829276539,39.597050026059,1004.2],[-120.79827415757,39.597051953897,1004.2],[-120.79827088863,39.597062012181,1004.2],[-120.79827549867,39.597068382427,1004.2],[-120.79830089584,39.597008451819,1007.8],[-120.7983456552,39.597021946684,1007.8],[-120.7983645983,39.597031082958,998.30000000001],[-120.79837080091,39.597035609186,998.30000000001],[-120.79833383672,39.597045751289,1004.2],[-120.79850658774,39.597063940018,996.00000000001],[-120.79850650392,39.597063940018,996.00000000001],[-120.79851463437,39.597062431276,996.00000000001],[-120.79850533046,39.597060168162,996.00000000001],[-120.79849736765,39.597044661641,996.00000000001],[-120.79848898575,39.597036782652,996.00000000001],[-120.79848378897,39.59702747874,995.80000000001],[-120.7984795142,39.597022617236,995.80000000001],[-120.79847783782,39.597028736025,996.00000000001],[-120.79840608872,39.596993615851,1000.5],[-120.79842385836,39.596985317767,1000.5],[-120.79846442677,39.596987245604,995.80000000001],[-120.79848546535,39.596988754347,995.80000000001],[-120.79847834073,39.596982048824,995.80000000001],[-120.79849233851,39.596984228119,995.80000000001],[-120.79851061106,39.596985736862,995.80000000001],[-120.79853097908,39.596985653043,995.80000000001],[-120.79853659496,39.596986994147,995.80000000001],[-120.79853877425,39.596984060481,995.80000000001],[-120.79855805263,39.596952544525,996.20000000001],[-120.79854656942,39.596925890073,994.70000000001],[-120.798531482,39.596838047728,999.50000000001],[-120.79853726551,39.596814578399,999.50000000001],[-120.79855268821,39.596788678318,994.80000000001],[-120.79856651835,39.596730675548,995.80000000001],[-120.79856920056,39.596683150157,995.80000000001],[-120.79856836237,39.596590446308,1000.4],[-120.7986076735,39.596559265628,1006.2],[-120.79866148531,39.59651408717,999.90000000001],[-120.79870356247,39.596490701661,1006.4],[-120.79877531156,39.596467064694,1002.1],[-120.79890020192,39.596415013075,999.20000000001],[-120.79895116389,39.596356926486,1004.2],[-120.7989503257,39.596331696957,1004.2],[-120.79895703122,39.596316693351,1004.2],[-120.79898888245,39.596299258992,1011.7],[-120.79904747196,39.596284590662,1010.6],[-120.79911829904,39.596265060827,1009.9],[-120.79918426462,39.596247710288,1009.9],[-120.79926439561,39.596258187667,1008.6],[-120.79934184439,39.596273610368,1007.3],[-120.79940479249,39.596285177395,1006.2],[-120.79945692793,39.596313508227,1002.7],[-120.79950185493,39.596338067204,1002.3],[-120.79956279136,39.596365727484,1002.3],[-120.7996633742,39.596420461312,997.80000000001],[-120.79970444553,39.596454994753,997.30000000001],[-120.80000183545,39.596701255068,987.60000000001],[-120.80003921874,39.596733860672,987.20000000001],[-120.80006335862,39.596775686368,987.20000000001],[-120.80009177327,39.596791025251,987.10000000001],[-120.80012446269,39.596754983068,987.20000000001],[-120.80022471026,39.596673594788,986.50000000001],[-120.8002693858,39.596600001678,986.50000000001],[-120.80027081072,39.596595894545,986.50000000001],[-120.80027449876,39.596596565098,986.50000000001],[-120.80028112046,39.596593631431,986.50000000001],[-120.80028757453,39.596593379974,986.50000000001],[-120.80028614961,39.596593547612,986.50000000001],[-120.80028740689,39.596588350832,986.40000000001],[-120.80028321594,39.596592541784,986.40000000001],[-120.8002848085,39.596589608118,986.40000000001],[-120.8002795279,39.596594972536,986.50000000001],[-120.80028221011,39.596592960879,986.50000000001],[-120.80028221011,39.596596565098,986.50000000001],[-120.80029017292,39.596596732736,986.50000000001],[-120.80034675077,39.596509141847,987.00000000001],[-120.80034038052,39.596468657255,986.80000000001],[-120.80032386817,39.596436386928,986.40000000001],[-120.80032018013,39.59639816545,986.40000000001],[-120.8003178332,39.59635223262,986.40000000001],[-120.80023870803,39.596181828529,986.30000000001],[-120.80020149238,39.59613497369,985.50000000001],[-120.80016226508,39.596086945385,985.50000000001],[-120.80006796867,39.59601293318,985.40000000001],[-120.80001583323,39.59597831592,988.40000000001],[-120.79995397478,39.59595141001,988.40000000001],[-120.79987602308,39.59593674168,989.60000000001],[-120.79982665367,39.595932634547,996.10000000001],[-120.79978072084,39.595934813842,996.10000000001],[-120.79973420128,39.595943195745,1003.3],[-120.7996893581,39.595961384475,1003.3],[-120.79963797703,39.595981333405,1005.4],[-120.79952809028,39.596004635096,1007.5],[-120.79948056489,39.595976388082,1009.6],[-120.79934938811,39.595904974267,1011.3],[-120.7993224822,39.595854179934,1011.3],[-120.79929909669,39.595790393651,1013.0],[-120.79928099178,39.595746807754,1011.7],[-120.79924126156,39.59568746388,1011.7],[-120.79921075143,39.595632143319,1010.1],[-120.79917822964,39.595590066165,1013.7],[-120.79914201982,39.595521837473,1012.6],[-120.79911653884,39.595499457791,1017.0],[-120.79907169566,39.595386050642,1016.8],[-120.79908460379,39.59534028545,1017.5],[-120.7991423551,39.595257639885,1011.8],[-120.79919222742,39.595216233283,1011.8],[-120.79927084967,39.595165271312,1008.3],[-120.79934947193,39.595117494464,1003.1],[-120.79945826903,39.595076004043,998.10000000001],[-120.79952213913,39.595066197217,990.00000000001],[-120.79956798814,39.595056055114,990.00000000001],[-120.79960662872,39.595048930496,984.20000000001],[-120.79964183271,39.595043566078,984.20000000001],[-120.79966010526,39.595038453117,984.20000000001],[-120.79968399368,39.595001069829,982.70000000001],[-120.79966044053,39.594962261617,985.90000000001],[-120.79965826124,39.59491523914,988.00000000001],[-120.79964770004,39.594774842262,992.30000000001],[-120.79962339252,39.594682725146,997.00000000001],[-120.79968323931,39.594577951357,994.60000000001],[-120.79972908832,39.594538137317,1001.1],[-120.79975951463,39.594460353255,999.70000000001],[-120.79976881854,39.59436035715,1007.2],[-120.79979379661,39.594261199236,1016.6],[-120.79981584102,39.594130609185,1025.9],[-120.7999249734,39.594069588929,1028.7],[-120.79999127425,39.594033714384,1023.6],[-120.80003703944,39.594020470977,1018.2],[-120.80008850433,39.594012508169,1018.2],[-120.80014105886,39.594006724656,1024.1],[-120.8001848124,39.594003288075,1024.1],[-120.80023686402,39.593986272812,1020.1],[-120.80029679462,39.593967581168,1020.1],[-120.80034817569,39.59392843768,1016.4],[-120.80039251596,39.593891473487,1027.1],[-120.80042771995,39.593864232302,1023.5],[-120.8004873991,39.593863058835,1023.5],[-120.80055445433,39.593872698024,1020.4],[-120.80062486231,39.5938730333,1017.7],[-120.80068261363,39.593911925331,1015.3],[-120.800719494,39.593936819583,1004.3],[-120.8007679414,39.593935729936,1001.0],[-120.8008318115,39.593949140981,1001.0],[-120.80088302493,39.593941094354,998.00000000001],[-120.80095351674,39.593889964744,1008.4],[-120.80098763108,39.593862388283,1008.4],[-120.80101277679,39.593772534281,1020.7],[-120.80103063025,39.59370514378,1033.4],[-120.80106466077,39.593656193465,1041.5],[-120.80106667243,39.59365057759,1041.5],[-120.8010762278,39.593683099374,1032.2],[-120.80108184367,39.593650158495,1041.5],[-120.8010832686,39.593649990857,1041.5],[-120.80124151893,39.593681255355,1029.9],[-120.80131268129,39.593677651137,1029.9],[-120.80135995522,39.593722745776,1029.6],[-120.80139230937,39.593932712451,987.50000000001],[-120.80143153667,39.594011753798,985.60000000001],[-120.80147411674,39.59397780709,985.60000000001],[-120.80150881782,39.593952745199,985.60000000001],[-120.8015452791,39.593915864825,999.20000000001],[-120.80155466683,39.593915864825,999.20000000001],[-120.80156522803,39.593934221193,984.50000000001],[-120.80157017335,39.593934053555,984.50000000001],[-120.80157922581,39.593949392438,984.50000000001],[-120.8016368933,39.593949727714,984.00000000001],[-120.80164493993,39.593950985,984.00000000001],[-120.8016853407,39.593944950029,984.00000000001],[-120.80176832154,39.593915948644,1000.9],[-120.80180989578,39.593890635297,999.70000000001],[-120.80186295323,39.593884516507,999.70000000001],[-120.80192548223,39.593884013593,1000.1],[-120.80197200179,39.593895329162,1000.1],[-120.80203419551,39.593912428245,1001.3],[-120.80215774477,39.593959450722,986.50000000001],[-120.80221155658,39.59398040548,987.20000000001],[-120.80232806504,39.593986272812,988.10000000001],[-120.80240023322,39.593976717442,989.70000000001],[-120.8024521172,39.593976549804,989.70000000001],[-120.80251942389,39.594007479027,991.90000000001],[-120.802575415,39.594043940306,983.10000000001],[-120.80262176692,39.594075372443,983.10000000001],[-120.8026912529,39.594106888399,985.20000000001],[-120.80275897868,39.594080904499,987.40000000001],[-120.80282846466,39.594068834558,989.50000000001],[-120.80291697755,39.594017202035,1002.9],[-120.80299207941,39.593995492905,1005.3],[-120.80304781906,39.593993984163,1005.3],[-120.80315183848,39.593989122659,1007.7],[-120.80319995061,39.593979399651,1009.9],[-120.8032492362,39.593970933929,1009.9],[-120.80330614932,39.593965904787,1012.0],[-120.80342089757,39.593960791826,1013.8],[-120.80346381292,39.593973951414,1015.6],[-120.80350488424,39.593979902565,1015.6],[-120.80355257727,39.594006640837,1017.7],[-120.80360018648,39.594018124044,1017.7],[-120.8036469575,39.594019465148,1019.4],[-120.80370403826,39.594025919214,1019.4],[-120.80377637409,39.594039833173,1011.6],[-120.80390553921,39.594079479575,1013.7],[-120.80396270379,39.594085849822,1014.8],[-120.80402732827,39.594113845378,1014.2],[-120.80415179953,39.594102362171,1012.8],[-120.80420460552,39.594071097672,1011.2],[-120.80426554196,39.59404184483,1011.2],[-120.80433117226,39.594023907557,1012.0],[-120.80438020639,39.594006473199,1008.3],[-120.80442178063,39.593984344974,1008.3],[-120.80445824191,39.59396045655,1008.3],[-120.80450182781,39.59391804412,1005.9],[-120.80454306677,39.593872027472,1005.9],[-120.80456008203,39.593813521788,1001.9],[-120.80458455719,39.593765325844,1001.9],[-120.80460526049,39.593731295317,1002.2],[-120.80461665988,39.593676645309,1002.2],[-120.80462303013,39.593628700823,1001.9],[-120.8046233654,39.593570781872,1001.9],[-120.80461540259,39.593502301723,1001.4],[-120.80460517667,39.593438347802,1000.2],[-120.80459352583,39.593394426629,1000.2],[-120.80458137207,39.59335109219,998.40000000001],[-120.80455664545,39.593297950923,998.40000000001],[-120.80453694798,39.593258807436,1002.3],[-120.8045176696,39.593193344772,1002.3],[-120.80452353694,39.59314674139,1000.3],[-120.80450912006,39.593115309253,1000.3],[-120.80448321998,39.593088403344,998.40000000001],[-120.80445840955,39.593049427494,998.40000000001],[-120.80442530103,39.593006260693,1003.9],[-120.80439613201,39.59295462817,1002.2],[-120.80431080423,39.592801490799,1006.5],[-120.80429513007,39.592766119167,1006.5],[-120.80429194495,39.592717671767,1006.3],[-120.80430468544,39.592664698139,1006.3],[-120.80431357026,39.592617508024,1006.7],[-120.80434332602,39.592595715076,1006.7],[-120.8043859899,39.592575095594,1001.1],[-120.80441809259,39.592540310696,1001.1],[-120.80445664935,39.592478787526,1002.4],[-120.8044657018,39.592414749786,998.50000000001],[-120.80448254943,39.592347862199,998.50000000001],[-120.80453342758,39.592235293239,1007.0],[-120.8046669513,39.59206815809,1004.5],[-120.8047519438,39.591981992126,1008.1],[-120.80483718775,39.591897251084,1013.6],[-120.80488203093,39.591853078455,1026.7],[-120.8049303107,39.59184830077,1026.7],[-120.80498613417,39.591822149232,1021.3],[-120.80503458157,39.59180069156,1015.5],[-120.80514228903,39.591744197533,1022.3],[-120.80546432175,39.591689212248,1008.3],[-120.80549214967,39.591723158956,1003.5],[-120.80551578663,39.591710418463,1003.5],[-120.80554386601,39.591676639393,1015.9],[-120.80557647161,39.591654594988,1012.2],[-120.80561595038,39.591678734869,1012.2],[-120.80565677024,39.591661132872,1012.2],[-120.80562785268,39.591586198658,1023.1],[-120.80569390208,39.5915374998,1019.9],[-120.80580638722,39.591539176181,1017.1],[-120.8058494702,39.591512773186,1017.1],[-120.80589154735,39.591483268887,1024.5],[-120.80593521707,39.591451082379,1024.5],[-120.80598944798,39.591412777081,1021.7],[-120.80604225397,39.591391654685,1030.7],[-120.80607854761,39.591380590573,1029.0],[-120.80616270192,39.591464493424,1016.0],[-120.80619849265,39.591437922791,1016.0],[-120.80621601082,39.591390565038,1026.8],[-120.80623503774,39.591336753219,1024.3],[-120.8062612731,39.591299369931,1032.1],[-120.80628574826,39.591228542849,1038.4],[-120.80635246821,39.591258047149,1030.6],[-120.80641172826,39.591253353283,1030.6],[-120.80645598471,39.591252598912,1029.1],[-120.80649588257,39.591250084341,1029.1],[-120.8065554779,39.591261064634,1027.6],[-120.80660887063,39.591263746843,1026.0],[-120.80665362999,39.591250754893,1026.0],[-120.8066840563,39.591297525913,1026.0],[-120.80672563054,39.59135921672,1015.4],[-120.80685923807,39.591454267502,1005.5],[-120.80689217895,39.591510929167,997.30000000001],[-120.80696149729,39.591542109847,996.70000000001],[-120.80700390972,39.591518556699,995.80000000001],[-120.80704053864,39.59146826528,1003.5],[-120.8070716355,39.591454854235,1003.5],[-120.80711865798,39.591463655233,1002.4],[-120.80716023222,39.59147170186,1002.4],[-120.80720742233,39.591465331614,1001.4],[-120.80725125968,39.59148385562,1001.4],[-120.80728922971,39.591463571414,1000.5],[-120.80735234544,39.591440772638,1000.5],[-120.80739911646,39.59143188782,999.80000000001],[-120.80748863518,39.591366760433,1004.4],[-120.80753515474,39.591274643317,1008.3],[-120.8075754717,39.591217981651,1005.8],[-120.80759709701,39.591168360785,1009.4],[-120.8076067362,39.591122427955,1012.5],[-120.80764294602,39.590887231752,1013.1],[-120.80773472786,39.590631835163,1018.8],[-120.80779080279,39.590602079406,1018.8],[-120.80785341561,39.590586321428,1016.1],[-120.80791627988,39.590568970889,1017.5],[-120.80796313472,39.590564193204,1017.5],[-120.80801552162,39.590604845434,1009.5],[-120.80805483274,39.590549608693,1014.9],[-120.80808375031,39.590574419126,1014.9],[-120.8081488777,39.590571401641,1012.1],[-120.80818584189,39.590519098565,1009.3],[-120.80820101313,39.590474758297,1015.3],[-120.80821559764,39.590372499079,1020.9],[-120.80829614773,39.590380880982,1019.6],[-120.80837368034,39.590340731665,1018.7],[-120.80846219324,39.590295469388,1024.9],[-120.80853695981,39.590272000059,1024.9],[-120.80862203613,39.590216428041,1024.8],[-120.80869629979,39.590190779418,1032.3],[-120.80873619765,39.590188935399,1032.3],[-120.80875187181,39.590166807175,1032.3],[-120.80875564367,39.590146187693,1032.3],[-120.80874457955,39.590115593746,1039.6],[-120.8087390475,39.590088184923,1039.6],[-120.80873661675,39.590050969273,1039.6],[-120.80873426981,39.590005036443,1045.2],[-120.80874172971,39.589993469417,1045.2],[-120.8087509498,39.589960696176,1045.2],[-120.8087804541,39.590198658407,1032.3],[-120.8088808693,39.590375432745,1017.0],[-120.80894893035,39.590291781351,1024.4],[-120.80900073051,39.590347856283,1017.0],[-120.80908991396,39.590326817706,1017.1],[-120.80911681987,39.590325308964,1017.1],[-120.80914540216,39.590322710574,1017.1],[-120.80919192173,39.590343413875,1017.2],[-120.80924984068,39.590307958424,1017.2],[-120.80930826254,39.590260768309,1024.1],[-120.80934715457,39.59026420489,1024.1],[-120.8093842864,39.590277532116,1024.0],[-120.80944648013,39.590349700302,1017.0],[-120.80947363749,39.59035506472,1016.7],[-120.80951303244,39.590337965637,1016.7],[-120.8095833566,39.590376103297,1016.4],[-120.80965074711,39.590368391946,1015.9],[-120.8097062353,39.59035506472,1015.9],[-120.80975837074,39.590355986729,1015.4],[-120.80980212428,39.590383982286,1015.4],[-120.80984244123,39.590353807434,1014.8],[-120.80988577567,39.590425472707,1008.6],[-120.80991871655,39.590432764962,1008.6],[-120.81004469655,39.590461850166,1008.0],[-120.81007445231,39.590515661985,1003.4],[-120.81010680646,39.59056804888,1003.1],[-120.81018442288,39.590625884011,996.50000000001],[-120.81022398546,39.590663854033,996.10000000001],[-120.81025742926,39.590704003349,987.90000000001],[-120.8102818206,39.590723449364,987.90000000001],[-120.81030327827,39.590722359717,987.30000000001],[-120.81034082919,39.590661088005,995.10000000001],[-120.81036957912,39.590599229559,995.10000000001],[-120.81039078534,39.590550782159,999.50000000001],[-120.81041157246,39.590509794652,999.50000000001],[-120.81044057384,39.590488169342,999.50000000001],[-120.81046597101,39.590415833518,1004.1],[-120.8104870934,39.590373756364,1006.3],[-120.81050720997,39.590353639796,1006.3],[-120.81052481197,39.590306030586,1006.3],[-120.81054216251,39.590280214325,1009.8],[-120.81062531099,39.589950889349,1017.9],[-120.81066847779,39.589872518554,1015.2],[-120.81068574451,39.589799847454,1017.0],[-120.8107332699,39.589761542156,1017.0],[-120.81077895127,39.589780317619,1012.3],[-120.81082052551,39.58979062736,1012.3],[-120.81084215082,39.589758692309,1008.8],[-120.81086562015,39.589763637632,1008.8],[-120.81088766456,39.589728517458,1011.6],[-120.81091431901,39.58961921744,1014.8],[-120.81094130874,39.58957856521,1010.8],[-120.81099327654,39.589588036761,1010.8],[-120.81106418744,39.589613601565,1006.9],[-120.81113040447,39.589376477525,1008.3],[-120.81118413247,39.589372873306,1008.3],[-120.81124054268,39.589343033731,1004.8],[-120.81128429621,39.589306823909,1004.8],[-120.8113340009,39.58926348947,1004.6],[-120.81137247384,39.589248150587,1004.6],[-120.81140264869,39.589199032634,1000.9],[-120.81143165007,39.589131139219,1004.5],[-120.81143634394,39.589066430926,1006.7],[-120.81145285629,39.589026868343,1006.7],[-120.81151890568,39.588919915259,1005.2],[-120.81154271029,39.588896697387,1007.7],[-120.81157607026,39.58889208734,1007.7],[-120.81160247326,39.588827630505,1003.1],[-120.81162175164,39.588799048215,1005.9],[-120.81164429896,39.58877096884,1005.9],[-120.81286604516,39.58808356896,1002.7],[-120.81296713091,39.588077617809,1005.0],[-120.81311490387,39.588202089071,983.70000000001],[-120.81316888332,39.588240562007,979.50000000001],[-120.81317718141,39.588217344135,979.50000000001],[-120.81317869015,39.588201586157,979.50000000001],[-120.81318388693,39.588177446276,979.50000000001],[-120.81324591301,39.588018273935,993.60000000001],[-120.81326426938,39.588036630303,988.30000000001],[-120.81326846033,39.588028332219,988.30000000001],[-120.81327047199,39.58803948015,988.30000000001],[-120.81329444423,39.58802908659,988.30000000001],[-120.81329469569,39.587269350886,997.60000000001],[-120.81324281171,39.587209504098,1000.4],[-120.81311976537,39.587088720873,1001.7],[-120.81302823499,39.587041614577,1001.7],[-120.81294307485,39.587014457211,1003.6],[-120.81288473681,39.586981683969,1005.5],[-120.81283058971,39.587005991489,1005.5],[-120.81276588142,39.587019905448,1007.4],[-120.81269756891,39.587042285129,1007.4],[-120.81231325865,39.586811196059,1003.7],[-120.81223899499,39.586964417249,1008.7],[-120.81215375103,39.586940696463,1009.4],[-120.81208937801,39.586903145537,1010.1],[-120.81154086627,39.586793845519,1006.4],[-120.81146618351,39.586803568527,1011.8],[-120.81130525097,39.586594942957,1001.4],[-120.81125303172,39.586576670408,1003.4],[-120.81115571782,39.586511962116,1002.0],[-120.81109050661,39.586443062872,1004.8],[-120.81106217578,39.586379276589,1001.5],[-120.81097634509,39.586205603555,998.70000000001],[-120.81097844057,39.586145086214,996.90000000001],[-120.81097458489,39.586085323244,996.90000000001],[-120.8109829668,39.58597317338,995.00000000001],[-120.81098766066,39.585867980495,990.80000000001],[-120.81094684079,39.585816096514,990.80000000001],[-120.81087257713,39.585796063766,996.10000000001],[-120.81076696515,39.585666060448,997.80000000001],[-120.81077283248,39.585603615269,997.80000000001],[-120.81073720939,39.585537314415,1000.3],[-120.81071793102,39.585470594466,998.30000000001],[-120.81070619635,39.585397671908,995.30000000001],[-120.8106901031,39.585317373276,995.30000000001],[-120.81068700179,39.585255850106,993.90000000001],[-120.810689684,39.58521226421,996.70000000001],[-120.81064911559,39.585184184834,995.80000000001],[-120.81065112725,39.585150741041,995.80000000001],[-120.81063847058,39.585141688585,995.80000000001],[-120.81063453108,39.585136659443,995.80000000001],[-120.81062380224,39.585137749091,995.80000000001],[-120.81058340147,39.585149819031,995.80000000001],[-120.81057870761,39.585151243955,995.80000000001],[-120.81058105454,39.58514562808,995.80000000001],[-120.81058675423,39.585152333602,995.80000000001],[-120.81057309173,39.585154596716,995.80000000001],[-120.81057284027,39.585154848173,995.80000000001],[-120.81056118943,39.585155937821,995.80000000001],[-120.81055657938,39.58515602164,995.80000000001],[-120.81052246504,39.58515862003,994.40000000001],[-120.8105306793,39.585161302239,994.40000000001],[-120.81053537317,39.585153087974,994.40000000001],[-120.81054073758,39.585141772404,997.30000000001],[-120.81054149196,39.585140347481,997.30000000001],[-120.81053176895,39.585142694414,993.90000000001],[-120.81053428352,39.585155183449,994.40000000001],[-120.81057015806,39.585169600323,995.80000000001],[-120.81055758521,39.585190387443,995.80000000001],[-120.810581306,39.585211509839,995.80000000001],[-120.81057460047,39.585206899792,995.80000000001],[-120.81060091965,39.58517245017,995.80000000001],[-120.81060217693,39.585156440735,995.80000000001],[-120.81060586497,39.585137162358,997.30000000001],[-120.81063888967,39.585082596168,997.30000000001],[-120.81066068262,39.585048733279,997.60000000001],[-120.81066998653,39.58500883542,997.10000000001],[-120.81067753024,39.584975307807,997.10000000001],[-120.81068607979,39.58494647406,995.90000000001],[-120.8106914442,39.584919232875,995.90000000001],[-120.81069571897,39.584795180708,995.00000000001],[-120.81069856882,39.584732148796,995.40000000001],[-120.8106865827,39.584617065266,997.30000000001],[-120.81065271981,39.584479853511,1004.3],[-120.8106068708,39.584453785792,999.20000000001],[-120.81060058437,39.584425203502,999.20000000001],[-120.81059186719,39.584384132177,1003.0],[-120.81057183444,39.584327051416,1003.0],[-120.81051743589,39.584277933463,1001.4],[-120.81047116779,39.584217416123,1005.3],[-120.8104236424,39.58415966481,999.90000000001],[-120.81032314338,39.584007617086,1001.4],[-120.81013463438,39.583856826648,997.40000000001],[-120.81003338099,39.583809217438,996.20000000001],[-120.80994386226,39.583761105314,994.30000000001],[-120.80980380066,39.583670664579,992.60000000001],[-120.80974051729,39.58362816833,992.60000000001],[-120.80969517119,39.583600256592,991.70000000001],[-120.80962610431,39.583565639332,987.40000000001],[-120.80956072547,39.583536218852,987.40000000001],[-120.8094331529,39.583480730653,978.00000000001],[-120.80937867053,39.583390206099,979.50000000001],[-120.80938193947,39.583223992959,980.50000000001],[-120.80940331332,39.583165738732,981.00000000001],[-120.80941630527,39.583123661578,981.00000000001],[-120.80943223089,39.583081752062,981.40000000001],[-120.80945318565,39.583041351289,983.70000000001],[-120.80946877599,39.5830057282,983.10000000001],[-120.80948679708,39.58297287114,983.10000000001],[-120.80958888866,39.582855524495,983.70000000001],[-120.80961277708,39.582811435685,980.30000000001],[-120.80963155255,39.582764916122,980.30000000001],[-120.8096775692,39.582657041028,972.30000000001],[-120.80971277319,39.582614209503,972.30000000001],[-120.80975049175,39.582580262795,973.20000000001],[-120.80982383341,39.582517733797,974.20000000001],[-120.80985803157,39.582482697442,974.20000000001],[-120.80988083035,39.582454953343,972.20000000001],[-120.80989290029,39.582423772663,972.20000000001],[-120.80991226248,39.582347497344,971.30000000001],[-120.80992458388,39.582307934761,974.20000000001],[-120.80993791111,39.582282789052,973.20000000001],[-120.80993330106,39.582234676927,973.20000000001],[-120.80993866548,39.582183295861,972.40000000001],[-120.8099383302,39.582133255899,972.40000000001],[-120.8099295292,39.582116575912,972.40000000001],[-120.80992206931,39.582094028592,971.30000000001],[-120.80991704017,39.582065362483,968.80000000001],[-120.80992441624,39.582040300593,971.30000000001],[-120.80994369462,39.582022530958,969.50000000001],[-120.80996179953,39.582012053579,969.50000000001],[-120.81001603045,39.581993110478,971.30000000001],[-120.81007336266,39.581980369985,971.30000000001],[-120.81019188277,39.582004342228,973.50000000001],[-120.81022784114,39.582022950053,973.50000000001],[-120.81025432795,39.582050107419,977.10000000001],[-120.81028710119,39.582073828205,977.70000000001],[-120.81040478311,39.582126885653,979.90000000001],[-120.81044585444,39.582133255899,979.90000000001],[-120.81051869318,39.582147672772,978.60000000001],[-120.81056102179,39.582159407437,976.50000000001],[-120.81062036566,39.582179272547,976.50000000001],[-120.81077434123,39.582194779068,968.80000000001],[-120.81084315665,39.582195030525,964.70000000001],[-120.81090476364,39.582193354145,964.70000000001],[-120.81099084578,39.582193018869,961.80000000001],[-120.81110618077,39.582173740491,960.50000000001],[-120.8111864794,39.582150354981,960.20000000001],[-120.81125806086,39.582126969472,960.10000000001],[-120.81130810082,39.582110960037,952.80000000001],[-120.81132662483,39.582096626982,952.80000000001],[-120.81135051325,39.582081371918,952.80000000001],[-120.81137096509,39.58207081072,952.80000000001],[-120.81138144247,39.582064356655,952.80000000001],[-120.81140583381,39.582061003894,955.10000000001],[-120.81141337752,39.58206133917,955.10000000001],[-120.81142100506,39.582058824599,955.10000000001],[-120.811442798,39.582053963095,955.10000000001],[-120.81144975498,39.582052789629,955.10000000001],[-120.81145042554,39.582052370533,955.10000000001],[-120.81145713106,39.582042396069,955.10000000001],[-120.81144799478,39.582036612555,955.10000000001],[-120.81142854877,39.582037283108,955.10000000001],[-120.81142620184,39.582037283108,955.10000000001],[-120.81142536364,39.58204055205,955.10000000001],[-120.81142318435,39.582023369148,950.10000000001],[-120.81142284907,39.581975508481,950.10000000001],[-120.81143517047,39.581950111315,950.10000000001],[-120.81145780161,39.581930413842,946.90000000001],[-120.81148412079,39.581909207627,950.30000000001],[-120.81151228398,39.581890013069,950.30000000001],[-120.81153650768,39.581873835996,950.30000000001],[-120.81155746244,39.581856233999,950.30000000001],[-120.81157506444,39.581847097725,953.10000000001],[-120.81159333698,39.58183192648,953.10000000001],[-120.81161722541,39.58177736029,953.10000000001],[-120.81162787043,39.581748191267,950.90000000001],[-120.81162342802,39.581711478531,950.90000000001],[-120.81161211245,39.581652134657,949.30000000001],[-120.81160817295,39.581580385566,948.50000000001],[-120.81160389818,39.581462871283,947.90000000001],[-120.81159928814,39.581413920969,947.90000000001],[-120.8115956001,39.581368491054,947.30000000001],[-120.81158302724,39.581335717812,947.30000000001],[-120.81156073138,39.581302022561,946.70000000001],[-120.81156307831,39.58126489073,946.70000000001],[-120.81157070585,39.581233626232,946.70000000001],[-120.8115731366,39.581207055598,946.20000000001],[-120.81157062203,39.581176880747,946.20000000001],[-120.81156626344,39.581148382276,946.20000000001],[-120.81154991873,39.581116195768,945.80000000001],[-120.81155092455,39.581106388941,945.80000000001],[-120.81153290346,39.581095576286,943.60000000001],[-120.81151513383,39.581048721448,943.60000000001],[-120.81152385101,39.581021564081,943.50000000001],[-120.81153156236,39.580997005105,943.50000000001],[-120.81154556014,39.580965321511,943.50000000001],[-120.81156576052,39.58092215471,945.30000000001],[-120.8115956001,39.580894997343,945.30000000001],[-120.81161051989,39.580873791128,945.30000000001],[-120.81165335141,39.58082341589,949.30000000001],[-120.81167279743,39.580793492496,949.30000000001],[-120.81168612465,39.580763233826,949.30000000001],[-120.81169618294,39.580734819174,948.70000000001],[-120.8117043972,39.580707997084,948.70000000001],[-120.81170557067,39.580687880516,948.70000000001],[-120.81169794314,39.580655945465,947.50000000001],[-120.81169266254,39.580612359568,947.50000000001],[-120.81170020625,39.580566091463,946.10000000001],[-120.81170707941,39.580531222746,946.10000000001],[-120.81170900725,39.580501634628,946.10000000001],[-120.81170951016,39.580475818366,944.90000000001],[-120.81171135418,39.580434914678,944.90000000001],[-120.81172040664,39.580399459228,944.90000000001],[-120.81173046492,39.580358471721,943.70000000001],[-120.81174245104,39.580306587741,943.70000000001],[-120.81175058149,39.580242550001,942.40000000001],[-120.81177949905,39.580184211954,944.00000000001],[-120.81182283349,39.580089999363,942.00000000001],[-120.8118634019,39.580021603033,945.20000000001],[-120.81190296449,39.579923283309,941.10000000001],[-120.81194504164,39.579839715734,939.00000000001],[-120.81200455315,39.579753885046,939.00000000001],[-120.81208627671,39.579682387412,939.20000000001],[-120.81217546016,39.57962363027,939.60000000001],[-120.81227537245,39.579563615844,939.00000000001],[-120.81234921701,39.579522963613,939.80000000001],[-120.81241224892,39.579483568668,939.80000000001],[-120.81245826557,39.579448532313,942.60000000001],[-120.81251450814,39.579420872033,940.60000000001],[-120.81257502548,39.579404192045,940.60000000001],[-120.81263931468,39.579383404925,939.20000000001],[-120.8127015084,39.579357337207,942.10000000001],[-120.81276680343,39.579330012202,942.10000000001],[-120.8128367085,39.579294892028,940.00000000001],[-120.81291658804,39.579258682206,944.00000000001],[-120.81299663521,39.579212414101,941.40000000001],[-120.81308959052,39.579178467393,946.50000000001],[-120.81315480173,39.579148627818,943.00000000001],[-120.81321774982,39.579135216773,943.00000000001],[-120.81330299377,39.57912767306,939.80000000001],[-120.81339410506,39.579109819606,942.30000000001],[-120.81347381696,39.579094229266,939.10000000001],[-120.81355528906,39.579081572592,937.50000000001],[-120.81358462572,39.579074531794,937.50000000001],[-120.81360667013,39.579061539844,937.50000000001],[-120.81362854689,39.579042932019,937.10000000001],[-120.81364698708,39.579017199576,937.30000000001],[-120.81365427934,39.578982330859,937.30000000001],[-120.81365930848,39.578940840438,937.30000000001],[-120.81366844475,39.578900188208,939.90000000001],[-120.81368730403,39.578866409138,939.90000000001],[-120.81369954161,39.578840089962,937.30000000001],[-120.81371462904,39.578818883747,939.90000000001],[-120.8137457259,39.57879784517,939.90000000001],[-120.81377564929,39.578774794936,939.90000000001],[-120.81380339339,39.578751493245,937.00000000001],[-120.81384320743,39.578712685034,938.80000000001],[-120.81387313083,39.578671697527,938.80000000001],[-120.81392509863,39.578626099974,936.90000000001],[-120.81397321075,39.578596092761,936.70000000001],[-120.81403926015,39.578557368368,936.70000000001],[-120.81413473003,39.578517554328,937.60000000001],[-120.81419683993,39.57848017104,941.40000000001],[-120.81422584131,39.578441446647,939.60000000001],[-120.8142530825,39.578402135521,943.70000000001],[-120.81427437253,39.57835896872,943.30000000001],[-120.81428828649,39.578321920708,943.30000000001],[-120.81430136226,39.578283112496,943.30000000001],[-120.81430932507,39.578234581277,943.90000000001],[-120.81430907361,39.5781875588,944.40000000001],[-120.81430345774,39.578149337322,944.40000000001],[-120.81429524347,39.578053783625,944.60000000001],[-120.81430312246,39.578010365367,944.90000000001],[-120.81431569532,39.577926462516,944.90000000001],[-120.81431200728,39.577895784751,945.20000000001],[-120.81430932507,39.577861335129,945.20000000001],[-120.8143063914,39.577823029831,945.20000000001],[-120.81430957653,39.577776677907,945.40000000001],[-120.81430127844,39.577722279355,945.80000000001],[-120.81426800229,39.577651200816,945.80000000001],[-120.81427135505,39.577605687082,946.00000000001],[-120.81429826096,39.577478030697,945.70000000001],[-120.81430647522,39.577413322404,944.90000000001],[-120.81430027261,39.577348111197,943.90000000001],[-120.8143103309,39.577286504209,943.90000000001],[-120.81432902254,39.577109729871,940.90000000001],[-120.81438031979,39.577020546421,942.60000000001],[-120.8144177869,39.576979810372,940.10000000001],[-120.81444796175,39.576939912513,943.40000000001],[-120.814464055,39.576894817874,940.80000000001],[-120.81447847188,39.576841341332,940.80000000001],[-120.81450043246,39.576779315248,937.70000000001],[-120.81456178799,39.576727012172,940.10000000001],[-120.81464979798,39.576676469296,937.90000000001],[-120.81473738886,39.576632715762,939.40000000001],[-120.81480377354,39.576602037996,935.50000000001],[-120.81486697309,39.576576305553,935.50000000001],[-120.81493847072,39.576552836224,936.70000000001],[-120.81510996446,39.576507406309,932.70000000001],[-120.81519328058,39.576501958072,932.70000000001],[-120.81533392891,39.576495923102,932.70000000001],[-120.81541649066,39.576480919495,932.50000000001],[-120.8155117929,39.576462563127,932.20000000001],[-120.81562796608,39.576450996101,931.90000000001],[-120.81593717448,39.576450660825,931.50000000001],[-120.81610875204,39.576470693573,931.60000000001],[-120.81649473868,39.576492989436,932.90000000001],[-120.81655550748,39.576493659988,935.90000000001],[-120.81660873257,39.576474633068,935.90000000001],[-120.8166555874,39.576459629461,939.40000000001],[-120.81669699401,39.576448146254,932.20000000001],[-120.81673982553,39.576439345255,932.20000000001],[-120.8167890273,39.57643289119,936.00000000001],[-120.81689313054,39.576416965574,940.50000000001],[-120.81706730649,39.576366674155,945.00000000001],[-120.81710418686,39.576349155977,945.00000000001],[-120.81712958403,39.5763281174,950.30000000001],[-120.81715816632,39.576303642243,950.30000000001],[-120.81718943082,39.576277742162,944.20000000001],[-120.8172241319,39.576253853738,950.10000000001],[-120.81726352684,39.576233234257,950.10000000001],[-120.8172897622,39.576222086325,950.10000000001],[-120.81730887294,39.576212028041,954.80000000001],[-120.81732488237,39.576201969758,954.80000000001],[-120.81735128537,39.576190738007,954.80000000001],[-120.81736209802,39.576183026657,954.80000000001],[-120.81738330424,39.576168358326,950.70000000001],[-120.81740467809,39.576165005565,955.50000000001],[-120.81742973998,39.576158216223,955.50000000001],[-120.81743745133,39.576153606176,955.50000000001],[-120.81744465977,39.576156120747,955.50000000001],[-120.81745547242,39.576162658632,955.50000000001],[-120.81745957956,39.576166514307,955.50000000001],[-120.81746184267,39.576166430488,955.50000000001],[-120.81745069474,39.576178835705,958.80000000001],[-120.81744734198,39.576177578419,958.80000000001],[-120.81744147465,39.576173303649,958.80000000001],[-120.81743485294,39.576170453802,958.80000000001],[-120.81742202863,39.576162155718,955.50000000001],[-120.8174249623,39.576159473509,955.50000000001],[-120.81742286682,39.576147906482,955.50000000001],[-120.81745262258,39.576135836542,955.50000000001],[-120.81747223623,39.576124604791,955.50000000001],[-120.81749000587,39.576110942289,959.50000000001],[-120.81750526093,39.576093088835,959.50000000001],[-120.81751590595,39.576074564829,959.50000000001],[-120.81752831116,39.576056124642,956.20000000001],[-120.81753878854,39.576028967276,956.20000000001],[-120.81755119376,39.576006922871,956.20000000001],[-120.81757960841,39.575981525704,957.40000000001],[-120.81760609522,39.575960990041,957.40000000001],[-120.81763274968,39.57594037056,957.40000000001],[-120.81764733419,39.575916901231,957.40000000001],[-120.8176359348,39.575888235122,954.90000000001],[-120.81765403971,39.575854875147,959.30000000001],[-120.81767172553,39.575820509344,959.30000000001],[-120.81768807024,39.575791005045,959.30000000001],[-120.81771363504,39.575763428584,957.20000000001],[-120.81772687845,39.575733002275,957.20000000001],[-120.81774900667,39.575710371137,961.40000000001],[-120.81777205691,39.575682627037,960.10000000001],[-120.81780164503,39.575654380023,960.10000000001],[-120.81782511435,39.575633676723,960.10000000001],[-120.81784715876,39.575600316748,964.90000000001],[-120.81786652096,39.575556395575,964.90000000001],[-120.81786987372,39.575527310371,964.90000000001],[-120.8178680297,39.575495962054,965.20000000001],[-120.81786442548,39.575468469411,965.20000000001],[-120.81786434166,39.575440306216,965.20000000001],[-120.8178697899,39.575402503833,966.00000000001],[-120.81787481904,39.575365791097,966.00000000001],[-120.81789133139,39.575339388102,966.00000000001],[-120.81790901721,39.575311476365,967.90000000001],[-120.81791019067,39.575275015086,967.90000000001],[-120.81790599972,39.575228495523,971.00000000001],[-120.81789921038,39.575176779181,971.00000000001],[-120.81789376214,39.575142916292,975.40000000001],[-120.8178904932,39.575102766976,975.40000000001],[-120.81787825562,39.575066808611,975.40000000001],[-120.81786107272,39.575032023713,979.70000000001],[-120.81784950569,39.5750002563,979.70000000001],[-120.81783416681,39.57496991381,979.70000000001],[-120.81781111658,39.574930183589,980.70000000001],[-120.81778722815,39.574883999303,980.70000000001],[-120.81776208244,39.574847538024,984.60000000001],[-120.81773165613,39.574812082574,981.90000000001],[-120.81769393757,39.574793642387,981.90000000001],[-120.81764834002,39.574780734256,983.60000000001],[-120.81759125926,39.574772436172,980.90000000001],[-120.81755035557,39.574767658487,979.10000000001],[-120.81751699559,39.574759947136,979.10000000001],[-120.8174804505,39.574749050662,979.10000000001],[-120.81744315103,39.574747374281,977.20000000001],[-120.81741456874,39.5747474581,977.20000000001],[-120.81738112494,39.574740417302,977.20000000001],[-120.81734952517,39.574731197208,974.70000000001],[-120.81732069142,39.574722647667,974.70000000001],[-120.81728548743,39.574711415917,974.70000000001],[-120.81725288182,39.574706722051,972.40000000001],[-120.81722094677,39.574696747586,972.40000000001],[-120.81717400812,39.574670009315,971.60000000001],[-120.81711466424,39.574636565521,971.60000000001],[-120.81706185825,39.574603457004,971.00000000001],[-120.81700326875,39.574579400942,969.80000000001],[-120.8169330284,39.574540844187,969.00000000001],[-120.81688583829,39.574503963813,962.80000000001],[-120.81684359349,39.574453337118,962.80000000001],[-120.81686781719,39.574415031821,962.80000000001],[-120.81693269312,39.574379492551,954.50000000001],[-120.8169885166,39.574359292164,954.50000000001],[-120.81717149355,39.574275137857,947.90000000001],[-120.81737115048,39.574204310775,942.80000000001],[-120.81758765504,39.574123928323,941.70000000001],[-120.81781019457,39.57404974848,945.60000000001],[-120.81805352122,39.57396064885,946.20000000001],[-120.81816818565,39.573907759041,942.90000000001],[-120.81827916205,39.573854366317,946.90000000001],[-120.81836465746,39.57379871048,943.10000000001],[-120.81842551008,39.573760069907,940.70000000001],[-120.81851117313,39.573702821508,947.50000000001],[-120.81857747398,39.573647417128,941.20000000001],[-120.81864293665,39.573584469035,947.70000000001],[-120.81868484616,39.573518419638,948.80000000001],[-120.81872482784,39.573461925611,946.20000000001],[-120.81879423,39.573392691091,949.10000000001],[-120.81893563271,39.573256736621,953.50000000001],[-120.81893320195,39.57321273163,952.40000000001],[-120.81895130686,39.573157243431,958.80000000001],[-120.81896438263,39.573097731918,958.20000000001],[-120.81895440817,39.573057414964,958.20000000001],[-120.81895356998,39.573007207364,957.70000000001],[-120.81894510426,39.572941074148,950.50000000001],[-120.81891702488,39.572819620371,949.90000000001],[-120.81883446313,39.572717277333,944.20000000001],[-120.8188043721,39.572642929852,944.70000000001],[-120.8187876083,39.572567995638,944.70000000001],[-120.81877654418,39.572469592094,946.00000000001],[-120.81877553836,39.572392646223,946.00000000001],[-120.81875785254,39.572320729494,941.00000000001],[-120.81867587753,39.57215577364,944.70000000001],[-120.81864226609,39.572071703151,939.70000000001],[-120.81860865466,39.571987884119,940.80000000001],[-120.81857864745,39.571907501668,940.80000000001],[-120.81854226999,39.571821335703,938.10000000001],[-120.81851226278,39.571748161688,937.40000000001],[-120.81846448593,39.571675239131,934.60000000001],[-120.81843422726,39.571627210826,932.30000000001],[-120.81839701161,39.571598712355,932.30000000001],[-120.81842794083,39.571566777304,932.30000000001],[-120.81851536408,39.571564681828,930.70000000001],[-120.81859004684,39.57156711258,929.20000000001],[-120.81864561886,39.571569543332,929.20000000001],[-120.81871367991,39.571570381522,927.60000000001],[-120.81882432103,39.571557473391,926.50000000001],[-120.81892951392,39.571542385966,926.60000000001],[-120.81902112812,39.571495447308,921.20000000001],[-120.8190950565,39.571482790634,921.50000000001],[-120.81919572316,39.571471642703,922.10000000001],[-120.81927250139,39.571453537792,923.30000000001],[-120.81944659352,39.571353960782,915.60000000001],[-120.81950870343,39.57128749229,918.90000000001],[-120.81959662959,39.571188166738,913.30000000001],[-120.81962915137,39.571136785671,913.10000000001],[-120.81965949386,39.571086745709,913.10000000001],[-120.81967826933,39.571038885042,910.60000000001],[-120.81969302148,39.570989515632,908.30000000001],[-120.81971137784,39.570925142616,911.20000000001],[-120.81975295208,39.57076203078,906.50000000001],[-120.8197913412,39.57067552954,904.60000000001],[-120.81983945332,39.570593554527,902.60000000001],[-120.81989469007,39.570524236187,902.10000000001],[-120.8199710492,39.570446871221,902.50000000001],[-120.82008236088,39.570333380252,901.30000000001],[-120.82015394233,39.570293063298,901.40000000001],[-120.82023591734,39.570266241208,901.40000000001],[-120.82032258622,39.570254255086,902.20000000001],[-120.82039400004,39.570241011679,901.50000000001],[-120.82047505304,39.57024092786,902.70000000001],[-120.82061603665,39.570248890668,907.40000000001],[-120.82072131336,39.570272611454,909.10000000001],[-120.82089833915,39.570350311697,909.10000000001],[-120.82095340826,39.570384006947,909.10000000001],[-120.8209945634,39.570400770754,907.70000000001],[-120.82103781402,39.570413678885,907.70000000001],[-120.82106706686,39.57041753456,907.70000000001],[-120.82110671327,39.570413511246,906.30000000001],[-120.82114300691,39.570401189849,906.30000000001],[-120.82118642516,39.570385096595,904.90000000001],[-120.82122062333,39.570367829874,904.90000000001],[-120.82124694251,39.570345953107,904.90000000001],[-120.821259683,39.570323070511,902.70000000001],[-120.82127125002,39.570298679173,902.70000000001],[-120.8212979883,39.570258026943,902.70000000001],[-120.82131525502,39.570232462138,902.10000000001],[-120.82134098746,39.570200610906,902.10000000001],[-120.82136873156,39.570174878463,901.20000000001],[-120.82147476263,39.570088041946,899.70000000001],[-120.82156922668,39.569986369461,898.00000000001],[-120.8216331806,39.569891989231,896.90000000001],[-120.8217582386,39.569780845195,896.30000000001],[-120.8218185883,39.569745138288,895.50000000001],[-120.82189628854,39.569702809677,895.10000000001],[-120.8220925089,39.569626450539,894.90000000001],[-120.82217104733,39.569617314264,895.00000000001],[-120.82227992825,39.569612201303,894.60000000001],[-120.82237355411,39.569615721703,893.80000000001],[-120.82245075144,39.569621756673,893.20000000001],[-120.82255577669,39.569631228223,893.80000000001],[-120.82264462486,39.56963843666,895.10000000001],[-120.82279826514,39.569639526308,896.60000000001],[-120.82284377888,39.569620499387,898.00000000001],[-120.82288568839,39.56958739087,896.40000000001],[-120.82293287851,39.569544894621,897.90000000001],[-120.82297629677,39.569498626515,896.10000000001],[-120.82302331924,39.56945755519,897.60000000001],[-120.82308450714,39.569413214922,897.60000000001],[-120.8231191244,39.569377088919,897.30000000001],[-120.8231587708,39.569327970967,897.30000000001],[-120.82322121598,39.56921598874,895.50000000001],[-120.82324711606,39.569172821939,895.50000000001],[-120.82342632115,39.568980121985,895.40000000001],[-120.82346722484,39.568937541917,895.50000000001],[-120.82349488512,39.568909965456,895.50000000001],[-120.82352464087,39.568879706785,895.50000000001],[-120.82355012186,39.568855399266,896.90000000001],[-120.82356596366,39.568836539984,895.60000000001],[-120.82356780767,39.568820279092,895.60000000001],[-120.82356126979,39.568805275485,895.60000000001],[-120.82356998697,39.56878490746,895.60000000001],[-120.82358029671,39.568745680153,894.50000000001],[-120.82364567555,39.568663621321,894.70000000001],[-120.82367819734,39.568624477834,894.70000000001],[-120.82371382043,39.568587262183,894.70000000001],[-120.82381716929,39.568464718759,894.30000000001],[-120.82388799638,39.56839020364,894.60000000001],[-120.82392672077,39.568347372115,895.70000000001],[-120.82396594808,39.568297415972,895.70000000001],[-120.8240259625,39.568213764578,896.10000000001],[-120.82405462861,39.568153414875,895.50000000001],[-120.82417147234,39.567977227271,895.30000000001],[-120.82424464636,39.567899191752,895.90000000001],[-120.82432343625,39.567826101556,896.40000000001],[-120.82436794415,39.567785281688,896.40000000001],[-120.824398119,39.567763069645,897.60000000001],[-120.82443223335,39.567736247554,896.90000000001],[-120.82446123473,39.56770892255,896.90000000001],[-120.82449132577,39.567676652223,898.20000000001],[-120.82452066243,39.567639604211,897.40000000001],[-120.82473850809,39.567337771878,896.60000000001],[-120.82477429882,39.567291503772,898.80000000001],[-120.82485359162,39.567229226232,900.20000000001],[-120.82488150336,39.567201398313,900.20000000001],[-120.82491125911,39.567162590101,899.00000000001],[-120.82494746894,39.567126212642,901.70000000001],[-120.82500111312,39.567086063325,900.90000000001],[-120.82504930906,39.567050859332,903.60000000001],[-120.82508979365,39.567022863775,903.60000000001],[-120.82514042035,39.566988497972,905.40000000001],[-120.825186437,39.566960502416,905.40000000001],[-120.82523421384,39.566932590678,907.80000000001],[-120.82533714361,39.56687098369,909.80000000001],[-120.82543060184,39.566786326468,911.80000000001],[-120.82548818551,39.566679205745,914.00000000001],[-120.82550293766,39.566613323987,913.60000000001],[-120.82550511695,39.566575940698,913.60000000001],[-120.82551525906,39.566528750584,912.70000000001],[-120.82551400177,39.566467143595,912.70000000001],[-120.82550872117,39.566413834691,911.80000000001],[-120.82550478168,39.566360777244,911.00000000001],[-120.82551651634,39.566311826929,911.00000000001],[-120.82552263513,39.566272096708,910.30000000001],[-120.82552623935,39.566236976534,910.30000000001],[-120.82553470507,39.566206550226,907.10000000001],[-120.82554367371,39.566171681508,906.50000000001],[-120.82555348054,39.566139746457,906.50000000001],[-120.82556622103,39.566112169996,908.80000000001],[-120.82557954825,39.566081240773,908.10000000001],[-120.82559027709,39.566048551351,908.10000000001],[-120.82559362985,39.566009324044,908.10000000001],[-120.82559631206,39.565966995433,907.60000000001],[-120.8255978208,39.565921146423,907.60000000001],[-120.82560989074,39.565874459222,907.10000000001],[-120.82561609335,39.565826011822,906.50000000001],[-120.82562615164,39.565772535279,906.50000000001],[-120.82564861514,39.565710425377,905.50000000001],[-120.82566118799,39.565663486719,905.50000000001],[-120.82567602396,39.565607076511,906.70000000001],[-120.82569035701,39.565537171438,905.70000000001],[-120.82569681108,39.5654885564,905.70000000001],[-120.82569454797,39.565422926098,904.20000000001],[-120.82568801008,39.56534572877,902.30000000001],[-120.8256832324,39.565272387117,900.00000000001],[-120.82568415441,39.565195525065,900.00000000001],[-120.82568859681,39.565115896985,897.20000000001],[-120.82569412887,39.56503752619,895.20000000001],[-120.82570401952,39.564961167052,894.30000000001],[-120.82569505088,39.564887657762,894.20000000001],[-120.82570192404,39.564818423241,894.40000000001],[-120.82570360042,39.564742483199,894.40000000001],[-120.82570242696,39.564656903967,894.70000000001],[-120.8256951347,39.564585909247,895.10000000001],[-120.82567552105,39.564505359158,895.40000000001],[-120.82563528791,39.564301092178,895.00000000001],[-120.82561969757,39.564259685576,895.30000000001],[-120.82560259849,39.564209477976,895.30000000001],[-120.82558390684,39.564149631187,894.40000000001],[-120.82555934787,39.564006803557,894.60000000001],[-120.82555985078,39.563921811059,894.80000000001],[-120.82555423491,39.563839333132,894.90000000001],[-120.82553302869,39.56351830624,895.00000000001],[-120.82553914748,39.563443288207,895.10000000001],[-120.82554610446,39.563366929069,895.20000000001],[-120.82555431873,39.563316386193,895.10000000001],[-120.82555959933,39.563278499991,895.10000000001],[-120.82555423491,39.563233070076,895.10000000001],[-120.82555448636,39.563205325976,895.10000000001],[-120.82554895431,39.563182108104,895.10000000001],[-120.82554593682,39.563168864697,895.10000000001],[-120.82554870285,39.5631547831,895.10000000001],[-120.82554912195,39.563133576885,894.90000000001],[-120.8255493734,39.563100133091,894.90000000001],[-120.82554618828,39.563058223575,894.90000000001],[-120.82556538284,39.56287692301,894.60000000001],[-120.82560502924,39.5627288986,895.50000000001],[-120.82562916912,39.562650024891,895.10000000001],[-120.82565238699,39.562599482015,895.10000000001],[-120.82573092543,39.562435699627,895.20000000001],[-120.82581399009,39.562288094312,894.60000000001],[-120.82583092153,39.562241155654,894.60000000001],[-120.82584064454,39.562186924741,893.90000000001],[-120.8258576598,39.562136549503,893.90000000001],[-120.82593536004,39.562011156231,893.20000000001],[-120.8259809576,39.561960026622,894.10000000001],[-120.82602320239,39.561917027459,893.20000000001],[-120.82607357763,39.561832537875,893.10000000001],[-120.8261143975,39.561740001664,892.10000000001],[-120.82613887265,39.561682837084,892.10000000001],[-120.8261831291,39.561580410227,891.80000000001],[-120.82620567642,39.561537830159,890.40000000001],[-120.82622746937,39.561497345567,890.40000000001],[-120.82623828202,39.561464320868,888.90000000001],[-120.82626191899,39.56141914241,889.80000000001],[-120.8262905851,39.561385782436,889.80000000001],[-120.82631288096,39.561355691403,888.20000000001],[-120.82634154707,39.561327947304,889.00000000001],[-120.82637934946,39.561300035566,889.00000000001],[-120.82642880268,39.56127195619,888.20000000001],[-120.82651027478,39.56121403724,888.20000000001],[-120.82672510296,39.560999041423,885.40000000001],[-120.82676793449,39.560963166878,885.40000000001],[-120.82680623978,39.560929639265,885.90000000001],[-120.82684278488,39.560904661193,884.30000000001],[-120.82687010989,39.560893848538,884.30000000001],[-120.82688989118,39.560885718092,884.30000000001],[-120.82691084594,39.560874486342,884.80000000001],[-120.82695476711,39.560857890174,884.80000000001],[-120.82698460668,39.560834672302,884.80000000001],[-120.82711896859,39.560695951805,883.20000000001],[-120.82717076875,39.560656053945,883.20000000001],[-120.82723589614,39.560613892972,882.70000000001],[-120.82733547315,39.560558488593,882.90000000001],[-120.82738341764,39.560536528006,882.30000000001],[-120.82742314786,39.560522865504,882.30000000001],[-120.82747913897,39.560507023707,882.60000000001],[-120.82768960856,39.560408284888,882.10000000001],[-120.82774316892,39.560389174148,882.20000000001],[-120.82778734155,39.56037693657,882.20000000001],[-120.82784643397,39.560377858579,882.40000000001],[-120.82789974287,39.560376098379,882.40000000001],[-120.82794643007,39.560367884114,882.50000000001],[-120.82799194381,39.560357574373,881.70000000001],[-120.82803309895,39.560345001519,881.80000000001],[-120.82806754857,39.560333099216,881.80000000001],[-120.82808406092,39.560325052589,881.80000000001],[-120.82809411921,39.560317089781,881.80000000001],[-120.82810987718,39.560310970992,881.80000000001],[-120.8281289041,39.56030854024,881.80000000001],[-120.82825815305,39.560305271298,882.00000000001],[-120.82833283581,39.56028859131,882.20000000001],[-120.8284961991,39.560265373439,882.40000000001],[-120.8285618294,39.560261517763,882.50000000001],[-120.82876819186,39.56028339453,882.80000000001],[-120.82882862538,39.560289764777,882.80000000001],[-120.82888168283,39.560292614624,882.90000000001],[-120.8289238438,39.560299236327,882.90000000001],[-120.82902400754,39.56026528962,883.00000000001],[-120.82906524651,39.560248106718,882.30000000001],[-120.82910128869,39.560228409246,882.30000000001],[-120.82912903279,39.560202592984,882.20000000001],[-120.82914194092,39.560195719823,882.20000000001],[-120.82914076746,39.560187002644,882.20000000001],[-120.82914110273,39.560185493901,882.20000000001],[-120.82913716324,39.560182392597,882.20000000001],[-120.82913917489,39.560182560235,882.20000000001],[-120.82914386876,39.560188259929,882.20000000001],[-120.82914378494,39.560196474195,882.20000000001],[-120.82914261147,39.560198988765,882.20000000001],[-120.82914428785,39.56019856967,882.20000000001],[-120.82914261147,39.560199743137,882.20000000001],[-120.82913808525,39.560200832784,882.20000000001],[-120.82913406193,39.560199910775,882.20000000001],[-120.82913012244,39.560197144747,882.20000000001]]}}
