{"type":"Feature","properties":{"name":"Houghtastic - Classic, mid tollgate, acorn grotto, huffleberry","sourceLabel":"Trailforks ride log","sourceUrl":"https://www.trailforks.com/ridelog/view/111153927/","retrievedAt":"2026-09-28","gpxSha256":"b5bc31696580f2991beab14c7681e32a7c0ea5c24042e6d13654dcc88d7b80e3","dataUsePolicy":"https://www.trailforks.com/about/data/","licenseNote":"Downloaded through the source page export. No agreement checkbox was presented for this ride-log or route-plan export. Trailforks attribution retained; commercial permission has not been established.","elevationSource":"Original GPX recording"},"geometry":{"type":"LineString","coordinates":[[-120.90096713975,39.969757972285,1133.5],[-120.90097015724,39.96976191178,1133.5],[-120.90097501874,39.969750931486,1133.5],[-120.90096496046,39.969730144367,1133.5],[-120.90097351,39.969709776342,1134.8],[-120.90098633431,39.969692761078,1134.8],[-120.90101290494,39.969646241516,1134.8],[-120.9010078758,39.969605254009,1135.5],[-120.9010289982,39.969603242353,1134.5],[-120.90103821829,39.969610786065,1134.5],[-120.90104014613,39.969618665054,1134.5],[-120.9010334406,39.969591759145,1134.5],[-120.90103327297,39.969586646184,1134.5],[-120.90103595518,39.969588154927,1134.5],[-120.9010409005,39.969600392506,1134.5],[-120.90103863738,39.969614390284,1134.5],[-120.90101726353,39.96959393844,1135.5],[-120.90101407841,39.969590837136,1135.5],[-120.90101634152,39.96959653683,1135.5],[-120.90102765709,39.969607600942,1135.5],[-120.90103989467,39.969618748873,1134.5],[-120.9010422416,39.969677841291,1133.8],[-120.90104383416,39.969680188224,1133.8],[-120.90104408562,39.969670800492,1133.8],[-120.90104173869,39.969653114676,1133.8],[-120.90104140341,39.969705753028,1133.8],[-120.90104274452,39.969694688916,1133.8],[-120.9010444209,39.96967448853,1133.8],[-120.90105263516,39.969602655619,1134.5],[-120.90102966875,39.969640793279,1134.8],[-120.90102514252,39.969638781622,1134.8],[-120.90100469068,39.969603074715,1135.5],[-120.90099974535,39.969591172412,1135.5],[-120.90100376867,39.969584131613,1135.5],[-120.90097711422,39.969565691426,1135.5],[-120.90098750778,39.96951607056,1135.8],[-120.9009889327,39.969479190186,1135.8],[-120.9009387251,39.96952034533,1136.7],[-120.90087720193,39.969557225704,1136.3],[-120.90080964379,39.969543395564,1137.5],[-120.90077837929,39.969537192956,1137.5],[-120.90073848143,39.969526715577,1138.3],[-120.90070160106,39.969526967034,1138.3],[-120.90062214062,39.969524368644,1139.0],[-120.90057855472,39.969526212662,1139.0],[-120.90046489611,39.969531157985,1140.6],[-120.90041695163,39.969539791346,1140.6],[-120.90037344955,39.969540964812,1142.0],[-120.90033221059,39.969534762204,1142.0],[-120.90028669685,39.969530822709,1143.2],[-120.90024034493,39.969529984519,1143.2],[-120.90019541793,39.969523111358,1144.5],[-120.90015132912,39.969517244026,1144.5],[-120.90011034161,39.969512885436,1144.5],[-120.90006658807,39.969517495483,1145.7],[-120.90003901161,39.969506012276,1145.7],[-120.90001143515,39.969495199621,1146.9],[-120.89997966774,39.969477262348,1146.9],[-120.89994630776,39.969471981749,1145.8],[-120.89991445653,39.969452032819,1145.8],[-120.89988361113,39.96942604892,1146.9],[-120.89985452592,39.969405513257,1146.9],[-120.8998302184,39.969373662025,1145.5],[-120.89981370606,39.969341391698,1146.7],[-120.89979426004,39.969298560172,1146.7],[-120.89976978488,39.969277018681,1144.7],[-120.89973818511,39.969254890457,1144.7],[-120.89970742352,39.969223877415,1145.9],[-120.89968018234,39.969192948192,1145.9],[-120.89965185151,39.969178196043,1143.3],[-120.89961849153,39.969161599874,1144.7],[-120.89958479628,39.969139723107,1144.7],[-120.89955613017,39.969118768349,1144.7],[-120.89953064919,39.9691004958,1146.2],[-120.89950642549,39.969075182453,1143.8],[-120.8994822856,39.969054562971,1143.8],[-120.89945252985,39.969031931832,1143.8],[-120.89942000806,39.969006115571,1142.8],[-120.89938656427,39.96898281388,1142.8],[-120.89935186319,39.968967810273,1142.8],[-120.89932520874,39.968967726454,1144.6],[-120.89928799309,39.968953058124,1144.6],[-120.89925304055,39.968935372308,1144.6],[-120.89922051877,39.968917770311,1146.6],[-120.89919076301,39.968897737563,1143.8],[-120.89915229008,39.968891199678,1143.8],[-120.8991105482,39.968878375366,1145.7],[-120.89906671084,39.968864629045,1145.7],[-120.89902765118,39.96884602122,1147.9],[-120.89900636114,39.968828083947,1147.9],[-120.8989704866,39.96881576255,1144.7],[-120.89893804863,39.968811068684,1146.9],[-120.89890326373,39.96880184859,1146.9],[-120.89886529371,39.968786677346,1146.9],[-120.89882397093,39.968779468909,1149.3],[-120.89878885075,39.968776367605,1149.3],[-120.89875507168,39.968769159168,1152.1],[-120.89872280136,39.968764297664,1152.1],[-120.89869195595,39.968755329028,1152.1],[-120.89865901507,39.96874560602,1154.6],[-120.89862800203,39.968741498888,1154.6],[-120.89859799482,39.968735044822,1154.6],[-120.8985653054,39.968728506938,1150.9],[-120.89853337035,39.96871618554,1150.9],[-120.89849774726,39.968713251874,1150.9],[-120.89846296236,39.968710402027,1152.9],[-120.898427926,39.968708977103,1152.9],[-120.89839439839,39.968707133085,1152.9],[-120.8983622957,39.96870579198,1154.9],[-120.89832348749,39.968705037609,1154.9],[-120.8982847631,39.968704450876,1157.0],[-120.89824989438,39.968705959618,1157.0],[-120.89821536094,39.968707216904,1157.0],[-120.89817831293,39.968705289066,1158.2],[-120.89813975617,39.968704786152,1158.2],[-120.89810153469,39.968708306551,1158.5],[-120.89806297794,39.968709647655,1158.5],[-120.89802601375,39.968710653484,1158.5],[-120.8979870379,39.968707216904,1158.6],[-120.89795175008,39.968700930476,1158.6],[-120.89791755192,39.968694895506,1158.9],[-120.89788494632,39.968688692898,1158.9],[-120.89785250835,39.968683496118,1158.9],[-120.89781504124,39.968684669584,1159.1],[-120.89777816087,39.968685256317,1159.1],[-120.89774245396,39.968682490289,1159.5],[-120.89770741761,39.968680310994,1159.5],[-120.89767246507,39.968674946576,1159.5],[-120.8976391051,39.968668743968,1160.6],[-120.8976039011,39.968667905778,1160.6],[-120.89756852947,39.96867033653,1163.0],[-120.89753181674,39.968673270196,1163.0],[-120.89749837294,39.968665726483,1163.0],[-120.89746635407,39.968653405085,1155.3],[-120.89743559249,39.968637647107,1155.3],[-120.89740072377,39.96862532571,1155.3],[-120.89736049064,39.968608478084,1156.5],[-120.89733350091,39.968594480306,1156.5],[-120.89730181731,39.968583583832,1156.5],[-120.89726183563,39.968573274091,1158.7],[-120.89722847566,39.968562796712,1158.7],[-120.89719662443,39.968551145867,1152.1],[-120.89716820978,39.968545781448,1154.1],[-120.89712764136,39.968536309898,1154.1],[-120.89709729888,39.968528263271,1154.1],[-120.89707047679,39.968523653224,1156.2],[-120.89703108184,39.968512924388,1156.2],[-120.8969965484,39.968503704295,1159.9],[-120.89696561918,39.968498507515,1159.9],[-120.89692119509,39.968504039571,1159.9],[-120.89689353481,39.968498256058,1165.4],[-120.89686118066,39.968487946317,1165.4],[-120.89682924561,39.968475876376,1165.4],[-120.89679496363,39.968463974074,1158.6],[-120.89676126838,39.968453245237,1158.6],[-120.8967261482,39.968443270773,1158.6],[-120.89668432251,39.968437235802,1162.0],[-120.89665465057,39.968434134498,1162.0],[-120.89661316015,39.968435559422,1164.8],[-120.89657317847,39.968432206661,1164.8],[-120.89653286152,39.968423489481,1164.8],[-120.89649656788,39.968423992395,1167.0],[-120.89646169916,39.968431452289,1167.0],[-120.89642632753,39.968441007659,1168.2],[-120.89639171027,39.968448802829,1168.2],[-120.89635642245,39.968454418704,1168.2],[-120.89633169584,39.968461878598,1173.3],[-120.8962971624,39.968468500301,1173.3],[-120.89626254514,39.968477804214,1173.3],[-120.89622952044,39.968490377069,1173.4],[-120.89619725011,39.968503536656,1173.4],[-120.89616958983,39.968517366797,1173.4],[-120.89614209719,39.968531280756,1173.5],[-120.89611686766,39.968547457829,1173.5],[-120.89608878829,39.968564053997,1175.6],[-120.8960637264,39.968580985442,1175.5],[-120.89603883214,39.968595486134,1175.5],[-120.89601729065,39.968608980998,1175.5],[-120.89599424042,39.968625744805,1175.5],[-120.89596842416,39.968647453934,1175.5],[-120.89594361372,39.968669917434,1177.6],[-120.89591989294,39.968687100336,1177.6],[-120.89589935727,39.968708055094,1177.6],[-120.89588083327,39.968725573272,1177.6],[-120.89586398564,39.968743929639,1179.8],[-120.8958470542,39.968763878569,1179.8],[-120.89582953602,39.968781396747,1179.8],[-120.89581151493,39.968800675124,1179.8],[-120.89579315856,39.968823390082,1179.8],[-120.8957774844,39.968848535791,1182.9],[-120.89575954713,39.968869909644,1182.9],[-120.89573490433,39.96889103204,1182.9],[-120.8957100939,39.968915926293,1182.9],[-120.89569408447,39.96893436648,1186.7],[-120.89567438699,39.968947693706,1186.7],[-120.89565116912,39.968960098922,1186.7],[-120.89562820271,39.968983400613,1186.7],[-120.895603057,39.969003601,1186.7],[-120.89557522908,39.969017850235,1186.7],[-120.89555452578,39.969027070329,1186.7],[-120.89553415775,39.969033440575,1189.2],[-120.89551127516,39.96903989464,1189.2],[-120.89549878612,39.969048276544,1188.4],[-120.89549425989,39.969051126391,1188.4],[-120.89550138451,39.969049701467,1189.2],[-120.89549979195,39.96906847693,1189.2],[-120.89550239034,39.969065459445,1189.2],[-120.89550934732,39.969058502465,1189.2],[-120.89550515637,39.969058418646,1189.2],[-120.89547992684,39.969090437517,1188.4],[-120.89545838535,39.969112314284,1188.4],[-120.89542871341,39.969137292355,1191.0],[-120.89540189132,39.969158917665,1189.6],[-120.89537029155,39.969177776948,1189.6],[-120.89533634484,39.969193786383,1189.6],[-120.89530072175,39.969214154407,1190.8],[-120.89526711032,39.969236869365,1190.8],[-120.89523701929,39.969261931255,1190.8],[-120.8952049166,39.969289926812,1189.4],[-120.89516954497,39.969318425283,1192.0],[-120.89513517916,39.969347426668,1192.0],[-120.89510140009,39.969373075292,1190.5],[-120.89506594464,39.969398723915,1193.2],[-120.89503040537,39.969419511035,1191.8],[-120.89499578811,39.969437532127,1191.8],[-120.8949609194,39.969452954829,1191.8],[-120.89492538013,39.969466282055,1190.6],[-120.89489025995,39.969475753605,1193.0],[-120.89485513978,39.96949352324,1193.0],[-120.8948200196,39.969508778304,1192.4],[-120.89478607289,39.969525625929,1192.4],[-120.89475531131,39.969541551545,1193.0],[-120.89471952058,39.969555465505,1196.6],[-120.89468180202,39.969566613436,1196.6],[-120.89464483783,39.969577006996,1197.9],[-120.89460929856,39.969586897641,1197.9],[-120.8945742622,39.969598464668,1198.8],[-120.89453444816,39.969607600942,1198.8],[-120.89449563995,39.969618329778,1198.8],[-120.89446068741,39.969629812986,1198.8],[-120.89442464523,39.969643559307,1198.8],[-120.89438726194,39.96965713799,1201.1],[-120.89434660971,39.969672141597,1201.1],[-120.89430855587,39.969684630632,1200.6],[-120.89427268133,39.96969259344,1200.6],[-120.89424007572,39.969700472429,1200.6],[-120.89420705102,39.969707932323,1200.1],[-120.89417276904,39.969717822969,1200.1],[-120.89413546957,39.969721762463,1200.1],[-120.89409909211,39.96971949935,1199.8],[-120.89405659586,39.96972117573,1199.8],[-120.89401342906,39.96972729452,1199.6],[-120.89397118427,39.969725953415,1199.6],[-120.89393044822,39.969720840454,1199.6],[-120.89388803579,39.969713967294,1199.6],[-120.89384486899,39.969705836847,1199.6],[-120.89380404912,39.969697371125,1199.6],[-120.89376356453,39.969689240679,1199.6],[-120.89372408576,39.969680942595,1199.7],[-120.8936859481,39.969672141597,1199.7],[-120.89364764281,39.969664011151,1200.1],[-120.89361025952,39.969652276486,1197.4],[-120.89356843382,39.969637021422,1198.1],[-120.89352292009,39.969615396112,1198.1],[-120.89348453097,39.969597961754,1198.1],[-120.89344035834,39.96959217824,1199.0],[-120.89339626953,39.969582287595,1199.0],[-120.8933520969,39.969573486596,1197.8],[-120.89330993593,39.96956887655,1197.8],[-120.89327372611,39.96956275776,1199.0],[-120.89323902503,39.969553370029,1199.0],[-120.89320641942,39.969545407221,1199.0],[-120.89317222126,39.969536103308,1200.7],[-120.8931411244,39.969522021711,1200.7],[-120.89311111718,39.969505844638,1200.7],[-120.89308102615,39.969489248469,1202.4],[-120.89304741472,39.969475418329,1202.4],[-120.89301179163,39.969461420551,1202.4],[-120.89297440834,39.969449685887,1206.7],[-120.89293962345,39.969437113032,1206.7],[-120.8929072693,39.969418924302,1206.7],[-120.89287382551,39.969401238486,1209.6],[-120.89284566231,39.969383804128,1207.4],[-120.89281414635,39.969374332577,1207.4],[-120.89277961291,39.969360083342,1209.2],[-120.89274189435,39.969344912097,1209.2],[-120.89270928875,39.969332255423,1209.2],[-120.89267886244,39.969320017844,1210.0],[-120.89264768176,39.969308702275,1210.0],[-120.89261398651,39.969294704497,1210.0],[-120.89258221909,39.969279617071,1208.0],[-120.89254844002,39.969266122207,1208.0],[-120.89251717553,39.969254387543,1208.0],[-120.89248599485,39.969236534089,1208.9],[-120.89245640673,39.969217758626,1208.9],[-120.89242740534,39.969197977334,1203.0],[-120.89239345863,39.969179956242,1204.7],[-120.89236009866,39.969162773341,1204.7],[-120.89232774451,39.969145841897,1204.7],[-120.89229321107,39.969144500792,1206.2],[-120.89225901291,39.969125390053,1206.2],[-120.89222875424,39.969112565741,1198.6],[-120.89219564572,39.969102339819,1199.9],[-120.89215918444,39.969092365354,1199.9],[-120.89211702347,39.969084318727,1200.9],[-120.89207360521,39.969078702852,1200.9],[-120.89203446172,39.969075182453,1200.9],[-120.8919947315,39.969075098634,1201.8],[-120.89195198379,39.969079121947,1201.8],[-120.89190999046,39.969086162746,1202.6],[-120.89187193662,39.969091359526,1202.6],[-120.89183287695,39.969093790278,1203.3],[-120.89179624803,39.969101166353,1203.3],[-120.89175894856,39.969106949866,1203.3],[-120.89172097854,39.969111224636,1204.1],[-120.89168183506,39.969117091969,1209.2],[-120.89164386503,39.969123965129,1209.4],[-120.8916071523,39.969130167738,1209.4],[-120.89157362469,39.969135448337,1209.4],[-120.89154185727,39.969132766128,1210.0],[-120.89150992222,39.969130167738,1210.0],[-120.89147455059,39.969128742814,1211.4],[-120.89143959805,39.969123126939,1211.4],[-120.89140313677,39.969119019806,1211.4],[-120.89136499912,39.969121366739,1213.7],[-120.89132870547,39.969124719501,1213.7],[-120.89129257947,39.969127150252,1216.9],[-120.89125134051,39.969135364518,1216.9],[-120.89121152647,39.969145841897,1216.9],[-120.8911711257,39.969149949029,1220.0],[-120.89112955146,39.969150368124,1220.0],[-120.89108948596,39.969157157466,1221.5],[-120.89104891755,39.969167551026,1221.5],[-120.89101388119,39.969178782776,1221.7],[-120.89097951539,39.969193032011,1221.7],[-120.89094774798,39.969208203256,1223.6],[-120.89091992006,39.969222117215,1223.7],[-120.8908936847,39.96923552826,1223.7],[-120.89086694643,39.969251956791,1223.7],[-120.89083911851,39.969269223511,1223.5],[-120.89081229642,39.969287076965,1225.8],[-120.89078539051,39.969304595143,1225.8],[-120.89075429365,39.969323119149,1225.3],[-120.89072805829,39.969342816621,1225.3],[-120.89070031419,39.969362262636,1225.3],[-120.89067265391,39.969380702823,1227.2],[-120.89064566419,39.969397718087,1227.2],[-120.89061917737,39.969415068626,1227.2],[-120.89059260674,39.969432754442,1227.2],[-120.89056712575,39.969450021163,1226.4],[-120.89053954929,39.969466784969,1229.2],[-120.89051255956,39.96948229149,1229.2],[-120.89048263617,39.969498803839,1228.8],[-120.89044785127,39.969518082216,1228.8],[-120.89041138999,39.96953677386,1231.9],[-120.89037878439,39.96955152601,1231.9],[-120.8903445024,39.969562841579,1231.9],[-120.89030401781,39.969572061673,1233.4],[-120.89026059955,39.969576252624,1233.4],[-120.89021835476,39.969571894035,1233.4],[-120.89018491097,39.969564434141,1233.9],[-120.89014752768,39.969562087208,1233.9],[-120.89011265896,39.969555465505,1233.0],[-120.89008399285,39.969534762204,1230.4],[-120.89006287046,39.969504671171,1230.4],[-120.8900388144,39.969465779141,1230.4],[-120.89001350105,39.969428563491,1229.5],[-120.88999916799,39.969396796077,1229.5],[-120.88999254629,39.969359999523,1228.9],[-120.889990367,39.969312893227,1228.9],[-120.88999413885,39.96927022934,1228.9],[-120.88999967091,39.969231588766,1229.0],[-120.890008891,39.969190936536,1229.0],[-120.89000922628,39.969158079475,1230.4],[-120.89000159875,39.969131844118,1230.4],[-120.88999313302,39.969140980393,1230.4],[-120.88999263011,39.969105524942,1230.4],[-120.88998173364,39.969074176624,1231.9],[-120.88996413164,39.969043582678,1231.9],[-120.8899419196,39.969015503302,1231.9],[-120.88991962373,39.968994297087,1234.9],[-120.88989389129,39.968973509967,1234.9],[-120.88986388408,39.968955321237,1234.9],[-120.88982834481,39.968941323459,1235.8],[-120.88978962041,39.96892481111,1235.8],[-120.88974913582,39.968915591016,1236.6],[-120.88970680721,39.968911316246,1236.6],[-120.88966322131,39.968906370923,1236.6],[-120.88962256908,39.968900671229,1237.5],[-120.88958007284,39.968895977363,1237.5],[-120.88954076171,39.968888517469,1237.0],[-120.88949876837,39.968882314861,1237.0],[-120.88946649805,39.968878123909,1237.0],[-120.88942836039,39.96887284331,1239.0],[-120.88938795961,39.968864880502,1239.0],[-120.88935032487,39.96885557659,1241.4],[-120.88931319304,39.968849876896,1241.4],[-120.88927706704,39.968841494992,1243.4],[-120.88924286887,39.968828670681,1243.4],[-120.88920741342,39.968817774206,1243.4],[-120.88917304762,39.968806877732,1242.1],[-120.88914178312,39.968790700659,1242.1],[-120.88910808787,39.968773098662,1242.1],[-120.88907204568,39.968755831942,1243.7],[-120.88903491385,39.968741582707,1243.7],[-120.88899803348,39.968729428947,1244.5],[-120.88895595632,39.968719538301,1240.9],[-120.88891438209,39.968709480017,1241.5],[-120.88887004182,39.968701517209,1241.5],[-120.88882536627,39.968703277409,1241.5],[-120.888780104,39.968703361228,1241.7],[-120.88873852976,39.96870495379,1241.7],[-120.88869385421,39.968705708161,1241.5],[-120.88864607736,39.968706294894,1241.5],[-120.88859830052,39.968712329865,1240.6],[-120.88855094276,39.968723645434,1240.6],[-120.88850350119,39.968732362613,1245.1],[-120.88845698163,39.96873781085,1245.1],[-120.88840710931,39.968739235774,1244.7],[-120.88835882954,39.96874560602,1244.4],[-120.88831130415,39.968751138076,1244.4],[-120.88826201856,39.968755245209,1244.3],[-120.88821013458,39.968762788922,1244.3],[-120.88815967552,39.968770584092,1244.6],[-120.88810569607,39.96876982972,1244.6],[-120.88805523701,39.968771506101,1245.0],[-120.88800561614,39.968772679567,1245.0],[-120.88795306161,39.968763375655,1245.3],[-120.887901932,39.96874644421,1245.3],[-120.8878517244,39.968726662919,1245.6],[-120.88780160062,39.968717191368,1240.9],[-120.88775114156,39.968712916598,1240.9],[-120.8877015207,39.968712916598,1242.2],[-120.88765474968,39.968708893284,1242.2],[-120.8876046259,39.968705289066,1243.7],[-120.88755601086,39.968701181933,1243.7],[-120.88750672527,39.968693973497,1244.7],[-120.88745769113,39.968689950183,1244.7],[-120.88740111329,39.968685759231,1245.4],[-120.88734470308,39.968679891899,1246.0],[-120.88728879578,39.968673437834,1246.0],[-120.88723255321,39.968665307388,1246.4],[-120.88717572391,39.968663211912,1246.7],[-120.88711378165,39.968659691513,1246.7],[-120.88705527596,39.968654662371,1246.9],[-120.88699517772,39.968650136143,1246.9],[-120.8869356662,39.968644604087,1247.1],[-120.88687623851,39.968645358458,1247.1],[-120.88681949303,39.968645861372,1247.1],[-120.88675889187,39.968644604087,1246.9],[-120.88669602759,39.968642257154,1246.7],[-120.88663215749,39.968641083688,1246.7],[-120.88657105342,39.968639072031,1246.3],[-120.88651137426,39.968639407307,1245.9],[-120.88645018637,39.96863739565,1245.9],[-120.88638899848,39.968640161678,1245.4],[-120.88633040898,39.968645274639,1245.1],[-120.88626737706,39.968650890514,1245.1],[-120.88620384224,39.968659272417,1244.7],[-120.88614164852,39.968668324873,1244.4],[-120.8860838972,39.968682155013,1244.4],[-120.88602949865,39.968703528866,1246.7],[-120.88597501628,39.968723058701,1246.7],[-120.88591810316,39.968745270744,1246.2],[-120.8858610224,39.968767315149,1245.7],[-120.88580528274,39.968789275736,1245.7],[-120.88575323112,39.968809895217,1248.1],[-120.8856994193,39.968829927966,1248.1],[-120.88563814759,39.968848451972,1247.8],[-120.88557587005,39.968866305426,1247.5],[-120.88551334105,39.968886589631,1250.2],[-120.88545181789,39.968905616552,1250.0],[-120.88538912125,39.968924308196,1249.8],[-120.885329023,39.968945095316,1249.8],[-120.88528116234,39.968958087265,1249.8],[-120.88522098027,39.968961859122,1249.8],[-120.88515803218,39.968958841637,1250.0],[-120.88509198278,39.968949537724,1250.2],[-120.88502626866,39.968939144164,1250.5],[-120.88496332057,39.968923889101,1250.5],[-120.88458026759,39.968862365931,1250.4],[-120.88446442969,39.96883478947,1251.1],[-120.88440173306,39.968817774206,1251.1],[-120.8843477536,39.968808973208,1251.4],[-120.884288745,39.968806542456,1251.4],[-120.88422780856,39.968807548285,1251.7],[-120.88416519575,39.968806626275,1251.9],[-120.88410107419,39.968804027885,1251.9],[-120.88404080831,39.968800256029,1252.1],[-120.88398599066,39.968801429495,1252.4],[-120.88392941281,39.968806039542,1252.4],[-120.88387065567,39.968814672902,1252.5],[-120.88381399401,39.9688269943,1252.5],[-120.8837523032,39.968838896602,1252.7],[-120.88369203731,39.968854067847,1252.9],[-120.88362959214,39.968877369538,1252.9],[-120.8835682366,39.968901174143,1254.4],[-120.88351249695,39.968925397843,1254.7],[-120.88345776312,39.968954063952,1254.7],[-120.88340411894,39.968983400613,1255.2],[-120.88335609064,39.969012821093,1256.2],[-120.88330328465,39.969048025087,1256.8],[-120.88325710036,39.969087000936,1258.4],[-120.88322005235,39.96912480332,1258.5],[-120.88318526745,39.969162186608,1258.5],[-120.88314704597,39.969202168286,1261.1],[-120.88310983032,39.969246257097,1261.1],[-120.88307328522,39.969292776659,1264.1],[-120.88304034434,39.969340721145,1262.9],[-120.88300882839,39.969391264021,1264.9],[-120.88297178037,39.969448344782,1265.2],[-120.88285728358,39.969602487981,1265.3],[-120.88273859583,39.969653198496,1264.6],[-120.88267573155,39.969664430246,1262.8],[-120.8826080896,39.969674153253,1262.8],[-120.88253558613,39.969683876261,1261.2],[-120.88246165775,39.9696787633,1260.1],[-120.88233131915,39.969635261223,1259.2],[-120.88226845488,39.969577845186,1258.3],[-120.8822271321,39.969544233754,1258.3],[-120.88219301775,39.969503749162,1258.4],[-120.88215018623,39.969447422773,1257.8],[-120.88211238384,39.969389168546,1258.9],[-120.88208153844,39.969349773601,1258.5],[-120.88205396198,39.96928405948,1258.5],[-120.88200811297,39.96922949329,1259.4],[-120.88196720928,39.969185488299,1259.4],[-120.88193108328,39.969151793048,1260.3],[-120.88188649155,39.969123294577,1260.3],[-120.88184625842,39.96909789741,1261.2],[-120.88180175051,39.969122456387,1261.2],[-120.88175640441,39.96911005117,1262.4],[-120.88170535862,39.969090688974,1262.4],[-120.88164643385,39.969090186059,1263.4],[-120.88158750907,39.969083480537,1261.5],[-120.88152883574,39.96908230707,1262.1],[-120.88147091679,39.96908842586,1264.8],[-120.88140562177,39.969099825248,1264.8],[-120.88134258986,39.969120528549,1265.6],[-120.88128760457,39.969150954857,1266.1],[-120.88123639114,39.969186913222,1268.1],[-120.88119573891,39.969222033396,1268.3],[-120.88116154075,39.969258410856,1269.4],[-120.88112415746,39.969292022288,1269.4],[-120.88108685799,39.969327561557,1269.4],[-120.88105282746,39.969361843541,1270.1],[-120.88102089241,39.969394784421,1270.1],[-120.8809887059,39.969428479671,1270.2],[-120.88096322492,39.969466365874,1271.0],[-120.88092793711,39.969511125237,1271.0],[-120.88088359684,39.969555046409,1271.9],[-120.8808385022,39.969594608992,1271.9],[-120.88080866262,39.969632495195,1271.6],[-120.88077228516,39.969669543207,1272.4],[-120.88072744198,39.969701059163,1272.2],[-120.88067991659,39.969729222357,1272.2],[-120.88062920608,39.969765599817,1273.5],[-120.8805755619,39.969792505726,1273.5],[-120.88052434847,39.969820668921,1275.4],[-120.88046475314,39.96984673664,1275.4],[-120.88040264323,39.969879845157,1275.3],[-120.88033793494,39.969905158505,1276.7],[-120.88028169237,39.969919575378,1276.7],[-120.88022737764,39.969939189032,1276.6],[-120.88016929105,39.969961065799,1276.5],[-120.88011128828,39.969989480451,1276.5],[-120.88005538099,39.970015296713,1277.6],[-120.87999788113,39.970035497099,1277.2],[-120.87995161302,39.970052428544,1277.2],[-120.87990459055,39.970071958378,1276.9],[-120.87985513732,39.97009341605,1278.2],[-120.87980627082,39.970121327788,1277.7],[-120.87975388393,39.970144042745,1277.7],[-120.87970149703,39.970165416598,1277.2],[-120.87965229526,39.970187125728,1278.5],[-120.87960829027,39.970208248124,1278.0],[-120.87956973352,39.970232220367,1278.0],[-120.87952656671,39.970252504572,1277.4],[-120.87947912514,39.970271112397,1277.4],[-120.87943352759,39.970293827355,1278.4],[-120.87938642129,39.970316709951,1278.4],[-120.87933906354,39.970342861488,1277.9],[-120.87929036468,39.970367588103,1277.9],[-120.8792384807,39.97039290145,1278.8],[-120.87918684818,39.970415532589,1278.8],[-120.87913513184,39.970443528146,1278.2],[-120.87908140384,39.970471607521,1279.4],[-120.87902834639,39.970494154841,1278.9],[-120.87897403166,39.970517121255,1278.5],[-120.87891980074,39.970538662747,1278.5],[-120.8788680844,39.970561210066,1278.0],[-120.87881117128,39.970581745729,1279.3],[-120.87875660509,39.970602616668,1278.9],[-120.87871058844,39.970625415444,1278.9],[-120.87866113521,39.970649471506,1278.5],[-120.87860958651,39.97066992335,1279.8],[-120.87855929509,39.970687106252,1279.6],[-120.87850682437,39.970704037696,1279.9],[-120.87845896371,39.97072272934,1279.9],[-120.878407415,39.970742845908,1280.4],[-120.87835930288,39.97076514177,1282.0],[-120.87831362151,39.970787521452,1282.6],[-120.87826358154,39.970805207267,1282.6],[-120.87821044028,39.970822390169,1282.8],[-120.87815419771,39.970839237794,1282.8],[-120.87809803896,39.970856336877,1284.0],[-120.87804296985,39.970877207816,1283.7],[-120.87799158879,39.970894558355,1283.7],[-120.877940543,39.970911573619,1283.3],[-120.87788664736,39.970930181444,1284.6],[-120.87783627212,39.970950465649,1284.2],[-120.87778363377,39.970969660208,1284.2],[-120.87772957049,39.970986004919,1283.7],[-120.87767072953,39.971006624401,1283.3],[-120.87761046365,39.971031602472,1284.3],[-120.87755271234,39.971054065973,1283.8],[-120.87749253027,39.971081642434,1283.4],[-120.87743536569,39.97111659497,1283.4],[-120.87738038041,39.971146769822,1284.0],[-120.87732547894,39.971173172817,1284.0],[-120.87727141567,39.971199659631,1283.5],[-120.87721877731,39.971230421215,1284.5],[-120.87716999464,39.971258668229,1284.0],[-120.87712297216,39.971288340166,1284.0],[-120.87707586586,39.971317928284,1284.3],[-120.87703261524,39.97134600766,1284.3],[-120.87699296884,39.971376433969,1283.8],[-120.87695307098,39.971405351534,1284.7],[-120.87691233493,39.971433347091,1284.2],[-120.87687017396,39.971464863047,1284.2],[-120.87682440877,39.971498809755,1284.4],[-120.87678316981,39.97153040953,1284.4],[-120.87674888782,39.971564523876,1284.4],[-120.87672198191,39.971601152793,1284.5],[-120.8766954951,39.971639541909,1284.5],[-120.87667252868,39.971677595749,1285.1],[-120.87665023282,39.971713637933,1285.1],[-120.87663405575,39.971746914089,1284.4],[-120.87662382983,39.97178228572,1285.0],[-120.87661393918,39.971824362874,1285.0],[-120.87660673074,39.971869541332,1285.5],[-120.87660203688,39.971911367029,1285.5],[-120.87660329416,39.971953192726,1285.9],[-120.87660832331,39.971993844956,1285.9],[-120.87661611848,39.972036089748,1286.2],[-120.87663020007,39.972077328712,1286.2],[-120.87664679624,39.9721164722,1287.0],[-120.87666548789,39.972154777497,1287.3],[-120.87669298053,39.972184952348,1287.3],[-120.87672256865,39.972215713933,1287.3],[-120.8767509833,39.972255695611,1287.5],[-120.87677545846,39.972295258194,1287.5],[-120.87679490447,39.972330713645,1287.0],[-120.87681728415,39.97236491181,1287.0],[-120.87684268132,39.972396260127,1287.8],[-120.87686941959,39.972426937893,1288.9],[-120.87690026499,39.972459627315,1288.9],[-120.87693496607,39.972494579852,1290.3],[-120.87697125971,39.97252500616,1290.9],[-120.87700109929,39.972554845735,1290.9],[-120.87702901103,39.972586194053,1292.9],[-120.87705683894,39.972615782171,1293.7],[-120.87708089501,39.972647801042,1293.7],[-120.87710570544,39.972680155188,1293.7],[-120.87713386863,39.972711671144,1296.8],[-120.87716052309,39.972742684186,1296.8],[-120.87719555944,39.9727674108,1299.2],[-120.87723051198,39.972790963948,1299.2],[-120.87726211175,39.972818037495,1299.9],[-120.87729262188,39.972843853757,1302.4],[-120.87732187472,39.972865814343,1302.4],[-120.87735506706,39.972890792415,1302.4],[-120.87738800794,39.972913255915,1302.7],[-120.87741726078,39.972935048863,1304.9],[-120.87743838318,39.972960781306,1304.9],[-120.87745531462,39.972994057462,1305.0],[-120.87748020887,39.973028674722,1305.0],[-120.87750610895,39.973062118515,1306.8],[-120.87754106149,39.973100088537,1306.6],[-120.87758456357,39.973147194833,1308.3],[-120.87761750445,39.973189188167,1307.7],[-120.87764038704,39.973234115168,1307.7],[-120.87765446864,39.973273426294,1307.7],[-120.87766033597,39.97332313098,1307.1],[-120.87767424993,39.973377445713,1306.5],[-120.87767005898,39.973418936133,1306.5],[-120.8776683826,39.973462689668,1306.5],[-120.87766100653,39.973500492051,1305.9],[-120.87764876895,39.973537875339,1305.9],[-120.87762286887,39.973577773198,1305.4],[-120.877600573,39.973614821211,1305.4],[-120.87757995352,39.973656814545,1304.1],[-120.8775543049,39.973698724061,1304.1],[-120.87752211839,39.973739124835,1304.1],[-120.87748775259,39.973778603598,1303.4],[-120.87745137513,39.973812047392,1303.4],[-120.87740879506,39.973843228072,1303.9],[-120.87736168876,39.973871810362,1303.5],[-120.87730427273,39.973897878081,1303.2],[-120.87724995799,39.973918162286,1303.2],[-120.87719371542,39.973933501169,1303.9],[-120.87713378482,39.973946660757,1303.9],[-120.87707678787,39.97396283783,1303.7],[-120.87702163495,39.973979769275,1303.6],[-120.87696891278,39.973996113986,1303.6],[-120.87692474015,39.974013632163,1304.4],[-120.87688844651,39.974031066522,1304.4],[-120.8768421784,39.974050344899,1304.3],[-120.8767769672,39.974079346284,1304.3],[-120.87672491558,39.974088147283,1304.4],[-120.87668049149,39.974099379033,1305.2],[-120.8766351454,39.974109521136,1305.3],[-120.87658309378,39.97411698103,1305.3],[-120.87653942406,39.974131146446,1305.5],[-120.87648971938,39.974176324904,1305.5],[-120.87644487619,39.9741974473,1306.6],[-120.87640732527,39.974210187793,1306.6],[-120.87637505494,39.974219491705,1307.1],[-120.87633951567,39.974224520847,1307.1],[-120.87631059811,39.974211696535,1307.1],[-120.87627933361,39.974212031811,1307.6],[-120.87625217624,39.974219743162,1307.6],[-120.87622560561,39.974229382351,1307.6],[-120.87619836442,39.974241703749,1307.9],[-120.87617355399,39.974252264947,1307.9],[-120.876148073,39.974258635193,1307.9],[-120.87612795644,39.974266346544,1308.6],[-120.87610272691,39.974278500304,1308.9],[-120.87608001195,39.974292917177,1308.9],[-120.87605956011,39.97430741787,1308.9],[-120.87603692897,39.974322756752,1308.9],[-120.87601203471,39.974336503074,1309.1],[-120.87598680519,39.974351590499,1309.1],[-120.87595931254,39.974363911897,1309.1],[-120.87592368945,39.974377825856,1310.7],[-120.87588278577,39.974390314892,1310.7],[-120.87583995424,39.974408419803,1310.9],[-120.87579561397,39.974428787827,1310.9],[-120.87574968114,39.974442953244,1310.8],[-120.87570291013,39.974456867203,1310.8],[-120.87565446272,39.974463572726,1310.9],[-120.87560836226,39.974468937144,1312.1],[-120.87555999868,39.97448394075,1312.4],[-120.87551322766,39.974498357624,1312.4],[-120.87547047995,39.974512355402,1312.7],[-120.87543074973,39.974525263533,1312.7],[-120.87538825348,39.974538423121,1312.8],[-120.87534793653,39.97455233708,1312.8],[-120.87531340308,39.974563904107,1312.8],[-120.87527677417,39.974578237161,1314.0],[-120.87524089962,39.974591061473,1314.0],[-120.87521064095,39.974595252424,1314.0],[-120.87517979555,39.974598353729,1314.1],[-120.87514970452,39.974608244374,1314.1],[-120.87511743419,39.974621236324,1314.1],[-120.87508139201,39.974638754502,1314.3],[-120.87504618801,39.974655434489,1314.3],[-120.87501509115,39.974672617391,1315.8],[-120.87498676032,39.974688459188,1315.8],[-120.87495666929,39.974707905203,1315.8],[-120.87492498569,39.974727770314,1316.2],[-120.87490160018,39.974746881053,1316.2],[-120.87487955578,39.97476615943,1317.4],[-120.87485172786,39.974784851074,1317.4],[-120.87482255884,39.974801447242,1318.0],[-120.87479162961,39.974813936278,1318.0],[-120.87475391105,39.974811840802,1318.0],[-120.87471879087,39.974821312353,1318.5],[-120.87468199432,39.974835896865,1318.5],[-120.87464310229,39.974852828309,1320.4],[-120.87460638955,39.974872441962,1320.4],[-120.87457252666,39.974891468883,1320.4],[-120.87453455664,39.974909573793,1320.7],[-120.8745004423,39.974922733381,1320.7],[-120.87446255609,39.974926672876,1321.0],[-120.87442592718,39.974933043122,1321.0],[-120.87438820861,39.974941341206,1323.0],[-120.87434889749,39.974953494966,1323.0],[-120.87430531159,39.974971432239,1323.0],[-120.87426189333,39.974981239066,1323.3],[-120.87422073819,39.974982747808,1323.3],[-120.87417882867,39.974985597655,1323.6],[-120.87414479814,39.974991129711,1323.6],[-120.87410280481,39.975000098348,1323.6],[-120.87406139821,39.975007558241,1324.0],[-120.87401957251,39.97501376085,1324.0],[-120.87398000993,39.975018454716,1324.5],[-120.87393768132,39.975027842447,1326.3],[-120.87389602326,39.975038319826,1327.1],[-120.87385947816,39.975046282634,1327.1],[-120.87382720783,39.975048964843,1327.1],[-120.87380164303,39.975048126653,1328.1],[-120.87377532385,39.975046785548,1328.1],[-120.87375227362,39.975046198815,1328.1],[-120.87372955866,39.975047959015,1328.1],[-120.873709023,39.975052401423,1329.4],[-120.8736883197,39.975056005642,1329.4],[-120.87366384454,39.975057514384,1329.4],[-120.87364037521,39.975064471364,1329.4],[-120.87361531332,39.975070338696,1330.4],[-120.87358740158,39.975076457486,1330.4],[-120.8735615015,39.975080983713,1330.4],[-120.87353635579,39.975078720599,1330.8],[-120.87351514958,39.975074781105,1330.8],[-120.87349444628,39.975071512163,1330.8],[-120.87346837856,39.975071931258,1330.8],[-120.8734408021,39.975075703114,1330.9],[-120.87341171689,39.975082240999,1330.9],[-120.87338380516,39.975090287626,1330.9],[-120.87335337885,39.975097579882,1331.0],[-120.87332303636,39.975102357566,1331.0],[-120.87328992784,39.975106297061,1331.0],[-120.87325598113,39.975108895451,1331.1],[-120.87322362699,39.97511157766,1331.1],[-120.87319278158,39.975111829117,1331.1],[-120.87316445075,39.975114427507,1331.3],[-120.87313905358,39.975115768611,1331.3],[-120.87310711853,39.975116187707,1331.3],[-120.87307359092,39.97511585243,1331.4],[-120.87303981185,39.975114259869,1331.4],[-120.87300586514,39.975116103888,1331.4],[-120.87297250517,39.975114008412,1331.7],[-120.87294274941,39.97511325404,1331.7],[-120.8729088027,39.975111242384,1331.7],[-120.87287301198,39.975109230727,1332.2],[-120.87283470668,39.975106967613,1332.2],[-120.87279665284,39.975104872137,1332.8],[-120.87276019156,39.975105039775,1332.8],[-120.87272599339,39.975103614852,1332.8],[-120.87269741111,39.97511585243,1333.5],[-120.87266497314,39.975129850209,1335.6],[-120.87262901478,39.975141249597,1335.6],[-120.87259112857,39.975149799138,1336.4],[-120.87255416438,39.975152648985,1336.4],[-120.87251627818,39.975158851594,1337.4],[-120.87247788906,39.975161617622,1337.4],[-120.87243505754,39.975162036717,1338.5],[-120.87238702923,39.975167149678,1338.5],[-120.87233556435,39.975172346458,1339.8],[-120.87229181081,39.975177627057,1339.8],[-120.87225141004,39.975184081122,1339.8],[-120.87221452966,39.975194809958,1341.2],[-120.87217873894,39.975207047537,1342.8],[-120.87214311585,39.97522146441,1343.9],[-120.87210556492,39.975235462189,1343.9],[-120.87206918746,39.975247951224,1344.6],[-120.87203264236,39.975262116641,1344.6],[-120.87199676782,39.975273180753,1344.6],[-120.87196273729,39.975275946781,1344.9],[-120.87192996405,39.975277874619,1344.9],[-120.871898029,39.975282568485,1344.9],[-120.87186911143,39.975289944559,1344.9],[-120.87184346281,39.975296314806,1344.9],[-120.87180918083,39.975304948166,1344.9],[-120.87177171372,39.97531324625,1347.0],[-120.87173433043,39.975325483829,1347.0],[-120.87169778533,39.975340487435,1346.6],[-120.87165822275,39.975356077775,1346.6],[-120.87161488831,39.975368399173,1346.1],[-120.87157012895,39.975381474942,1346.1],[-120.87153366767,39.975399328396,1346.1],[-120.87150433101,39.975419361144,1347.9],[-120.87147583254,39.975439310074,1347.9],[-120.87144557387,39.975460348651,1347.9],[-120.87141933851,39.975478202105,1347.2],[-120.87139545009,39.975500749424,1349.2],[-120.871368628,39.975521620363,1349.2],[-120.87134415284,39.975543329492,1349.2],[-120.87132177316,39.975571744144,1348.4],[-120.87130224332,39.975601248443,1350.2],[-120.87128631771,39.975627232343,1350.2],[-120.87126997299,39.975653970614,1350.2],[-120.87125488557,39.975682217628,1351.5],[-120.87124474347,39.97571063228,1351.5],[-120.87123317644,39.975738376379,1351.5],[-120.8712193463,39.975763857365,1353.9],[-120.87120635435,39.975793194026,1353.9],[-120.87119394913,39.975821524858,1353.9],[-120.87118296884,39.97585169971,1356.7],[-120.87117592804,39.975885646418,1356.7],[-120.87117701769,39.975916743279,1356.7],[-120.87118011899,39.975949181244,1359.7],[-120.87117978372,39.97598329559,1359.7],[-120.87117685005,39.97601615265,1359.7],[-120.87117190473,39.976048674434,1362.3],[-120.87116494775,39.976078262553,1362.3],[-120.87116184644,39.9761035759,1362.3],[-120.87115991861,39.976131152362,1362.3],[-120.87115346454,39.976162584499,1362.1],[-120.87114793248,39.976193848997,1362.1],[-120.87114131078,39.976226286963,1362.1],[-120.8711347729,39.976258138195,1363.2],[-120.87113049813,39.976286385208,1363.2],[-120.87112169713,39.976318655536,1363.2],[-120.87111440487,39.976349836215,1364.3],[-120.87111172266,39.976384285837,1364.3],[-120.87111138739,39.976420579478,1365.2],[-120.87111432105,39.976461483166,1365.2],[-120.87110912427,39.976496938616,1365.2],[-120.87110225111,39.976529125124,1365.9],[-120.87109311484,39.976559635252,1365.9],[-120.87108020671,39.976589391008,1363.6],[-120.87106528692,39.976617218927,1364.2],[-120.87105371989,39.976642532274,1364.2],[-120.87104743347,39.976666672155,1364.2],[-120.87104399689,39.976690392941,1364.2],[-120.87103452533,39.976716376841,1364.9],[-120.87101792917,39.976745713502,1364.9],[-120.87100644596,39.976765662432,1364.9],[-120.87099622004,39.976786952466,1365.8],[-120.87098255754,39.976808158681,1365.8],[-120.87096621282,39.976828442886,1364.2],[-120.87094517425,39.976855767891,1364.2],[-120.87092623115,39.97687923722,1364.2],[-120.87091030553,39.976904802024,1365.0],[-120.87088935077,39.976933049038,1363.8],[-120.87087049149,39.976959619671,1363.8],[-120.87085708044,39.976993985474,1364.9],[-120.87084442377,39.977031452581,1364.9],[-120.87082791142,39.977059531957,1366.2],[-120.87080963887,39.977076631039,1366.2],[-120.87078373879,39.977092556655,1365.1],[-120.87075322866,39.977112337947,1365.1],[-120.8707207907,39.977132789791,1365.1],[-120.87069740519,39.977153157815,1365.4],[-120.87066890672,39.977174028754,1365.4],[-120.87063705549,39.977194815874,1365.4],[-120.87060327642,39.977214261889,1364.6],[-120.87058056146,39.977234546095,1364.6],[-120.87055885233,39.977254495025,1365.7],[-120.87052918039,39.977274611592,1365.7],[-120.8704970777,39.977291459218,1365.2],[-120.87046966888,39.977304618806,1365.2],[-120.87044980377,39.977315766737,1365.2],[-120.87043119594,39.977329764515,1365.2],[-120.87041342631,39.977351222187,1365.8],[-120.87040864863,39.977374440059,1365.8],[-120.87041635998,39.97739857994,1365.8],[-120.87043656036,39.97741676867,1366.1],[-120.87046111934,39.9774331972,1368.2],[-120.87049372494,39.977443506941,1368.2],[-120.87051870301,39.977453062311,1368.2],[-120.8705410827,39.977455325425,1369.1],[-120.87056899443,39.977463791147,1369.1],[-120.87060134858,39.977476950735,1369.1],[-120.87063915096,39.977491535246,1370.2],[-120.87067611516,39.97750251554,1370.2],[-120.87070629001,39.9775111489,1370.2],[-120.87073378265,39.977519279346,1371.7],[-120.87076580152,39.97752581723,1374.0],[-120.87080142461,39.977530427277,1375.5],[-120.87083914317,39.977533696219,1375.5],[-120.87087744847,39.977537048981,1375.5],[-120.87092715316,39.977541659027,1377.3],[-120.87096294388,39.977541910484,1377.3],[-120.87099370547,39.977538473904,1379.1],[-120.87102388032,39.977536881343,1379.1],[-120.87105296552,39.977532858029,1379.1],[-120.87108649313,39.977527325973,1378.6],[-120.87112018839,39.977525398135,1378.6],[-120.87115053087,39.977523302659,1378.6],[-120.87118472904,39.977519698441,1379.7],[-120.87121817283,39.977516178042,1379.7],[-120.8712506108,39.977512238547,1379.7],[-120.87128422223,39.977508299053,1380.8],[-120.87131691165,39.97750159353,1380.8],[-120.87134549394,39.977492289618,1380.8],[-120.87137139402,39.977481057867,1381.9],[-120.87140416726,39.977463204414,1381.9],[-120.87143878452,39.977443758398,1381.9],[-120.87147440761,39.97743059881,1383.0],[-120.87151195854,39.977421797812,1381.2],[-120.87154707871,39.977415343747,1382.4],[-120.87157314643,39.97739950195,1382.4],[-120.87160189636,39.977384833619,1382.4],[-120.87163777091,39.977370835841,1383.7],[-120.87167029269,39.977358430624,1383.7],[-120.87169828825,39.977344600484,1383.7],[-120.87172536179,39.977327836677,1384.1],[-120.87175478227,39.977309647948,1384.1],[-120.87178546004,39.977290285751,1384.1],[-120.8718147967,39.977273689583,1385.3],[-120.87184153497,39.97725575231,1385.3],[-120.87186592631,39.977236641571,1384.4],[-120.87188872509,39.977216608822,1384.4],[-120.87191261351,39.977198587731,1385.1],[-120.87194228545,39.977178387344,1385.1],[-120.87197354995,39.977156342939,1385.1],[-120.87200766429,39.977138238028,1385.0],[-120.87203834206,39.977115690708,1385.0],[-120.87206851691,39.977101022378,1385.0],[-120.87210271508,39.97709213756,1385.4],[-120.87214495987,39.977085096762,1385.4],[-120.8721856121,39.977080821991,1385.4],[-120.87223003618,39.977078391239,1385.6],[-120.87227705866,39.977086437866,1385.6],[-120.87232223712,39.97709473595,1385.7],[-120.87236607447,39.977103201672,1385.7],[-120.87241142057,39.977110829204,1385.5],[-120.87245995179,39.977118540555,1385.5],[-120.87250789627,39.97713027522,1385.1],[-120.87255190127,39.977147290483,1387.1],[-120.87259112857,39.977168748155,1386.5],[-120.8726300206,39.977191379294,1386.5],[-120.8726736065,39.977207724005,1385.5],[-120.87272448465,39.977228511125,1385.5],[-120.87276262231,39.977246783674,1387.2],[-120.87279581465,39.977265559137,1387.2],[-120.8728228882,39.977287687361,1387.2],[-120.87284820154,39.977300930768,1386.2],[-120.8728709165,39.977313335985,1386.2],[-120.87289539166,39.977326244116,1386.2],[-120.87292145938,39.977343259379,1388.9],[-120.87294568308,39.977361951023,1387.6],[-120.87295875885,39.977388689294,1387.6],[-120.87296219543,39.977404531091,1387.6],[-120.87294870056,39.977425234392,1389.6],[-120.87293637916,39.977448871359,1390.8],[-120.87293151766,39.977466054261,1390.8],[-120.87292799726,39.977477034554,1390.8],[-120.87292606942,39.977501174435,1390.8],[-120.87292355485,39.977526655421,1392.1],[-120.87291852571,39.97755180113,1392.1],[-120.87290947326,39.977575605735,1392.1],[-120.87289840914,39.977599745616,1392.1],[-120.87288533337,39.97762455605,1393.2],[-120.87287250906,39.977649031207,1393.2],[-120.87285473943,39.977671662346,1393.2],[-120.87283319794,39.977695466951,1394.1],[-120.87281031534,39.977718601003,1395.8],[-120.87278701365,39.977740896866,1395.8],[-120.87276555598,39.9777621869,1395.8],[-120.87274074554,39.97778381221,1395.8],[-120.8727132529,39.977807784453,1396.3],[-120.87268567644,39.97782798484,1398.2],[-120.87265633978,39.977845167741,1398.2],[-120.87262574583,39.97786427848,1399.0],[-120.87258777581,39.977882970124,1399.0],[-120.87255827151,39.977902751416,1399.0],[-120.87252591737,39.977922951803,1401.4],[-120.87249649689,39.977938206866,1401.4],[-120.87246808223,39.977955641225,1401.4],[-120.87244159542,39.977966370061,1402.2],[-120.87241083384,39.977971902117,1402.2],[-120.87238216773,39.977978440002,1402.2],[-120.87236858904,39.977997802198,1403.7],[-120.87233883329,39.978009033948,1404.1],[-120.87231033482,39.978023702279,1404.1],[-120.87227990851,39.97804440558,1404.1],[-120.87225384079,39.978060666472,1404.2],[-120.87222827598,39.978079274297,1405.6],[-120.87220489047,39.978094277903,1405.6],[-120.87218242697,39.978114562109,1405.4],[-120.87215552106,39.978142473847,1405.4],[-120.87213397957,39.978167787194,1406.8],[-120.87211235426,39.978189580142,1406.8],[-120.87209366262,39.978210786358,1406.8],[-120.87207631208,39.978230735287,1406.3],[-120.87205979973,39.978250851855,1406.3],[-120.87204353884,39.978274824098,1407.9],[-120.87202149443,39.978300053626,1407.9],[-120.87199894711,39.978324361145,1407.5],[-120.87197531015,39.978352189064,1409.2],[-120.87195318192,39.978378256783,1409.2],[-120.8719310537,39.978388398886,1409.2],[-120.87190532126,39.978399462998,1408.7],[-120.87187833153,39.978413712233,1408.7],[-120.87185067125,39.978425530717,1408.7],[-120.87182208896,39.9784408696,1410.2],[-120.87179174647,39.978465428576,1410.2],[-120.87175855413,39.978492418304,1410.2],[-120.87173399515,39.978524688631,1410.2],[-120.87170708925,39.978545475751,1411.5],[-120.87167548947,39.978562742472,1411.5],[-120.87164330296,39.97857850045,1411.5],[-120.8716104459,39.978592498228,1410.8],[-120.87158085778,39.978608842939,1410.8],[-120.87155462243,39.978624517098,1412.7],[-120.87152654305,39.978641197085,1412.1],[-120.87149444036,39.978663492948,1412.1],[-120.87146745063,39.978684782982,1412.1],[-120.87144406512,39.978702552617,1411.6],[-120.87141984142,39.97872132808,1413.7],[-120.87139796466,39.978742199019,1413.7],[-120.87137625553,39.978765081614,1413.7],[-120.8713563066,39.978786371648,1413.7],[-120.87133828551,39.978809505701,1415.7],[-120.87132018059,39.978830209002,1415.7],[-120.87130350061,39.978847894818,1415.7],[-120.87128489278,39.978867424652,1415.7],[-120.87126729079,39.978887205943,1415.7],[-120.87125270627,39.978911513463,1418.1],[-120.87123929523,39.978937078267,1418.1],[-120.87123032659,39.978959793225,1418.1],[-120.87122211233,39.978982843459,1418.1],[-120.87121347897,39.979007234797,1420.3],[-120.87120484561,39.979033386335,1420.3],[-120.87119797245,39.97906062752,1420.3],[-120.87119126692,39.979080660269,1420.3],[-120.87118489668,39.979097926989,1422.7],[-120.87117693387,39.979117540643,1422.1],[-120.8711677976,39.97913857922,1422.1],[-120.87115882896,39.97915928252,1422.1],[-120.87114944123,39.979178979993,1424.1],[-120.87114055641,39.979201611131,1424.1],[-120.87113309652,39.979223990813,1424.1],[-120.87112530135,39.979245197028,1424.1],[-120.87111482397,39.979267660528,1424.1],[-120.8711052686,39.979291297495,1425.7],[-120.87109546177,39.979314766824,1425.1],[-120.87108649313,39.979336559772,1425.1],[-120.87107450701,39.979357179254,1425.1],[-120.87106235325,39.979375787079,1425.1],[-120.87105237879,39.979394227266,1426.5],[-120.87103947066,39.979414092377,1426.5],[-120.87102279067,39.979434795678,1426.5],[-120.87100585923,39.979450469837,1426.5],[-120.87099127471,39.979464467615,1426.2],[-120.87097417563,39.979478968307,1428.9],[-120.87095372379,39.979494726285,1428.9],[-120.87092966773,39.979511825368,1428.9],[-120.87090770714,39.979528421536,1428.9],[-120.87088482454,39.979542586952,1429.1],[-120.87085548788,39.979557339102,1429.1],[-120.87083050981,39.9795696605,1433.1],[-120.8708075434,39.979579048231,1433.1],[-120.87078239769,39.979588184506,1433.2],[-120.87075632997,39.97959815897,1433.2],[-120.87072489783,39.979606540874,1433.2],[-120.87069162168,39.979619532824,1433.6],[-120.87065398693,39.979633530602,1433.6],[-120.870615514,39.97964576818,1434.1],[-120.87058131583,39.979651048779,1434.1],[-120.87054535747,39.979658257216,1436.2],[-120.87050512433,39.979670159519,1436.3],[-120.87047578767,39.979678122327,1436.3],[-120.87044242769,39.979675523937,1436.3],[-120.87040311657,39.979673596099,1436.6],[-120.87036866695,39.979662951082,1436.6],[-120.87033388205,39.979654569179,1437.0],[-120.8702984266,39.979652054608,1437.0],[-120.87026389316,39.979653730989,1437.0],[-120.87022852153,39.979656999931,1437.6],[-120.87018996477,39.979663034901,1437.6],[-120.87015006691,39.979675021023,1438.4],[-120.87011151016,39.979684911668,1438.4],[-120.8700747136,39.979689270258,1438.4],[-120.87004068308,39.979697233066,1439.4],[-120.87000413798,39.979701424018,1439.4],[-120.86996692233,39.979708716273,1440.1],[-120.86992811412,39.979720618576,1440.1],[-120.86989508942,39.97973587364,1440.1],[-120.8698588796,39.979753475636,1442.1],[-120.86982442997,39.979771832004,1442.1],[-120.8697888907,39.979793038219,1442.3],[-120.86975645274,39.97981633991,1442.3],[-120.86973055266,39.979837713763,1442.3],[-120.86970834062,39.97985355556,1443.6],[-120.86968554184,39.979871576652,1443.5],[-120.86966676638,39.979891022667,1443.5],[-120.86965268478,39.979912731797,1443.5],[-120.86963902228,39.979937123135,1444.8],[-120.86962996982,39.979961179197,1444.8],[-120.86962049827,39.979986995459,1444.8],[-120.8696127031,39.980013146996,1444.8],[-120.86961597204,39.980034353212,1446.4],[-120.86961479858,39.980053463951,1446.4],[-120.86960792542,39.980072742328,1446.4],[-120.86960239336,39.980092691258,1445.5],[-120.86959660985,39.980116663501,1445.5],[-120.86959535256,39.980142479762,1446.9],[-120.86960306391,39.980168379843,1446.9],[-120.86960876361,39.980190005153,1447.6],[-120.86961354129,39.980213725939,1448.9],[-120.86961789988,39.980241218582,1448.9],[-120.8696250245,39.980271225795,1448.9],[-120.8696267847,39.980300730094,1450.2],[-120.86962753907,39.980327887461,1450.2],[-120.86963474751,39.980350099504,1450.2],[-120.86964229122,39.980368874967,1450.2],[-120.86964849383,39.980384381488,1450.2],[-120.86965218186,39.980405922979,1451.4],[-120.86966140196,39.980427799746,1451.4],[-120.86967070587,39.980446994305,1451.4],[-120.86968428455,39.980468787253,1451.4],[-120.86970129982,39.98049158603,1452.8],[-120.86971831508,39.980512373149,1453.7],[-120.86973750964,39.980533663183,1453.7],[-120.86975444108,39.980552773923,1453.7],[-120.86977120489,39.98056945391,1453.7],[-120.86978411302,39.980582529679,1455.3],[-120.86979308166,39.980597617105,1456.1],[-120.86980565451,39.980617649853,1456.1],[-120.86981965229,39.980639275163,1456.1],[-120.8698289562,39.980662828311,1456.1],[-120.86984211579,39.980689566582,1458.7],[-120.86985561065,39.980708677322,1458.7],[-120.86986793205,39.980730637908,1458.7],[-120.86988771334,39.980755280703,1458.7],[-120.86990171112,39.980781180784,1462.4],[-120.86992073804,39.980807751417,1462.4],[-120.86994261481,39.980833064765,1462.4],[-120.86995879188,39.980855360627,1464.2],[-120.86997480132,39.980878829956,1464.2],[-120.86999072693,39.980901544914,1464.3],[-120.87000782602,39.980922918767,1464.3],[-120.87002509274,39.98093993403,1464.3],[-120.87004026398,39.980957536027,1465.2],[-120.87005635723,39.980976227671,1465.2],[-120.87007546797,39.9809961766,1464.6],[-120.87009332143,39.981014281511,1464.6],[-120.87010899559,39.981031548232,1465.6],[-120.87012441829,39.98105074279,1465.6],[-120.87014403194,39.98106717132,1464.9],[-120.87016817182,39.981084102765,1464.9],[-120.87018778548,39.981102626771,1464.9],[-120.87020413019,39.981121821329,1466.1],[-120.87021770887,39.981137076393,1466.1],[-120.87023019791,39.981153253466,1466.1],[-120.87024159729,39.981166664511,1465.2],[-120.87025542744,39.981180746108,1465.2],[-120.87027093396,39.981196923181,1465.2],[-120.87028107606,39.981213854626,1466.7],[-120.87028627284,39.981235563755,1466.7],[-120.87028761394,39.981260541826,1466.7],[-120.87028224953,39.981286274269,1466.7],[-120.87027076632,39.981309659779,1468.5],[-120.87025743909,39.981329105794,1468.5],[-120.87024712935,39.981348467991,1468.5],[-120.87024142966,39.981374954805,1468.5],[-120.87023019791,39.981400184333,1470.7],[-120.87021594867,39.981425078586,1470.7],[-120.87019968778,39.981449721381,1470.7],[-120.87019063532,39.981473945081,1470.7],[-120.87017579935,39.981499845162,1472.5],[-120.87016062811,39.981518452987,1472.5],[-120.87014294229,39.981535049155,1472.7],[-120.87012324482,39.981555081904,1472.7],[-120.87009558454,39.981579724699,1474.2],[-120.87007488124,39.981605373323,1474.2],[-120.87005392648,39.981631357223,1474.6],[-120.8700280264,39.981647534296,1474.6],[-120.8700024616,39.981663879007,1476.4],[-120.86998234503,39.981682738289,1476.4],[-120.86996474303,39.981703525409,1477.2],[-120.86994663812,39.981726659462,1477.2],[-120.8699245099,39.981752643362,1479.3],[-120.86989559233,39.981774687767,1479.3],[-120.86987623014,39.981790613383,1479.7],[-120.86985946633,39.981801090762,1479.7],[-120.86983876303,39.981809221208,1479.7],[-120.86981546134,39.981829589233,1479.7],[-120.86979702115,39.981847694144,1482.1],[-120.86978235282,39.981863787398,1481.9],[-120.86976869032,39.981878204271,1481.9],[-120.86975284852,39.981894968078,1481.9],[-120.86972937919,39.981914078817,1481.9],[-120.86970465258,39.981928579509,1484.2],[-120.86968663149,39.981943499297,1483.5],[-120.8696730528,39.98195883818,1483.5],[-120.8696611505,39.981974093243,1483.5],[-120.86964765564,39.981986330822,1483.5],[-120.86963508278,39.98199345544,1483.5],[-120.86962058209,39.982008207589,1483.5],[-120.8696043212,39.982024049386,1485.6],[-120.86958378553,39.982039723545,1485.6],[-120.86957171559,39.982056152076,1484.8],[-120.86955620907,39.982072915882,1484.8],[-120.86953802034,39.982094373554,1486.9],[-120.86952100508,39.982117423788,1486.9],[-120.86950985715,39.982136869803,1486.9],[-120.86949435063,39.982154387981,1486.0],[-120.86948596872,39.982168134302,1486.0],[-120.86948093958,39.982181545347,1486.0],[-120.86946777999,39.982197638601,1488.2],[-120.86945596151,39.98221415095,1488.2],[-120.86944439448,39.982233513147,1488.2],[-120.86942712776,39.982254970819,1488.2],[-120.8694087714,39.98227651231,1487.4],[-120.8693841286,39.982292354107,1489.9],[-120.86935236119,39.982309956104,1489.9],[-120.86932453327,39.982330407947,1489.9],[-120.86930743419,39.982347842306,1489.4],[-120.86929519661,39.982364857569,1491.7],[-120.86928865872,39.982383800671,1491.7],[-120.86928077973,39.982405090705,1491.7],[-120.86926485412,39.982425458729,1491.7],[-120.86924297735,39.98244700022,1491.7],[-120.86921791546,39.982468625531,1493.3],[-120.86920115165,39.98249033466,1493.3],[-120.86917558685,39.982518246397,1493.3],[-120.86915169843,39.982542889193,1493.3],[-120.86913811974,39.98256652616,1494.3],[-120.86913258769,39.982589995489,1494.3],[-120.86912965402,39.982605753466,1494.3],[-120.86911448278,39.982608184218,1494.3],[-120.86908908561,39.982615979388,1494.3],[-120.8690635208,39.982628552243,1493.3],[-120.86904348806,39.982645651326,1493.3],[-120.86903192103,39.982671299949,1494.8],[-120.86901716888,39.982695020735,1494.8],[-120.86900174618,39.982718322426,1494.8],[-120.86899219081,39.982740283012,1494.8],[-120.8689736668,39.982758304104,1495.1],[-120.86894307286,39.982773140073,1495.1],[-120.86891138926,39.982787640765,1495.1],[-120.86889018305,39.98280800879,1495.1],[-120.86886947975,39.982828292996,1493.9],[-120.86884232238,39.982849163935,1493.9],[-120.86881063879,39.982866514474,1495.3],[-120.86877719499,39.98288076371,1494.0],[-120.86873469874,39.982898365706,1494.0],[-120.86869614199,39.982914878055,1494.0],[-120.86865406483,39.982932982966,1492.8],[-120.86860687472,39.982956787571,1495.0],[-120.86856697686,39.982974305749,1494.4],[-120.86853914894,39.982987632975,1494.4],[-120.86850319058,39.982997942716,1494.2],[-120.86846119724,39.983002133667,1494.2],[-120.86841995828,39.98300707899,1494.2],[-120.86837536655,39.983011940494,1494.2],[-120.8683284279,39.983017891645,1494.2],[-120.86829297245,39.983023423702,1494.5],[-120.86825961247,39.983026860282,1494.5],[-120.86822734214,39.983011856675,1495.2],[-120.86819540709,39.983011772856,1495.2],[-120.86815911345,39.983019819483,1495.2],[-120.86811636575,39.983027447015,1496.3],[-120.86807588115,39.983034152538,1496.3],[-120.86803195998,39.983048066497,1499.3],[-120.86799390614,39.983062315732,1499.3],[-120.86797814816,39.98308679089,1499.3],[-120.86792877875,39.983111685142,1500.7],[-120.86788200773,39.983127359301,1500.7],[-120.86784227751,39.983144039288,1503.2],[-120.86780715734,39.983150660992,1503.2],[-120.86777840741,39.983156695962,1503.2],[-120.86774630472,39.983157450333,1504.0],[-120.86771696806,39.983148146421,1504.0],[-120.8676893916,39.983140518889,1504.0],[-120.86766156368,39.983140183613,1504.7],[-120.86763298139,39.983144458383,1504.7],[-120.86760900915,39.983146050945,1504.7],[-120.86758436635,39.98314823024,1505.3],[-120.8675608132,39.983151834458,1505.3],[-120.8675330691,39.9831551034,1505.3],[-120.86750297807,39.983157869428,1505.3],[-120.86747724563,39.983164323494,1506.0],[-120.86745386012,39.983168430626,1506.0],[-120.86743491702,39.983164155856,1506.0],[-120.86741396226,39.983161976561,1506.0],[-120.86738194339,39.983165916055,1506.7],[-120.86735310964,39.983167173341,1506.7],[-120.86732343771,39.98316725716,1506.7],[-120.86729326285,39.983167592436,1507.5],[-120.86726392619,39.983169939369,1507.5],[-120.8672335837,39.983166335151,1507.5],[-120.86719712242,39.983163652942,1508.2],[-120.86715906858,39.98316122219,1508.2],[-120.86711715907,39.983156444505,1509.0],[-120.86707256734,39.983146721497,1509.0],[-120.86702730507,39.983135322109,1507.7],[-120.8669794444,39.983117720112,1507.7],[-120.86692538112,39.983092909679,1508.6],[-120.86687425151,39.983072541654,1508.6],[-120.86682764813,39.983052760363,1509.5],[-120.86678272113,39.983029793948,1508.1],[-120.86673955433,39.983011940494,1509.8],[-120.86669630371,39.982996936888,1509.8],[-120.86665271781,39.982983944938,1509.8],[-120.86660812609,39.982977490872,1511.6],[-120.86656009778,39.98297162354,1511.6],[-120.86651433259,39.982959218323,1512.5],[-120.86646596901,39.982949830592,1513.6],[-120.86641869508,39.982939101756,1513.6],[-120.86637200788,39.982926109806,1514.1],[-120.86632297374,39.982919739559,1514.1],[-120.86627528071,39.982913034037,1514.3],[-120.86623261683,39.982910687104,1514.3],[-120.86619364098,39.982908843085,1514.5],[-120.86615432985,39.982910268009,1514.5],[-120.86611728184,39.982913536951,1514.5],[-120.86608425714,39.982917308807,1514.8],[-120.86605123244,39.982924601063,1514.8],[-120.86601745337,39.982935832813,1514.8],[-120.86598115973,39.982944717631,1514.9],[-120.86594503373,39.982950584963,1514.9],[-120.86591594853,39.982956200838,1515.0],[-120.86588870734,39.982960727066,1515.0],[-120.86586448364,39.98296986334,1516.0],[-120.86582986638,39.9829820171,1516.0],[-120.86579902098,39.982997775078,1516.0],[-120.86576934904,39.983015460894,1516.0],[-120.86573322304,39.983038846403,1516.0],[-120.86570556276,39.983063908294,1516.8],[-120.86568628438,39.983088718727,1516.8],[-120.86566776037,39.98311445117,1516.8],[-120.865649404,39.983138842508,1516.8],[-120.86562945507,39.983164072037,1517.7],[-120.86560883559,39.983188379556,1517.7],[-120.86558913812,39.983208915219,1517.7],[-120.86556809954,39.983228864148,1517.7],[-120.86554245092,39.983250740916,1518.8],[-120.86551520973,39.98327370733,1518.8],[-120.86549073458,39.983294997364,1518.8],[-120.86548210122,39.983320813626,1518.8],[-120.86547221057,39.983347635716,1520.1],[-120.86546408013,39.983371775597,1519.4],[-120.86545703933,39.98339490965,1519.4],[-120.86544329301,39.983416283503,1519.4],[-120.86543013342,39.983443776146,1520.9],[-120.86541353725,39.983469843864,1520.9],[-120.86540121585,39.983494654298,1520.9],[-120.86538445204,39.983515357599,1520.9],[-120.8653604798,39.983541844413,1521.3],[-120.86533349007,39.983569253236,1521.3],[-120.86531404406,39.983596829697,1521.3],[-120.86529468186,39.983632536605,1522.5],[-120.86527263746,39.983667237684,1521.4],[-120.8652530238,39.98370135203,1521.4],[-120.86522955447,39.983729179949,1522.5],[-120.86519426666,39.983763881028,1522.5],[-120.86515747011,39.983787601814,1521.3],[-120.86512754671,39.983811741695,1522.5],[-120.86509812623,39.983842000365,1521.3],[-120.86508890614,39.983880473301,1521.3],[-120.86506308988,39.983917605132,1522.5],[-120.86504490115,39.983961693943,1522.5],[-120.8650314901,39.984001172706,1523.7],[-120.86503165774,39.984044926241,1523.7],[-120.86499385536,39.984077867121,1522.7],[-120.86492939852,39.98410217464,1523.9],[-120.864940295,39.984110640362,1523.9],[-120.86491280235,39.984123883769,1523.3],[-120.86489159614,39.984136959538,1523.3],[-120.86486636661,39.984164284542,1523.3],[-120.86484096944,39.984198398888,1524.8],[-120.86482278071,39.984235111624,1525.1],[-120.86480526254,39.984270818532,1525.1],[-120.86478740908,39.984297640622,1528.0],[-120.86476469412,39.984321612865,1528.0],[-120.8647408057,39.984342735261,1527.9],[-120.86471825838,39.984359582886,1527.9],[-120.86470032111,39.984379699454,1529.9],[-120.86468825117,39.984403587878,1529.9],[-120.86468020454,39.984427141026,1529.9],[-120.86467467248,39.984449772164,1529.9],[-120.86465899833,39.984460752457,1529.9],[-120.8646386303,39.984473660588,1529.1],[-120.86462723091,39.984492855147,1530.5],[-120.86461599916,39.984505847096,1530.5],[-120.86459881626,39.984514564276,1530.5],[-120.86457844824,39.984524454921,1530.5],[-120.86456252262,39.984539877623,1529.5],[-120.8645624388,39.9845609162,1529.5],[-120.86455204524,39.98460249044,1530.8],[-120.86453368887,39.984635096043,1530.8],[-120.86451457813,39.9846648518,1532.1],[-120.86449219845,39.984691338614,1532.1],[-120.86447585374,39.984713969752,1530.9],[-120.86446252652,39.98473836109,1530.9],[-120.86444408633,39.984767949209,1532.2],[-120.86442673579,39.984791334718,1532.2],[-120.86440594867,39.984813127667,1532.2],[-120.86438541301,39.984831484035,1530.9],[-120.86436605081,39.984847409651,1530.9],[-120.86435205303,39.984867526218,1532.1],[-120.86433000863,39.98489418067,1532.1],[-120.86430603638,39.984914800152,1532.1],[-120.86428491399,39.984940616414,1533.4],[-120.86426261812,39.984972635284,1531.8],[-120.86425247602,39.985005995259,1531.8],[-120.86424065754,39.985039439052,1533.0],[-120.86423018016,39.985072631389,1533.0],[-120.86421609856,39.985105153173,1533.0],[-120.86419522762,39.985142787918,1534.1],[-120.86417879909,39.985180255026,1532.1],[-120.86416932754,39.985216464847,1532.1],[-120.86416220292,39.985252339393,1532.9],[-120.86415918544,39.985280167311,1532.9],[-120.86416312493,39.985307073221,1533.7],[-120.86419623345,39.985341355205,1536.0],[-120.86422355846,39.985379911959,1536.0],[-120.86423328146,39.985413858667,1536.8],[-120.86423546076,39.985451158136,1536.8],[-120.86423227564,39.985491726547,1536.8],[-120.86422246881,39.985532797873,1537.8],[-120.86420780048,39.985570181161,1537.8],[-120.86418382823,39.98560664244,1538.8],[-120.86415675469,39.985643355176,1535.9],[-120.8641365543,39.985681576654,1536.6],[-120.86412104778,39.98572264798,1536.6],[-120.86411040276,39.985767155886,1536.6],[-120.8641052898,39.985816525295,1537.5],[-120.86410805583,39.985865643248,1538.3],[-120.86411333643,39.985907720402,1538.3],[-120.86411685683,39.98594686389,1538.3],[-120.86412171833,39.985982403159,1539.2],[-120.86412725039,39.986018026248,1539.2],[-120.8641400747,39.986051972955,1539.9],[-120.86415113881,39.986082818359,1539.9],[-120.86416362785,39.986117519438,1539.9],[-120.86417737417,39.986149622127,1540.7],[-120.86419313215,39.986181892455,1540.7],[-120.86422380991,39.986211899668,1543.8],[-120.86424845271,39.986248696223,1544.5],[-120.86426848546,39.986286833882,1544.5],[-120.86428684182,39.98632337898,1544.9],[-120.86430251598,39.986359253526,1547.1],[-120.86431383155,39.986395128071,1547.1],[-120.86432313547,39.98643075116,1547.2],[-120.86433394812,39.986469056457,1547.2],[-120.86435473524,39.986512390897,1547.1],[-120.8643651288,39.986551869661,1547.1],[-120.86438641883,39.9865969643,1546.9],[-120.86441634223,39.986644238234,1548.1],[-120.86445079185,39.986685393378,1547.7],[-120.86448700167,39.986719340086,1548.7],[-120.86451030336,39.986752700061,1548.7],[-120.86452321149,39.986780192703,1548.2],[-120.86454081349,39.986814726144,1548.2],[-120.86456025951,39.986855043098,1548.2],[-120.86457911879,39.986900640652,1548.6],[-120.86459931917,39.986946489662,1548.6],[-120.86462312378,39.986990913749,1548.1],[-120.86465019733,39.987037684768,1548.1],[-120.86466603912,39.987087640911,1548.3],[-120.86467006244,39.987136088312,1547.8],[-120.86467752233,39.987180680037,1547.8],[-120.86468967609,39.987227870151,1547.8],[-120.86468414403,39.987276233733,1547.3],[-120.86466872133,39.987321831286,1546.3],[-120.8646284882,39.987421156839,1545.9],[-120.86459470913,39.987574964762,1545.4],[-120.86459177546,39.987678062171,1544.7],[-120.86472689174,39.988055750728,1542.1],[-120.86479344405,39.988229004666,1541.9],[-120.86480224505,39.988306201994,1541.8],[-120.86472622119,39.988545002416,1541.0],[-120.86469445378,39.988617505878,1541.0],[-120.86468271911,39.988679448143,1540.9],[-120.86467810906,39.988732673228,1540.9],[-120.8646734152,39.988771732897,1540.9],[-120.86466763169,39.988812636584,1541.0],[-120.86464885622,39.988863430917,1540.7],[-120.8646144066,39.988928223029,1540.9],[-120.8645831421,39.98898262158,1540.9],[-120.86453041993,39.989084713161,1540.9],[-120.86451424286,39.989136680961,1541.2],[-120.86450644769,39.98918521218,1541.2],[-120.8645034302,39.989232486114,1541.6],[-120.86449915543,39.989277161658,1541.6],[-120.86448582821,39.989324938506,1542.0],[-120.86446294561,39.989375900477,1542.0],[-120.8643999137,39.989434992895,1542.4],[-120.86433478631,39.989491319284,1542.8],[-120.86429866031,39.989537252113,1542.8],[-120.86426747963,39.989566337317,1543.3],[-120.86422724649,39.989600451663,1543.3],[-120.86418307386,39.989645965397,1543.7],[-120.86413814686,39.989683767781,1544.0],[-120.86408860981,39.989720983431,1544.0],[-120.86392130703,39.989830534905,1546.3],[-120.8638683334,39.989866325632,1547.3],[-120.86381561123,39.989896584302,1547.3],[-120.86375534534,39.989923071116,1548.2],[-120.86369080469,39.989951904863,1549.0],[-120.86363171227,39.98997638002,1549.0],[-120.86357379332,39.989993562922,1549.8],[-120.86351369508,39.989995993674,1550.5],[-120.86344563402,39.989988282323,1550.5],[-120.8633763995,39.989984761924,1551.4],[-120.86332384497,39.989976882935,1552.3],[-120.86327346973,39.989968920127,1552.3],[-120.86322518997,39.989955425262,1553.3],[-120.86318210699,39.989942349494,1553.3],[-120.86313684471,39.989913515747,1554.4],[-120.86309367791,39.989873450249,1553.3],[-120.86305319332,39.989843610674,1554.6],[-120.86301337928,39.989827014506,1554.6],[-120.86297725327,39.989811759442,1553.1],[-120.86293785833,39.989798516035,1554.4],[-120.86290039122,39.989790553227,1554.4],[-120.86286937818,39.989779237658,1556.0],[-120.86282319389,39.989767167717,1556.0],[-120.8627813682,39.989750990644,1557.8],[-120.86274054833,39.989733640105,1556.5],[-120.8627051767,39.989719977602,1556.5],[-120.86267449893,39.989709919319,1559.0],[-120.86263359524,39.989693406969,1559.0],[-120.86258741096,39.989681588486,1561.0],[-120.86253728718,39.989671446383,1561.0],[-120.86248959415,39.989657616243,1562.5],[-120.86244190112,39.989641942084,1562.5],[-120.86239898577,39.98962408863,1562.5],[-120.86236026138,39.989600786939,1562.5],[-120.86231960915,39.989571953192,1563.2],[-120.86227518506,39.989550160244,1563.2],[-120.8622308448,39.989529037848,1562.5],[-120.86218432523,39.989504227415,1562.5],[-120.86213621311,39.989476567134,1563.0],[-120.86207418703,39.989470615983,1563.0],[-120.86201576516,39.989470448345,1563.6],[-120.86196681485,39.989467766136,1563.6],[-120.8619172778,39.989463659003,1564.1],[-120.86186262779,39.989462736994,1564.6],[-120.86181392893,39.989463156089,1564.6],[-120.86177352816,39.989460976794,1564.6],[-120.86173254065,39.98947086744,1564.9],[-120.86169037968,39.989486038685,1564.9],[-120.8616508171,39.989505819976,1565.0],[-120.86161938496,39.989525768906,1565.0],[-120.86159264669,39.989547478035,1567.1],[-120.86156037636,39.989570025355,1567.3],[-120.86151989177,39.989594584331,1567.3],[-120.86147387512,39.989618808031,1567.5],[-120.86142634973,39.989640433341,1569.9],[-120.8613839373,39.989661388099,1569.7],[-120.86134680547,39.989689383656,1569.7],[-120.86131051183,39.989722659811,1569.2],[-120.86128159426,39.989750403911,1571.1],[-120.86124613881,39.989778567106,1571.1],[-120.86121202447,39.989803377539,1570.4],[-120.86117338389,39.989828020334,1570.4],[-120.86113583297,39.989853836596,1571.4],[-120.86110180244,39.989878395572,1571.4],[-120.86107204668,39.989903038368,1571.4],[-120.86103977636,39.989921646193,1571.4],[-120.86099443026,39.989938242361,1572.4],[-120.86094497703,39.989955425262,1571.6],[-120.8608941827,39.98996598646,1571.6],[-120.86084087379,39.989984510466,1571.1],[-120.86078999564,39.990005129948,1571.1],[-120.86074012332,39.990024743602,1572.5],[-120.86069486104,39.990043351427,1572.5],[-120.86065630428,39.990058019757,1572.8],[-120.86062705144,39.990075789392,1572.8],[-120.86059302092,39.990095989779,1572.8],[-120.8605559729,39.990117363632,1575.1],[-120.8605149854,39.990137228742,1575.1],[-120.86047944613,39.990157596767,1575.7],[-120.86045404896,39.990170085803,1575.7],[-120.86043694988,39.990179389715,1575.7],[-120.86040602066,39.990195734426,1576.5],[-120.86037559435,39.990214928985,1577.8],[-120.86034843698,39.990234291181,1577.8],[-120.86031700484,39.990250384435,1577.8],[-120.86028649472,39.990266645327,1578.3],[-120.86025933735,39.990283073857,1579.7],[-120.86022798903,39.990295562893,1579.7],[-120.86019110866,39.990302855149,1580.1],[-120.86015640758,39.990310231224,1580.1],[-120.86012246087,39.990326911211,1580.6],[-120.86009186693,39.990345099941,1580.6],[-120.86006412283,39.990359768271,1580.6],[-120.86003461853,39.990371502936,1581.1],[-120.86000176147,39.990380555391,1582.7],[-120.85996362381,39.990384411067,1582.7],[-120.85992942564,39.99038843438,1583.3],[-120.85989505984,39.990394804627,1583.3],[-120.85986069404,39.990398744121,1583.3],[-120.85982280783,39.990405952558,1583.8],[-120.85978634655,39.990421794355,1583.8],[-120.85974519141,39.990434702486,1584.1],[-120.85970604792,39.990443084389,1584.1],[-120.85966950282,39.990448448807,1584.1],[-120.85963639431,39.990455824882,1584.1],[-120.85960219614,39.990465128794,1586.3],[-120.85956824943,39.990474600345,1586.3],[-120.8595275972,39.990487592295,1586.1],[-120.85949390195,39.990513157099,1586.1],[-120.85945609957,39.990513324738,1585.6],[-120.85941905156,39.990516174585,1585.6],[-120.85938644595,39.990528412163,1585.6],[-120.85935643874,39.990534447134,1585.4],[-120.8593324665,39.990542745218,1585.4],[-120.85931285284,39.990556826815,1587.6],[-120.85929374211,39.990575183183,1587.6],[-120.85927437991,39.990599239245,1587.6],[-120.85926541127,39.99062388204,1588.0],[-120.85925485007,39.990645339713,1588.0],[-120.85924806073,39.990666378289,1590.7],[-120.85924076848,39.990684818476,1590.7],[-120.85923297331,39.990708371624,1590.7],[-120.85922484286,39.990730164573,1590.7],[-120.85921000689,39.990748185664,1590.7],[-120.85919869132,39.990766961128,1593.4],[-120.85918972269,39.990786239505,1593.4],[-120.85918854922,39.990805936977,1593.4],[-120.85918921977,39.990826891735,1593.4],[-120.8591906447,39.99084382318,1596.2],[-120.85919274017,39.990856479853,1596.2],[-120.85918611847,39.990878691897,1595.6],[-120.85918427445,39.990898640826,1595.6],[-120.85919248872,39.990917416289,1596.2],[-120.85920321755,39.990942813456,1597.9],[-120.8592148684,39.990968629718,1597.9],[-120.85922894999,39.990990506485,1597.9],[-120.85924663581,39.991011125967,1597.9],[-120.85927798413,39.991026883945,1598.9],[-120.85931008682,39.991041300818,1599.3],[-120.85933514871,39.991068458185,1599.3],[-120.85935828276,39.991100728512,1599.3],[-120.85938326083,39.991131909192,1600.1],[-120.85940723307,39.991166861728,1600.5],[-120.8594465442,39.99119787477,1600.5],[-120.85947697051,39.991222433746,1601.3],[-120.859498512,39.991237772629,1601.9],[-120.85951477289,39.991255542263,1601.9],[-120.85952592082,39.991282951087,1601.9],[-120.85954058915,39.991317233071,1602.5],[-120.85955651477,39.991347240284,1602.5],[-120.85956917144,39.991378420964,1602.5],[-120.85958451033,39.991408344358,1604.5],[-120.85960160941,39.991435669363,1604.5],[-120.85962298326,39.991462659091,1604.5],[-120.85964955389,39.991487050429,1604.5],[-120.85967738181,39.991518482566,1606.6],[-120.85970797576,39.991553016007,1606.6],[-120.85973479785,39.99158562161,1606.6],[-120.85976421833,39.9916124437,1608.6],[-120.859794477,39.991640690714,1608.6],[-120.85982557386,39.991672374308,1608.6],[-120.85985817946,39.99170514755,1609.9],[-120.8598847501,39.991738423705,1609.9],[-120.85990972817,39.991773208603,1609.9],[-120.85993613116,39.991810340434,1610.9],[-120.85996655747,39.991847891361,1610.9],[-120.85999673232,39.991887118667,1611.4],[-120.8600252308,39.99192500487,1611.4],[-120.86005263962,39.991968339309,1611.7],[-120.86007669568,39.992015529424,1611.7],[-120.86009505205,39.992057271302,1611.6],[-120.86010963656,39.992099348456,1611.6],[-120.86011433043,39.992148634046,1611.1],[-120.86012413725,39.992200098932,1611.1],[-120.86013997905,39.992248294875,1611.8],[-120.86015699431,39.992292802781,1611.8],[-120.86016755551,39.992337226868,1611.8],[-120.86018390022,39.992381399497,1611.6],[-120.86020041257,39.99242875725,1611.6],[-120.86020812392,39.992471504956,1614.4],[-120.86020208895,39.992515258491,1613.0],[-120.86019320413,39.992561526597,1614.8],[-120.86018968374,39.992612572387,1614.8],[-120.8601930365,39.992664372548,1616.8],[-120.86019848473,39.992709634826,1616.8],[-120.86019689217,39.992753891274,1618.6],[-120.86019932292,39.992796638981,1618.6],[-120.86020485498,39.992843577638,1621.1],[-120.86021876894,39.992898311466,1621.1],[-120.86022128351,39.99294994399,1621.9],[-120.8602102194,39.992999648675,1621.9],[-120.86021306925,39.993046252057,1622.8],[-120.86021524854,39.993096543476,1622.3],[-120.86022270843,39.993146080524,1622.3],[-120.86023603566,39.993193773553,1621.2],[-120.86025170982,39.993241298944,1621.2],[-120.86027400568,39.993281615898,1619.9],[-120.86030778475,39.993322938681,1620.6],[-120.86034751497,39.993366524577,1620.6],[-120.86038716137,39.993406422436,1618.6],[-120.86042387411,39.99343550764,1619.2],[-120.86045932956,39.993464006111,1617.6],[-120.8604991436,39.993497114629,1617.4],[-120.8605409693,39.993540784344,1617.4],[-120.86058162153,39.993592835963,1615.3],[-120.86062319577,39.993648994714,1615.3],[-120.86066217162,39.993711858988,1614.4],[-120.86069008335,39.993772879243,1612.8],[-120.86070684716,39.993832139298,1612.8],[-120.86072511971,39.993890644982,1612.9],[-120.86075764149,39.993950994685,1613.5],[-120.86079343222,39.994013691321,1612.3],[-120.86081639864,39.994076639414,1613.1],[-120.8608369343,39.994137240574,1613.9],[-120.86085562594,39.994190633297,1613.0],[-120.86087850854,39.994240170345,1613.8],[-120.86090633646,39.994285181165,1613.8],[-120.8609289676,39.994333041832,1614.7],[-120.86095109582,39.994380483404,1614.0],[-120.86097255349,39.994424739853,1614.8],[-120.86099375971,39.994460195303,1614.8],[-120.86101437919,39.994501182809,1614.8],[-120.86102628149,39.994545355439,1614.8],[-120.86103340611,39.994593383744,1615.6],[-120.86103877053,39.99463789165,1614.6],[-120.86104078218,39.994676196948,1615.1],[-120.86103550158,39.994714250788,1616.2],[-120.861032065,39.994751382619,1616.2],[-120.86102787405,39.994793208316,1616.4],[-120.86099577136,39.99484215863,1616.4],[-120.86091756821,39.994895216078,1617.9],[-120.86086417548,39.994946597144,1617.9],[-120.86082193069,39.994999906048,1619.7],[-120.86078152992,39.995049862191,1620.3],[-120.86073769256,39.995095208287,1621.4],[-120.86069385521,39.995138961822,1621.4],[-120.86064792238,39.995179949328,1623.0],[-120.86059595458,39.995219931006,1623.0],[-120.86053300649,39.99526812695,1623.7],[-120.86046846583,39.995315987617,1623.7],[-120.86040275171,39.995360914618,1624.2],[-120.86034164764,39.995414307341,1625.1],[-120.86030468345,39.995470466092,1624.7],[-120.8602895122,39.995517740026,1624.2],[-120.86029043421,39.99555897899,1624.2],[-120.86029018275,39.995598876849,1624.2],[-120.86030543782,39.995632823557,1624.0],[-120.86032111198,39.995668781921,1624.0],[-120.86033142172,39.995704572648,1624.1],[-120.86033812724,39.995739273727,1624.1],[-120.86034592241,39.995772214606,1624.1],[-120.86035078391,39.995803395286,1624.7],[-120.86035715416,39.995835917071,1624.7],[-120.86036561988,39.995868690312,1624.7],[-120.86037039757,39.995902720839,1625.5],[-120.86037953384,39.995933147147,1624.5],[-120.86039017886,39.995957287028,1624.5],[-120.86039864458,39.995985366404,1624.5],[-120.86041054688,39.996016630903,1626.1],[-120.86042865179,39.996044794098,1626.1],[-120.86044709198,39.99607052654,1626.1],[-120.86047047749,39.996096258983,1627.3],[-120.86049822159,39.996127355844,1627.3],[-120.86050853133,39.996160967276,1627.3],[-120.86052672006,39.996196171269,1629.7],[-120.86054541171,39.996229112148,1629.7],[-120.86056510918,39.996252832934,1629.0],[-120.86058774032,39.996273620054,1631.1],[-120.86059796624,39.996309578419,1631.1],[-120.86061020382,39.996347716078,1631.1],[-120.86063501425,39.996375795454,1632.9],[-120.86066426709,39.996405299753,1632.6],[-120.86068723351,39.996428852901,1632.6],[-120.86071489379,39.996447796002,1634.3],[-120.86074431427,39.996464140713,1634.3],[-120.86077691987,39.996482748538,1634.2],[-120.86080826819,39.996504122391,1634.2],[-120.86083726957,39.996530609205,1634.2],[-120.86086727679,39.996550390497,1635.5],[-120.86090507917,39.996567238122,1635.5],[-120.8609386906,39.996585845947,1635.5],[-120.86096375249,39.996599927545,1635.5],[-120.86096660234,39.996620463207,1635.5],[-120.86096048355,39.996660863981,1636.6],[-120.860968614,39.996691374108,1636.6],[-120.86097490042,39.996724063531,1637.6],[-120.86098101921,39.996762285009,1637.6],[-120.86098847911,39.996801009402,1637.6],[-120.86099686101,39.996839314699,1638.5],[-120.8609924186,39.996883068234,1638.5],[-120.86097842082,39.996936796233,1639.4],[-120.8609576337,39.996998235583,1639.4],[-120.860942211,39.997063949704,1640.1],[-120.8609338291,39.997129160911,1640.4],[-120.86093743332,39.997200993821,1640.3],[-120.86095302366,39.99727291055,1640.3],[-120.86095998064,39.997343989089,1640.2],[-120.86096760817,39.997415235266,1639.9],[-120.86097473279,39.997478015721,1639.6],[-120.86098319851,39.997537108138,1639.6],[-120.86098671891,39.997595194727,1639.1],[-120.86098412052,39.997650599107,1638.8],[-120.86098571308,39.99770659022,1638.8],[-120.86099166423,39.997758390382,1638.6],[-120.86100306362,39.997806334868,1639.0],[-120.86102276109,39.997850675136,1639.5],[-120.86104690097,39.997893422842,1639.5],[-120.86107112467,39.997935416177,1640.1],[-120.86110222153,39.997973386198,1640.1],[-120.86114052683,39.998002387583,1639.5],[-120.86118352599,39.99802954495,1639.9],[-120.86127111688,39.998090397567,1638.8],[-120.86131101474,39.998118896037,1639.2],[-120.86134697311,39.998149741441,1639.2],[-120.86137966253,39.998178491369,1638.0],[-120.86141914129,39.998198105022,1639.8],[-120.86145342328,39.998217718676,1639.8],[-120.8614839334,39.998236829415,1638.4],[-120.86150765419,39.998255269602,1638.4],[-120.86152844131,39.998277649283,1638.4],[-120.86155341938,39.998308159411,1640.7],[-120.86156632751,39.998341687024,1640.7],[-120.86157345213,39.998374292627,1640.7],[-120.86157864891,39.998402874917,1642.1],[-120.86158057675,39.998433217406,1642.1],[-120.86155593395,39.998463308439,1643.7],[-120.86153229699,39.998490381986,1645.9],[-120.86150111631,39.998524077237,1645.9],[-120.86147437803,39.998552408069,1646.6],[-120.86144856177,39.998579900712,1647.7],[-120.86142609827,39.998611416668,1647.7],[-120.86140547879,39.998640501872,1647.7],[-120.86138293147,39.998671766371,1648.6],[-120.86134831421,39.998714933172,1648.8],[-120.86132132448,39.998743766919,1648.8],[-120.86129383184,39.998764721677,1649.9],[-120.86126851849,39.998788610101,1649.6],[-120.86124597117,39.998811660334,1649.6],[-120.86122409441,39.998833956197,1649.6],[-120.86119961925,39.998859521002,1650.5],[-120.86117665283,39.998886175454,1650.3],[-120.8611522615,39.998911740258,1650.3],[-120.86112376302,39.99893579632,1650.3],[-120.86109476164,39.998961361125,1651.9],[-120.86105964147,39.998992290348,1651.9],[-120.86103114299,39.999014250934,1651.9],[-120.86100884713,39.999033529311,1651.9],[-120.86098839529,39.999055657536,1653.8],[-120.86096433923,39.999082395807,1653.8],[-120.86093349382,39.999106284231,1653.8],[-120.86090885103,39.999129418284,1653.8],[-120.86087037809,39.999139644206,1655.5],[-120.86083265953,39.999157581478,1655.5],[-120.86080290377,39.999183984473,1655.2],[-120.86077532731,39.999210806563,1655.2],[-120.86076920852,39.999239388853,1657.4],[-120.86074925959,39.999267132953,1657.4],[-120.86071631871,39.999293452129,1657.1],[-120.86070961319,39.99931935221,1659.6],[-120.860708775,39.999345336109,1659.6],[-120.86070634425,39.999370314181,1659.6],[-120.86069553159,39.999396800995,1662.1],[-120.86068111472,39.999422952533,1662.1],[-120.86066351272,39.999451283365,1662.1],[-120.86063945666,39.999475674704,1662.1],[-120.86061649024,39.99949763529,1664.5],[-120.86059746332,39.999523200095,1664.5],[-120.86057692766,39.999547423795,1664.5],[-120.86056133732,39.999566450715,1664.5],[-120.86054063402,39.99958505854,1666.9],[-120.86051967926,39.999608024955,1666.7],[-120.86050023325,39.999630739912,1666.7],[-120.86048112251,39.999649850652,1666.7],[-120.86046528071,39.999673236161,1669.3],[-120.86045455188,39.999699136242,1669.3],[-120.86045061238,39.999722437933,1669.3],[-120.86044424213,39.999741883948,1669.2],[-120.86044625379,39.999762419611,1669.2],[-120.86043435149,39.999783542007,1671.4],[-120.86042739451,39.999803826213,1671.4],[-120.86042244919,39.999823356047,1671.4],[-120.86042203009,39.999843137339,1671.4],[-120.86042060517,39.99986208044,1673.4],[-120.86041348055,39.999878592789,1673.4],[-120.86040920578,39.999891668558,1673.4],[-120.86040861905,39.999905917794,1673.4],[-120.86041054688,39.99992184341,1673.4],[-120.86041641422,39.999938020483,1673.4],[-120.86041901261,39.999958891422,1675.4],[-120.8604247123,39.999982947484,1675.4],[-120.8604260534,40.000008428469,1675.4],[-120.86040878668,40.000047152862,1677.3],[-120.86040166207,40.000078920275,1677.3],[-120.8603969682,40.000106999651,1677.3],[-120.8603934478,40.000130636618,1677.3],[-120.86039789021,40.000156704336,1679.4],[-120.86040602066,40.000184699893,1679.4],[-120.86042085662,40.000217305496,1679.4],[-120.86043301038,40.000248653814,1681.3],[-120.8604405541,40.000276230276,1681.3],[-120.86044256575,40.000299531966,1681.3],[-120.86044315249,40.0003243424,1683.1],[-120.86044021882,40.000351415947,1683.1],[-120.86042362265,40.00038318336,1683.1],[-120.860421611,40.000411598012,1683.1],[-120.86042370647,40.000436324626,1684.5],[-120.860431334,40.000460045412,1684.5],[-120.86044415832,40.000486448407,1684.5],[-120.86046033539,40.000515114516,1686.6],[-120.86048120633,40.000535231084,1686.6],[-120.86048916914,40.000558448955,1686.6],[-120.86049528793,40.000586695969,1686.6],[-120.8605180867,40.000615026802,1688.1],[-120.86054968648,40.000647045672,1688.9],[-120.86057265289,40.000678226352,1688.9],[-120.86059092544,40.000702114776,1690.0],[-120.86060626432,40.000723740086,1690.0],[-120.86060592905,40.000740336254,1690.0],[-120.86060031317,40.000769170001,1690.0],[-120.86059436202,40.000799763948,1691.2],[-120.86059737951,40.00083329156,1691.2],[-120.86060785688,40.000856257975,1691.2],[-120.86062319577,40.000878218561,1691.2],[-120.86064700037,40.000882577151,1691.7],[-120.86069326848,40.00088785775,1691.7],[-120.86072143167,40.000904370099,1692.7],[-120.860744901,40.000919708982,1693.1],[-120.86076535285,40.000934712589,1693.1],[-120.86078898981,40.000947453082,1693.1],[-120.8608158119,40.000961702317,1693.1],[-120.86084757932,40.00098047778,1694.7],[-120.86087767035,40.00100042671,1694.7],[-120.86090466008,40.001021549106,1694.7],[-120.86092494428,40.001042000949,1695.1],[-120.86093760096,40.001067817211,1696.2],[-120.86094321683,40.001102183014,1696.2],[-120.86094958708,40.001132106408,1696.2],[-120.86096249521,40.001157419756,1696.2],[-120.86098085158,40.001181727275,1697.2],[-120.86099325679,40.001206956804,1698.4],[-120.8609963581,40.001234784722,1698.4],[-120.86099484935,40.001263367012,1698.4],[-120.86098973639,40.001294212416,1699.7],[-120.86097070947,40.001329081133,1699.7],[-120.86095830426,40.001368392259,1699.7],[-120.86095671169,40.00140728429,1701.0],[-120.86096702144,40.001436788589,1701.0],[-120.86096702144,40.001462521031,1701.0],[-120.86096668616,40.001487834379,1702.3],[-120.86096844636,40.001513483003,1702.3],[-120.86097297259,40.001544076949,1702.3],[-120.86097967811,40.001576514915,1703.6],[-120.86099334061,40.001609036699,1703.6],[-120.86100800894,40.001643653959,1703.6],[-120.86101287045,40.001684809104,1704.9],[-120.86100147106,40.001724371687,1704.9],[-120.86098353378,40.001757731661,1706.3],[-120.86095922627,40.001798635349,1706.3],[-120.8609179873,40.0018530339,1706.2],[-120.86088764481,40.001891003922,1707.6],[-120.86086551659,40.001922184601,1707.6],[-120.86084657349,40.0019534491,1708.8],[-120.86083249189,40.001987479627,1708.8],[-120.86082142778,40.002016983926,1708.8],[-120.86081698537,40.002044225112,1710.1],[-120.86081472225,40.002078926191,1710.1],[-120.86079770699,40.00211882405,1710.1],[-120.86075093597,40.002160230651,1711.2],[-120.86070626043,40.002202391624,1711.2],[-120.86066267453,40.002256371081,1712.0],[-120.86061875336,40.002322420478,1712.4],[-120.86060827598,40.00234127976,1713.1],[-120.86059696041,40.002357373014,1713.1],[-120.86058421992,40.002370364964,1713.1],[-120.86056997068,40.002383943647,1713.1],[-120.86053845473,40.002407832071,1713.7],[-120.86050677113,40.002431804314,1714.2],[-120.86048011668,40.002455189824,1714.2],[-120.86045530625,40.00247715041,1714.2],[-120.86042546667,40.002497434616,1715.0],[-120.86039579473,40.002507744357,1715.0],[-120.86036712863,40.002502966672,1715.0],[-120.86033896543,40.002492908388,1715.9],[-120.86031273007,40.002502715215,1715.9],[-120.86028490216,40.002515623346,1715.9],[-120.86025305092,40.002531884238,1717.8],[-120.86022187024,40.002545798197,1717.8],[-120.86019420996,40.002558622509,1717.8],[-120.8601670526,40.002571111545,1719.0],[-120.86013629101,40.002585444599,1719.0],[-120.86011592299,40.002603130415,1719.0],[-120.86009429768,40.002622157335,1719.0],[-120.86006931961,40.002641184255,1721.0],[-120.86004442535,40.002658031881,1721.0],[-120.86001852527,40.002678651363,1721.0],[-120.8599939663,40.002702875063,1721.0],[-120.85997016169,40.002719052136,1722.8],[-120.85995440371,40.002734139562,1722.8],[-120.8599486202,40.002751071006,1722.8],[-120.85992682725,40.002770433202,1722.8],[-120.85990034044,40.002794740722,1722.8],[-120.85988860577,40.002816617489,1724.9],[-120.85987829603,40.002840589732,1724.9],[-120.85986371152,40.002868166193,1724.9],[-120.85984719917,40.002897335216,1724.9],[-120.859830603,40.00292642042,1726.1],[-120.85981124081,40.002952069044,1726.1],[-120.859776875,40.003001857549,1728.2],[-120.85975022055,40.003028260544,1728.2],[-120.85972851142,40.003057094291,1728.2],[-120.85968811065,40.00308659859,1730.4],[-120.85966824554,40.003100764006,1730.4],[-120.85963740014,40.003127837554,1730.4],[-120.85962113924,40.003156168386,1730.4],[-120.85960563272,40.003189025447,1732.4],[-120.85959549062,40.003224564716,1732.4],[-120.85958685726,40.003255745396,1732.4],[-120.8595764637,40.003287009895,1732.9],[-120.85955944844,40.003318442032,1732.9],[-120.85953916423,40.003352891654,1732.9],[-120.85951703601,40.003389185295,1734.0],[-120.85948887281,40.003428747877,1734.0],[-120.85945308208,40.003462946042,1733.6],[-120.85942625999,40.003492534161,1734.6],[-120.85940052755,40.003518853337,1734.6],[-120.85937269963,40.003548441455,1733.5],[-120.8593395073,40.003585070372,1734.5],[-120.85928779095,40.003622621298,1734.5],[-120.85923121311,40.0036640279,1734.7],[-120.85919357836,40.003709373996,1734.7],[-120.859166421,40.003749607131,1735.0],[-120.85914580151,40.003789588809,1735.0],[-120.8591316361,40.003834431991,1734.4],[-120.85911663249,40.003878604621,1734.4],[-120.859103892,40.003916071728,1733.9],[-120.85908377543,40.003958400339,1735.4],[-120.85905561224,40.004004836082,1735.5],[-120.85902325809,40.004050768912,1735.5],[-120.8589960169,40.00409938395,1737.3],[-120.85897330195,40.004139784724,1737.3],[-120.85894656368,40.004181861877,1737.8],[-120.85892653093,40.004228046164,1737.8],[-120.85891311988,40.004271045327,1738.8],[-120.85889878683,40.0043132063,1738.8],[-120.85889023729,40.004355954006,1740.7],[-120.85888956673,40.004399623722,1741.3],[-120.85889300331,40.004445305094,1741.3],[-120.85890674964,40.004489393905,1740.6],[-120.85892426781,40.004531554878,1740.6],[-120.85894656368,40.004573296756,1741.2],[-120.85897154175,40.004614619538,1741.2],[-120.8589999564,40.004657199606,1741.6],[-120.85903113708,40.004699360579,1740.9],[-120.85906315595,40.004738839343,1740.9],[-120.859095091,40.004775132984,1741.3],[-120.85912786424,40.004801871255,1740.7],[-120.85915418342,40.004830537364,1740.7],[-120.85918092169,40.004867417738,1741.0],[-120.85921109654,40.00490614213,1740.5],[-120.85924370214,40.004942938685,1740.9],[-120.85927261971,40.004978561774,1740.9],[-120.85928955115,40.005016028881,1740.7],[-120.85930740461,40.00505684875,1740.7],[-120.85932743736,40.005103787407,1740.8],[-120.8593562711,40.005149133503,1740.8],[-120.85937404074,40.005189115182,1740.6],[-120.85938384756,40.005217529833,1740.6],[-120.85938611068,40.005244268104,1740.6],[-120.85938921198,40.005278214812,1740.6],[-120.85939843208,40.005315514281,1740.6],[-120.85941108875,40.005354825407,1740.6],[-120.85942567326,40.005389777943,1740.8],[-120.85943757556,40.005424814299,1740.8],[-120.85943975486,40.005457755178,1740.8],[-120.85944461636,40.005491115153,1740.7],[-120.85945241153,40.00552682206,1740.7],[-120.85946917534,40.00556579791,1740.6],[-120.85948728025,40.005607455969,1740.9],[-120.85950295441,40.005653556436,1740.9],[-120.85951711982,40.00569823198,1740.9],[-120.85951946676,40.005746260285,1740.9],[-120.85951586254,40.005795881152,1740.9],[-120.85949381813,40.005852626637,1740.9],[-120.85947546177,40.005904342979,1740.9],[-120.85945794359,40.00595882535,1740.2],[-120.85945450701,40.006015319377,1740.1],[-120.85944411345,40.006069801748,1740.1],[-120.85943355225,40.006115902215,1739.9],[-120.85941938683,40.006162924692,1739.9],[-120.8594117593,40.006209947169,1740.0],[-120.85939306766,40.00625655055,1740.0],[-120.85935484618,40.006312290207,1739.6],[-120.85931452923,40.006379596889,1739.8],[-120.85926968604,40.006449250504,1739.3],[-120.85923213512,40.006515048444,1739.6],[-120.85919047706,40.006584534422,1739.5],[-120.85911219008,40.006656702608,1739.2],[-120.85901772603,40.006727445871,1739.0],[-120.85890901275,40.006808415055,1738.4],[-120.85880482569,40.006890809163,1737.7],[-120.85870030336,40.006962893531,1736.5],[-120.85857340135,40.0070261769,1735.2],[-120.85842738859,40.007088789716,1734.9],[-120.85826997645,40.007148133591,1733.4],[-120.85811952129,40.007191300392,1732.6],[-120.85795783438,40.007203454152,1730.8],[-120.85779991932,40.007189540192,1729.5],[-120.85767041892,40.007177134976,1726.5],[-120.85756698623,40.007183421403,1724.8],[-120.85749054328,40.007212674245,1722.8],[-120.85744578391,40.007269671187,1722.8],[-120.8574448619,40.007345024496,1722.4],[-120.85747411475,40.007428256795,1721.9],[-120.8575042896,40.007524481043,1720.8],[-120.85754368454,40.007619867101,1720.6],[-120.85761023685,40.007705613971,1719.3],[-120.85775465705,40.00778272748,1717.7],[-120.85786253214,40.007848944515,1716.3],[-120.85796068422,40.007924465463,1715.2],[-120.85804140195,40.008008955047,1715.9],[-120.85809839889,40.008100150153,1715.0],[-120.85813259706,40.008192267269,1713.5],[-120.85816436447,40.008281618357,1712.4],[-120.8582124766,40.008355043828,1711.0],[-120.85827651434,40.008417489007,1709.7],[-120.85835371166,40.008485717699,1708.0],[-120.85844465531,40.008549336344,1707.7],[-120.85854582489,40.008616559207,1706.1],[-120.8586277999,40.00869509764,1704.7],[-120.85867507383,40.008782939985,1703.2],[-120.8586903289,40.008875811473,1702.1],[-120.85869317874,40.008960803971,1701.0],[-120.85870625451,40.009035402909,1701.0],[-120.85872930475,40.009105810896,1700.5],[-120.85875545628,40.009174542502,1699.9],[-120.85883223452,40.009233718738,1699.7],[-120.85887246765,40.009304629639,1699.7],[-120.85891085677,40.009376630187,1699.4],[-120.85892418399,40.009455420077,1699.3],[-120.8589206636,40.009545860812,1699.2],[-120.85889853537,40.009645270184,1699.0],[-120.85890096612,40.009699417278,1699.0],[-120.85891035385,40.009762030095,1698.7],[-120.85892401636,40.009837131947,1698.5],[-120.85894740187,40.009909383953,1698.0],[-120.8589968551,40.009968308732,1698.0],[-120.85906617343,40.010019270703,1698.6],[-120.85915133357,40.010074423626,1699.2],[-120.85923649371,40.010129576549,1700.4],[-120.85932265967,40.010179113597,1701.1],[-120.85940362886,40.010229824111,1702.4],[-120.85947462358,40.01027835533,1703.1],[-120.85954260081,40.01031816937,1704.4],[-120.85960429162,40.01034935005,1703.9],[-120.85965550505,40.010388158262,1705.1],[-120.85969942622,40.010423278436,1705.1],[-120.85974418558,40.01047231257,1705.8],[-120.85977595299,40.010514557362,1705.8],[-120.85981350392,40.010552695021,1705.3],[-120.85984694771,40.010586725548,1705.8],[-120.859865807,40.010627126321,1704.7],[-120.85988190025,40.010669706389,1704.7],[-120.85990729742,40.010748999193,1703.6],[-120.85992003791,40.010790238157,1703.3],[-120.85992900655,40.010835248977,1702.2],[-120.8599120751,40.010939016938,1702.5],[-120.85988424718,40.011000204831,1702.3],[-120.85985901766,40.011065918952,1702.3],[-120.85983554833,40.011134231463,1701.9],[-120.85974016227,40.011384179816,1703.8],[-120.85971686058,40.011480404064,1703.5],[-120.85971434601,40.011576628312,1703.2],[-120.85976237431,40.011761030182,1700.7],[-120.85990687832,40.0121455919,1697.1],[-120.85994367488,40.012251120061,1694.5],[-120.85999497212,40.012469552457,1692.9],[-120.86002020165,40.012583462521,1691.4],[-120.86006881669,40.012805750594,1690.0],[-120.86008667015,40.012916224077,1689.6],[-120.86009714752,40.013023512438,1688.3],[-120.86011734791,40.013132309541,1687.2],[-120.86013813503,40.013240855187,1687.6],[-120.86015406065,40.013335989788,1688.0],[-120.86018037982,40.013424921781,1688.4],[-120.86021424271,40.013499855995,1689.0],[-120.86026646197,40.013561965898,1689.0],[-120.86031608284,40.013617789373,1689.2],[-120.86036721244,40.01367260702,1689.5],[-120.86043259129,40.013723820448,1689.2],[-120.86048749276,40.013777716085,1689.7],[-120.86052604951,40.01383270137,1689.7],[-120.86055563763,40.013886513188,1690.3],[-120.86057122797,40.013944096863,1690.1],[-120.86059411056,40.013983575627,1690.8],[-120.86062612943,40.014017606154,1690.8],[-120.86063518189,40.01405951567,1691.7],[-120.86062990129,40.014094049111,1691.7],[-120.86063048802,40.014134617522,1691.7],[-120.86062805727,40.014168731868,1693.0],[-120.86061917245,40.0142041035,1693.0],[-120.86060668342,40.014241067693,1695.0],[-120.86059134454,40.014275601134,1695.0],[-120.86056888103,40.014311056584,1695.0],[-120.86051062681,40.014382973313,1698.3],[-120.86050325073,40.014415746555,1698.3],[-120.86050475948,40.014448100701,1701.4],[-120.86051741615,40.014482550323,1701.4],[-120.86052194238,40.014517502859,1701.4],[-120.86052571423,40.014548683539,1704.1],[-120.86053141393,40.014576092362,1704.1],[-120.86054172367,40.014604339376,1704.1],[-120.86055370979,40.014629652724,1706.1],[-120.86055647582,40.0146559719,1706.1],[-120.86055706255,40.014685057104,1706.1],[-120.86056368425,40.014710957184,1707.6],[-120.86057550274,40.014736773446,1707.6],[-120.86058924906,40.014762757346,1706.9],[-120.86060106754,40.014788070694,1708.3],[-120.86061607115,40.014817239717,1708.3],[-120.86062621325,40.014850348234,1708.3],[-120.86063425988,40.014880606905,1709.3],[-120.86064951494,40.014913296327,1709.3],[-120.86066124961,40.014948751777,1709.3],[-120.86065806448,40.014979597181,1710.1],[-120.86065865122,40.015006670728,1710.1],[-120.86067055352,40.015038186684,1709.6],[-120.86069502868,40.015065176412,1710.4],[-120.86071799509,40.01509308815,1710.4],[-120.86073165759,40.015123849735,1710.4],[-120.86074800231,40.015161987394,1710.8],[-120.86076392792,40.01519953832,1710.8],[-120.86077767424,40.015229796991,1710.3],[-120.86078538559,40.01526106149,1710.9],[-120.86078974418,40.015289224684,1710.9],[-120.86079217494,40.015319399536,1710.9],[-120.86079485714,40.015353430063,1711.3],[-120.86080416106,40.015385532752,1711.3],[-120.86082494818,40.015421826392,1711.3],[-120.86083735339,40.015457365662,1711.8],[-120.8608453162,40.015486618504,1711.8],[-120.86085118353,40.015511596575,1711.8],[-120.86085822433,40.015541855246,1712.1],[-120.8608677797,40.015575466678,1711.6],[-120.86087641306,40.015614358708,1711.9],[-120.86089091375,40.0156566035,1711.9],[-120.8609012235,40.015696836635,1711.9],[-120.86090868339,40.015734387562,1712.2],[-120.86091890931,40.015772022307,1712.2],[-120.86092712358,40.015809321776,1712.4],[-120.86093215272,40.015850057825,1712.4],[-120.86093223654,40.015895739198,1712.8],[-120.86093341,40.015941504389,1712.8],[-120.86094581522,40.01599338837,1713.3],[-120.86095344275,40.016035297886,1713.0],[-120.86096081883,40.016086427495,1713.4],[-120.86096316576,40.016137138009,1713.4],[-120.86096526124,40.016186255962,1713.8],[-120.86096886545,40.016235876828,1713.8],[-120.86097070947,40.016282144934,1714.2],[-120.86097263731,40.016330508515,1714.2],[-120.86096324958,40.016373507679,1714.7],[-120.86095076054,40.016419105232,1714.9],[-120.8609386906,40.016462691128,1715.4],[-120.86091597565,40.016508791596,1715.4],[-120.86089611053,40.016556149349,1715.9],[-120.86086895317,40.016601160169,1715.9],[-120.860843556,40.016646673903,1716.5],[-120.86081723683,40.016692019999,1717.2],[-120.86078287102,40.016736947,1717.2],[-120.86075487547,40.016777347773,1717.1],[-120.8607228566,40.01681833528,1718.0],[-120.86069184355,40.016859658062,1718.0],[-120.86066787131,40.016896873713,1718.8],[-120.86065127514,40.01692822203,1718.8],[-120.86064716801,40.01696032472,1718.8],[-120.86065026931,40.016991086304,1720.1],[-120.86064934731,40.017021680251,1720.1],[-120.86065697484,40.01706157811,1720.1],[-120.86067055352,40.017113881186,1721.4],[-120.86067759432,40.017154114321,1721.8],[-120.86066887714,40.017189821228,1722.8],[-120.86066141725,40.017219912261,1722.8],[-120.86064616218,40.017252769321,1722.8],[-120.86063275114,40.017285710201,1723.9],[-120.8606308233,40.017320578918,1723.9],[-120.860627722,40.017354357988,1723.9],[-120.86062059738,40.017389394343,1725.0],[-120.8606149815,40.017424598336,1725.0],[-120.86061615497,40.017463909462,1726.3],[-120.86062503979,40.017501963302,1726.3],[-120.8606356848,40.01753423363,1726.3],[-120.86063970812,40.017566503957,1727.6],[-120.86064255796,40.017601121217,1727.6],[-120.86065211333,40.01763632521,1729.0],[-120.86067013443,40.01767270267,1729.0],[-120.86069058627,40.017712097615,1729.5],[-120.86070265621,40.017750989646,1730.9],[-120.8607052546,40.017781248316,1730.9],[-120.86069829762,40.01781385392,1730.9],[-120.86067298427,40.017848974094,1731.9],[-120.86068815552,40.017882669345,1731.9],[-120.86071070284,40.017918376252,1733.4],[-120.86072998121,40.017959196121,1733.4],[-120.86074037477,40.017998674884,1734.3],[-120.86075386964,40.018037483096,1734.3],[-120.86075403728,40.018077464774,1734.3],[-120.8607554622,40.018107891083,1735.1],[-120.86075311527,40.018139071763,1735.1],[-120.86075831205,40.018168324605,1735.1],[-120.86077465676,40.018203780055,1735.7],[-120.86079007946,40.01823714003,1736.4],[-120.86080558598,40.018264297396,1736.4],[-120.86082788184,40.018298663199,1736.9],[-120.86084933951,40.018328418955,1736.9],[-120.86086912081,40.018356749788,1736.9],[-120.86089116521,40.018388852477,1738.0],[-120.86091119796,40.018420116976,1738.0],[-120.86093089543,40.018445849419,1738.0],[-120.86095537059,40.018469402567,1738.3],[-120.86099786684,40.01849764958,1739.1],[-120.86103416048,40.018525142223,1739.1],[-120.86106450297,40.018552718684,1740.3],[-120.86109367199,40.018581133336,1740.3],[-120.86111873388,40.018608709797,1740.3],[-120.86114027537,40.018632598221,1740.3],[-120.86116349325,40.018655732274,1741.6],[-120.86118788458,40.01868548803,1741.6],[-120.86121235974,40.018713064492,1741.6],[-120.86123448797,40.018736198545,1742.6],[-120.86124856956,40.018757572398,1742.6],[-120.86125745438,40.01878682524,1742.6],[-120.86126516573,40.018828567117,1744.4],[-120.86127396673,40.018861927092,1744.4],[-120.86129332893,40.018894532695,1744.4],[-120.86131847464,40.018926300108,1744.4],[-120.86134496145,40.018959576264,1746.3],[-120.86136792786,40.018991259858,1746.3],[-120.86139206775,40.019020345062,1746.3],[-120.86141930893,40.019040629268,1747.9],[-120.86144336499,40.019055465236,1748.2],[-120.86146649905,40.019072061405,1748.2],[-120.86149072275,40.019089244306,1748.2],[-120.86153883487,40.01911573112,1749.8],[-120.86156171747,40.019146576524,1750.1],[-120.86157764308,40.019174739718,1750.1],[-120.86159382015,40.019205333665,1751.6],[-120.86161008105,40.019235340878,1751.6],[-120.86163371801,40.019265851006,1751.9],[-120.86165358312,40.019299965352,1751.9],[-120.86168057285,40.019344640896,1753.4],[-120.86170731112,40.019382862374,1753.4],[-120.86171745323,40.019410522655,1754.7],[-120.86173505522,40.019429046661,1754.7],[-120.86175659671,40.01945075579,1754.7],[-120.86178576574,40.019473135471,1754.7],[-120.86181594059,40.019503310323,1755.8],[-120.86183161475,40.019535999745,1755.8],[-120.86182608269,40.019590817392,1756.9],[-120.86180856451,40.019659800455,1756.9],[-120.86181610823,40.019686454907,1757.4],[-120.86181795225,40.01971562393,1757.4],[-120.86181711406,40.019746469334,1757.4],[-120.86182599887,40.019776476547,1757.9],[-120.86183253676,40.01980480738,1757.9],[-120.86183706298,40.019842358306,1757.9],[-120.86184829473,40.019871946424,1758.2],[-120.861856509,40.01990606077,1758.2],[-120.86186681874,40.019943527877,1758.2],[-120.86187595502,40.019980994985,1758.5],[-120.86188157089,40.020033046603,1758.5],[-120.86188609712,40.02006791532,1759.0],[-120.86188676767,40.020107142627,1759.0],[-120.86189380847,40.020146537572,1759.2],[-120.86190344766,40.020186435431,1758.2],[-120.86191803217,40.020222561434,1758.2],[-120.86192649789,40.020256340504,1758.4],[-120.86192398332,40.02029389143,1758.4],[-120.86191367358,40.020333034918,1758.7],[-120.86190822534,40.020373687148,1758.7],[-120.8619080577,40.020413249731,1758.7],[-120.86190017872,40.020450884476,1760.2],[-120.86188970134,40.020486507565,1760.2],[-120.86187805049,40.020522046834,1760.9],[-120.86187042296,40.020556747913,1760.9],[-120.86185868829,40.020590526983,1760.9],[-120.86184728891,40.020624473691,1761.6],[-120.86183463223,40.020660264418,1761.6],[-120.86182323284,40.020694965497,1761.6],[-120.86182071827,40.020727403462,1762.3],[-120.86181451567,40.020758332685,1762.3],[-120.86179867387,40.020790351555,1762.8],[-120.8617873583,40.020823040977,1763.5],[-120.86178434081,40.020864866674,1763.5],[-120.86177621037,40.020905435085,1764.7],[-120.86177067831,40.020935442299,1764.7],[-120.86176900193,40.020960839465,1764.7],[-120.86177126504,40.020986739546,1766.1],[-120.86177914403,40.021014818922,1766.1],[-120.86178962141,40.021042982116,1766.1],[-120.86179766804,40.021072234958,1767.8],[-120.86180169135,40.021101236343,1767.8],[-120.86179557256,40.021137697622,1767.8],[-120.86179741658,40.021168375388,1769.7],[-120.86180303246,40.021190922707,1769.7],[-120.86180881597,40.021213553846,1769.3],[-120.86182256229,40.021242722869,1769.3],[-120.86183815263,40.021273232996,1771.0],[-120.86185399443,40.021302988753,1771.0],[-120.86186556146,40.021328972653,1771.0],[-120.861874111,40.021357052028,1772.7],[-120.86188316345,40.021384879947,1772.7],[-120.86189179681,40.021412875503,1772.7],[-120.86190193892,40.021440954879,1771.8],[-120.8619098179,40.021471632645,1771.8],[-120.86191761307,40.021503316239,1771.8],[-120.86192716844,40.021536676213,1772.6],[-120.86193722673,40.021570790559,1772.6],[-120.86194175296,40.021604653448,1772.6],[-120.8619481232,40.021637007594,1772.3],[-120.86195725948,40.021667601541,1772.3],[-120.86193278432,40.021703979,1772.3],[-120.86189246736,40.021741613746,1771.8],[-120.86186371744,40.021779751405,1774.6],[-120.86183882318,40.021816128865,1774.5],[-120.86181174964,40.021850075573,1774.5],[-120.86178610101,40.021888799965,1777.1],[-120.8617543336,40.021926350892,1777.2],[-120.86172441021,40.021965242922,1777.2],[-120.8616918046,40.022004470229,1779.5],[-120.86167453788,40.022038668394,1779.5],[-120.86165861227,40.022074962035,1779.6],[-120.86164344102,40.022118547931,1779.6],[-120.86162567139,40.022166576236,1779.6],[-120.86159993894,40.022216113284,1781.3],[-120.86155224591,40.02227017656,1781.3],[-120.86151788011,40.022335555404,1782.0],[-120.86149742827,40.022396827117,1782.0],[-120.86149340495,40.022444939241,1781.9],[-120.86148720235,40.022490536794,1781.9],[-120.86148141883,40.022533703595,1781.9],[-120.86147664115,40.022578127682,1781.8],[-120.86146708578,40.022625653073,1781.8],[-120.86145945825,40.022674268112,1781.6],[-120.86145157926,40.02272548154,1781.3],[-120.86144403554,40.022772336379,1781.3],[-120.86143657565,40.022820867598,1781.6],[-120.86143523455,40.022878367454,1781.6],[-120.8614095021,40.022933855653,1781.1],[-120.86138410494,40.022991606966,1780.1],[-120.86135200225,40.023049274459,1780.3],[-120.8613161277,40.02310032025,1779.6],[-120.86128913797,40.023147678003,1779.6],[-120.86126340553,40.02320157364,1779.7],[-120.86123792455,40.023260917515,1779.7],[-120.8612192329,40.02332017757,1780.7],[-120.86120456457,40.023376671597,1782.0],[-120.8611950092,40.023428807035,1782.0],[-120.86119132116,40.023473901674,1783.2],[-120.86119509302,40.023509943858,1783.2],[-120.86120858788,40.023541711271,1784.3],[-120.86122049019,40.023582950234,1784.3],[-120.86123432033,40.023628631607,1785.4],[-120.86124488153,40.023675234988,1785.4],[-120.86125016212,40.023718485609,1786.5],[-120.86126248352,40.023758551106,1786.5],[-120.86127497256,40.023799538612,1786.5],[-120.86129341274,40.02383264713,1786.8],[-120.86130984128,40.023866510019,1786.8],[-120.86132677272,40.02389752306,1786.8],[-120.86135258898,40.023926859722,1788.3],[-120.8613680955,40.023966338485,1787.2],[-120.8613804169,40.024012355134,1788.6],[-120.8613958396,40.024059964344,1788.6],[-120.86142458953,40.02409491688,1790.1],[-120.86144554429,40.024128109217,1790.1],[-120.86146532558,40.02415811643,1788.7],[-120.86147714406,40.024186531082,1790.2],[-120.86147580296,40.024210754782,1790.2],[-120.86148795672,40.024247216061,1790.2],[-120.86151746102,40.024297004566,1791.4],[-120.8615640644,40.02436070703,1789.9],[-120.86158460006,40.024399515241,1791.1],[-120.86158761755,40.024445028976,1791.1],[-120.86158929393,40.024488111958,1792.0],[-120.86158342659,40.024519879371,1792.0],[-120.86158216931,40.024547288194,1792.0],[-120.8615706861,40.024587353691,1793.4],[-120.86155543104,40.024628089741,1794.8],[-120.86156046018,40.024671005085,1794.6],[-120.86156959645,40.024714674801,1794.6],[-120.86157487705,40.024756416678,1795.8],[-120.86158426479,40.024806791916,1795.8],[-120.86159348488,40.024852976203,1796.8],[-120.86160010658,40.02489044331,1796.8],[-120.86161041632,40.024936124682,1798.3],[-120.86161980405,40.024980213493,1798.3],[-120.86163246073,40.025020949543,1798.3],[-120.86164578795,40.025062188506,1797.9],[-120.8616574388,40.025104684755,1797.9],[-120.86166984402,40.025145001709,1798.6],[-120.86168786511,40.02518565394,1798.6],[-120.86170672439,40.025230497122,1799.4],[-120.8617234882,40.025279363617,1799.4],[-120.86173865944,40.025328984484,1798.8],[-120.86174938828,40.025382712483,1798.8],[-120.86175248958,40.025437865406,1799.4],[-120.86174888536,40.025490252301,1799.4],[-120.86174528114,40.025539621711,1800.0],[-120.86174234748,40.025585722178,1800.3],[-120.861740252,40.025632996112,1800.3],[-120.86173773743,40.025674151257,1800.3],[-120.86173463613,40.025717401877,1800.3],[-120.8617252484,40.02576040104,1800.3],[-120.8617142681,40.025804070756,1800.9],[-120.86170094088,40.0258487463,1801.6],[-120.86168157868,40.02589635551,1802.2],[-120.86166297086,40.025943545625,1802.2],[-120.8616552595,40.025987466797,1803.0],[-120.86165492423,40.026029963046,1803.0],[-120.86165995337,40.026076650247,1803.9],[-120.86166992784,40.026127025485,1803.9],[-120.86168350652,40.026169186458,1805.1],[-120.86170228198,40.026210760698,1805.1],[-120.86171611212,40.026248395443,1805.8],[-120.86172801442,40.026277732104,1805.8],[-120.8617459517,40.026305560023,1805.8],[-120.86177595891,40.026339590549,1807.0],[-120.86181032471,40.026377309114,1806.7],[-120.86184837855,40.026421649382,1806.7],[-120.86187888868,40.026463810354,1808.1],[-120.8619031962,40.026501109824,1808.1],[-120.86192876101,40.026536481455,1809.4],[-120.86195742711,40.026573529467,1809.4],[-120.86198760197,40.02661485225,1810.8],[-120.86201995611,40.026654079556,1810.7],[-120.86205675267,40.026694312692,1810.7],[-120.86209254339,40.026735467836,1812.0],[-120.86213244125,40.026767654344,1812.0],[-120.86217569187,40.026801265776,1811.7],[-120.86221701466,40.02683378756,1813.2],[-120.86224995553,40.026862705126,1813.2],[-120.86228289641,40.026891538873,1812.9],[-120.86231986061,40.026911990717,1814.4],[-120.86234877817,40.026944931597,1814.4],[-120.86238155141,40.026972675696,1814.1],[-120.86241181009,40.026999078691,1815.7],[-120.86243687198,40.027029169723,1815.7],[-120.8624621015,40.027061272413,1815.4],[-120.8624801226,40.027098907158,1816.9],[-120.86248951033,40.027145929635,1816.9],[-120.86249789223,40.027188593522,1818.3],[-120.86251826026,40.027231676504,1818.3],[-120.86253058165,40.027271406725,1819.5],[-120.86253955029,40.027307532728,1819.5],[-120.86255304515,40.027343910187,1819.5],[-120.86256754585,40.02738347277,1820.7],[-120.86257148534,40.027415240183,1820.7],[-120.86257215589,40.027447929606,1821.9],[-120.86257860996,40.027480367571,1821.9],[-120.86259327829,40.027509201318,1821.9],[-120.86261465214,40.027539040893,1821.9],[-120.86263728328,40.02756619826,1823.2],[-120.86266075261,40.027590505779,1823.3],[-120.86268397048,40.027615148574,1823.3],[-120.8627029974,40.027640126646,1823.3],[-120.86272168905,40.027658315375,1824.7],[-120.86275001988,40.02768304199,1824.8],[-120.86278438568,40.027712965384,1824.8],[-120.86281799711,40.027738362551,1826.0],[-120.86284901015,40.027756718919,1826.1],[-120.86288681254,40.027769291773,1826.1],[-120.86292344145,40.027783373371,1826.1],[-120.86296183057,40.027803238481,1826.1],[-120.86299736984,40.027823606506,1826.1],[-120.86303743534,40.027842046693,1827.3],[-120.86307833903,40.02785788849,1827.3],[-120.86311790161,40.027878340334,1827.3],[-120.8631531056,40.027901474386,1827.3],[-120.86318881251,40.02792108804,1827.3],[-120.86322351359,40.027945982292,1828.6],[-120.86325771175,40.02796693705,1828.6],[-120.86329660378,40.027990154922,1828.6],[-120.863336334,40.028013121337,1828.6],[-120.86337941699,40.028039189056,1829.9],[-120.86342291906,40.028063161299,1829.9],[-120.86346549913,40.02808554098,1829.9],[-120.8635102585,40.028103142977,1829.8],[-120.86355619133,40.028120744973,1830.9],[-120.86360447109,40.028140442446,1830.8],[-120.86365015246,40.028158044443,1830.8],[-120.86369298398,40.028178412467,1830.6],[-120.86373757571,40.028198026121,1830.6],[-120.86377956904,40.028220154345,1831.4],[-120.86382189766,40.028244042769,1831.4],[-120.86386598647,40.028268266469,1831.4],[-120.86391032673,40.028296681121,1831.1],[-120.8639493864,40.028333393857,1832.1],[-120.86397704668,40.028372202069,1831.7],[-120.86400579661,40.028407489881,1832.7],[-120.86404242553,40.028441436589,1832.7],[-120.86407989264,40.02847077325,1832.3],[-120.86412155069,40.028504384682,1833.4],[-120.86416144855,40.028536738828,1832.9],[-120.864196904,40.028565907851,1832.9],[-120.86422607303,40.028597256169,1834.0],[-120.86425515823,40.028628772125,1833.5],[-120.86428457871,40.028656264767,1833.5],[-120.86431701668,40.028683170676,1834.5],[-120.86434626952,40.028708986938,1834.0],[-120.86437074468,40.028738826513,1834.0],[-120.86439329199,40.02877377905,1835.2],[-120.86442003027,40.028807222843,1835.2],[-120.86445154622,40.028836727142,1834.7],[-120.8644849062,40.028865560889,1835.9],[-120.86451424286,40.028893388808,1835.9],[-120.86454248987,40.028921384364,1835.5],[-120.86456981488,40.028950134292,1835.5],[-120.86460510269,40.028980225325,1836.1],[-120.86464156397,40.029010483995,1836.1],[-120.8646694757,40.029038395733,1836.1],[-120.86469445378,40.029066223651,1836.9],[-120.86472161114,40.02909405157,1836.9],[-120.86474357173,40.029124142602,1836.9],[-120.86476427503,40.029160352424,1838.2],[-120.86478766054,40.029195640236,1838.2],[-120.86480936967,40.029232017696,1839.2],[-120.86482831277,40.029269233346,1839.2],[-120.86483610794,40.029307538643,1840.7],[-120.86484968662,40.02934592776,1840.7],[-120.86486569606,40.02938314341,1840.7],[-120.86488497443,40.029419772327,1842.0],[-120.86489721201,40.029458077624,1842.0],[-120.86491070688,40.029494957998,1843.4],[-120.86493409239,40.029527815059,1843.4],[-120.86496124975,40.02955975011,1843.4],[-120.86498681456,40.029590846971,1844.7],[-120.86501413956,40.029623033479,1844.7],[-120.86503895,40.029656141996,1844.7],[-120.86505873129,40.029691765085,1846.0],[-120.86507541128,40.029727471992,1845.9],[-120.86509276181,40.029760748148,1847.3],[-120.86511463858,40.029792767018,1847.3],[-120.86514322087,40.029827132821,1847.3],[-120.86517356336,40.029866360128,1848.4],[-120.86520097218,40.029898965731,1848.4],[-120.86522268131,40.029940456152,1848.4],[-120.86524447426,40.029984042048,1849.7],[-120.86526878178,40.030023353174,1849.5],[-120.86529359221,40.030061574653,1851.0],[-120.86532351561,40.030099125579,1851.0],[-120.86535318755,40.030134581029,1852.3],[-120.86538495496,40.03017003648,1852.3],[-120.86541756056,40.030205743387,1852.3],[-120.86545309983,40.030244803056,1853.8],[-120.86548972875,40.030283024535,1853.8],[-120.86552585475,40.030325939879,1855.3],[-120.86556449533,40.030360640958,1855.4],[-120.8656084165,40.030389809981,1855.4],[-120.86565518752,40.03042451106,1857.1],[-120.8657053113,40.030463403091,1857.1],[-120.86575342342,40.030496511608,1857.2],[-120.86580237374,40.030525596812,1858.9],[-120.86585182697,40.03055434674,1859.1],[-120.86590144783,40.030576307327,1859.2],[-120.86594830267,40.030592819676,1861.0],[-120.86599021219,40.030610924587,1861.2],[-120.86602977477,40.030631292611,1861.2],[-120.86606699042,40.030651157722,1861.2],[-120.86609523743,40.030671022832,1861.2],[-120.86612407118,40.030687619001,1863.2],[-120.8661554195,40.030703209341,1863.2],[-120.86619095877,40.030721062794,1863.4],[-120.86622892879,40.030738078058,1863.4],[-120.86626362987,40.030754925683,1863.5],[-120.86630537175,40.030773282051,1866.2],[-120.86634719744,40.030790548772,1866.2],[-120.86638692766,40.030809994787,1866.3],[-120.86641936563,40.030827680603,1866.3],[-120.8664447628,40.030847713351,1869.1],[-120.86647175252,40.030865566805,1869.1],[-120.86649882607,40.030887946486,1869.1],[-120.86652162485,40.030913678929,1869.1],[-120.86653981358,40.03093438223,1871.7],[-120.86655590683,40.030952822417,1871.7],[-120.86657937616,40.030969502404,1871.7],[-120.86660628207,40.030985260382,1871.7],[-120.86663838476,40.031004454941,1871.5],[-120.86667912081,40.031026331708,1874.2],[-120.86671549827,40.031046783552,1874.1],[-120.86674760096,40.031064804643,1874.1],[-120.86677433923,40.031086346135,1874.1],[-120.86680359207,40.031109564006,1873.7],[-120.86683846079,40.031131943688,1876.4],[-120.86687341332,40.031153820455,1876.4],[-120.86690828204,40.031178044155,1876.4],[-120.86694046855,40.03120360896,1876.1],[-120.86696972139,40.031231772155,1878.5],[-120.86699805222,40.031259935349,1878.5],[-120.86702990346,40.03128323704,1878.1],[-120.86705714464,40.031299330294,1879.9],[-120.86709377356,40.031319698319,1879.3],[-120.86713601835,40.031341323629,1879.3],[-120.86716736667,40.031370408833,1879.3],[-120.86720617488,40.031399996951,1880.2],[-120.86724322289,40.031430171803,1880.2],[-120.86727079935,40.031459508464,1880.2],[-120.8672978729,40.031490856782,1881.2],[-120.86732788011,40.031523713842,1881.2],[-120.86735805497,40.031557576731,1881.2],[-120.86738345213,40.03159403801,1882.4],[-120.86740641855,40.031633097678,1882.4],[-120.86743458174,40.031670648605,1884.4],[-120.86746593006,40.031707612798,1883.9],[-120.86749903858,40.031745499,1883.9],[-120.86752493866,40.031775170937,1885.9],[-120.86754740216,40.031806016341,1885.9],[-120.86756139994,40.031832838431,1885.5],[-120.86757657118,40.03186494112,1887.2],[-120.86759182625,40.031897882,1887.2],[-120.86761437356,40.031931912526,1887.2],[-120.86763541214,40.031962590292,1888.5],[-120.86766491644,40.031997291371,1888.4],[-120.86769391783,40.032034926116,1888.4],[-120.86771981791,40.032068789005,1889.4],[-120.86774756201,40.032100640237,1889.2],[-120.86777589284,40.032128887251,1889.2],[-120.86780145764,40.03215411678,1890.1],[-120.86782526225,40.032178843394,1890.1],[-120.86784873158,40.032206838951,1890.1],[-120.86787563749,40.032237600535,1891.2],[-120.86790547706,40.03226576373,1891.2],[-120.86793908849,40.032289400697,1891.7],[-120.86797404103,40.032308846712,1891.7],[-120.86800798774,40.032325191423,1892.7],[-120.86804050952,40.032341703773,1893.4],[-120.86807554588,40.032365005463,1893.4],[-120.86810982786,40.032385960221,1894.0],[-120.86814570241,40.03240339458,1894.0],[-120.86818040349,40.032416889444,1894.9],[-120.86821309291,40.032430300489,1895.4],[-120.86824553087,40.032445304096,1895.4],[-120.86827176623,40.032462570816,1895.4],[-120.86829951033,40.032483357936,1896.0],[-120.86833127774,40.032499702647,1896.0],[-120.86836731993,40.032514370978,1896.9],[-120.86840428412,40.032531050965,1897.4],[-120.86843948811,40.0325488206,1897.4],[-120.86847452447,40.032566338778,1898.0],[-120.86851023138,40.032582851127,1898.0],[-120.86854828522,40.032597770914,1899.6],[-120.86858290248,40.032616881654,1899.6],[-120.86861609481,40.032638590783,1899.6],[-120.86865163408,40.032659796998,1900.4],[-120.86868138984,40.03267429769,1900.4],[-120.86871508509,40.03268301487,1900.4],[-120.86875087582,40.032693073153,1902.2],[-120.86878792383,40.032704807818,1902.2],[-120.86882337928,40.032714698464,1902.8],[-120.86885523051,40.032723918557,1902.8],[-120.86888859048,40.032733138651,1902.8],[-120.86892019026,40.032744035125,1903.4],[-120.86895145476,40.032755518332,1903.4],[-120.86898037232,40.032767252997,1903.4],[-120.8690119721,40.032777143642,1903.4],[-120.86905153468,40.032787453383,1904.2],[-120.86908531375,40.032797176391,1905.5],[-120.869119009,40.032811425626,1906.6],[-120.86914910004,40.032820561901,1906.6],[-120.86917885579,40.032830787823,1906.6],[-120.86921188049,40.032840846106,1907.6],[-120.86924356408,40.032854843885,1907.6],[-120.8692731522,40.032872781157,1907.6],[-120.86930190213,40.032885354012,1908.6],[-120.86933450773,40.032888371497,1908.6],[-120.86936309002,40.032890131697,1908.6],[-120.86939108558,40.03289164044,1908.6],[-120.86942126043,40.032891808078,1909.5],[-120.86945135146,40.032887952402,1909.5],[-120.86948194541,40.032883090898,1909.5],[-120.86951220408,40.032877642661,1910.3],[-120.86953978054,40.032871523872,1910.3],[-120.86956350133,40.032861214131,1910.3],[-120.8695818577,40.032844701782,1911.1],[-120.86960046552,40.032827854156,1911.1],[-120.86961848661,40.032812096179,1911.0],[-120.86963474751,40.032794829458,1911.0],[-120.86965159513,40.032773623243,1911.0],[-120.86966324598,40.032756105065,1912.2],[-120.8696730528,40.032735150307,1912.2],[-120.86969082244,40.032709920779,1911.9],[-120.86970934644,40.032683685422,1911.9],[-120.86972208694,40.032665161416,1911.9],[-120.86973633617,40.032652085647,1911.9],[-120.86974907666,40.03264060244,1911.9],[-120.8697602246,40.032616797835,1911.2],[-120.86976852268,40.032601039857,1912.9],[-120.86978008971,40.032581845298,1912.9],[-120.86979534477,40.032561728731,1912.9],[-120.86981093511,40.032544042915,1912.8],[-120.86982753128,40.032528117299,1912.8],[-120.8698443789,40.032513448969,1915.0],[-120.86986265145,40.032500457019,1915.0],[-120.86987832561,40.032486543059,1915.0],[-120.8698875457,40.032472712919,1915.0],[-120.86990037002,40.032456787303,1915.0],[-120.86991193704,40.032439520583,1915.0],[-120.86992392316,40.032421164215,1915.0],[-120.86993842386,40.032403813675,1917.3],[-120.86995795369,40.032385373488,1917.3],[-120.86998251267,40.032368442044,1917.3],[-120.87000405416,40.032351091504,1917.4],[-120.87001872249,40.032331226394,1917.4],[-120.870033307,40.032313037664,1917.4],[-120.87004495785,40.032294094563,1917.4],[-120.87006004527,40.032275989652,1919.8],[-120.87007437833,40.03225796856,1919.8],[-120.8700918965,40.032238522545,1919.8],[-120.87010187097,40.032217986882,1919.8],[-120.87011436,40.03220692277,1919.8],[-120.87012567557,40.032195774838,1919.8],[-120.87014151737,40.032181944698,1922.3],[-120.87016046047,40.032164845616,1922.3],[-120.87017890066,40.032142549753,1922.3],[-120.87019650266,40.032120924443,1922.3],[-120.87021200918,40.0320969522,1922.3],[-120.87022650987,40.032075075433,1924.9],[-120.8702425193,40.032050516456,1924.9],[-120.87026682682,40.032026041299,1924.9],[-120.8702892065,40.032002404332,1924.9],[-120.87030404247,40.031976504251,1925.2],[-120.87031628005,40.031951777637,1925.2],[-120.87033865973,40.031928559765,1927.3],[-120.87036682293,40.03190391697,1927.3],[-120.87038434111,40.031877011061,1927.6],[-120.87039917707,40.031849015504,1927.6],[-120.87041719817,40.0318199303,1927.6],[-120.8704389073,40.03178967163,1929.6],[-120.87046598084,40.031755557284,1929.6],[-120.87048936635,40.031727729365,1929.6],[-120.87052004412,40.031708450988,1931.1],[-120.87054762058,40.031685819849,1931.3],[-120.87057611905,40.031665284187,1931.3],[-120.87060034275,40.031639719382,1931.3],[-120.87062305771,40.031617507339,1932.6],[-120.87064426392,40.031593786553,1932.4],[-120.8706617821,40.031569479033,1932.4],[-120.87067527696,40.031548272818,1932.4],[-120.87069782428,40.031532766297,1932.4],[-120.87072464637,40.031515499577,1933.3],[-120.87075037882,40.031499238685,1932.5],[-120.87078139186,40.03147711046,1932.5],[-120.8708075434,40.031455736607,1933.0],[-120.87083939463,40.031439727172,1933.0],[-120.87087267078,40.031422125176,1932.5],[-120.87090552785,40.031406367198,1933.0],[-120.87094299495,40.031394632533,1933.0],[-120.87098976597,40.031391615048,1933.5],[-120.87104240432,40.031395806,1933.5],[-120.87109613232,40.031396811828,1933.8],[-120.8711480163,40.031390357763,1933.8],[-120.8712056838,40.031386669725,1934.0],[-120.87127475068,40.03138968721,1934.1],[-120.87133996189,40.03138968721,1934.1],[-120.8714025747,40.031386082992,1934.1],[-120.87146719918,40.031380131841,1934.1],[-120.8715329133,40.031388346106,1934.1],[-120.87159619667,40.031410139054,1934.2],[-120.87166090496,40.031434781849,1934.2],[-120.87172385305,40.031456742436,1934.8],[-120.87178629823,40.03147970885,1934.8],[-120.87184363045,40.031501166523,1934.8],[-120.8719011303,40.031524300575,1934.8],[-120.87195460685,40.031550033018,1935.4],[-120.87200406007,40.031577441841,1935.4],[-120.8720468916,40.031602168456,1935.3],[-120.8720882982,40.031628739089,1935.9],[-120.87212417275,40.031661093235,1935.8],[-120.87216222659,40.031693866476,1935.8],[-120.8721957542,40.031723286957,1936.2],[-120.8722600434,40.031781373546,1936.2],[-120.87229474448,40.031813476235,1936.2],[-120.87232961319,40.031845662743,1936.5],[-120.87236104533,40.031873155385,1936.5],[-120.8723930642,40.031901905313,1936.5],[-120.87242198177,40.031933505088,1936.7],[-120.87245433591,40.031966697425,1936.7],[-120.87249113247,40.032003158703,1936.8],[-120.87252390571,40.032040961087,1936.8],[-120.87255592458,40.032076584175,1936.8],[-120.8725903742,40.032109608874,1937.3],[-120.87262105197,40.032142549753,1937.0],[-120.87264661677,40.032173898071,1937.0],[-120.87267804891,40.032202480361,1937.7],[-120.8727097325,40.032227123156,1937.4],[-120.87274409831,40.032255202532,1937.4],[-120.87278307416,40.032283114269,1937.6],[-120.87282590568,40.032312786207,1937.6],[-120.87287167087,40.032350840047,1937.4],[-120.87292179465,40.032398030162,1937.9],[-120.87297594175,40.032449411228,1937.7],[-120.87303000502,40.032501127571,1938.2],[-120.87309060618,40.032556196675,1938.5],[-120.87314902805,40.032611768693,1938.5],[-120.87320066057,40.032670525834,1938.9],[-120.87324759923,40.032732216641,1939.2],[-120.87329554372,40.032795583829,1939.2],[-120.8733456675,40.032860543579,1939.9],[-120.87339084595,40.032923826948,1939.9],[-120.87343594059,40.03298333846,1940.6],[-120.87348103523,40.033043017611,1941.4],[-120.87352654897,40.033100936562,1941.5],[-120.8735755831,40.03315734677,1942.5],[-120.87362495251,40.033214176074,1943.4],[-120.87367197499,40.033269664273,1943.4],[-120.87371011265,40.03332699649,1944.2],[-120.87375160307,40.033385585994,1945.0],[-120.87379124947,40.033435123041,1945.0],[-120.87382653728,40.033479966223,1945.9],[-120.87385495193,40.033526485786,1945.9],[-120.8738785889,40.033568395302,1946.8],[-120.87389920838,40.033605946228,1946.8],[-120.8739252761,40.033643161878,1946.8],[-120.87395687588,40.033678030595,1947.8],[-120.87399199605,40.03371742554,1947.8],[-120.87402300909,40.033759921789,1948.7],[-120.87407849729,40.033842567354,1949.9],[-120.87410682812,40.033880788833,1949.9],[-120.87414069101,40.033913226798,1950.0],[-120.87417480536,40.033936612308,1950.0],[-120.8742071595,40.033965781331,1951.1],[-120.87423280813,40.033995369449,1951.2],[-120.87426038459,40.034023784101,1951.2],[-120.87428921834,40.034052617848,1952.5],[-120.87431453168,40.034083127975,1952.7],[-120.8743410185,40.034111710265,1952.7],[-120.87436591275,40.034142555669,1954.2],[-120.87439181283,40.034177508205,1954.2],[-120.87441083975,40.034213885665,1955.9],[-120.87441712618,40.034243473783,1955.9],[-120.87441871874,40.034283287823,1955.9],[-120.87442156859,40.034312708303,1957.3],[-120.87442651391,40.034339949489,1957.3],[-120.87443238124,40.034368867055,1957.3],[-120.87443841621,40.03439786844,1958.6],[-120.87444470264,40.034426618367,1958.6],[-120.87445400655,40.034453021362,1958.6],[-120.87446356192,40.034476742148,1958.6],[-120.87447538041,40.034499540925,1959.8],[-120.8744877018,40.034522004426,1959.8],[-120.87450304069,40.034545976669,1960.4],[-120.8745224867,40.034571373835,1960.4],[-120.87453899905,40.034591490403,1961.9],[-120.87455039844,40.034607751295,1961.9],[-120.87456800044,40.034629041329,1961.9],[-120.87458116002,40.034646475688,1962.6],[-120.87459507398,40.034668352455,1962.6],[-120.87461384945,40.034688385203,1964.3],[-120.87463547476,40.034708669409,1964.3],[-120.87465575896,40.034724678844,1964.3],[-120.87467621081,40.034740017727,1965.1],[-120.87469666265,40.0347561948,1967.0],[-120.87471904233,40.034779161215,1967.0],[-120.87474284694,40.034803636372,1967.0],[-120.87476179004,40.034827943891,1967.0],[-120.87477788329,40.034853843972,1969.5],[-120.87479548529,40.034875972196,1969.5],[-120.87481652386,40.034895418212,1969.5],[-120.87483529933,40.034912768751,1969.5],[-120.87485357188,40.03493020311,1969.5],[-120.87487150915,40.034949481487,1971.9],[-120.87489137426,40.034969849512,1971.9],[-120.87491350248,40.034994408488,1971.9],[-120.87493504398,40.035018799827,1971.9],[-120.87495264597,40.035038916394,1972.6],[-120.8749747742,40.035054674372,1974.4],[-120.87499807589,40.035065654665,1974.4],[-120.87502003647,40.035078981891,1974.4],[-120.87504275143,40.035098092631,1974.4],[-120.87506395765,40.035117538646,1975.1],[-120.87508063763,40.035133548081,1976.8],[-120.87509455159,40.035147713497,1976.8],[-120.87510653771,40.035157185048,1976.8],[-120.8751183562,40.035171853378,1976.8],[-120.87512799539,40.035196663812,1976.8],[-120.87514308281,40.035218037665,1976.8],[-120.87515951134,40.035241171718,1979.1],[-120.87517216802,40.035264892504,1979.1],[-120.87518130429,40.035285763443,1979.1],[-120.87519144639,40.035303868353,1979.1],[-120.87520175613,40.035325912759,1979.1],[-120.87521407753,40.035348795354,1980.5],[-120.8752306737,40.035371007398,1980.5],[-120.87525263429,40.035397242755,1981.3],[-120.87527694181,40.035426327959,1981.3],[-120.87530317716,40.03545214422,1982.8],[-120.8753310889,40.035477122292,1983.6],[-120.87535615079,40.035502184182,1983.6],[-120.87538096122,40.035524312407,1985.1],[-120.87540434673,40.035548871383,1985.1],[-120.87542722933,40.035570496693,1985.1],[-120.87544944137,40.035592624918,1986.1],[-120.87546922266,40.03561835736,1987.5],[-120.87548707612,40.035641994327,1987.5],[-120.87550534867,40.03566512838,1987.5],[-120.8755266387,40.035690609366,1988.0],[-120.87555119768,40.035713408142,1988.0],[-120.8755772654,40.035732267424,1989.6],[-120.87560618296,40.035746600479,1989.6],[-120.87563727982,40.035762693733,1990.2],[-120.87567172945,40.035779289901,1990.2],[-120.87569922209,40.035796305165,1990.2],[-120.87572596036,40.035813068971,1992.7],[-120.87575244717,40.035829497501,1992.7],[-120.87577826343,40.03584693186,1992.7],[-120.87580424733,40.035865372047,1993.1],[-120.87582780048,40.035885572433,1995.1],[-120.87584758177,40.035905018449,1995.1],[-120.87587038055,40.035926224664,1995.1],[-120.87589493953,40.035950532183,1995.5],[-120.87591899559,40.035979282111,1997.5],[-120.87594405748,40.036008367315,1997.5],[-120.87597079575,40.036035440862,1997.5],[-120.87599527091,40.036059999838,1998.0],[-120.87601823732,40.036081289873,2000.1],[-120.87603734806,40.036103753373,2000.1],[-120.87605444714,40.036127055064,2000.1],[-120.87606743909,40.036152033135,2000.1],[-120.87607498281,40.03617935814,2002.7],[-120.87608118542,40.036206850782,2002.7],[-120.87608856149,40.036234594882,2002.7],[-120.87609803304,40.036265943199,2004.6],[-120.87610876188,40.036299722269,2004.6],[-120.87611622177,40.036334674805,2004.6],[-120.87612443604,40.036370130256,2006.3],[-120.8761361707,40.036409273744,2006.3],[-120.8761449717,40.036449171603,2006.3],[-120.8761537727,40.036487309262,2007.6],[-120.87616383098,40.03652125597,2008.5],[-120.87617254816,40.036555370316,2009.4],[-120.87618227117,40.036590741947,2009.4],[-120.87619358674,40.036632483825,2009.4],[-120.87620900944,40.036669950932,2009.9],[-120.87622216903,40.036706328392,2009.9],[-120.87623625062,40.036742789671,2010.0],[-120.87624790147,40.036780256778,2010.0],[-120.87625971995,40.036820489913,2011.5],[-120.87627564557,40.036860639229,2011.5],[-120.87629131973,40.036899028346,2011.5],[-120.87630540133,40.036937166005,2011.4],[-120.87632400915,40.036975471303,2011.4],[-120.8763405215,40.037012770772,2012.5],[-120.87635435164,40.037045711651,2012.5],[-120.87637555785,40.037079658359,2012.5],[-120.87640137412,40.037114527076,2012.4],[-120.8764303755,40.037147300318,2013.1],[-120.87646507658,40.037177558988,2013.1],[-120.8764964249,40.037202117965,2012.9],[-120.87653540075,40.03722500056,2013.4],[-120.87657596916,40.037246374413,2013.4],[-120.87661477737,40.037272945046,2013.4],[-120.87665677071,40.037297420204,2013.5],[-120.87670094334,40.037320302799,2013.5],[-120.87674587034,40.03734536469,2013.9],[-120.87678694166,40.037367325276,2013.9],[-120.87682843208,40.037392219529,2014.2],[-120.87686539628,40.037419460714,2014.2],[-120.87689900771,40.037449132651,2014.2],[-120.87693043984,40.037483582273,2014.8],[-120.87696254253,40.037518618628,2014.8],[-120.87699347176,40.037549715489,2014.8],[-120.87702297606,40.037582740188,2015.6],[-120.87705130689,40.037615764886,2015.6],[-120.87708014064,40.037646107376,2015.6],[-120.87710998021,40.037673851475,2016.4],[-120.87714283727,40.037699919194,2016.4],[-120.87717980146,40.037727747113,2016.4],[-120.87721659802,40.037755575031,2017.3],[-120.87725649588,40.037779798731,2017.3],[-120.87729413062,40.037801256403,2018.1],[-120.87733469903,40.037822462618,2018.1],[-120.87738071568,40.037842830643,2019.0],[-120.87742463686,40.037862611935,2018.2],[-120.87746554054,40.037876944989,2019.1],[-120.87750443257,40.037895720452,2019.1],[-120.87754131295,40.037918183953,2019.1],[-120.87757291272,40.037944167852,2020.4],[-120.87760551833,40.03797811456,2019.7],[-120.87763376534,40.038012145087,2019.7],[-120.87766033597,40.038050282747,2021.2],[-120.87768338621,40.038086660206,2021.2],[-120.8776961267,40.038122283295,2021.2],[-120.87769939564,40.038157738745,2020.9],[-120.87770618498,40.038195457309,2020.9],[-120.87771599181,40.038233678788,2020.3],[-120.87772957049,40.038270223886,2020.3],[-120.8777480945,40.038303919137,2022.1],[-120.87777122855,40.038340967149,2021.6],[-120.87780090049,40.038381032646,2021.6],[-120.87782730348,40.038416823372,2021.0],[-120.87784993462,40.038443310186,2023.1],[-120.87787298486,40.038470551372,2023.1],[-120.87789980695,40.038507431746,2022.6],[-120.8779278025,40.038543725386,2022.6],[-120.87796669453,40.038576498628,2023.8],[-120.87801078334,40.038611618802,2023.8],[-120.87805998512,40.038649756461,2025.5],[-120.87810784578,40.038687223569,2024.4],[-120.87815092877,40.038720164448,2026.2],[-120.87819183245,40.03875285387,2025.0],[-120.87823994458,40.038790740073,2026.7],[-120.8782849554,40.038823764771,2026.7],[-120.87832887657,40.03885678947,2027.3],[-120.87838092819,40.038892496377,2027.3],[-120.87842543609,40.03891646862,2028.5],[-120.87848234922,40.038955109194,2027.6],[-120.87852283381,40.03898838535,2028.8],[-120.87855963036,40.039021829143,2028.8],[-120.87861914188,40.039065917954,2029.4],[-120.87866222486,40.039104893804,2029.4],[-120.87870547548,40.039138505235,2030.1],[-120.87874847464,40.039171278477,2030.1],[-120.87879113853,40.039198016748,2031.4],[-120.87882835418,40.039219809696,2031.4],[-120.87887386791,40.039245709777,2032.2],[-120.87891435251,40.039276471362,2032.2],[-120.87894192897,40.03930865787,2032.2],[-120.87897780351,40.039343191311,2032.7],[-120.87901879102,40.039375713095,2032.7],[-120.87904418819,40.039399601519,2033.8],[-120.87908207439,40.039429357275,2033.2],[-120.87911861949,40.039457771927,2033.2],[-120.87914854288,40.039486521855,2034.4],[-120.87917494588,40.039519378915,2033.8],[-120.87919388898,40.039552655071,2033.8],[-120.87921056896,40.039583332837,2035.0],[-120.87921802886,40.039611244574,2034.2],[-120.87924703024,40.039649214596,2034.2],[-120.87927175686,40.039676623419,2034.2],[-120.87929950096,40.039703780785,2034.9],[-120.87932095863,40.039730016142,2034.9],[-120.87933487259,40.039756000042,2034.9],[-120.87934736162,40.039771841839,2034.9],[-120.87936982512,40.039799250662,2034.0],[-120.87938793004,40.039823977277,2034.0],[-120.8794062864,40.039849709719,2035.9],[-120.87942640297,40.039873095229,2035.9],[-120.87945129722,40.039891535416,2035.9],[-120.87948331609,40.039910394698,2035.9],[-120.87951583788,40.039937132969,2037.7],[-120.87954408489,40.039968984202,2037.7],[-120.87956998497,40.040003098547,2037.7],[-120.87959663942,40.040035285056,2039.6],[-120.87962991558,40.040062107146,2039.5],[-120.87966134772,40.040091443807,2039.5],[-120.8796819672,40.04012145102,2041.2],[-120.87970308959,40.040159923956,2041.1],[-120.8797233738,40.040197810158,2041.1],[-120.87973812595,40.040238210931,2040.8],[-120.87974164635,40.040274504572,2040.8],[-120.87976352312,40.040314653888,2040.8],[-120.87978665717,40.040345080197,2040.6],[-120.87981473655,40.040377769619,2042.6],[-120.87982496247,40.040408112109,2042.6],[-120.87983426638,40.040427306667,2042.6],[-120.87984784506,40.040447926149,2042.6],[-120.87986016646,40.040481034666,2042.6],[-120.8798638545,40.040505006909,2042.6],[-120.87986259721,40.040535852313,2042.7],[-120.87987894192,40.040558231995,2042.7],[-120.87990576401,40.040584215894,2044.7],[-120.87994306348,40.040610032156,2044.9],[-120.87998019531,40.040633166209,2046.9],[-120.88000802323,40.040654456243,2046.9],[-120.88003627025,40.040673231706,2046.9],[-120.88006418198,40.040695276111,2048.7],[-120.88008723222,40.040716566145,2048.8],[-120.88010977954,40.040735425428,2048.8],[-120.88013551198,40.040754955262,2048.8],[-120.88016040623,40.040774485096,2050.5],[-120.88018454611,40.040796194226,2050.5],[-120.88021053001,40.040816729888,2050.8],[-120.88024028577,40.040836259723,2050.8],[-120.88026526384,40.040857382119,2052.4],[-120.88027926162,40.040875906125,2052.4],[-120.88029493578,40.04089451395,2052.8],[-120.88031421416,40.040914211422,2052.8],[-120.88033910841,40.040939189494,2052.8],[-120.88035218418,40.040959473699,2054.3],[-120.8803655114,40.040976237506,2054.3],[-120.88038395159,40.040999287739,2054.9],[-120.88039828464,40.041023427621,2054.9],[-120.88041421026,40.041043041274,2054.9],[-120.88043189608,40.04106676206,2054.9],[-120.88045452721,40.041090482846,2056.4],[-120.88047808036,40.041109425947,2057.2],[-120.88049677201,40.04113423638,2057.2],[-120.88051521219,40.041158292443,2057.2],[-120.8805354964,40.041175894439,2057.2],[-120.88056374341,40.041194250807,2059.9],[-120.88058511727,40.041208416224,2059.9],[-120.88061043061,40.041228197515,2059.9],[-120.88063490577,40.041245296597,2061.7],[-120.88065678254,40.041264072061,2061.7],[-120.88067480363,40.041283937171,2062.9],[-120.88068813086,40.041310759261,2062.9],[-120.88070271537,40.041333222762,2062.9],[-120.88072325103,40.041349567473,2062.9],[-120.88074462488,40.041364738718,2065.8],[-120.88076792657,40.041382759809,2065.8],[-120.8807931561,40.041399104521,2065.8],[-120.88081763126,40.041409162804,2065.8],[-120.88084327988,40.041415952146,2067.4],[-120.8808662463,40.041424082592,2067.4],[-120.88088292629,40.041433889419,2067.4],[-120.88090304285,40.041438918561,2067.4],[-120.8809252549,40.041444366798,2070.3],[-120.88094428182,40.041455263272,2070.3],[-120.88096062653,40.04146146588,2070.3],[-120.88097873144,40.041469931602,2070.3],[-120.88099096902,40.041480408981,2070.3],[-120.88100639172,40.041488204151,2071.7],[-120.8810217306,40.041489126161,2071.7],[-120.88104444556,40.041484097019,2071.7],[-120.8810670767,40.041475128382,2071.7],[-120.88109599426,40.041470602155,2073.1],[-120.88112859987,40.041468339041,2073.1],[-120.88115315884,40.041471440345,2073.1],[-120.88117570616,40.041473954916,2073.1],[-120.88120688684,40.041473200545,2074.5],[-120.88123982772,40.041472529992,2074.5],[-120.88126656599,40.041467333212,2074.5],[-120.88129296899,40.041459538043,2075.7],[-120.8813216351,40.041451407596,2075.7],[-120.88135088794,40.041445707902,2073.9],[-120.88137435727,40.041437745094,2073.9],[-120.88139346801,40.041426345706,2075.1],[-120.88141475804,40.041419640183,2075.1],[-120.88145180605,40.041418718174,2075.1],[-120.88148935698,40.041413353756,2076.4],[-120.88152020238,40.0414078217,2076.4],[-120.88156923652,40.04140346311,2077.6],[-120.88160586543,40.041403295472,2077.6],[-120.88163428009,40.041404552758,2077.6],[-120.8816537261,40.041407067329,2078.8],[-120.88167945854,40.041409749538,2078.8],[-120.88170292787,40.041411006823,2078.8],[-120.88172748685,40.041408073157,2078.8],[-120.88174617849,40.041403127834,2079.9],[-120.88176721707,40.04139742814,2079.9],[-120.88179487735,40.041393656284,2079.9],[-120.88182823732,40.041391141713,2079.9],[-120.88186092675,40.041388962418,2081.0],[-120.88189009577,40.041388627142,2081.0],[-120.88191281073,40.041388208047,2081.0],[-120.88193577714,40.041387453675,2081.0],[-120.88195974939,40.041382256895,2082.0],[-120.88198020123,40.041375299916,2082.0],[-120.88201833889,40.041367672384,2082.0],[-120.88205203414,40.041359961033,2080.3],[-120.8820853103,40.041353339329,2080.3],[-120.88212210685,40.041344286874,2080.3],[-120.88215806521,40.041343448684,2081.1],[-120.88218991645,40.041347388178,2081.1],[-120.88222126476,40.041356440634,2082.0],[-120.88225563057,40.041364654899,2082.0],[-120.88228555396,40.041371863335,2084.6],[-120.88231153786,40.04137580283,2084.6],[-120.88233601302,40.041375719011,2085.5],[-120.88236283511,40.04136976786,2082.8],[-120.8823927585,40.041367337108,2082.8],[-120.88242486119,40.041356859729,2083.6],[-120.88245729916,40.041347639635,2083.6],[-120.88248998858,40.041339341551,2083.6],[-120.88252200745,40.041331797838,2084.4],[-120.88254824281,40.041323583573,2084.4],[-120.8825746458,40.041320649907,2084.4],[-120.88260322809,40.041321991012,2085.1],[-120.88263499551,40.041324421763,2085.1],[-120.88269039989,40.041344035417,2085.7],[-120.88273549452,40.041350070387,2085.7],[-120.88277799077,40.041352584958,2086.3],[-120.88281453587,40.041348142549,2086.3],[-120.88284839876,40.041343532503,2086.3],[-120.88288452476,40.041340850294,2086.8],[-120.88291620836,40.041334563866,2086.8],[-120.8829644043,40.041328277439,2087.4],[-120.8829939086,40.041330959648,2087.4],[-120.88302173652,40.041331378743,2087.4],[-120.88305182755,40.041327606887,2087.9],[-120.88308543898,40.041328025982,2087.9],[-120.88312659413,40.041336240247,2087.9],[-120.88316976093,40.041346885264,2088.6],[-120.88320823386,40.041344538331,2088.6],[-120.88324234821,40.041337078437,2089.3],[-120.88327352889,40.041334563866,2089.3],[-120.88330403902,40.041333893314,2089.3],[-120.88333681226,40.041333977133,2089.3],[-120.8833709266,40.041329534724,2090.1],[-120.8834004309,40.041325092316,2090.1],[-120.88342767209,40.041324337944,2090.1],[-120.88345273398,40.041324840859,2091.0],[-120.8834678214,40.041317213327,2091.0],[-120.88350076228,40.041308831424,2091.0],[-120.88353789411,40.041304975748,2092.0],[-120.88359757327,40.041312184185,2092.0],[-120.88365532458,40.041307574138,2093.0],[-120.88370184414,40.041300868616,2094.1],[-120.88374157436,40.041316710413,2094.1],[-120.88376806118,40.041342107579,2094.1],[-120.8837853279,40.041356524453,2098.1],[-120.8838056121,40.041365325451,2098.1],[-120.88384123519,40.041374880821,2098.1],[-120.88387928903,40.041386028752,2099.2],[-120.88390477002,40.041390387341,2099.2],[-120.88392077945,40.041389297694,2099.2],[-120.88394667953,40.041386447847,2100.2],[-120.88397727348,40.04138016142,2100.2],[-120.88400694542,40.041385022923,2100.2],[-120.88403628208,40.041386280209,2100.2],[-120.88406603783,40.041386950761,2101.1],[-120.88409839198,40.041387369856,2101.1],[-120.884136362,40.041383346543,2101.8],[-120.88418648578,40.04137236625,2101.8],[-120.88424080051,40.041368929669,2102.5],[-120.88428748772,40.041366834193,2102.5],[-120.8843266312,40.041364654899,2103.1],[-120.88436200283,40.041362475604,2103.1],[-120.88439770974,40.041356189176,2103.1],[-120.88443391956,40.04134805873,2100.5],[-120.88447507471,40.041336324066,2100.5],[-120.88451472111,40.041349902749,2101.0],[-120.88455135003,40.041362559423,2104.1],[-120.88459049352,40.041355267167,2101.4],[-120.88461572304,40.041351914406,2101.4],[-120.88464665227,40.041347639635,2101.4],[-120.88468470611,40.041344454512,2101.6],[-120.88472988456,40.041346047074,2101.6],[-120.88477279991,40.041347974911,2101.8],[-120.88481999002,40.041349232197,2101.8],[-120.88487866335,40.041354261339,2105.3],[-120.88494580239,40.041365157813,2105.4],[-120.88500296697,40.041384017095,2105.4],[-120.88505300693,40.041391057894,2105.5],[-120.88509458117,40.041400780901,2105.5],[-120.88511042297,40.041408743709,2105.5],[-120.88513716124,40.041414359584,2105.6],[-120.88516943157,40.041414359584,2105.6],[-120.88520455174,40.041408324614,2105.6],[-120.88523363695,40.041395165026,2105.6],[-120.8852897957,40.041384184733,2105.6],[-120.88533656672,40.041370186955,2105.6],[-120.88539700024,40.041360128671,2105.5],[-120.88543463498,40.041354848072,2105.5],[-120.88546195999,40.041343029588,2105.5],[-120.88549054228,40.041334982961,2101.5],[-120.88552071713,40.041326014325,2101.5],[-120.88557545096,40.041330121458,2101.3],[-120.88563588448,40.041331211105,2101.3],[-120.88569388725,40.041330624372,2101.2],[-120.88572858833,40.04133942537,2101.2],[-120.88577519171,40.041349064559,2104.7],[-120.88582204655,40.041369851679,2104.7],[-120.88586211205,40.041395835578,2104.5],[-120.88590142317,40.041417963803,2104.5],[-120.88594291359,40.041434559971,2104.3],[-120.88598767295,40.041454341263,2108.1],[-120.88603276759,40.041479570791,2107.8],[-120.88607878424,40.041498346254,2107.8],[-120.8861186821,40.041517708451,2107.6],[-120.88615489192,40.041530197486,2111.2],[-120.88619269431,40.041534136981,2111.2],[-120.88623502292,40.041535478085,2110.8],[-120.88627735153,40.041544446722,2110.8],[-120.88631800376,40.041558612138,2110.5],[-120.88635941036,40.041572861373,2110.5],[-120.88639914058,40.041587781161,2110.3],[-120.88644046336,40.041597671807,2110.3],[-120.88648715056,40.041608233005,2110.1],[-120.8865340054,40.041617620736,2110.1],[-120.8865789324,40.041628181934,2109.9],[-120.88662561961,40.041641676798,2113.2],[-120.886664344,40.041651735082,2113.1],[-120.88671203703,40.041660955176,2113.1],[-120.8867625799,40.041668666527,2112.9],[-120.88681153022,40.041679227725,2112.9],[-120.88686291128,40.04168828018,2112.6],[-120.88691345416,40.04169783555,2112.6],[-120.88696273975,40.041707810014,2112.4],[-120.88701655157,40.041716527194,2112.4],[-120.88707530871,40.041722729802,2115.4],[-120.88713490404,40.041733374819,2115.1],[-120.88719382882,40.041746199131,2115.1],[-120.88724948466,40.041755503044,2114.6],[-120.88730203919,40.041764639318,2114.6],[-120.88735828176,40.04177486524,2114.0],[-120.88741661981,40.04178609699,2113.4],[-120.88747479022,40.041797999293,2113.4],[-120.88753488846,40.041807889938,2112.7],[-120.88759557344,40.041818786412,2112.0],[-120.88765047491,40.041834795848,2115.1],[-120.88770520873,40.041851559654,2114.3],[-120.88776354678,40.041866982356,2114.3],[-120.88782196864,40.0418839138,2113.4],[-120.88788064197,40.041902270168,2115.5],[-120.88794224896,40.041921380907,2115.5],[-120.88800385594,40.04194275476,2114.4],[-120.8880662173,40.041962619871,2113.2],[-120.88812598027,40.041984245181,2113.2],[-120.88818792254,40.042006205767,2114.8],[-120.88824626058,40.042027495801,2113.5],[-120.88830124587,40.042048869655,2113.5],[-120.88835480623,40.042068567127,2112.2],[-120.88840342127,40.042093209922,2115.0],[-120.88845396414,40.042118020356,2113.7],[-120.88850760832,40.042146435007,2113.7],[-120.88856259361,40.042178453878,2112.1],[-120.88861925527,40.042213406414,2114.7],[-120.88867600076,40.042247101665,2113.0],[-120.88873442262,40.042280042544,2111.4],[-120.88891111314,40.042382385582,2110.4],[-120.88896056637,40.042421193793,2112.6],[-120.88900524192,40.042464863509,2110.8],[-120.88913273066,40.042644655332,2113.3],[-120.88916952722,40.042683128268,2113.4],[-120.88920716196,40.042725456879,2113.4],[-120.88924638927,40.042769880965,2115.2],[-120.8892870415,40.042817238718,2113.3],[-120.88932367042,40.042863590643,2115.1],[-120.8893601317,40.042911199853,2113.2],[-120.88939558715,40.042958389968,2115.0],[-120.88955719024,40.043218564242,2114.1],[-120.88961091824,40.043312776834,2115.7],[-120.88965500705,40.043401289731,2114.9],[-120.88967403397,40.043441606686,2116.6],[-120.8896908816,40.043480750173,2116.6],[-120.88970772922,40.043522408232,2118.2],[-120.88973136619,40.043561635539,2115.6],[-120.88975550607,40.043599521741,2117.1],[-120.88977604173,40.043637994677,2117.1],[-120.88979909196,40.043678982183,2117.1],[-120.88981971145,40.043722400442,2115.9],[-120.88983588852,40.043765902519,2115.9],[-120.88985089213,40.043812757358,2117.3],[-120.88986740448,40.043858522549,2117.3],[-120.8898842521,40.043904874474,2119.0],[-120.88990126736,40.043951477855,2116.8],[-120.88992322795,40.043998081237,2119.0],[-120.88994728401,40.044043427333,2120.8],[-120.88997041807,40.04408961162,2120.8],[-120.88998768479,40.044139986858,2122.1],[-120.88999556378,40.044195475057,2119.1],[-120.88999547996,40.044254148379,2120.4],[-120.88998776861,40.044312654063,2124.3],[-120.88996111415,40.044365292415,2124.3],[-120.88993655518,40.044413572177,2124.8],[-120.88991467841,40.044454559684,2124.8],[-120.88989808224,40.044492362067,2125.1],[-120.88988517411,40.044526811689,2127.7],[-120.88987167925,40.044562518597,2127.7],[-120.88985801674,40.044595291838,2127.8],[-120.88983907364,40.044635608792,2127.8],[-120.88982029818,40.044680871069,2127.7],[-120.88980604894,40.044728228822,2127.7],[-120.88979297318,40.044775418937,2127.4],[-120.88978165761,40.044822525233,2129.7],[-120.88977118023,40.044867536053,2129.3],[-120.889757853,40.044915229082,2129.3],[-120.88974016719,40.044964179397,2128.9],[-120.889721727,40.04501237534,2128.9],[-120.88969775476,40.045058056712,2128.4],[-120.88967386633,40.045100133866,2130.7],[-120.88965207338,40.045141289011,2130.1],[-120.8896353934,40.045184204355,2130.1],[-120.88962382637,40.045227957889,2129.8],[-120.88961259462,40.045272130519,2129.8],[-120.88959918357,40.045315632597,2129.8],[-120.88958468288,40.045362738892,2129.5],[-120.88956599124,40.045412946492,2131.0],[-120.88954738341,40.04546340555,2131.0],[-120.88952743448,40.045514618978,2130.4],[-120.88950840756,40.04556633532,2130.4],[-120.88948418386,40.045620566234,2131.8],[-120.88945409283,40.045677646995,2131.8],[-120.88943037204,40.04573087208,2131.1],[-120.88940430433,40.04578107968,2131.1],[-120.88937614113,40.045832460746,2132.1],[-120.88934848085,40.04588409327,2131.1],[-120.88932517916,40.04593337886,2131.1],[-120.88930724189,40.045982161537,2132.4],[-120.88928905316,40.046030106023,2132.4],[-120.88926508091,40.046079559252,2131.6],[-120.88924286887,40.046128425747,2131.6],[-120.88921931572,40.046180225909,2130.8],[-120.88919383474,40.04623294808,2132.5],[-120.88916474953,40.04628483206,2131.7],[-120.88913700543,40.046332189813,2131.7],[-120.88910616003,40.046375691891,2131.4],[-120.88906701654,40.046417769045,2131.4],[-120.88902393356,40.046455990523,2131.8],[-120.88897590525,40.046490272507,2131.8],[-120.88892569765,40.046521453187,2133.3],[-120.88887549005,40.046547940001,2131.9],[-120.88882871903,40.046570235863,2133.4],[-120.88878270239,40.046588173136,2133.4],[-120.88873660192,40.046601081267,2135.1],[-120.88868723251,40.046612396836,2135.1],[-120.88863660581,40.046621533111,2136.7],[-120.8885854762,40.046630417928,2135.7],[-120.88853049092,40.046634860337,2136.6],[-120.88847927749,40.046637626365,2136.6],[-120.8884286508,40.046639218926,2138.1],[-120.88837550953,40.046638967469,2139.6],[-120.88831583038,40.046636033803,2139.6],[-120.88825841434,40.046633100137,2140.9],[-120.88820166886,40.046632178128,2141.9],[-120.88815028779,40.046637039632,2141.9],[-120.88809706271,40.046641984954,2142.5],[-120.88804048486,40.046639554203,2142.5],[-120.88798466139,40.046630082652,2144.4],[-120.88793252595,40.046612480655,2144.4],[-120.88788533583,40.04659219645,2144.6],[-120.88784216903,40.046569900587,2144.6],[-120.88780445047,40.046539558098,2147.5],[-120.88777737692,40.04651256837,2147.5],[-120.88775985874,40.046487506479,2147.5],[-120.88775114156,40.046465042979,2147.5],[-120.88775013573,40.046440986916,2149.4],[-120.88775759563,40.04641215317,2149.4],[-120.8877702523,40.046375188977,2149.4],[-120.88778156787,40.046344259754,2151.2],[-120.88779690675,40.046314168721,2151.2],[-120.88781685568,40.046285334975,2151.2],[-120.8878429234,40.046257255599,2151.6],[-120.88786941022,40.046240072697,2151.6],[-120.88789388537,40.046220542863,2151.6],[-120.88792632334,40.04620520398,2151.6],[-120.88794820011,40.046183411032,2151.7],[-120.88796940632,40.046158768237,2151.7],[-120.88798508048,40.046131359413,2151.7],[-120.88799597695,40.046103615314,2151.7],[-120.88801207021,40.046075284481,2153.1],[-120.888036713,40.046042092144,2151.8],[-120.88805205189,40.046017281711,2151.8],[-120.8880679775,40.045996913686,2151.8],[-120.88807778433,40.045978054404,2153.2],[-120.8880824782,40.045963553712,2153.2],[-120.88808532804,40.045960033312,2153.2],[-120.8880890999,40.045963134617,2153.2],[-120.88808650151,40.045966655016,2153.2],[-120.88809362613,40.045970343053,2153.2],[-120.88809597306,40.04596631974,2153.2],[-120.88809505105,40.045959781855,2153.2],[-120.88809454814,40.045952741057,2153.2],[-120.88809521869,40.045943688601,2153.2],[-120.88809345849,40.045931283385,2153.2],[-120.88808893226,40.045917453244,2153.2],[-120.88808457367,40.045907562599,2153.2],[-120.888080718,40.045902952552,2153.2],[-120.88808675297,40.045904042199,2153.2],[-120.88808809407,40.04590135999,2153.2],[-120.88808775879,40.045895995572,2154.4],[-120.88808775879,40.04589272663,2154.4],[-120.8880851604,40.04588929005,2154.4],[-120.88808390312,40.045886775479,2154.4],[-120.88808641769,40.045883757994,2154.4],[-120.8880869206,40.045880405232,2154.4],[-120.88808750734,40.045869760215,2154.4],[-120.88808851317,40.045864814892,2154.4],[-120.88808884844,40.045863222331,2154.4],[-120.88808926754,40.045855594799,2154.4],[-120.88809169829,40.045843692496,2154.4],[-120.88809605688,40.045827515423,2154.4],[-120.88810008019,40.045805387199,2154.4],[-120.88810477406,40.045780576766,2155.6],[-120.88811357506,40.045757526532,2154.4],[-120.88812489063,40.045736655593,2154.4],[-120.88813545182,40.045719640329,2154.4],[-120.88814324699,40.045704385266,2154.4],[-120.88814559393,40.045686950907,2155.5],[-120.88814374991,40.045667504892,2155.5],[-120.88814140297,40.045649064705,2155.5],[-120.88813670911,40.045627523214,2155.5],[-120.88813318871,40.04560271278,2155.5],[-120.88813285343,40.045578237623,2156.6],[-120.88813478127,40.045551415533,2156.6],[-120.88813788258,40.045525766909,2156.6],[-120.88813721202,40.045489389449,2157.7],[-120.88813570328,40.045453179628,2157.7],[-120.88813260198,40.045420741662,2158.7],[-120.88812841102,40.045391237363,2158.7],[-120.88812480681,40.045362738892,2158.7],[-120.88812287897,40.045331474394,2159.6],[-120.88810854591,40.045288810506,2159.6],[-120.88809622452,40.045255953446,2159.6],[-120.88808750734,40.04522527568,2160.1],[-120.88807468303,40.04518806003,2161.8],[-120.88805934414,40.045148581266,2161.8],[-120.88805012405,40.045115305111,2162.7],[-120.88804216124,40.045091249049,2162.7],[-120.88804350235,40.04506518133,2162.7],[-120.88802715763,40.045041963458,2163.7],[-120.88800880127,40.045011369511,2163.7],[-120.88799153455,40.044978763908,2165.4],[-120.88798214681,40.044947583228,2165.4],[-120.88797577657,40.044919336215,2166.4],[-120.88798114099,40.04489813,2166.4],[-120.88798851706,40.044894777238,2166.4],[-120.88798508048,40.044906930998,2166.4],[-120.88795406744,40.044892514125,2166.4],[-120.88791743852,40.044880108908,2166.4],[-120.88787846267,40.044870302081,2168.2],[-120.88783814572,40.044860159978,2168.2],[-120.88780160062,40.044850185513,2169.9],[-120.88777251542,40.044851442799,2169.9],[-120.88774661534,40.044864267111,2169.9],[-120.8877200447,40.044882791117,2171.6],[-120.88769431226,40.044899890199,2171.6],[-120.88767235167,40.044920342043,2171.6],[-120.88763672858,40.044942973182,2172.1],[-120.88760253042,40.044963089749,2172.1],[-120.88756682351,40.04497775808,2172.1],[-120.8875284344,40.044993516058,2173.6],[-120.88749272749,40.045011369511,2173.6],[-120.88745727204,40.04502704367,2175.1],[-120.88742072694,40.045038610697,2173.8],[-120.88738149963,40.045049423352,2175.3],[-120.88733573444,40.045053362846,2175.3],[-120.88730187155,40.045060152188,2175.3],[-120.88727152906,40.045069372281,2176.8],[-120.88724068366,40.045083202422,2176.8],[-120.88720799424,40.045098792762,2176.8],[-120.88716767728,40.045112203807,2178.4],[-120.88712132536,40.045121842995,2178.4],[-120.88708075695,40.04513005726,2178.6],[-120.8870360814,40.045138690621,2178.6],[-120.88699316606,40.045153107494,2180.2],[-120.88695335202,40.045172972605,2180.2],[-120.88691353798,40.045194430277,2181.9],[-120.88687389158,40.045213960111,2181.9],[-120.88683416136,40.045228712261,2180.5],[-120.88679476641,40.045246398076,2182.3],[-120.88675788604,40.045264502987,2182.3],[-120.88671832345,40.045280093327,2184.1],[-120.8866815269,40.045295180753,2184.1],[-120.88664439507,40.045310519636,2184.7],[-120.88660265319,40.045325439423,2184.7],[-120.88656242006,40.04533700645,2184.7],[-120.88651866652,40.045347651467,2186.1],[-120.88647793047,40.045358296484,2186.1],[-120.88643970899,40.045368606225,2187.4],[-120.88639939204,40.04538201727,2187.4],[-120.88636200875,40.045388387516,2188.3],[-120.88632261381,40.045394338667,2188.3],[-120.88627894409,40.045402720571,2186.9],[-120.88624080643,40.045417807996,2186.8],[-120.88620409369,40.045430883765,2186.8],[-120.88616704568,40.04543306306,2185.9],[-120.88613368571,40.045431386679,2185.9],[-120.88610535488,40.045433733612,2185.9],[-120.88608121499,40.045440355316,2184.8],[-120.88606034406,40.045450245962,2184.8],[-120.88604190387,40.045468099415,2184.8],[-120.88602472097,40.045487880707,2181.2],[-120.88601365685,40.045509589836,2181.2],[-120.88601332158,40.045531634241,2181.2],[-120.88602346368,40.045546302572,2181.2],[-120.88603779674,40.04555510357,2181.2],[-120.8860517107,40.045562982559,2181.2],[-120.88606445119,40.04556893371,2181.2],[-120.88607425801,40.045574046671,2177.5],[-120.88608473539,40.045582009479,2177.5],[-120.88608926162,40.045583518222,2177.5],[-120.88609294966,40.045584272593,2177.5],[-120.88609672152,40.045583602041,2177.5],[-120.88610024191,40.045581003651,2177.5],[-120.88610820472,40.045579494908,2177.5],[-120.88611457497,40.045582428575,2177.5],[-120.88611625135,40.045587206259,2177.5],[-120.88611532934,40.045587876812,2177.5],[-120.88611616753,40.045595336705,2177.5],[-120.88612035848,40.045601455495,2177.5],[-120.88612622581,40.045609083027,2180.3],[-120.88612857275,40.045615201816,2180.3],[-120.88612714782,40.045620985329,2180.3],[-120.886117341,40.045627355576,2177.5],[-120.88611851446,40.045622242615,2177.5],[-120.88610937819,40.045634647831,2177.5],[-120.88609328493,40.045632971451,2177.5],[-120.88609714061,40.045634564012,2177.5],[-120.88609320112,40.045641353354,2177.5],[-120.88609454222,40.045635569841,2177.5],[-120.88609831408,40.045637916774,2177.5],[-120.88609035127,40.045643784106,2177.5],[-120.88608356193,40.045645795763,2177.5],[-120.88609152474,40.045631881803,2177.5],[-120.88609060273,40.045640096068,2177.5],[-120.8860860765,40.04564168863,2177.5],[-120.88608440012,40.045641018078,2177.5],[-120.8860759344,40.045647053048,2177.5],[-120.88605950586,40.045648813248,2177.5],[-120.88605640456,40.045651663095,2177.5],[-120.88605330326,40.045653339475,2177.5],[-120.88606026024,40.045667001978,2172.9],[-120.88605992496,40.045669516549,2172.9],[-120.88605858386,40.045673120767,2172.9],[-120.8860583324,40.045672534034,2172.9],[-120.88607492857,40.045671612024,2172.9],[-120.88609529659,40.045668845996,2172.9],[-120.88609336875,40.045654177666,2177.5],[-120.88608582504,40.045627607033,2177.5],[-120.88607828133,40.045616962016,2177.5],[-120.88606998324,40.045605394989,2177.5],[-120.88606570847,40.045595671982,2177.5],[-120.88606570847,40.045591900125,2177.5],[-120.8860671334,40.045592654496,2177.5],[-120.88608129881,40.045594582334,2177.5],[-120.88609873317,40.045599443838,2177.5],[-120.88611633517,40.04562006332,2177.5],[-120.88611591607,40.045621991158,2177.5],[-120.8861169219,40.045626685023,2177.5],[-120.88611482643,40.045628612861,2177.5],[-120.88610661216,40.045622074977,2177.5],[-120.88611859828,40.045609166846,2177.5],[-120.88611633517,40.04560447298,2177.5],[-120.88608724996,40.045592486858,2177.5],[-120.8860874176,40.045586619526,2177.5],[-120.88613485917,40.045583769679,2180.3],[-120.88623762131,40.045561138541,2184.6],[-120.88627416641,40.045570023358,2182.0],[-120.88631523773,40.04559231922,2183.6],[-120.88642395101,40.045666582882,2184.2],[-120.88648078032,40.045715617016,2182.0],[-120.88659619913,40.045838495716,2179.9],[-120.88660474867,40.04586330615,2178.3],[-120.88660952635,40.045876046643,2178.3],[-120.88661631569,40.04589188844,2178.3],[-120.88663123548,40.045904209837,2178.3],[-120.88665260933,40.045911585912,2178.3],[-120.88668270037,40.045907981694,2176.8],[-120.88671681471,40.045895157382,2176.8],[-120.88675126433,40.045829443261,2178.3],[-120.88683013804,40.04571444355,2177.9],[-120.88693700731,40.045611346141,2176.6],[-120.88702728041,40.045517720282,2174.9],[-120.88704043999,40.045489640906,2174.9],[-120.88704161346,40.045485617593,2174.9],[-120.88703507558,40.045484527946,2174.9],[-120.88703951798,40.045475307852,2174.9],[-120.88705670089,40.045462399721,2174.2],[-120.88708763011,40.045451000333,2174.2],[-120.88711822405,40.045431470498,2174.2],[-120.8871571999,40.04540364258,2172.6],[-120.88724294677,40.045381849632,2171.1],[-120.88727186434,40.045368606225,2172.5],[-120.88730069809,40.04534907639,2172.5],[-120.88733187877,40.045323763043,2171.1],[-120.88736699894,40.045299371704,2171.1],[-120.88741477579,40.045280009508,2171.1],[-120.88754528202,40.045254025608,2169.6],[-120.88762247935,40.045221671462,2168.2],[-120.88769473135,40.04518026486,2168.0],[-120.88775332086,40.045163668692,2168.0],[-120.8878072165,40.045181941241,2166.5],[-120.88782071136,40.045227119699,2165.6],[-120.88786044158,40.045344885439,2164.4],[-120.8879054524,40.045407498255,2161.9],[-120.88794954121,40.045469189063,2160.6],[-120.8879781235,40.045536747202,2159.2],[-120.88796957396,40.045604808256,2159.5],[-120.88793604635,40.045667421073,2158.2],[-120.88788039051,40.04573254846,2159.6],[-120.88782004081,40.045802788809,2158.3],[-120.8877706714,40.045871771872,2158.6],[-120.88772247545,40.046020383015,2155.4],[-120.88773446158,40.046096239239,2155.4],[-120.88774887845,40.046166395769,2153.9],[-120.88774510659,40.046217776835,2152.0],[-120.88773739524,40.046244766563,2152.0],[-120.88773345575,40.04624853842,2152.0],[-120.88772675022,40.046252226457,2152.0],[-120.88769774884,40.046284915879,2152.7],[-120.88767243549,40.046299919486,2150.7],[-120.88763706386,40.046321377158,2150.7],[-120.88756246492,40.046377200633,2150.3],[-120.88756011799,40.046384073794,2147.5],[-120.88755969889,40.046396479011,2147.5],[-120.88755693287,40.046443585306,2147.5],[-120.88758392259,40.046483818442,2144.1],[-120.88763253763,40.046533942223,2145.8],[-120.88769841939,40.046589765698,2142.2],[-120.88777184486,40.046643158421,2142.2],[-120.88784342632,40.046706357971,2139.8],[-120.88790771551,40.046774586663,2137.6],[-120.88797493838,40.046837786213,2137.6],[-120.888036713,40.04689604044,2137.9],[-120.88808700442,40.046962592751,2137.0],[-120.88815095834,40.047100055963,2134.8],[-120.88816042989,40.047167530283,2133.1],[-120.88816545904,40.0472283829,2134.1],[-120.88817208074,40.047278925776,2134.1],[-120.88817442767,40.047320667654,2133.4],[-120.88817048818,40.047359727323,2133.4],[-120.88816721924,40.047409934923,2132.8],[-120.88816629723,40.047465926036,2132.8],[-120.88817006908,40.047529460862,2131.9],[-120.88817258365,40.04759282805,2131.4],[-120.88817358948,40.047654854134,2131.4],[-120.88817702606,40.047708917409,2130.7],[-120.88818691671,40.047818971798,2129.7],[-120.88819270022,40.047871107236,2129.6],[-120.88820418343,40.047926008701,2129.6],[-120.88820904493,40.047980993986,2128.5],[-120.88819337077,40.048028435558,2128.5],[-120.88818146847,40.048072356731,2128.0],[-120.88818616234,40.048119882122,2128.0],[-120.88819940574,40.048167994246,2128.2],[-120.88820510544,40.048219626769,2128.2],[-120.88819404133,40.048267738894,2129.4],[-120.88818716817,40.048314174637,2129.4],[-120.88819890283,40.048361280933,2129.6],[-120.88824743405,40.048517519608,2128.9],[-120.88826084509,40.048581557348,2128.9],[-120.88830870576,40.048647439107,2128.7],[-120.88837902993,40.048688929528,2129.2],[-120.88845228776,40.048715248704,2128.2],[-120.8885273058,40.048747183755,2128.8],[-120.88859419338,40.04879613407,2128.4],[-120.88864381425,40.048846006393,2129.1],[-120.88868916035,40.04888179712,2128.3],[-120.88872754946,40.048906775191,2128.9],[-120.88876065798,40.048924041912,2128.9],[-120.88878823444,40.048934184015,2128.9],[-120.88880860247,40.048934435472,2128.9],[-120.88881824166,40.048935189843,2129.7],[-120.88881606236,40.048933848739,2129.7],[-120.88881891221,40.048934686929,2129.7],[-120.88881698437,40.048915660009,2129.7],[-120.88880055584,40.048885401338,2128.9],[-120.88877784088,40.048872325569,2129.4],[-120.88874875568,40.048863524571,2129.4],[-120.88866443373,40.048846174031,2129.1],[-120.88862017728,40.048819100484,2128.4],[-120.8885823749,40.048777107149,2129.1],[-120.88854666799,40.048741986975,2129.1],[-120.88850995526,40.048720110208,2128.8],[-120.88846175931,40.048699323088,2128.8],[-120.88839814067,40.04867576994,2129.2],[-120.88834600523,40.048656659201,2128.7],[-120.88829889894,40.048620617017,2128.7],[-120.88825975545,40.048574265093,2128.9],[-120.88824357837,40.048531349748,2128.9],[-120.8882375434,40.048488602042,2129.5],[-120.88824265637,40.048448536545,2129.5],[-120.88824374601,40.048409895971,2129.6],[-120.88823125698,40.048375613987,2129.6],[-120.88821088895,40.048343427479,2129.6],[-120.88819202967,40.048310989514,2129.4],[-120.88818985038,40.048273773864,2129.4],[-120.88819638826,40.04823689349,2129.4],[-120.88820292614,40.048195822164,2128.2],[-120.88820309378,40.048160785809,2128.2],[-120.88819571771,40.048131700605,2128.0],[-120.88818867691,40.048109488562,2128.0],[-120.88818222284,40.048092892393,2128.0],[-120.88817819953,40.048081744462,2128.0],[-120.88817534968,40.04807671532,2128.0],[-120.88817384094,40.048065148294,2128.0],[-120.88817694224,40.048063891008,2128.0],[-120.8881908562,40.048081157729,2128.0],[-120.88820049539,40.048097586259,2128.0],[-120.88821306825,40.048116277903,2128.0],[-120.88822161779,40.04814083688,2128.0],[-120.88822287507,40.048172688112,2128.2],[-120.88821826503,40.04820914939,2128.0],[-120.88820896111,40.048246029764,2128.2],[-120.88821164332,40.048285424709,2128.2],[-120.8882463444,40.048365304247,2129.4],[-120.88825237937,40.048411237076,2130.5],[-120.88826017454,40.048526236787,2130.2],[-120.88829294778,40.048587843776,2130.2],[-120.88835162111,40.048632267863,2130.0],[-120.88842722587,40.048662442714,2130.3],[-120.88849972934,40.048701083288,2130.3],[-120.88856183924,40.048756487668,2129.8],[-120.88861598633,40.048809712753,2129.1],[-120.88866787031,40.048841899261,2129.3],[-120.88872184977,40.048855058849,2129.6],[-120.88876786642,40.048856316134,2129.6],[-120.88880063966,40.048850029707,2129.6],[-120.88881966658,40.048831505701,2129.6],[-120.88883450255,40.048810970038,2129.6],[-120.88885118254,40.048791188747,2129.5],[-120.88886937127,40.048766043037,2129.5],[-120.88889217004,40.048730922863,2129.5],[-120.88892586529,40.0486861635,2128.3],[-120.88905972429,40.048474436626,2126.2],[-120.88906265795,40.048406375572,2125.6],[-120.88905268349,40.048336302862,2124.9],[-120.88902787305,40.04827586934,2124.9],[-120.88900390081,40.048220213503,2125.0],[-120.8889646735,40.048177381977,2126.0],[-120.88891052641,40.04813471809,2126.3],[-120.88886937127,40.048090377823,2127.4],[-120.88884565048,40.048043606803,2127.6],[-120.88883416727,40.047988872975,2127.6],[-120.88882628828,40.047939671203,2127.6],[-120.88882427663,40.047887787223,2127.6],[-120.88882360607,40.047832047567,2127.6],[-120.88880927302,40.047720316797,2127.6],[-120.88880457915,40.04767077975,2127.8],[-120.88881824166,40.047621745616,2127.8],[-120.88885009289,40.047577740625,2128.1],[-120.88888571598,40.0475296285,2126.7],[-120.88890742511,40.047479504719,2126.8],[-120.88890264742,40.047430051491,2126.8],[-120.88888730854,40.047382107005,2126.3],[-120.8888717182,40.047334497795,2128.1],[-120.88885704987,40.047286134213,2127.7],[-120.88884095661,40.047235507518,2127.6],[-120.88883575983,40.047185551375,2127.6],[-120.88884489611,40.047136014327,2128.2],[-120.8888681978,40.047083962709,2128.2],[-120.88890063576,40.04703534767,2127.5],[-120.88892620057,40.04698606208,2127.5],[-120.88894003071,40.046935016289,2128.1],[-120.88895218447,40.046887658536,2128.1],[-120.88897372596,40.046843485907,2129.9],[-120.88901404291,40.046799313277,2128.6],[-120.88906701654,40.046751368791,2129.7],[-120.88911898434,40.046698395163,2128.3],[-120.88915921748,40.04664064385,2129.2],[-120.88919970207,40.046584066004,2128.8],[-120.8892473951,40.046533606946,2128.8],[-120.88930405676,40.04648566246,2129.0],[-120.88936180808,40.046432437375,2129.0],[-120.88941779919,40.046372506768,2128.3],[-120.88947169483,40.046311570331,2126.6],[-120.8895226568,40.046248203143,2127.4],[-120.8895671647,40.04618014209,2126.4],[-120.88959926739,40.046110320836,2127.1],[-120.88962818496,40.046037733555,2127.1],[-120.88966221549,40.045964643359,2125.9],[-120.88974452578,40.045808991417,2127.2],[-120.88977109641,40.045728692785,2125.9],[-120.88978576474,40.045651327819,2126.5],[-120.88980026543,40.045575471595,2126.5],[-120.8898252435,40.045502632856,2127.0],[-120.88985969312,40.045429039747,2125.2],[-120.88988576084,40.045355698094,2125.6],[-120.88990093209,40.045286295936,2125.6],[-120.88990788907,40.045221420005,2125.9],[-120.88990914635,40.045156711712,2126.2],[-120.88990814053,40.045093176886,2126.2],[-120.88991040364,40.045037604868,2126.6],[-120.88991995901,40.044981027022,2127.0],[-120.88993320242,40.044917073101,2127.0],[-120.88994912803,40.044850017875,2125.1],[-120.88997016661,40.044781705365,2125.4],[-120.89004124515,40.044639129192,2122.9],[-120.89008776471,40.044559752569,2122.6],[-120.89012330398,40.044476604089,2118.9],[-120.89012799785,40.044304355979,2117.2],[-120.89011626318,40.044224141166,2119.1],[-120.8901057858,40.044147865847,2117.7],[-120.89010243304,40.044071087614,2116.1],[-120.89009254239,40.043994728476,2116.1],[-120.89002347551,40.043830862269,2114.8],[-120.88998734951,40.043753162026,2113.3],[-120.8899670653,40.043674623594,2112.1],[-120.88993965648,40.043600108474,2110.7],[-120.88985659182,40.043472116813,2111.7],[-120.88980085216,40.043425429612,2112.5],[-120.88974368758,40.043386621401,2114.9],[-120.88970093988,40.043348651379,2114.9],[-120.88968249969,40.043309004977,2113.4],[-120.8897045441,40.043293079361,2113.4],[-120.8897477109,40.043305903673,2113.4],[-120.88980001397,40.043331887573,2111.1],[-120.88988844305,40.043385950848,2110.2],[-120.89004417881,40.043503046036,2106.8],[-120.89013981633,40.043575298041,2105.6],[-120.89032866061,40.043715778738,2101.4],[-120.89048431255,40.043843938038,2100.7],[-120.89064918458,40.044011408463,2096.3],[-120.89072772302,40.044095059857,2094.0],[-120.89081288315,40.044203270227,2091.6],[-120.89084733278,40.044281808659,2092.4],[-120.89088605717,40.044375602156,2089.5],[-120.89092017151,40.044470820576,2089.9],[-120.89095043018,40.044563356787,2090.4],[-120.89098060504,40.044671650976,2087.3],[-120.89100650512,40.044741136953,2087.6],[-120.89101161808,40.044827470556,2087.8],[-120.89099560864,40.044913552701,2088.0],[-120.89096442796,40.044996449724,2088.0],[-120.89093123563,40.045079095289,2091.4],[-120.89091271162,40.045169452205,2091.3],[-120.89091069996,40.045246146619,2091.2],[-120.89090315625,40.045320158824,2091.2],[-120.89088689536,40.045391824096,2091.0],[-120.89086803608,40.045462399721,2091.0],[-120.89086350985,40.045527862385,2090.5],[-120.89087717235,40.045591145754,2090.1],[-120.89089142159,40.045653339475,2090.1],[-120.89091069996,40.045717041939,2089.6],[-120.89093609713,40.045782504603,2089.2],[-120.89099049568,40.045902030542,2085.3],[-120.89103282429,40.046046031639,2083.5],[-120.8910425473,40.046133706346,2082.9],[-120.8910429664,40.046189948916,2082.9],[-120.89103114791,40.046254238114,2082.3],[-120.89101958089,40.04631944932,2081.7],[-120.89102704078,40.04635674879,2081.7],[-120.89103776962,40.046358844265,2081.7],[-120.89104313403,40.046317186207,2078.6],[-120.89104170911,40.046275109053,2079.2],[-120.89105545543,40.046220123768,2079.2],[-120.89109166525,40.046153990552,2079.7],[-120.89114053175,40.046094059944,2077.4],[-120.89120926335,40.046005798504,2078.2],[-120.89126911014,40.045906472951,2075.6],[-120.8913420327,40.045799603686,2073.1],[-120.89139240794,40.045720729977,2073.7],[-120.89143515565,40.045630624518,2071.1],[-120.89150975458,40.045433817431,2072.3],[-120.8915459644,40.045352932066,2068.9],[-120.89158561081,40.045245895162,2068.8],[-120.89161561802,40.04517766647,2065.3],[-120.89166012593,40.045133326203,2065.3],[-120.8917317912,40.045136427507,2062.0],[-120.89180136099,40.045174481347,2058.8],[-120.89185659774,40.045228628442,2058.7],[-120.89193739928,40.04537765868,2055.3],[-120.89196229354,40.045472709462,2055.2],[-120.89197587222,40.045537082478,2054.9],[-120.89201048948,40.045566083863,2051.7],[-120.89203982614,40.045562228188,2051.7],[-120.89206379838,40.045539345592,2051.7],[-120.89206983335,40.045502465218,2051.7],[-120.89207243174,40.045458292589,2052.0],[-120.89208374731,40.045415125787,2048.8],[-120.89212842286,40.045339772478,2049.1],[-120.89217460714,40.045259557664,2046.2],[-120.89221676812,40.045173056424,2046.2],[-120.89225641452,40.045083034784,2046.0],[-120.89231290855,40.044913887978,2042.6],[-120.89232380502,40.044824117795,2042.3],[-120.89232405648,40.044734263793,2042.1],[-120.89231777005,40.044663604349,2042.1],[-120.89232958853,40.044612642378,2041.7],[-120.8923950512,40.044591352344,2038.7],[-120.89245724492,40.04461507313,2035.8],[-120.89252480306,40.044664526358,2036.1],[-120.89259487577,40.044732838869,2033.3],[-120.89264307171,40.044811796397,2030.8],[-120.89267006144,40.044874493033,2031.0],[-120.8926958777,40.044901063666,2031.0],[-120.89272730984,40.044898800552,2028.3],[-120.89274818078,40.044857980683,2028.3],[-120.89275480248,40.044812215492,2028.0],[-120.89276980609,40.044739795849,2028.0],[-120.89276947081,40.044661676511,2027.7],[-120.8927769307,40.044578192756,2027.2],[-120.89279503562,40.044473754242,2026.4],[-120.89280014858,40.044399825856,2022.9],[-120.89288044721,40.044225901365,2021.4],[-120.89292948134,40.044115344062,2017.8],[-120.89292403311,40.044009648263,2017.2],[-120.89292864315,40.04393027164,2016.7],[-120.89292696677,40.04386967048,2016.1],[-120.89293794706,40.043803201988,2016.1],[-120.89294490404,40.043727681041,2015.7],[-120.89293794706,40.043658865616,2015.1],[-120.89292889461,40.043567335233,2014.5],[-120.89291774668,40.043454598635,2013.8],[-120.89289084077,40.043274890631,2014.9],[-120.89288899675,40.043207248673,2013.9],[-120.89288145304,40.043123681098,2012.8],[-120.8928619232,40.043033994734,2011.7],[-120.8928359393,40.042929807678,2010.7],[-120.89278866537,40.042767282575,2011.3],[-120.89276226237,40.042689163238,2011.3],[-120.89273703285,40.042611127719,2010.0],[-120.89271230623,40.04253317602,2011.2],[-120.8926786948,40.042455643415,2009.7],[-120.89263913222,40.04238682799,2008.1],[-120.89259495959,40.042324634269,2010.6],[-120.89254198596,40.042260177433,2008.7],[-120.89248934761,40.042192200199,2009.4],[-120.8924483601,40.042122630402,2007.5],[-120.89239312336,40.041991872713,2008.7],[-120.89237367734,40.041933450848,2006.9],[-120.89234962128,40.041882907972,2006.9],[-120.89232087135,40.041840327904,2008.0],[-120.89229304343,40.041804872453,2008.0],[-120.8922664728,40.041775200516,2008.0],[-120.89223772287,40.041746869683,2008.9],[-120.89220369235,40.041718874127,2008.9],[-120.89217427187,40.041690124199,2008.9],[-120.89214778505,40.041664391756,2009.5],[-120.89212574065,40.041642263532,2009.5],[-120.89210470207,40.041618961841,2009.5],[-120.89209036902,40.041586691514,2009.5],[-120.89197134599,40.041450569406,2010.5],[-120.89194678701,40.041418550536,2010.5],[-120.89192491025,40.041387453675,2008.5],[-120.89189968072,40.041355602443,2008.5],[-120.89183589444,40.041277650744,2009.5],[-120.89175702073,40.041214451194,2012.2],[-120.89171913452,40.041193496436,2010.4],[-120.89168342762,40.041174720973,2013.0],[-120.89165023528,40.0411567837,2013.0],[-120.89161486365,40.041140690446,2013.0],[-120.89158309624,40.041128620505,2015.7],[-120.89155049063,40.041114706546,2013.8],[-120.89151637629,40.041104564443,2013.8],[-120.89147849008,40.041096266359,2016.3],[-120.89144228026,40.041082939133,2016.3],[-120.89141093194,40.041063660756,2018.8],[-120.89137631468,40.041040275246,2018.8],[-120.89134211652,40.041009094566,2016.8],[-120.89130741544,40.040971711278,2019.1],[-120.89127631858,40.040935585275,2019.1],[-120.89124932885,40.040898201987,2017.0],[-120.89123046957,40.040860148147,2017.0],[-120.89120783843,40.040829721838,2017.2],[-120.89117816649,40.040799966082,2017.2],[-120.891138101,40.040764091536,2017.2],[-120.89109853841,40.040723020211,2017.3],[-120.89106760919,40.040681026876,2017.3],[-120.891030645,40.040641129017,2017.2],[-120.89098337106,40.040602991357,2017.2],[-120.89093668386,40.040564937517,2017.0],[-120.89088697918,40.040516657755,2017.0],[-120.89083945379,40.040463097394,2016.4],[-120.89079226367,40.040412722155,2016.4],[-120.8907430619,40.040372740477,2015.4],[-120.89068983681,40.040344912559,2015.4],[-120.89063401334,40.040328986943,2017.0],[-120.89057064615,40.040316497907,2018.5],[-120.89051021263,40.040305349976,2018.5],[-120.89045271277,40.040296465158,2019.8],[-120.89039932005,40.040292106569,2021.2],[-120.89034768753,40.040294369683,2021.2],[-120.89030292816,40.040295124054,2021.2],[-120.89026202448,40.04029721953,2022.6],[-120.89022254571,40.040298644453,2022.6],[-120.89018524624,40.040295291692,2024.1],[-120.89015431702,40.040287915617,2021.3],[-120.89012808166,40.040280120447,2021.3],[-120.8901005052,40.040274085477,2022.8],[-120.89006764814,40.040265703574,2022.8],[-120.89003152214,40.040253382176,2024.4],[-120.89000101201,40.040235863999,2024.4],[-120.88997117244,40.040212310851,2024.4],[-120.88993697427,40.040185740218,2021.4],[-120.88990084827,40.040158834308,2023.0],[-120.88986069895,40.040129916742,2023.0],[-120.88981837034,40.040102591738,2021.7],[-120.8897803165,40.040084067732,2021.7],[-120.88974972256,40.040073338896,2023.3],[-120.88972290047,40.040067639202,2023.3],[-120.88969473727,40.040065962821,2023.3],[-120.88966347277,40.04006084986,2023.3],[-120.8896265924,40.040042996407,2024.9],[-120.88958795182,40.04002883099,2021.9],[-120.88954880834,40.040016844869,2023.4],[-120.8894997742,40.039999997243,2023.4],[-120.88944713585,40.03995959647,2024.7],[-120.88939944282,40.039910981432,2021.4],[-120.8893407695,40.039859600365,2022.6],[-120.88927136734,40.039804782718,2020.5],[-120.8892055694,40.039750551805,2018.4],[-120.88915653527,40.039715012535,2018.4],[-120.8890893124,40.039675869048,2019.5],[-120.88901462965,40.039633372799,2017.5],[-120.88891119696,40.039572939277,2018.6],[-120.88881706819,40.039515439421,2016.2],[-120.8887118753,40.039457436651,2013.8],[-120.88860022835,40.039408653975,2014.7],[-120.88849687949,40.03935274668,2012.1],[-120.88841171935,40.039273034781,2009.3],[-120.88833007962,40.03919525072,2006.7],[-120.88812145405,40.039103971794,2004.9],[-120.88801399805,40.039071533829,2005.6],[-120.88790318929,40.039047645405,2006.9],[-120.887775952,40.039033647627,2007.5],[-120.88766480796,40.039004478604,2004.4],[-120.88755374774,40.038960725069,2005.0],[-120.88744671084,40.038908421993,2002.5],[-120.88734210469,40.038852682337,2003.0],[-120.88711344637,40.038751764223,2000.3],[-120.88687598705,40.038679009303,1997.3],[-120.88675637729,40.038660150021,1997.6],[-120.88663559407,40.038646822795,1997.8],[-120.88650986552,40.038628717884,1994.7],[-120.88639453053,40.038621006534,1995.1],[-120.88628598489,40.038597118109,1995.6],[-120.88617266156,40.038565853611,1996.0],[-120.88605112396,40.03854162991,1997.3],[-120.88593000546,40.038515394554,1994.0],[-120.88581684977,40.038484046236,1994.6],[-120.88570067659,40.038452111185,1995.1],[-120.88546179235,40.038380278274,1992.5],[-120.88522709906,40.038292184472,1990.1],[-120.88499852456,40.038170814514,1987.6],[-120.88490037248,40.03812094219,1984.9],[-120.88481437415,40.038065453991,1982.2],[-120.88473977521,40.038005691022,1982.7],[-120.88466919959,40.037943413481,1980.3],[-120.88459074497,40.037890272215,1977.4],[-120.88451698422,40.037850458175,1978.3],[-120.88444607332,40.037823300809,1979.0],[-120.88436585851,40.037803435698,1979.6],[-120.88427801616,40.037782313302,1977.6],[-120.88418900035,40.037753814831,1978.1],[-120.8841072768,40.037710815668,1978.5],[-120.88402471505,40.037667145953,1976.0],[-120.88385347277,40.037624146789,1976.0],[-120.8837730065,40.037632025778,1976.1],[-120.88369480334,40.037635797635,1976.2],[-120.88360670954,40.037634959444,1976.1],[-120.88352096267,40.037619117647,1975.6],[-120.88343462907,40.037613501772,1971.6],[-120.88335164823,40.037617944181,1970.5],[-120.88327612728,40.03762925975,1972.8],[-120.88321200572,40.037643844262,1972.8],[-120.88316305541,40.037654740736,1972.0],[-120.8831119258,40.037680892274,1972.0],[-120.88305216283,40.037710899487,1971.4],[-120.88299466297,40.037722634152,1973.5],[-120.88287002407,40.037728669122,1973.2],[-120.88280523196,40.037722634152,1973.9],[-120.88273951784,40.037710228935,1972.4],[-120.8825768251,40.037666726857,1976.7],[-120.88246283121,40.037628756836,1979.1],[-120.88241614401,40.037603527308,1978.6],[-120.88237658143,40.037575196475,1978.6],[-120.88233173825,40.037529682741,1977.8],[-120.88229904883,40.03748735413,1977.8],[-120.88225747459,40.037439493462,1977.2],[-120.8822095301,40.037382412702,1977.2],[-120.88197316043,40.037139086053,1974.2],[-120.88183963671,40.037003299221,1971.5],[-120.88167820126,40.036859046668,1964.5],[-120.88158977218,40.036801462993,1965.2],[-120.88148910552,40.036758547649,1961.2],[-120.88137066923,40.036721080542,1961.6],[-120.88127109222,40.036692749709,1957.1],[-120.88115483522,40.036675063893,1957.3],[-120.88093405589,40.036629550159,1960.0],[-120.88082978502,40.036598537117,1959.8],[-120.88074219413,40.036559728906,1963.8],[-120.88068117388,40.036506922916,1965.1],[-120.88064529933,40.03643986769,1965.1],[-120.88062090799,40.036362670362,1963.2],[-120.88058637455,40.036286814138,1964.2],[-120.88054672815,40.036216489971,1961.8],[-120.88050448336,40.036153709516,1960.0],[-120.88046391495,40.03609880805,1962.0],[-120.88042418472,40.036044074222,1960.0],[-120.88037909009,40.035990513861,1961.2],[-120.88032712229,40.035941060632,1959.3],[-120.88016535155,40.035791359842,1958.2],[-120.880092429,40.035760682076,1955.7],[-120.88000416756,40.0357378833,1955.5],[-120.87990400381,40.035722209141,1955.5],[-120.87979990058,40.035717515275,1955.5],[-120.87969395332,40.035711228848,1955.5],[-120.87946202606,40.03565389663,1952.0],[-120.87919833139,40.035556331277,1948.3],[-120.8790689148,40.035514673218,1948.3],[-120.8789442759,40.03549028188,1945.2],[-120.87868141942,40.035484749824,1946.4],[-120.8785668388,40.035465052351,1947.5],[-120.87846298702,40.03542624414,1948.9],[-120.87836659513,40.035372432321,1948.5],[-120.87827464566,40.035317614675,1950.7],[-120.87819149718,40.035269754007,1949.8],[-120.87813525461,40.03518903628,1949.0],[-120.87808705866,40.03510504961,1946.6],[-120.87804112583,40.035018716007,1945.7],[-120.87800600566,40.034930454567,1943.1],[-120.8779784292,40.034833140671,1942.2],[-120.87794079445,40.034734150395,1939.7],[-120.87786125019,40.034541115165,1936.2],[-120.87781481445,40.034448746592,1934.1],[-120.87777089328,40.034368867055,1932.2],[-120.87772261351,40.034298878163,1932.2],[-120.87766536511,40.03422905691,1929.9],[-120.87759512477,40.034165102988,1927.3],[-120.87749697268,40.034105172381,1924.6],[-120.87739127688,40.034046331421,1924.8],[-120.8772896044,40.033975169063,1922.8],[-120.87718818337,40.033903419971,1920.8],[-120.87708064355,40.033840220422,1921.7],[-120.87697721086,40.033773919567,1921.1],[-120.87679699995,40.033649364486,1919.3],[-120.87663413957,40.033494466916,1915.9],[-120.8765532542,40.03341182135,1914.3],[-120.87647479959,40.033337138593,1912.9],[-120.87638469413,40.03326991573,1913.9],[-120.87628134526,40.033218199387,1912.1],[-120.87617632002,40.033166315407,1913.1],[-120.87597255595,40.033040922135,1909.4],[-120.87587390095,40.032971100882,1907.4],[-120.87579117157,40.032882755622,1905.3],[-120.87569469586,40.032792817801,1904.0],[-120.87560551241,40.032711345702,1905.8],[-120.87553904392,40.032629957423,1905.9],[-120.87549042888,40.032555609941,1906.6],[-120.8754781913,40.032479753718,1905.1],[-120.8755006548,40.032411273569,1903.7],[-120.87552328594,40.03234019503,1901.8],[-120.8755420614,40.032262159511,1900.5],[-120.8755442407,40.032168366015,1899.6],[-120.87555170059,40.032072057948,1898.9],[-120.87554147467,40.031965440139,1897.6],[-120.8755512815,40.03187097609,1896.8],[-120.87556594983,40.031778188422,1896.8],[-120.87557768449,40.031685484573,1895.9],[-120.87558413856,40.031595798209,1895.1],[-120.87558070198,40.031511392444,1894.3],[-120.87557533756,40.031438302249,1893.4],[-120.87557215244,40.031374348328,1892.3],[-120.87555421516,40.031315507367,1892.3],[-120.87552638724,40.031264126301,1891.3],[-120.87550149299,40.031211571768,1893.5],[-120.87546788156,40.031156418845,1892.1],[-120.875394959,40.031051561236,1892.6],[-120.87536822073,40.030995905399,1890.8],[-120.87534558959,40.030932370573,1890.8],[-120.87529839948,40.030809491873,1889.0],[-120.87524894625,40.030761547387,1889.0],[-120.87519077584,40.030719386414,1888.9],[-120.87514098734,40.030672028661,1888.9],[-120.87507049553,40.030570859089,1888.4],[-120.87501190603,40.030525512993,1887.8],[-120.87494937703,40.030482178554,1887.8],[-120.87488559075,40.030443621799,1886.8],[-120.87477411143,40.030347816646,1885.2],[-120.87470688857,40.030294926837,1886.4],[-120.87446666323,40.030121337622,1883.3],[-120.87438301183,40.030086804181,1881.5],[-120.87430841289,40.030042883009,1881.5],[-120.87423951365,40.029991837218,1883.6],[-120.87407145649,40.029831156135,1883.2],[-120.87404035963,40.029785390943,1881.1],[-120.87399543263,40.029728226364,1883.2],[-120.87393575348,40.029660416767,1881.3],[-120.87389065884,40.029603084549,1881.5],[-120.87378814816,40.029493197799,1881.4],[-120.87373643182,40.029438212514,1879.5],[-120.87361749262,40.029337964952,1880.2],[-120.87356317788,40.029311645776,1880.2],[-120.87348304689,40.029287002981,1881.2],[-120.87342345156,40.029273591936,1881.9],[-120.87336578406,40.029266048223,1881.9],[-120.87330719456,40.029259677976,1882.3],[-120.87324902415,40.029248781502,1879.7],[-120.8731897641,40.029239309952,1879.7],[-120.87313159369,40.029234113172,1879.9],[-120.87294274941,40.029210643843,1880.3],[-120.87288047187,40.029215924442,1881.0],[-120.87282347493,40.029220031574,1881.0],[-120.87276320904,40.029223132879,1882.5],[-120.87271551602,40.029219863936,1884.5],[-120.87267838418,40.0292126555,1884.5],[-120.87262909859,40.029192622751,1886.6],[-120.8725762926,40.029162699357,1884.3],[-120.87250940502,40.02912690863,1886.3],[-120.87245819159,40.029089357704,1886.3],[-120.87241225876,40.029048873112,1886.0],[-120.87233279832,40.028971172869,1885.3],[-120.87229767814,40.028945943341,1885.3],[-120.87224998511,40.028909901157,1886.9],[-120.87221151218,40.028886850923,1884.4],[-120.87217488326,40.028862459585,1885.9],[-120.87213238701,40.028841756284,1885.9],[-120.87199408561,40.028705131263,1883.7],[-120.87194580585,40.028662802652,1883.7],[-120.87172871456,40.028507318348,1881.9],[-120.87166886777,40.028477394953,1883.5],[-120.8714668639,40.028376057744,1883.5],[-120.87141078897,40.028345715255,1882.0],[-120.87110803463,40.028134239838,1880.3],[-120.87096177042,40.028058802709,1880.6],[-120.87088599801,40.02801630646,1882.0],[-120.87073696777,40.027921590954,1881.8],[-120.8703763783,40.02764490433,1884.4],[-120.8703446947,40.027580531314,1883.2],[-120.8702984266,40.027523702011,1884.5],[-120.87018770166,40.027429992333,1884.4],[-120.87007412687,40.027326140553,1884.0],[-120.87004235946,40.027256906033,1883.6],[-120.87001830339,40.027181133628,1882.2],[-120.86998988874,40.027102679014,1880.9],[-120.86989902891,40.026966976002,1880.6],[-120.86983784102,40.026907548308,1880.3],[-120.86977447383,40.026854658499,1880.0],[-120.86972024292,40.026803193614,1880.0],[-120.86967380717,40.026745274663,1879.3],[-120.86963240057,40.0266745314,1877.8],[-120.86959443055,40.026598675177,1877.8],[-120.86950231344,40.026448555291,1874.7],[-120.8694607392,40.026388205588,1873.6],[-120.86939326487,40.026322156191,1874.3],[-120.86928840727,40.026274714619,1873.1],[-120.86918656714,40.026260046288,1873.6],[-120.86908749305,40.026262225583,1874.0],[-120.86899671704,40.026263901964,1874.1],[-120.86890887469,40.026253340766,1874.0],[-120.8688234631,40.026247976348,1873.7],[-120.86874165572,40.026253256947,1873.2],[-120.86866529658,40.026276726276,1872.4],[-120.86859899573,40.02630924806,1872.4],[-120.8685323596,40.026350403205,1872.5],[-120.86844158359,40.026395749301,1871.6],[-120.86824175902,40.026484513655,1869.7],[-120.8681580238,40.026548467577,1868.7],[-120.8680976741,40.026628011838,1867.4],[-120.86804034188,40.026703365147,1867.4],[-120.86797035299,40.026770755649,1865.8],[-120.86787236854,40.026833033189,1863.8],[-120.86779240519,40.026901429519,1861.2],[-120.86773750372,40.026975190267,1858.1],[-120.86765351705,40.027127154171,1857.1],[-120.8676458057,40.02721038647,1853.6],[-120.86766097695,40.027302922681,1856.3],[-120.86765578017,40.027388082817,1856.5],[-120.86762954481,40.027479361743,1853.9],[-120.86757992394,40.02758606337,1854.2],[-120.86751429364,40.027694609016,1851.0],[-120.86746182293,40.027792593464,1847.1],[-120.8673771657,40.027981018648,1846.7],[-120.86733726785,40.028131976724,1840.9],[-120.86736258119,40.028295340016,1838.4],[-120.86739351042,40.028392234817,1840.8],[-120.86745092645,40.028464151546,1839.2],[-120.86752384901,40.028536319733,1843.1],[-120.86757967249,40.02860144712,1845.5],[-120.86769349873,40.0287850108,1846.0],[-120.86786197498,40.029011657462,1850.2],[-120.86792442016,40.029074270278,1850.2],[-120.86798233911,40.029131015763,1853.2],[-120.86801536381,40.0291831512,1853.2],[-120.86805199273,40.02925070934,1855.7],[-120.86805542931,40.029317680746,1855.1],[-120.86799264885,40.029406277463,1851.9],[-120.86784252897,40.029507111758,1849.5],[-120.86776331998,40.029572490603,1847.6],[-120.86768863723,40.029631834477,1845.5],[-120.86761169136,40.029685478657,1844.9],[-120.86752141826,40.029688663781,1843.0],[-120.867441874,40.02968355082,1841.4],[-120.86734028533,40.029658572748,1840.0],[-120.86726996116,40.029612472281,1836.7],[-120.86723140441,40.029539046809,1834.5],[-120.86723475717,40.029450953007,1832.3],[-120.86724213324,40.029351878911,1830.4],[-120.86724137887,40.029280632734,1830.4],[-120.86721279658,40.029217181727,1829.1],[-120.86715730838,40.029185833409,1828.6],[-120.86708170362,40.029144594446,1827.6],[-120.86698279716,40.029119784012,1827.6],[-120.86687131785,40.029095895588,1827.6],[-120.86674374528,40.029085250571,1827.7],[-120.866626231,40.029108216986,1828.2],[-120.86652640253,40.029131518677,1828.5],[-120.86646110751,40.029135039076,1828.5],[-120.86643663235,40.029111905023,1828.9],[-120.86641852744,40.029057338834,1827.6],[-120.8663699124,40.028941165656,1826.3],[-120.86630512029,40.028886767104,1825.4],[-120.86623664014,40.028823316097,1825.6],[-120.8661831636,40.028757601976,1824.3],[-120.86615005508,40.028675710782,1823.1],[-120.86611803621,40.028586192057,1821.9],[-120.86608735844,40.028536738828,1821.9],[-120.86604695767,40.028469432145,1820.8],[-120.86599675007,40.028381505981,1819.8],[-120.86595257744,40.028317971155,1818.9],[-120.86578795686,40.028140358627,1817.4],[-120.86573230103,40.02806475386,1816.1],[-120.86567899212,40.027971463278,1815.0],[-120.86562392302,40.027866354212,1813.3],[-120.86559182033,40.027806507424,1813.9],[-120.86555493996,40.027728136629,1812.4],[-120.8655150421,40.027643730864,1811.4],[-120.86543918587,40.027460670099,1808.5],[-120.86532334797,40.027290768921,1806.9],[-120.86524916813,40.027218684554,1805.4],[-120.86519745179,40.027151713148,1805.9],[-120.865147328,40.027069151402,1804.8],[-120.86510114372,40.02699136734,1803.0],[-120.86504121311,40.026912242174,1801.6],[-120.8649609983,40.026849294081,1800.2],[-120.86487340741,40.026794560254,1800.7],[-120.86478154175,40.026731193066,1799.3],[-120.86467601359,40.026653660461,1798.0],[-120.86451432668,40.026544611901,1796.4],[-120.86441759951,40.026471018791,1795.5],[-120.86434551515,40.026422068477,1795.5],[-120.86424518377,40.026375046,1794.0],[-120.86415172555,40.026343530044,1794.6],[-120.86404871196,40.026303716004,1795.1],[-120.8639705088,40.026266751811,1794.0],[-120.86390982382,40.026230877265,1794.6],[-120.86381066591,40.026183351874,1793.2],[-120.86372684687,40.026148650795,1793.9],[-120.86364881136,40.026093581691,1792.6],[-120.86361436173,40.026030298322,1792.6],[-120.86356977001,40.02595175989,1790.8],[-120.8635168802,40.02587732859,1789.8],[-120.86346298456,40.02580633387,1788.8],[-120.86340179667,40.025737183169,1787.2],[-120.86324019358,40.025603072718,1787.0],[-120.86307364516,40.025483546779,1786.8],[-120.86301195435,40.025388579816,1785.3],[-120.86296224967,40.025313142687,1784.5],[-120.86283350363,40.025182804093,1782.3],[-120.86277307011,40.025143912062,1783.0],[-120.86271322332,40.025091525167,1782.2],[-120.86266133934,40.025026565418,1782.2],[-120.86260467768,40.024948781356,1781.4],[-120.86255690083,40.024859011173,1780.1],[-120.86250795051,40.024765552953,1780.2],[-120.86247417144,40.024699587375,1778.9],[-120.86244642735,40.024620713666,1779.0],[-120.86242404766,40.024516694248,1777.9],[-120.86242874153,40.024353163317,1776.6],[-120.86244148202,40.024163397029,1773.8],[-120.86241876706,40.02406893298,1772.4],[-120.86237953976,40.02397287637,1769.4],[-120.86236570962,40.023913532495,1769.4],[-120.86235531606,40.023841867223,1769.9],[-120.86233427748,40.023769866675,1768.4],[-120.86229915731,40.02369669266,1768.4],[-120.86225791834,40.023628463969,1768.9],[-120.86221265607,40.023542717099,1767.7],[-120.86218449287,40.023481445387,1766.8],[-120.86214333773,40.023410702124,1767.6],[-120.86207636632,40.023344988003,1769.1],[-120.86202515289,40.02330802381,1768.3],[-120.86196404882,40.023264018819,1770.2],[-120.86191015318,40.023215906695,1769.6],[-120.86186271161,40.023168465123,1771.8],[-120.86182323284,40.023116581142,1772.0],[-120.86181267165,40.023083975539,1772.0],[-120.8618151024,40.023039802909,1772.5],[-120.86182415485,40.02299378626,1772.5],[-120.8618375659,40.022957995534,1773.0],[-120.86184779182,40.022923462093,1773.0],[-120.86184938438,40.022895801812,1773.0],[-120.86184728891,40.022881468758,1773.0],[-120.86184871383,40.022868644446,1773.0],[-120.86183798499,40.022861603647,1773.5],[-120.86182105355,40.022851042449,1773.5],[-120.86181124672,40.022840816528,1776.0],[-120.86181350984,40.02283888869,1776.0],[-120.86181007326,40.022838553414,1776.0],[-120.86180261336,40.022839978337,1776.0],[-120.86180512793,40.022839894518,1776.0],[-120.86177377962,40.022836709395,1776.0],[-120.8617644757,40.022828578949,1776.0],[-120.86178568192,40.022699832916,1776.5],[-120.8618045412,40.022656330839,1777.0],[-120.86191937327,40.022505875677,1774.6],[-120.86196077988,40.022423062474,1771.9],[-120.86198735051,40.022301776335,1772.3],[-120.86200419813,40.02225106582,1772.3],[-120.86202858947,40.022189794108,1769.5],[-120.86205180734,40.022115698084,1769.5],[-120.86205826141,40.022070435807,1769.4],[-120.86205650121,40.022013355047,1769.3],[-120.862045018,40.02196457237,1769.3],[-120.8620313555,40.021921992302,1768.9],[-120.86202330887,40.021882932633,1768.9],[-120.86202029139,40.021841023117,1768.9],[-120.86202481762,40.021795090288,1768.9],[-120.86204317398,40.021740021184,1768.9],[-120.8620710019,40.021575735882,1769.4],[-120.86208147928,40.021527372301,1769.1],[-120.86211257614,40.021485378966,1766.3],[-120.8621128276,40.021441457793,1766.2],[-120.86211383343,40.021399632096,1766.2],[-120.86213378236,40.021365936846,1766.2],[-120.8621423319,40.021333917975,1766.9],[-120.86215364747,40.021304162219,1766.9],[-120.86216622032,40.021271808073,1766.9],[-120.86218717508,40.021166112274,1765.9],[-120.86215222254,40.021060165018,1764.8],[-120.86211802438,40.021024290472,1764.8],[-120.86205172352,40.020973663777,1764.4],[-120.86202230304,40.020927060395,1764.4],[-120.86201006547,40.020860927179,1763.1],[-120.86206370965,40.020734695718,1760.9],[-120.86213730276,40.020705610514,1760.8],[-120.86220896803,40.0207015872,1760.7],[-120.8622634504,40.020675100386,1760.7],[-120.86227828637,40.020637800917,1759.6],[-120.86225104518,40.020578289405,1759.6],[-120.86219161749,40.020512826741,1758.8],[-120.86213596165,40.020446106791,1757.8],[-120.86207963526,40.020383410156,1758.2],[-120.86203898303,40.020318366587,1757.6],[-120.86199112236,40.020237397403,1758.2],[-120.86193454452,40.020174114034,1759.0],[-120.86188316345,40.020106136799,1759.0],[-120.86184779182,40.020032292232,1759.2],[-120.86182801053,40.019938666373,1758.6],[-120.86183119565,40.019874963909,1758.2],[-120.86184896529,40.019784942269,1757.7],[-120.86187335663,40.019723167643,1757.4],[-120.86189632304,40.019646976143,1756.9],[-120.86191602051,40.019577238709,1755.8],[-120.86191660725,40.01950532198,1754.5],[-120.86191216484,40.019433237612,1753.2],[-120.86192892864,40.019366182387,1753.2],[-120.86196614429,40.01930532977,1751.4],[-120.86201341823,40.019239699468,1749.8],[-120.86204594001,40.019172728062,1749.3],[-120.86205038242,40.019111204892,1747.6],[-120.86204359308,40.019060410559,1746.0],[-120.86200880818,40.019018165767,1746.0],[-120.86195776239,40.019001904875,1746.0],[-120.86193772964,40.018987404183,1746.0],[-120.8619569242,40.01895387657,1744.3],[-120.86201123893,40.018931161612,1744.3],[-120.86208675988,40.018879948184,1744.1],[-120.86214350536,40.018832841888,1742.1],[-120.86229932494,40.01873921603,1740.3],[-120.86236177012,40.018690433353,1738.6],[-120.86241876706,40.018649110571,1738.4],[-120.86243553087,40.0185963884,1737.1],[-120.86230762303,40.018490105867,1736.0],[-120.86209631525,40.018433779478,1736.6],[-120.86197377183,40.018400670961,1735.9],[-120.86189313792,40.018384745345,1736.4],[-120.86177394725,40.018343674019,1736.8],[-120.86157177575,40.018272092566,1736.3],[-120.86147982627,40.018226495013,1735.3],[-120.86140547879,40.018183244392,1735.3],[-120.86122912355,40.018084673211,1734.4],[-120.86115946993,40.018015271053,1733.5],[-120.86102686822,40.017875209451,1732.5],[-120.86103717797,40.017807986587,1731.3],[-120.8610981144,40.017746044323,1730.0],[-120.8611672651,40.017711007968,1730.0],[-120.86126365699,40.017695669085,1730.0],[-120.86135149933,40.017684604973,1728.5],[-120.86144587956,40.017677396536,1728.3],[-120.86150161922,40.01766063273,1728.0],[-120.86155752651,40.017620651051,1727.7],[-120.8616195526,40.01755150035,1726.3],[-120.86169138551,40.017479080707,1724.2],[-120.86176204495,40.017394339666,1721.8],[-120.8618221432,40.01730222255,1720.1],[-120.86187352426,40.017218403518,1717.8],[-120.86191635579,40.017148582265,1717.8],[-120.8619327005,40.017091082409,1716.0],[-120.86192708462,40.017034839839,1715.6],[-120.86193026975,40.016978597268,1715.6],[-120.86194602773,40.01692562364,1714.4],[-120.86196790449,40.016866866499,1714.4],[-120.86197159253,40.016828393564,1713.6],[-120.86195767857,40.016776677221,1713.6],[-120.86192817427,40.016739293933,1713.4],[-120.86190973409,40.016695288941,1713.4],[-120.86190135218,40.016657570377,1712.3],[-120.86189414375,40.016601663083,1712.3],[-120.86187385954,40.01648247242,1710.4],[-120.86180068552,40.016384404153,1710.2],[-120.86175215431,40.016355570406,1710.2],[-120.8616922237,40.016325563192,1710.7],[-120.86164746433,40.016293041408,1710.7],[-120.86160169914,40.016232775524,1710.7],[-120.86160203442,40.016188686714,1710.2],[-120.86163313128,40.016140155494,1710.2],[-120.86165416986,40.016090031713,1709.8],[-120.86165500805,40.016027586535,1709.8],[-120.86163338274,40.01595877111,1709.2],[-120.86158879101,40.015892889351,1708.5],[-120.86152877659,40.015847543254,1708.4],[-120.86144831032,40.015834216028,1709.2],[-120.86135560647,40.015803370625,1710.0],[-120.861309506,40.015770765021,1710.0],[-120.86128452793,40.015710666776,1709.2],[-120.8612571191,40.015640761703,1709.2],[-120.86121940054,40.015581417829,1709.2],[-120.86117899977,40.015529869124,1709.5],[-120.86113432422,40.015485864133,1709.5],[-120.8610897325,40.015447558835,1708.7],[-120.86104732007,40.015419730917,1709.9],[-120.86101605557,40.015392238274,1709.9],[-120.8610153012,40.015359632671,1709.1],[-120.86100616492,40.015314202756,1709.1],[-120.86098747328,40.015291990712,1710.2],[-120.86094556376,40.015258882195,1709.5],[-120.8609091863,40.015203226358,1709.5],[-120.86086878553,40.015102308244,1708.7],[-120.86075663567,40.014898711815,1707.4],[-120.86070416495,40.014767954126,1706.9],[-120.86069310084,40.014696875587,1705.4],[-120.86066887714,40.014608278871,1703.3],[-120.86060626432,40.014466959983,1701.4],[-120.86055538617,40.014411723241,1698.3],[-120.86051230319,40.014352714643,1696.1],[-120.86049403064,40.01429496333,1696.1],[-120.86047617719,40.014229333028,1693.9],[-120.86039135233,40.014077117667,1691.5],[-120.86034642532,40.014006793499,1691.5],[-120.86030267179,40.013937810436,1690.9],[-120.860260427,40.013861535117,1690.3],[-120.86022161879,40.013778051361,1689.9],[-120.86017174646,40.013701692224,1689.4],[-120.86010033265,40.013622147962,1688.9],[-120.85997569375,40.013512764126,1688.4],[-120.85991484113,40.013449313119,1688.6],[-120.85987133905,40.013381084427,1688.1],[-120.85983362049,40.013300953433,1689.1],[-120.85981241427,40.013224761933,1689.7],[-120.85980436765,40.013159802184,1690.5],[-120.8598028589,40.013078413904,1690.5],[-120.85983286612,40.013016974553,1691.7],[-120.85984636098,40.012963833287,1692.4],[-120.85984703153,40.012908009812,1692.4],[-120.85984585807,40.012856628746,1693.1],[-120.85984443314,40.012809187174,1693.1],[-120.85983823054,40.012758728117,1694.4],[-120.85983152501,40.012708771974,1694.4],[-120.85982414894,40.012657307088,1695.4],[-120.85981861688,40.012621348724,1695.4],[-120.85981199518,40.012583797798,1696.3],[-120.85980369709,40.012546414509,1696.3],[-120.85979078896,40.012502409518,1697.4],[-120.85977997631,40.012460583821,1697.4],[-120.85977670737,40.012430157512,1697.4],[-120.85978123359,40.012391097844,1698.0],[-120.85978508927,40.012367628515,1698.0],[-120.85979648866,40.012337956578,1698.0],[-120.85981811397,40.012300154194,1698.6],[-120.85985264741,40.012263106182,1698.6],[-120.85989581421,40.012222453952,1697.1],[-120.85994803347,40.012172246352,1697.1],[-120.86000050418,40.012087253854,1695.4],[-120.85999765433,40.012033525854,1696.0],[-120.86000184529,40.011979127303,1696.0],[-120.86002229713,40.011929506436,1696.3],[-120.86003897712,40.01187720336,1696.3],[-120.86006194353,40.011754492298,1697.1],[-120.86007686332,40.011687772349,1697.1],[-120.86010712199,40.011530863121,1696.0],[-120.86011164822,40.011389292777,1697.6],[-120.86012514308,40.011327182874,1697.6],[-120.86014559492,40.011267587543,1698.2],[-120.86016101763,40.011220648885,1698.2],[-120.86017065682,40.011154767126,1698.9],[-120.86017903872,40.011103218421,1698.5],[-120.86018934846,40.011048400775,1698.5],[-120.86021809839,40.010991403833,1699.5],[-120.86026797071,40.010943626985,1698.1],[-120.86031851359,40.010916134343,1699.5],[-120.86037995294,40.010893335566,1698.5],[-120.86045002565,40.010871207342,1698.5],[-120.86053518578,40.010844804347,1700.6],[-120.86058363318,40.010816892609,1699.2],[-120.86068513803,40.010753022507,1699.7],[-120.8607153967,40.01072075218,1699.7],[-120.86074330844,40.010685045272,1697.6],[-120.86077348329,40.010651182383,1700.4],[-120.86082913913,40.010585216805,1697.7],[-120.86085948162,40.01054154709,1700.0],[-120.86089275777,40.010500391945,1700.0],[-120.86092628539,40.010458733886,1699.0],[-120.86095696315,40.010414058343,1699.0],[-120.86099275388,40.01036494039,1700.9],[-120.86101831868,40.0103121344,1696.2],[-120.86102686822,40.010268716142,1697.4],[-120.8610303048,40.010213647038,1697.4],[-120.86102653295,40.010174671188,1698.1],[-120.86102452129,40.010139131919,1698.1],[-120.861022342,40.010111136362,1698.1],[-120.86102443747,40.01007408835,1698.1],[-120.86103960872,40.010025557131,1698.1],[-120.86106006056,40.009984737262,1697.2],[-120.86108193733,40.009926985949,1694.0],[-120.86107908748,40.009803269058,1690.9],[-120.86105528288,40.009736632928,1690.4],[-120.86100482382,40.009668404236,1690.4],[-120.8609717153,40.009618615732,1688.8],[-120.86092209443,40.009538317099,1685.5],[-120.86085679941,40.009423652664,1684.2],[-120.86085663177,40.009373445064,1684.2],[-120.86088269949,40.009333295748,1683.0],[-120.86092469282,40.009291889146,1682.3],[-120.86104220711,40.009184014052,1682.5],[-120.86111504585,40.00912098214,1683.1],[-120.86117614992,40.009064488113,1683.3],[-120.86121722125,40.009018471465,1683.3],[-120.86124940775,40.008983435109,1684.9],[-120.86127949879,40.008956613019,1683.1],[-120.8613073267,40.00894093886,1683.1],[-120.86131327786,40.008939178661,1683.1],[-120.86131243967,40.008938424289,1683.1],[-120.86131621152,40.00894093886,1683.1],[-120.86132031865,40.008942028508,1683.1],[-120.86132165976,40.008944626898,1683.1],[-120.86131386459,40.008935071528,1683.1],[-120.86130489595,40.008924594149,1683.1],[-120.86130665615,40.008924929425,1683.1],[-120.86136801168,40.008955188096,1680.6],[-120.86139868945,40.009019644931,1680.6],[-120.86139793508,40.009069684893,1678.7],[-120.86138829589,40.009148558602,1677.1],[-120.86137320846,40.009185355157,1677.1],[-120.86133708246,40.009262301028,1678.2],[-120.8613284491,40.009304126725,1677.4],[-120.86134596728,40.009343354031,1677.4],[-120.86137932725,40.009383670986,1675.3],[-120.86143037304,40.009411415085,1675.8],[-120.86146339774,40.009414684027,1675.8],[-120.86149415933,40.009404877201,1673.9],[-120.86151310243,40.009379563853,1673.3],[-120.86152056232,40.009355256334,1673.3],[-120.86153229699,40.009330194443,1673.3],[-120.86153849959,40.009318543598,1673.3],[-120.86156104691,40.009310245514,1673.3],[-120.86158325896,40.009301779792,1671.4],[-120.86161133833,40.009290967137,1671.4],[-120.86164310575,40.009278394282,1671.4],[-120.86166456342,40.00926556997,1670.0],[-120.86179766804,40.009191306308,1670.1],[-120.86185835302,40.009140009061,1671.2],[-120.86188232526,40.0091089122,1671.2],[-120.86190059781,40.009076306596,1670.2],[-120.86190545931,40.009033307433,1670.2],[-120.86191358976,40.008995085955,1669.1],[-120.86193261668,40.008950829506,1669.1],[-120.86202884093,40.008813953027,1668.2],[-120.8620696608,40.008775731549,1669.4],[-120.86218801327,40.008695600554,1669.1],[-120.86237886921,40.008604489267,1669.8],[-120.86242605932,40.008593928069,1671.7],[-120.86246905848,40.008593592793,1671.7],[-120.8625250496,40.008579427376,1673.7],[-120.86257643066,40.008567105979,1673.7],[-120.86265237071,40.008559981361,1675.9],[-120.86278966628,40.0085324049,1676.0],[-120.86286485195,40.008523268625,1678.1],[-120.86290927604,40.008514048532,1678.1],[-120.86295671761,40.008499044925,1680.1],[-120.86300030351,40.008481694385,1680.1],[-120.8630386088,40.008469121531,1680.1],[-120.86306165904,40.008461996913,1681.7],[-120.86307808757,40.008457805961,1681.7],[-120.86311412975,40.008442131802,1677.6],[-120.86320834234,40.008405251428,1679.2],[-120.86331160739,40.008374154568,1680.6],[-120.86344471201,40.008350517601,1679.4],[-120.86353490129,40.008337274194,1680.9],[-120.86358142085,40.008316738531,1680.9],[-120.86362668313,40.008299555629,1682.2],[-120.86367471144,40.008278517053,1682.2],[-120.86371812969,40.008243815973,1680.1],[-120.86375224404,40.008200565353,1680.1],[-120.86379767396,40.008156895638,1678.3],[-120.86386322044,40.008124709129,1678.3],[-120.86391921155,40.00808916986,1679.5],[-120.86398249492,40.00805715099,1678.2],[-120.86402214132,40.008040806279,1678.2],[-120.8640744444,40.008034352213,1679.6],[-120.86412481964,40.008023874834,1679.6],[-120.86428432725,40.007939720526,1680.0],[-120.86432338692,40.00788657926,1677.7],[-120.86436470971,40.007840478793,1678.9],[-120.86441550404,40.007802089676,1678.9],[-120.86451994255,40.007728245109,1677.7],[-120.86457392201,40.007689688355,1676.4],[-120.86463569663,40.007652640343,1677.4],[-120.86475161836,40.007582651451,1676.9],[-120.86479428224,40.007543507963,1676.9],[-120.8648218587,40.007495144382,1677.7],[-120.86483962834,40.007445607334,1677.7],[-120.86486075073,40.007396992296,1676.7],[-120.86488866247,40.007345108315,1676.7],[-120.8649244532,40.007297582924,1677.4],[-120.86498371325,40.00725290738,1679.8],[-120.86502394639,40.007209405303,1677.6],[-120.86505403742,40.007157856598,1677.6],[-120.86508463137,40.007112091407,1677.1],[-120.86511924863,40.007073618472,1677.1],[-120.86515428498,40.007042102516,1672.6],[-120.86518613622,40.007019974291,1675.8],[-120.86520859972,40.006998935714,1675.8],[-120.86521614343,40.006995415315,1675.8],[-120.86524313316,40.006976220757,1675.8],[-120.86528562941,40.00696817413,1678.2],[-120.86529929191,40.006961300969,1672.9],[-120.86531991139,40.00695258379,1672.9],[-120.86544740014,40.0069240015,1675.2],[-120.86548528634,40.006927521899,1677.2],[-120.86550992914,40.006935736164,1677.2],[-120.8655392658,40.006937747821,1677.2],[-120.86556198075,40.006931209937,1678.7],[-120.86558461189,40.00693095848,1678.7],[-120.86561000906,40.00692659989,1678.7],[-120.86563917808,40.006907405332,1679.9],[-120.86568653584,40.006892401725,1679.9],[-120.86573909037,40.00689374283,1680.5],[-120.86578225717,40.006883852184,1676.0],[-120.86593019776,40.006822412834,1676.9],[-120.86599222384,40.00680279918,1676.9],[-120.86605081335,40.006783688441,1672.9],[-120.86626530625,40.006713364273,1673.9],[-120.86636622436,40.006684027612,1670.5],[-120.8664183598,40.006659468636,1671.7],[-120.86648734286,40.006617642939,1673.1],[-120.86659488268,40.006540780887,1671.0],[-120.86674609222,40.006475821137,1668.9],[-120.8668446634,40.006442209706,1671.3],[-120.8670142293,40.006375908852,1668.7],[-120.86709134281,40.006363419816,1669.5],[-120.86716418155,40.006352774799,1670.4],[-120.86724221706,40.00633190386,1671.1],[-120.86733207107,40.006309188902,1668.0],[-120.86743424647,40.006282869726,1668.6],[-120.86758746766,40.006243558601,1669.2],[-120.86768679321,40.006206426769,1666.6],[-120.86776508018,40.006156051531,1666.6],[-120.86786432192,40.006129229441,1665.4],[-120.867962474,40.00611548312,1666.6],[-120.86820345372,40.006068628281,1669.0],[-120.86828190833,40.006020432338,1666.8],[-120.86832348257,40.005960334092,1666.8],[-120.86834401824,40.00590518117,1664.6],[-120.86835675873,40.005864109844,1661.6],[-120.86837452836,40.005820188671,1661.6],[-120.86846622638,40.005734274164,1659.4],[-120.86853294633,40.005696723238,1660.4],[-120.8685962297,40.005680210888,1657.4],[-120.86866487749,40.005669314414,1658.5],[-120.86873000488,40.005656825379,1659.8],[-120.86878842674,40.005644336343,1661.5],[-120.86884290911,40.005623297766,1661.5],[-120.86888406426,40.005594715476,1663.8],[-120.86889848113,40.005564372987,1662.8],[-120.86886160076,40.005483822897,1660.7],[-120.86883679032,40.005449121818,1660.7],[-120.86880837567,40.005415426567,1660.7],[-120.86877292022,40.005379132926,1659.0],[-120.86873964407,40.005341665819,1659.0],[-120.86870167404,40.005305875093,1657.5],[-120.86866429076,40.005266061053,1657.5],[-120.86863260716,40.005213757977,1658.6],[-120.86862875149,40.005181739107,1658.6],[-120.86862883531,40.005139326677,1658.6],[-120.86863696575,40.005100853741,1659.5],[-120.86866948754,40.005062380806,1659.5],[-120.86870955303,40.005031870678,1661.1],[-120.86875515059,40.005005048588,1661.2],[-120.86880493909,40.004982501268,1662.3],[-120.86886067875,40.004961797968,1662.3],[-120.86891558021,40.00493908301,1663.2],[-120.86897266097,40.004920642823,1662.8],[-120.8691088669,40.004888540134,1663.2],[-120.86923937313,40.004871608689,1663.5],[-120.86956752464,40.004854425788,1664.2],[-120.86970423348,40.004830788821,1662.9],[-120.86991336197,40.004841098562,1663.3],[-120.8699729573,40.004851324484,1664.9],[-120.87003204972,40.004865238443,1665.0],[-120.87013388984,40.004918547347,1665.0],[-120.87017839774,40.004947548732,1666.2],[-120.87021142244,40.004972694442,1666.2],[-120.87042147294,40.005155755207,1664.4],[-120.87057880126,40.005252230912,1663.1],[-120.87066949345,40.005291625857,1660.8],[-120.87076328695,40.005320208147,1660.9],[-120.87084207684,40.005333870649,1658.9],[-120.87094014511,40.005352227017,1657.3],[-120.87103561498,40.005369493738,1656.1],[-120.87112144567,40.005376702175,1655.6],[-120.87119545788,40.005371840671,1656.0],[-120.87126008235,40.005354071036,1656.0],[-120.87133526802,40.00533035025,1656.9],[-120.8714179974,40.005304198712,1658.0],[-120.87149745785,40.005282657221,1656.4],[-120.87166182697,40.005267905071,1657.8],[-120.87172963656,40.005269665271,1657.8],[-120.87179149501,40.005269413814,1658.0],[-120.87185217999,40.005270754918,1657.8],[-120.87189735845,40.005273437127,1657.8],[-120.87192971259,40.005273018032,1657.8],[-120.87198000401,40.005275029689,1657.5],[-120.87203088216,40.005271760747,1657.3],[-120.87208159268,40.005256673321,1657.3],[-120.87213213556,40.005236221477,1657.5],[-120.87218309753,40.005211411044,1657.5],[-120.87223791517,40.005181320012,1654.9],[-120.87234243751,40.005129352212,1655.6],[-120.87239105254,40.005104625598,1652.2],[-120.8724454511,40.005073612556,1652.9],[-120.87250471115,40.005038324744,1653.7],[-120.87269405834,40.004944363609,1651.5],[-120.87275968865,40.004911422729,1648.1],[-120.87289153598,40.004811258987,1648.1],[-120.87295968086,40.004752501845,1648.1],[-120.87303436361,40.00470019877,1646.7],[-120.87309907191,40.00465518795,1649.8],[-120.87315263227,40.004600286484,1645.1],[-120.87320879102,40.004564747214,1649.1],[-120.87326779962,40.004529459402,1649.3],[-120.87338414043,40.004446897656,1651.1],[-120.87344055064,40.00435737893,1654.1],[-120.87344113737,40.004305494949,1654.1],[-120.87344180793,40.004246067256,1653.0],[-120.8734540455,40.004183538258,1653.0],[-120.87349050678,40.004124697298,1651.6],[-120.87353518233,40.004064347595,1652.0],[-120.87358823977,40.004002572969,1652.0],[-120.87365571409,40.003948425874,1650.7],[-120.87374020368,40.003914060071,1652.0],[-120.87383307517,40.003905259073,1653.2],[-120.87392183952,40.003901068121,1654.0],[-120.87402208708,40.003901654854,1654.5],[-120.87412526831,40.003912132233,1654.5],[-120.87422761135,40.003926716745,1653.9],[-120.87443355471,40.003961669281,1650.9],[-120.87453472428,40.003997460008,1651.3],[-120.87461443618,40.004049343988,1648.1],[-120.87466313504,40.00411321409,1645.9],[-120.87469297461,40.004180520773,1646.8],[-120.87470102124,40.004255035892,1646.8],[-120.87470605038,40.004321085289,1647.7],[-120.8747096546,40.004374142736,1648.9],[-120.87473354302,40.004442455247,1646.2],[-120.87479238398,40.004490818828,1647.9],[-120.87486631237,40.004516299814,1646.5],[-120.87493403815,40.004510097206,1644.9],[-120.87502942421,40.004500877112,1643.4],[-120.87511542253,40.004493920133,1642.7],[-120.87519312277,40.004487549886,1642.5],[-120.87531290017,40.004467014223,1642.2],[-120.87540644221,40.004451675341,1637.6],[-120.8756164927,40.004420243204,1636.9],[-120.87578312494,40.004377579316,1636.2],[-120.87587046437,40.004357043654,1632.6],[-120.87607380934,40.004345141351,1631.6],[-120.8761877194,40.004380177706,1635.1],[-120.87627237663,40.004427367821,1634.2],[-120.87635661475,40.004484951496,1636.6],[-120.87643951178,40.004542786628,1638.6],[-120.87651913986,40.004592407495,1637.5],[-120.87660446763,40.00462660566,1636.3],[-120.87667739019,40.004644459113,1638.7],[-120.87677227333,40.004673795775,1637.3],[-120.8768619597,40.004713777453,1635.9],[-120.87694913149,40.004770942032,1636.7],[-120.87700218894,40.004816455767,1637.8],[-120.87706170045,40.004868591204,1636.1],[-120.87712196633,40.004912428558,1639.1],[-120.87718365714,40.00492952764,1639.0],[-120.87724015117,40.004920475185,1639.6],[-120.87729781866,40.004884013906,1635.5],[-120.87740686722,40.004753675312,1632.6],[-120.877492195,40.004695504904,1629.7],[-120.87759780698,40.00464906916,1631.2],[-120.87769042701,40.004625516012,1627.6],[-120.87778841145,40.004610763863,1629.2],[-120.87789000012,40.004594083875,1629.6],[-120.8779938519,40.004573464394,1629.8],[-120.87808655575,40.004563825205,1629.8],[-120.87820046581,40.004567848518,1629.6],[-120.87830892764,40.004573129117,1629.3],[-120.87841546163,40.004562819377,1629.1],[-120.87851914577,40.004556197673,1628.8],[-120.87863850407,40.004576314241,1628.1],[-120.87872634642,40.00461101532,1627.8],[-120.87880815379,40.004640016705,1631.1],[-120.87887344882,40.004652002826,1630.7],[-120.87895190343,40.004657451063,1630.2],[-120.8790270891,40.004663066939,1629.6],[-120.87909422815,40.004678573459,1628.8],[-120.87916463614,40.004696929827,1628.8],[-120.87923026644,40.00470707193,1628.0],[-120.87929128669,40.00471570529,1627.1],[-120.8793564979,40.004714699462,1626.1],[-120.87943470106,40.004701120779,1626.1],[-120.87945330888,40.004661558196,1625.1],[-120.8794397302,40.004631048068,1625.1],[-120.87938541546,40.004602465779,1622.9],[-120.87930084206,40.004579499364,1623.9],[-120.87920813821,40.004568267614,1624.7],[-120.87900060229,40.004571788013,1626.3],[-120.87881066836,40.00456768088,1627.4],[-120.87871670723,40.004549743608,1627.8],[-120.87862609886,40.004525519907,1628.1],[-120.87853364646,40.004501799121,1625.1],[-120.87834304199,40.004449328408,1625.6],[-120.87825100869,40.00443700701,1625.7],[-120.87815872394,40.004429295659,1625.8],[-120.87797817774,40.004421081394,1621.3],[-120.87779771537,40.004420746118,1620.2],[-120.87770928629,40.004414208233,1619.7],[-120.87751952,40.004384117201,1618.8],[-120.87734970264,40.004304656759,1618.1],[-120.87728633545,40.004243385047,1618.1],[-120.87724350393,40.004192339256,1617.6],[-120.87719522417,40.004108687863,1616.4],[-120.87717787363,40.004043225199,1616.4],[-120.87717301212,40.003948928788,1615.5],[-120.87716446258,40.003878269345,1615.5],[-120.87716085836,40.003773830831,1614.0],[-120.87707326747,40.003487002105,1606.9],[-120.8770764526,40.00338960439,1604.0],[-120.8771249,40.00330477953,1600.3],[-120.87720033713,40.003252895549,1599.8],[-120.87730762549,40.003207884729,1600.0],[-120.87744726799,40.00319137238,1601.6],[-120.87766804732,40.003209225833,1606.4],[-120.87780299596,40.003220373765,1607.4],[-120.877940543,40.003227749839,1604.9],[-120.878093848,40.003228085116,1603.8],[-120.87820138782,40.003225905821,1601.1],[-120.87848595344,40.003216015175,1598.1],[-120.87862794288,40.003203107044,1596.5],[-120.87878225371,40.003184080124,1593.1],[-120.87890856899,40.003156168386,1591.6],[-120.87913203053,40.003055250272,1591.2],[-120.87935741991,40.002965899184,1589.1],[-120.87947753258,40.002931868657,1589.2],[-120.87958901189,40.002896245569,1587.3],[-120.87969789281,40.002857940271,1583.7],[-120.87993954308,40.002791052684,1581.3],[-120.88005797938,40.002757525072,1579.4],[-120.88016082533,40.002716369927,1576.7],[-120.88024975732,40.002664569765,1574.8],[-120.88033013977,40.002597095445,1575.7],[-120.88040390052,40.002512186766,1574.4],[-120.88047632016,40.002416884527,1572.6],[-120.88054044172,40.002321498469,1570.0],[-120.88059794158,40.002230973914,1571.1],[-120.88065720163,40.002139443532,1568.5],[-120.88078946806,40.001963255927,1567.7],[-120.88085576892,40.001874826849,1566.7],[-120.8809367381,40.001796456054,1565.9],[-120.88101393543,40.001727472991,1565.2],[-120.88109674864,40.001646587625,1563.7],[-120.88113656268,40.001574167982,1563.7],[-120.88112801313,40.00149118714,1563.6],[-120.88109800592,40.001406697556,1562.6],[-120.88100773282,40.001234784722,1561.9],[-120.88101812638,40.001178961247,1562.5],[-120.8810560964,40.001122802496,1562.5],[-120.88112373836,40.001082988456,1562.6],[-120.88119381107,40.001036971807,1561.0],[-120.88122725487,40.001007467508,1561.0],[-120.88128039613,40.00097092241,1560.7],[-120.88137159124,40.000918870792,1558.4],[-120.88155104779,40.000835219398,1557.5],[-120.88167007081,40.000777300447,1554.2],[-120.88180996478,40.000736648217,1552.1],[-120.88191197254,40.000704796985,1551.4],[-120.88202370331,40.0006498117,1546.7],[-120.88210157119,40.000587953255,1549.1],[-120.8821786847,40.000519389287,1548.7],[-120.88224716485,40.000449484214,1546.8],[-120.8823200874,40.000382009894,1547.0],[-120.88245864026,40.000253850594,1547.5],[-120.88252879679,40.00019014813,1544.9],[-120.88262049481,40.000127702951,1543.9],[-120.88271051645,40.000120326877,1541.6],[-120.88280640543,40.000134995207,1539.8],[-120.88289240375,40.000172462314,1536.5],[-120.88299281895,40.000211689621,1536.4],[-120.88309231214,40.000238763168,1536.4],[-120.88325751945,40.000278074294,1534.7],[-120.88343764655,40.000312943012,1534.3],[-120.88355205953,40.000329622999,1534.0],[-120.88387291878,40.000400785357,1528.3],[-120.88395196013,40.000403383747,1527.0],[-120.88408020325,40.000398522243,1525.4],[-120.88417123072,40.000381087884,1523.5],[-120.88426418602,40.000334149227,1523.9],[-120.88434590958,40.000280002132,1521.7],[-120.88444397785,40.000202218071,1521.5],[-120.88452184573,40.000149747357,1521.3],[-120.88462418877,40.000094594434,1518.4],[-120.88481060229,39.99997808598,1515.1],[-120.88496893644,39.999844813719,1511.8],[-120.88503984734,39.999777507037,1512.8],[-120.8851145301,39.999728053808,1511.3],[-120.88519533165,39.999713050202,1511.3],[-120.885284096,39.999706344679,1510.1],[-120.88538610376,39.999677930027,1508.8],[-120.88544963859,39.999649766833,1507.4],[-120.88555784896,39.999605342746,1507.4],[-120.88573294692,39.9995192606,1504.9],[-120.88582330383,39.999482128769,1502.8],[-120.88591307402,39.999452959746,1500.8],[-120.88599949144,39.999419432133,1499.1],[-120.88610569015,39.999311976135,1497.5],[-120.88626067154,39.99920854345,1495.9],[-120.88630585,39.999143332243,1494.0],[-120.88632529601,39.999083150178,1494.0],[-120.88634155691,39.999009640887,1493.6],[-120.88637290522,39.998939232901,1491.3],[-120.88639981113,39.998858934268,1490.9],[-120.88641741313,39.998769247904,1490.2],[-120.88640961796,39.998677130789,1488.9],[-120.88640961796,39.998579481617,1487.5],[-120.88645060547,39.998399941251,1484.5],[-120.88644046336,39.998306315392,1484.2],[-120.88643610477,39.998209085315,1484.2],[-120.88643861935,39.998115040362,1484.1],[-120.8864666149,39.998048404232,1484.2],[-120.88651539758,39.997971793637,1484.2],[-120.88657214306,39.997882526368,1481.7],[-120.88661757298,39.997797366232,1478.5],[-120.88665160351,39.997711954638,1477.5],[-120.88669418357,39.997653113678,1476.4],[-120.88675604202,39.997583962977,1474.0],[-120.8867788408,39.997500730678,1474.0],[-120.88678973727,39.99743912369,1474.0],[-120.88680096902,39.997350526974,1474.0],[-120.88682351634,39.99729973264,1472.1],[-120.88687129319,39.997223205864,1471.4],[-120.88690884411,39.997171238065,1469.7],[-120.886942707,39.997109547257,1468.5],[-120.88694522157,39.997047688812,1468.5],[-120.88692837395,39.9969846569,1466.9],[-120.88693943806,39.996926905587,1465.5],[-120.8869638294,39.996885834262,1465.5],[-120.88699182495,39.996865885332,1465.5],[-120.88700925931,39.9968582578,1462.4],[-120.88700506836,39.996855575591,1462.4],[-120.887005236,39.996861191466,1464.6],[-120.8870312199,39.996858090162,1464.6],[-120.88706801645,39.996858844534,1464.6],[-120.88724068366,39.996870327741,1462.2],[-120.88731712662,39.996887845919,1460.7],[-120.88739591651,39.99691106379,1459.1],[-120.88755140081,39.996934952214,1456.3],[-120.88764460757,39.996972251683,1456.7],[-120.88770889677,39.997027236968,1456.7],[-120.88776958175,39.997089933604,1456.3],[-120.88782833889,39.997158916667,1455.4],[-120.88785985485,39.997233431786,1455.4],[-120.88787837885,39.997307695448,1455.5],[-120.88788567111,39.997396962717,1454.9],[-120.88788684458,39.997493354604,1453.3],[-120.88788500056,39.997594524175,1451.1],[-120.88790000416,39.997687647119,1449.2],[-120.88794099167,39.997766856104,1446.8],[-120.88800335303,39.997813878581,1446.5],[-120.88823938742,39.997905660421,1441.7],[-120.88833569549,39.997921166942,1440.1],[-120.8884559758,39.997932398692,1438.7],[-120.88857105933,39.997948743403,1436.7],[-120.88869888335,39.997993083671,1436.2],[-120.8888003882,39.998021917418,1435.6],[-120.88889971375,39.998044297099,1435.0],[-120.8889703732,39.998054271564,1434.4],[-120.88907682337,39.998068017885,1433.7],[-120.88915335014,39.998086960986,1434.0],[-120.88925234042,39.998145382851,1433.2],[-120.88931143284,39.998197099194,1433.0],[-120.88940195739,39.998281672597,1432.3],[-120.88945803232,39.998369766399,1432.7],[-120.88951746002,39.998452579603,1431.3],[-120.88960270397,39.998519551009,1429.8],[-120.88970311917,39.998573949561,1428.2],[-120.88978316635,39.998620888218,1426.5],[-120.89002573863,39.99872725457,1423.6],[-120.89025221765,39.998821886256,1422.6],[-120.89045028202,39.998899670318,1420.7],[-120.89054868557,39.9989202898,1420.9],[-120.89063879102,39.998954487965,1419.8],[-120.89070794173,39.998999331146,1418.8],[-120.89076510631,39.999054064974,1418.7],[-120.8908403758,39.999081809074,1417.7],[-120.89090458117,39.999087760225,1417.7],[-120.89098261669,39.999069487676,1416.8],[-120.89104673825,39.999017016962,1415.9],[-120.89107481763,39.998953649774,1415.3],[-120.89104983956,39.998879469931,1413.9],[-120.89096878655,39.998831273988,1415.1],[-120.89086828753,39.998783078045,1414.3],[-120.89078413323,39.998714597896,1413.9],[-120.89072562754,39.998629773036,1413.8],[-120.89059319347,39.998470433056,1413.9],[-120.89051549323,39.998399354517,1414.0],[-120.89047073387,39.998333137482,1412.6],[-120.89044332504,39.998248396441,1412.6],[-120.8904589992,39.998166672885,1411.4],[-120.89050903916,39.998093247414,1410.8],[-120.89057785459,39.998027365655,1409.2],[-120.89067005552,39.997963411734,1408.6],[-120.89078471996,39.997907252982,1407.2],[-120.89087189175,39.997868109494,1406.3],[-120.89097842574,39.997822260484,1404.5],[-120.8910874743,39.997777333483,1403.8],[-120.89120255783,39.997735926881,1399.4],[-120.89143238962,39.997652443126,1395.9],[-120.89148050174,39.997615562752,1393.2],[-120.89149198495,39.997587231919,1394.4],[-120.89148620144,39.997567450628,1394.4],[-120.89145862497,39.99754909426,1397.2],[-120.89146650396,39.99752570875,1397.2],[-120.89147622697,39.997501317412,1395.0],[-120.89148217812,39.997479273006,1395.0],[-120.89148217812,39.997453792021,1395.0],[-120.89150229469,39.997363099828,1395.1],[-120.89150380343,39.997309455648,1394.5],[-120.89151084423,39.997265534475,1394.5],[-120.89154236019,39.997209040448,1392.5],[-120.8915948309,39.997139135376,1390.5],[-120.89163037017,39.997088424861,1388.2],[-120.89167194441,39.996942412108,1382.9],[-120.89167169295,39.996880553663,1382.9],[-120.89166238904,39.996821796522,1381.3],[-120.89163389057,39.996750131249,1380.0],[-120.8915846888,39.996670503169,1377.0],[-120.8914199844,39.996473863721,1373.3],[-120.89135519229,39.996408652514,1374.4],[-120.89130909182,39.99633799307,1372.1],[-120.89128210209,39.996275296435,1369.9],[-120.89123952202,39.996197512373,1369.6],[-120.89117179625,39.9961086642,1370.5],[-120.89111295529,39.9960342329,1370.5],[-120.89107003994,39.99595368281,1371.9],[-120.89104028419,39.995791995898,1371.4],[-120.89104908518,39.995703147724,1371.4],[-120.89107666165,39.99560222961,1371.3],[-120.89110088535,39.995523355901,1369.1],[-120.8911275398,39.995465520769,1368.6],[-120.89116685092,39.995399722829,1368.6],[-120.89120926335,39.995340881869,1365.7],[-120.89125779457,39.995279526338,1365.3],[-120.89130464941,39.99521532096,1363.2],[-120.89135108516,39.995144745335,1363.0],[-120.89140087366,39.995058160275,1360.5],[-120.89142752811,39.994999654591,1360.4],[-120.89145988226,39.994928240776,1357.8],[-120.89149600826,39.994856575504,1357.6],[-120.89153531939,39.9947772827,1358.6],[-120.89157320559,39.994709054008,1357.1],[-120.8916120138,39.994656834751,1357.1],[-120.89165861718,39.994598831981,1357.3],[-120.89170270599,39.994552312419,1358.8],[-120.89174134657,39.994519455358,1359.4],[-120.89177386835,39.994499171153,1359.4],[-120.89180085808,39.994482574984,1359.4],[-120.89182776399,39.994468325749,1359.6],[-120.89184695855,39.99445089139,1363.6],[-120.89187109843,39.994433037937,1363.6],[-120.89190613478,39.994421051815,1363.0],[-120.89194896631,39.994418369606,1363.0],[-120.89197562076,39.994418788701,1363.0],[-120.89199598879,39.994418369606,1362.5],[-120.89201551862,39.994414011016,1362.5],[-120.89209305122,39.994407808408,1361.7],[-120.89210009202,39.994414681569,1361.7],[-120.89210252278,39.994418118149,1361.7],[-120.89211358689,39.994431696832,1361.7],[-120.89211040176,39.994430942461,1361.7],[-120.89211383834,39.994431445375,1361.7],[-120.89211442508,39.994417950511,1361.7],[-120.89213051833,39.994431780651,1361.7],[-120.89213068597,39.994451226667,1361.7],[-120.89203999378,39.994487101212,1358.3],[-120.89195374399,39.994512833655,1359.1],[-120.8919203002,39.994527669623,1359.1],[-120.89181343094,39.994576955214,1356.4],[-120.891747633,39.994626156986,1356.8],[-120.89172156528,39.994656164199,1354.7],[-120.89169901796,39.994687680155,1355.8],[-120.89167957194,39.994725733995,1355.8],[-120.89161695912,39.994949782267,1355.4],[-120.89161436073,39.994997056201,1355.4],[-120.89160270989,39.995166538283,1356.2],[-120.89155325666,39.995433334261,1357.4],[-120.89155510068,39.995490331203,1357.5],[-120.89160195552,39.995729299262,1357.6],[-120.8916141931,39.995788056403,1358.0],[-120.89165744372,39.995904732496,1356.0],[-120.89169558138,39.995953347534,1357.2],[-120.89174553752,39.995999028906,1355.0],[-120.89180538431,39.996046386659,1357.3],[-120.89187151752,39.996089385822,1355.5],[-120.89194175787,39.996123751625,1356.6],[-120.89201727882,39.996155435219,1354.8],[-120.89223780669,39.996256018057,1354.3],[-120.89245791547,39.99638132751,1351.0],[-120.89256872423,39.996497835964,1354.1],[-120.89260627516,39.996560867876,1354.1],[-120.89262438007,39.996622307226,1355.3],[-120.89262890629,39.99667653814,1356.4],[-120.89263016358,39.996729847044,1356.4],[-120.89263276197,39.996784916148,1357.0],[-120.89263418689,39.996845349669,1357.0],[-120.89263946749,39.996903855354,1353.7],[-120.89265069924,39.996961355209,1352.9],[-120.89269160293,39.997137207538,1352.2],[-120.89268858545,39.997190432623,1352.2],[-120.89266863652,39.997370894998,1352.4],[-120.89265991934,39.997505592182,1352.9],[-120.89266260155,39.997636098415,1353.2],[-120.892671654,39.997698124498,1353.4],[-120.89267710224,39.997760066763,1353.4],[-120.89267785661,39.997820165008,1353.8],[-120.89267919771,39.997875820845,1353.8],[-120.89267433621,39.99793080613,1354.4],[-120.89267081581,39.997983695939,1354.8],[-120.89266587049,39.998033232987,1354.8],[-120.89266687632,39.998137503862,1354.7],[-120.89267576113,39.998230207711,1355.3],[-120.89269562624,39.998271698132,1356.7],[-120.89272831567,39.998304890469,1356.7],[-120.89276988991,39.998326012865,1356.7],[-120.89281850494,39.998335484415,1356.6],[-120.89286401868,39.99833162874,1356.6],[-120.89291003533,39.998319391161,1356.8],[-120.89295814745,39.998304555193,1356.8],[-120.89301011525,39.998286953196,1357.1],[-120.89306820184,39.998267088085,1357.1],[-120.8931283839,39.998246636242,1355.5],[-120.89325159788,39.998205816373,1355.8],[-120.89353289455,39.998107161373,1354.6],[-120.89360900223,39.998080004007,1354.9],[-120.89368167333,39.998049577698,1351.5],[-120.89388845488,39.997985791415,1352.1],[-120.89402457699,39.997966596857,1346.7],[-120.8941827435,39.997973805293,1346.6],[-120.89433629997,39.997995430604,1350.6],[-120.8943994157,39.998018816113,1349.4],[-120.89466545731,39.998121662065,1348.5],[-120.89473142289,39.998151753098,1348.5],[-120.89485329576,39.998224843293,1347.4],[-120.89490836486,39.998264908791,1347.4],[-120.89504557662,39.998400695622,1349.6],[-120.89507658966,39.99845107086,1352.5],[-120.89510525577,39.998501949012,1349.3],[-120.8951613307,39.998604124412,1351.4],[-120.89519368485,39.998652990907,1351.3],[-120.89522930793,39.998700097203,1351.3],[-120.89527163655,39.998742341995,1353.6],[-120.89532008395,39.998778048903,1353.2],[-120.89537381195,39.998806547374,1353.2],[-120.89543282054,39.998825490475,1356.4],[-120.89548520744,39.998845942318,1356.0],[-120.89553960599,39.998861281201,1356.0],[-120.89559894986,39.998856838793,1355.6],[-120.89565720409,39.998842589557,1355.6],[-120.89571411721,39.998824233189,1355.3],[-120.89577455074,39.998807385564,1355.1],[-120.8958395943,39.998789867386,1351.8],[-120.89604461566,39.998750472441,1351.3],[-120.89612281881,39.998748125508,1351.0],[-120.89635164477,39.998750304803,1352.8],[-120.89647921734,39.998720632866,1356.9],[-120.8965327777,39.998695906252,1355.9],[-120.89657753706,39.998662630096,1358.0],[-120.89661366306,39.998626420274,1358.0],[-120.89665180072,39.998588282615,1356.8],[-120.89669547044,39.998547462747,1358.9],[-120.89673461393,39.998501529917,1357.5],[-120.89680971578,39.998354259878,1358.3],[-120.8968181815,39.998304555193,1357.5],[-120.89681457728,39.998252419755,1358.0],[-120.89680217206,39.998203972355,1358.0],[-120.89678322896,39.998155273497,1359.2],[-120.89675414376,39.998101126403,1359.2],[-120.89668641798,39.997999286279,1358.4],[-120.89664618485,39.997945893556,1357.7],[-120.89646128006,39.997630901635,1356.4],[-120.89639388956,39.997327141464,1357.8],[-120.89639279991,39.997262265533,1357.8],[-120.89634066448,39.996875692159,1357.0],[-120.89630051516,39.996755914763,1359.8],[-120.89625676163,39.996642675251,1360.6],[-120.89623664506,39.996582912281,1360.6],[-120.89622264728,39.996522897854,1362.0],[-120.89622013271,39.996460871771,1362.3],[-120.89623077773,39.99639951624,1362.3],[-120.8962535765,39.99633807689,1360.8],[-120.89628651738,39.996279655024,1360.1],[-120.89632574469,39.996226010844,1360.1],[-120.89641006663,39.996124589816,1358.2],[-120.89644158259,39.996070023626,1356.3],[-120.89644216932,39.996021660045,1356.3],[-120.8964403253,39.995964244008,1358.7],[-120.89643253013,39.995911940932,1358.7],[-120.89641098864,39.995858632028,1363.1],[-120.89638341218,39.99580222182,1367.9],[-120.89635734446,39.995742961764,1362.7],[-120.89629280381,39.995508184657,1358.9],[-120.8963073045,39.995456384495,1358.9],[-120.89632758871,39.995408440009,1353.6],[-120.89636337943,39.995365357026,1353.6],[-120.89640964754,39.995324956253,1352.3],[-120.89645742439,39.995287824422,1352.3],[-120.89651324786,39.995250189677,1350.8],[-120.89657410048,39.995216745883,1354.0],[-120.89676545933,39.995128400624,1355.3],[-120.89694826864,39.995050113648,1356.7],[-120.89700434357,39.995020944625,1356.7],[-120.8970608376,39.994989261031,1359.7],[-120.89711355977,39.994957074523,1358.1],[-120.89729066938,39.994853558019,1358.1],[-120.89741455391,39.994797818363,1360.5],[-120.89753324166,39.994759177789,1356.4],[-120.89765578508,39.994719615206,1358.9],[-120.89772334322,39.994699331,1358.1],[-120.8978289552,39.994637137279,1361.9],[-120.89786608703,39.99459204264,1364.2],[-120.8979020454,39.994542086497,1364.2],[-120.897898525,39.994488693774,1364.5],[-120.89787069708,39.994439492002,1364.5],[-120.89784027077,39.99439381063,1365.8],[-120.89781579562,39.994347291067,1361.9],[-120.89779576287,39.994298508391,1363.1],[-120.89778142981,39.994246037677,1363.1],[-120.89778260328,39.994191387668,1364.0],[-120.89779995382,39.994136402383,1364.1],[-120.89782635681,39.994082087651,1368.5],[-120.89785217308,39.99402852729,1368.0],[-120.89787379839,39.993973206729,1368.0],[-120.89790942147,39.993861895055,1371.7],[-120.89791579172,39.993689395487,1370.1],[-120.89792476036,39.993437184021,1368.8],[-120.89793414809,39.993375660852,1368.4],[-120.89792911895,39.993251357228,1368.0],[-120.89787195437,39.993060082197,1362.7],[-120.89787337929,39.992997637019,1361.3],[-120.89791176841,39.992880206555,1362.7],[-120.89795309119,39.992826227099,1359.1],[-120.8979985211,39.992774929851,1362.5],[-120.89804747142,39.992725979537,1358.7],[-120.89814864099,39.992631012574,1357.8],[-120.89820018969,39.99258373864,1359.6],[-120.89825014584,39.992535710335,1356.7],[-120.89829482138,39.992488939315,1358.2],[-120.89838442393,39.992395229638,1356.8],[-120.8984908741,39.992297077551,1355.4],[-120.89854032733,39.99225307256,1352.9],[-120.89879069477,39.992013936862,1353.3],[-120.89886168949,39.99198300764,1354.4],[-120.89893025346,39.991963813081,1353.6],[-120.89899797924,39.99196305871,1353.6],[-120.89906101115,39.991982588544,1352.3],[-120.89922185987,39.992113178596,1347.7],[-120.89926091954,39.992168331519,1347.7],[-120.89929939248,39.992228597403,1346.0],[-120.89932789095,39.992287773639,1347.0],[-120.89940081351,39.992458848283,1347.0],[-120.89941824786,39.992519449443,1347.0],[-120.89948664419,39.992696810514,1347.2],[-120.89950843714,39.992757076398,1348.9],[-120.89956568554,39.993022447452,1352.6],[-120.89963408187,39.993186648935,1351.5],[-120.89966660365,39.993234425783,1350.8],[-120.89970834553,39.993283627555,1352.8],[-120.89987640269,39.993429891765,1351.8],[-120.90000338852,39.99350566417,1352.7],[-120.90006541461,39.993547489867,1350.9],[-120.9002221562,39.993695011362,1352.4],[-120.90025744401,39.993750164285,1354.3],[-120.9003036283,39.993868516758,1353.7],[-120.90029667132,39.993993742391,1356.2],[-120.90029876679,39.994439492002,1354.4],[-120.90030337684,39.994570333511,1353.6],[-120.90027144179,39.994915919378,1353.6],[-120.90026699938,39.994979705662,1353.6],[-120.90028837323,39.995106104761,1356.6],[-120.90032248758,39.995156563818,1355.5],[-120.90038753115,39.995203502476,1358.7],[-120.90055131353,39.995224121958,1358.2],[-120.90063069016,39.995224457234,1357.9],[-120.90071124025,39.995223367587,1357.7],[-120.90078952722,39.995223032311,1357.4],[-120.90086488053,39.995219931006,1356.9],[-120.9009404853,39.995222613215,1356.9],[-120.90101458132,39.995228648186,1356.2],[-120.90109236538,39.995241891593,1355.5],[-120.90130643919,39.995307857171,1357.2],[-120.90135790408,39.995342809707,1356.4],[-120.90141498484,39.995370805264,1355.7],[-120.90148120187,39.995395196602,1357.8],[-120.9015443176,39.995424030349,1356.7],[-120.90160391293,39.995455127209,1355.6],[-120.90166049078,39.995488654822,1357.2],[-120.90171706863,39.995521511883,1356.0],[-120.90177557431,39.995557134971,1354.9],[-120.90184489265,39.995601978153,1356.2],[-120.90189551935,39.995648497716,1354.7],[-120.90193768032,39.995697364211,1355.6],[-120.90209157206,39.99586801976,1353.7],[-120.90212342329,39.99591303058,1353.7],[-120.90214907192,39.995960304514,1351.2],[-120.90216918848,39.996012439951,1351.2],[-120.90219290927,39.996063234285,1351.0],[-120.90221202001,39.996128277853,1350.0],[-120.90220179409,39.996321815997,1348.7],[-120.90218888596,39.99639172107,1348.7],[-120.90215418488,39.99651979655,1350.5],[-120.90212912299,39.996630772948,1352.8],[-120.90213339776,39.996689362451,1355.5],[-120.90215644799,39.996730601415,1355.2],[-120.90220087208,39.996754741296,1355.2],[-120.90224973857,39.996779048815,1357.4],[-120.90237504803,39.996829675511,1356.3],[-120.90244470164,39.996853815392,1355.4],[-120.90258451179,39.996910057962,1356.4],[-120.90265173465,39.996944759041,1355.3],[-120.9028417524,39.997067470104,1354.5],[-120.90289028361,39.997116671875,1351.9],[-120.90292691253,39.997171992436,1352.0],[-120.90295222588,39.997230749577,1352.0],[-120.9029611107,39.997300235555,1352.2],[-120.90296144597,39.997370392084,1352.3],[-120.90296044014,39.997438788414,1352.1],[-120.9029694926,39.997569043189,1348.7],[-120.90297485702,39.997634422034,1348.8],[-120.90298365802,39.997706003487,1349.7],[-120.90299715288,39.997779848054,1349.7],[-120.90306781232,39.997910857201,1353.1],[-120.90313578956,39.997954275459,1353.1],[-120.90321499854,39.997982271016,1354.7],[-120.90328339487,39.998011440039,1354.6],[-120.90334575623,39.998045386747,1354.4],[-120.90341147035,39.998075896874,1355.6],[-120.90348020196,39.998109089211,1355.4],[-120.90365990996,39.998215707019,1355.9],[-120.90371824801,39.998245714232,1355.5],[-120.90377901681,39.998270692304,1357.0],[-120.90384649113,39.998289383948,1356.6],[-120.90407246724,39.998317882419,1355.3],[-120.90415075421,39.998325509951,1355.3],[-120.90438863263,39.99836188741,1356.5],[-120.90463279746,39.998369514942,1356.6],[-120.90471510775,39.99836364761,1356.6],[-120.90510360897,39.998321067542,1354.4],[-120.90534148738,39.998338669538,1353.5],[-120.90549076907,39.998385189101,1353.5],[-120.90589301661,39.998642178252,1353.4],[-120.90595462359,39.998690374196,1352.8],[-120.90616123751,39.998889528215,1352.8],[-120.90618931688,39.998943172395,1352.8],[-120.90619887225,39.999000588432,1353.2],[-120.90619778261,39.999063536525,1353.2],[-120.90619727969,39.999129250646,1353.6],[-120.90619560331,39.999191360548,1353.9],[-120.90619635768,39.999253051355,1353.9],[-120.90619560331,39.999316837639,1354.1],[-120.90619635768,39.999382551759,1354.1],[-120.90619954281,39.99958422035,1354.1],[-120.90617674403,39.999970709905,1352.3],[-120.90616182424,40.000160643831,1350.7],[-120.90614246204,40.000222167,1350.1],[-120.90612527914,40.000278996304,1350.1],[-120.90610180981,40.000333562493,1349.5],[-120.90606861748,40.000384105369,1350.0],[-120.9060220141,40.000433307141,1350.0],[-120.90596518479,40.000479407609,1350.4],[-120.90590449981,40.000524586067,1351.7],[-120.90584825724,40.000572279096,1351.3],[-120.90580517426,40.000620977953,1353.0],[-120.90578136966,40.000675544143,1353.6],[-120.90577608906,40.000734720379,1353.6],[-120.90578522533,40.000792220235,1353.7],[-120.90580517426,40.000847540796,1353.9],[-120.90582939796,40.000903112814,1352.8],[-120.90585605241,40.000960193574,1353.0],[-120.905878013,40.001019118354,1353.3],[-120.90594867244,40.001197904348,1354.2],[-120.90596937574,40.001260768622,1354.2],[-120.90602310374,40.001385491341,1355.4],[-120.90612930246,40.001561427489,1355.8],[-120.90615352616,40.001619514078,1355.8],[-120.90623038821,40.001794612035,1355.8],[-120.90625050478,40.001855129376,1356.3],[-120.90627288446,40.001979013905,1356.3],[-120.9062880557,40.00210239552,1354.7],[-120.90629803017,40.002159308642,1355.0],[-120.90630817227,40.002218484879,1354.9],[-120.90637866408,40.002460386604,1352.0],[-120.90639274567,40.00252132304,1351.5],[-120.90640045702,40.002645039931,1350.8],[-120.90639299713,40.002708490938,1350.3],[-120.90634454973,40.002878056839,1350.9],[-120.90625536628,40.003038570285,1352.5],[-120.90621999465,40.003091040999,1352.4],[-120.90618755668,40.003139656037,1353.8],[-120.90615109541,40.003184750676,1355.1],[-120.9061132092,40.003226408735,1355.1],[-120.90607917868,40.003267899156,1358.9],[-120.90605503879,40.003310479224,1358.9],[-120.90603911318,40.00335062854,1362.4],[-120.90603559278,40.003387341276,1362.4],[-120.90604363941,40.003416510299,1365.5],[-120.9060599003,40.003434950486,1365.5],[-120.90607423335,40.003442829475,1365.5],[-120.9060784243,40.003445176408,1365.5],[-120.90608043596,40.003444673494,1365.5],[-120.90607741848,40.003447355703,1365.5],[-120.90608982369,40.003452217206,1365.5],[-120.90616635047,40.003475015983,1365.5],[-120.90621454641,40.003474177793,1365.4],[-120.90626684949,40.003470741212,1365.4],[-120.90632393025,40.003465460613,1365.3],[-120.9065166302,40.003427490592,1365.2],[-120.90664202347,40.003396561369,1361.3],[-120.90670832433,40.003387173638,1360.5],[-120.90677906759,40.003383737057,1359.4],[-120.90685215779,40.003393627703,1358.0],[-120.90692491271,40.003410140052,1358.0],[-120.90700211003,40.003430591896,1359.3],[-120.90706623159,40.0034631975,1357.5],[-120.90712649748,40.003497563303,1355.5],[-120.9071922116,40.003535114229,1357.5],[-120.9073410742,40.00368129462,1355.4],[-120.90736152604,40.003750361502,1356.8],[-120.90737770312,40.003815572709,1358.3],[-120.90752924792,40.004048924893,1356.9],[-120.90768464841,40.004197955132,1354.0],[-120.9077511169,40.004297280684,1354.8],[-120.90777567588,40.004404652864,1353.8],[-120.90777022764,40.004461146891,1354.7],[-120.90775958262,40.004521328956,1357.6],[-120.90774508193,40.004584947601,1357.6],[-120.90771943331,40.004644207656,1359.2],[-120.90767031536,40.004755686969,1361.2],[-120.90765128843,40.004808912054,1363.2],[-120.90763804503,40.004861801863,1363.2],[-120.90763569809,40.004911674187,1365.0],[-120.90766025707,40.004949728027,1365.0],[-120.90771658346,40.004970179871,1365.3],[-120.90777953155,40.004973784089,1365.3],[-120.90790157206,40.004939669743,1365.0],[-120.90796183795,40.004909327254,1364.3],[-120.90802654624,40.004883510992,1361.4],[-120.90809712186,40.004858952016,1360.5],[-120.90817071497,40.004842774943,1359.1],[-120.90824313462,40.004830705002,1357.6],[-120.90831211768,40.004830956459,1357.6],[-120.90838495642,40.004844367504,1355.3],[-120.90844999999,40.004867836833,1353.0],[-120.90850825422,40.004900190979,1353.0],[-120.90856072493,40.004942771047,1351.7],[-120.90860045515,40.00498753041,1351.7],[-120.90862099081,40.005037905648,1351.1],[-120.90863138437,40.005090124905,1351.1],[-120.90863381512,40.005143936723,1352.4],[-120.90861738659,40.005197580904,1352.4],[-120.90859458782,40.005251308903,1355.8],[-120.90856944211,40.005305623636,1355.8],[-120.90853105299,40.005413834006,1358.3],[-120.90852325782,40.005522463471,1362.0],[-120.90854102746,40.005563953891,1360.6],[-120.90858352371,40.005601001903,1363.2],[-120.90864806436,40.005615586415,1361.6],[-120.90870807879,40.005615670234,1361.6],[-120.90877220035,40.00561080873,1359.7],[-120.90883707628,40.005606869236,1357.0],[-120.9089006111,40.005613910034,1357.0],[-120.90895702131,40.005636708811,1353.5],[-120.90900312178,40.005671577528,1350.4],[-120.90904184617,40.005714995787,1352.0],[-120.90906322002,40.005762604997,1352.0],[-120.90907227248,40.005812812597,1353.9],[-120.90907914564,40.00586268492,1353.6],[-120.90906322002,40.005910545588,1353.6],[-120.90903698467,40.005954718217,1354.9],[-120.90900178067,40.005996543914,1357.1],[-120.90896221809,40.006034346297,1357.1],[-120.90892265551,40.006079189479,1357.7],[-120.90888644569,40.006126044318,1359.3],[-120.90885618702,40.006168792024,1358.2],[-120.90883154422,40.006214473397,1358.2],[-120.90881067328,40.006265435368,1359.7],[-120.90878804214,40.006321007386,1361.6],[-120.90876809321,40.006375573575,1361.6],[-120.90875694528,40.006425697356,1363.9],[-120.90875979513,40.006472468376,1363.9],[-120.9087887127,40.006510522217,1366.3],[-120.90884529054,40.006537428126,1367.6],[-120.90891318396,40.006550503895,1369.4],[-120.90898158029,40.00654396601,1369.4],[-120.90904997662,40.006531728432,1371.4],[-120.90912105516,40.006514880806,1373.1],[-120.90919624083,40.006492501125,1368.1],[-120.90926723555,40.006472468376,1368.1],[-120.90933378786,40.006445227191,1369.7],[-120.90939346701,40.006411448121,1368.8],[-120.90945180506,40.006379177794,1370.8],[-120.90950964019,40.006349002942,1370.8],[-120.90956890024,40.006323019043,1371.7],[-120.90963075869,40.006309188902,1369.5],[-120.90969219804,40.006307093427,1369.3],[-120.90975615196,40.006319079548,1371.0],[-120.9098201897,40.006337603554,1371.0],[-120.90988431126,40.006361743435,1370.0],[-120.90994684026,40.006389403716,1368.7],[-120.91005949304,40.00644874759,1369.7],[-120.91011766344,40.006481101736,1367.8],[-120.91028362513,40.006581684574,1368.6],[-120.91037515551,40.006664246321,1368.9],[-120.91041295789,40.006703976542,1369.1],[-120.91044749133,40.006747646257,1369.1],[-120.91048269533,40.006792908534,1368.8],[-120.91052141972,40.006837667897,1368.8],[-120.91055670753,40.006879409775,1368.8],[-120.91059166007,40.006921235472,1368.4],[-120.9106266126,40.006962809712,1368.4],[-120.91065628454,40.007004719228,1371.3],[-120.91068612412,40.007044533268,1368.5],[-120.91071613133,40.007081162184,1371.8],[-120.9107516706,40.00711787492,1371.8],[-120.91078410856,40.007159281522,1369.2],[-120.91081989929,40.007204040885,1372.5],[-120.91085703112,40.007247040048,1369.8],[-120.91089533642,40.007288865745,1372.9],[-120.91092844494,40.0073274225,1372.9],[-120.91096281074,40.007364386693,1373.2],[-120.91099826619,40.007400847971,1373.2],[-120.91103657149,40.007436973974,1373.4],[-120.91107915156,40.00747025013,1373.4],[-120.911122486,40.007504113019,1373.4],[-120.91116473079,40.007538395002,1371.0],[-120.9112031199,40.007578041404,1375.9],[-120.91123706661,40.007619448006,1375.4],[-120.91126849875,40.007663620636,1375.4],[-120.91129976325,40.00770737417,1377.5],[-120.91132826172,40.007749954239,1374.3],[-120.91135013849,40.007796054706,1375.8],[-120.91137394309,40.007837209851,1375.8],[-120.91139959171,40.007876520976,1372.9],[-120.91142356396,40.007918011397,1374.6],[-120.91144141741,40.007965285331,1374.6],[-120.9114647191,40.008010212332,1375.9],[-120.91148441657,40.008056480438,1375.9],[-120.91150444932,40.008101575077,1374.8],[-120.91151903383,40.008148346096,1375.6],[-120.9115325287,40.008199140429,1375.6],[-120.91156144626,40.008242307231,1375.6],[-120.91160025448,40.008280277252,1378.0],[-120.91164216399,40.008310368285,1378.0],[-120.91168935411,40.008333502337,1378.6],[-120.91173604131,40.008352613077,1382.1],[-120.91178658418,40.00836526975,1382.5],[-120.91184400022,40.008367281407,1382.5],[-120.91190719977,40.008367532864,1382.8],[-120.91196989641,40.008366862312,1383.1],[-120.91203016229,40.008363090456,1383.1],[-120.91208958998,40.008354540914,1383.2],[-120.91215253808,40.008344147354,1383.4],[-120.91221800074,40.008335094899,1380.5],[-120.91228974983,40.008330903947,1380.8],[-120.91235730797,40.008328137919,1380.9],[-120.91242184862,40.008324701339,1380.9],[-120.91249041259,40.008328389376,1381.1],[-120.91255771928,40.008337106556,1383.6],[-120.91262418777,40.008346075192,1383.4],[-120.91269174591,40.008350852877,1383.4],[-120.91275444254,40.008344985545,1383.1],[-120.91281529516,40.008331155404,1381.2],[-120.91287363321,40.008307937533,1381.2],[-120.91292199679,40.008277678862,1381.1],[-120.91297463514,40.008244570345,1381.1],[-120.91303573921,40.00821297057,1379.4],[-120.9130973462,40.008181957528,1379.4],[-120.91316406615,40.008153961971,1379.5],[-120.91323086992,40.008129067719,1378.2],[-120.91329339892,40.008099395782,1378.5],[-120.91335173696,40.008062012494,1378.8],[-120.91341082938,40.00802337192,1377.9],[-120.91346346773,40.007981881499,1378.1],[-120.91351023875,40.00793938525,1377.3],[-120.91355751269,40.007899319753,1377.4],[-120.91360931285,40.007856739685,1376.8],[-120.91377267614,40.007736627012,1376.4],[-120.91383788735,40.007702512667,1376.6],[-120.91390695423,40.007674349472,1376.7],[-120.91409881599,40.00760695897,1375.9],[-120.91416796669,40.007592625916,1375.9],[-120.91431003995,40.007571084425,1375.2],[-120.91438271105,40.007569240406,1375.3],[-120.91459703632,40.007570832968,1375.3],[-120.91466627084,40.007571252063,1375.2],[-120.91473885812,40.007572090253,1375.2],[-120.91481111012,40.007579550147,1375.9],[-120.91488168575,40.007586507127,1375.7],[-120.9149519261,40.007599079981,1375.5],[-120.91502250172,40.007619448006,1375.5],[-120.91508821584,40.007649287581,1375.2],[-120.91514504515,40.00768055208,1375.9],[-120.91519634239,40.007716845721,1375.9],[-120.9152421914,40.007753307,1376.4],[-120.91528032906,40.007792701945,1376.4],[-120.91531679034,40.007834192365,1376.0],[-120.91535149142,40.007883394137,1377.0],[-120.91537814587,40.007931338623,1377.0],[-120.91539834626,40.007977606729,1377.8],[-120.91541033238,40.00802077353,1377.8],[-120.91541997157,40.008063772693,1380.0],[-120.9154280182,40.008108699694,1380.0],[-120.91543799266,40.008156392723,1382.1],[-120.91544914059,40.0082034152,1382.1],[-120.91545970179,40.008249180391,1384.1],[-120.91546984389,40.008292347193,1384.1],[-120.91548141092,40.00833241269,1385.8],[-120.91552332044,40.00841287896,1387.1],[-120.91555257328,40.00844758004,1387.1],[-120.91559138149,40.008478425443,1387.5],[-120.91563865542,40.008503487334,1389.0],[-120.91569598764,40.008512707427,1389.5],[-120.91581274755,40.008507678285,1390.0],[-120.91587158851,40.008494770154,1390.4],[-120.91592799872,40.008475659415,1388.4],[-120.91598139144,40.008453363553,1388.4],[-120.91613536701,40.008387649432,1385.4],[-120.91625313275,40.008367281407,1384.9],[-120.91631490737,40.008372310549,1384.5],[-120.9163749218,40.008385805413,1384.5],[-120.91643895954,40.008405251428,1386.6],[-120.91650500894,40.008430313319,1385.9],[-120.91676434502,40.008543720469,1385.8],[-120.91682922095,40.008564842865,1385.8],[-120.91688906774,40.008579175919,1384.8],[-120.91694598086,40.008593928069,1384.8],[-120.91712476686,40.008662743494,1384.9],[-120.91717866249,40.008690152317,1385.9],[-120.91723079793,40.008717393503,1385.9],[-120.91727631167,40.008749244735,1384.4],[-120.91732542962,40.008781766519,1385.1],[-120.91736465693,40.008813282475,1385.1],[-120.91740832664,40.008839182556,1385.1],[-120.917453086,40.008867429569,1385.9],[-120.9174900502,40.008905399591,1385.9],[-120.91751729138,40.008944962174,1385.1],[-120.91753405519,40.008979160339,1386.8],[-120.91754914261,40.009014951065,1386.8],[-120.91758317314,40.009024590254,1386.8],[-120.91760496609,40.009034313262,1386.1],[-120.91763379984,40.009028697386,1386.1],[-120.91765693389,40.009020650759,1386.1],[-120.91766020283,40.009020231664,1386.1],[-120.9176631365,40.009022746235,1386.1],[-120.91765031219,40.009046467021,1386.1],[-120.91764712706,40.009049568325,1386.1],[-120.91763933189,40.009050490335,1386.1],[-120.91763740405,40.009053675458,1386.1],[-120.91763002798,40.009067757055,1386.1],[-120.91763606295,40.009065410122,1386.1],[-120.91764679179,40.009066583589,1386.1],[-120.91765408404,40.009075216949,1387.4],[-120.91766288504,40.009103799239,1387.4],[-120.91767353006,40.009114611894,1387.4],[-120.91768534854,40.009121568874,1387.4],[-120.91769490391,40.009122490883,1386.8],[-120.91765969992,40.009104721248,1387.4],[-120.91760220006,40.009087705985,1388.0],[-120.91759138741,40.0090846885,1388.0],[-120.91758686118,40.009072115645,1388.0],[-120.91758451425,40.009053759277,1386.8],[-120.91756992973,40.009003551677,1386.8],[-120.91756682843,40.008969102055,1385.1],[-120.91755467467,40.008934149519,1385.1],[-120.91738133691,40.008694762364,1383.0],[-120.91732392088,40.008647069335,1380.7],[-120.91725510545,40.008609602228,1382.2],[-120.91716676019,40.008580768481,1381.3],[-120.9170791693,40.00854447484,1382.5],[-120.91697867028,40.008509270847,1381.3],[-120.91690616682,40.008484963328,1382.3],[-120.91683525592,40.008462332189,1383.3],[-120.91675981879,40.008426457644,1383.3],[-120.91651129536,40.008246414363,1380.2],[-120.91642529704,40.008187741041,1377.8],[-120.91634793207,40.008142143488,1375.3],[-120.9162740875,40.008121440187,1375.5],[-120.91619395651,40.008130660281,1375.9],[-120.91613125987,40.008169971406,1379.3],[-120.91608742252,40.00823023729,1379.9],[-120.9160476923,40.008269045502,1383.1],[-120.91600460932,40.008301734924,1383.5],[-120.91594409198,40.00832201913,1383.5],[-120.91588684358,40.008304249495,1383.9],[-120.91585365124,40.008261334151,1383.9],[-120.91584501788,40.008209533989,1381.0],[-120.9158349596,40.008148094639,1381.0],[-120.91585054994,40.008016750216,1374.3],[-120.91585817747,40.007941396907,1371.8],[-120.91585624963,40.007860260084,1370.2],[-120.91586479917,40.007787002251,1370.2],[-120.91589329764,40.007625902072,1369.0],[-120.91587360017,40.007475614548,1368.6],[-120.91583378613,40.007321806625,1368.4],[-120.91579858214,40.00719498843,1368.2],[-120.91580277309,40.007140673697,1368.2],[-120.91579204425,40.007081832737,1367.4],[-120.91576865874,40.007023075595,1366.7],[-120.91574544087,40.006899442524,1365.9],[-120.91578324325,40.00686164014,1365.9],[-120.91584971175,40.006871949881,1365.3],[-120.91592531651,40.006905477494,1364.6],[-120.91598600149,40.006948560476,1365.4],[-120.91609974392,40.007030367851,1363.5],[-120.91615674086,40.007019639015,1363.5],[-120.91618146747,40.006971526891,1363.5],[-120.91615858488,40.006914194673,1362.8],[-120.91610066593,40.006850911304,1362.1],[-120.91605540365,40.006794752553,1362.9],[-120.91605397873,40.006750328466,1362.1],[-120.91612480581,40.006734151393,1361.2],[-120.91619814746,40.006753597409,1360.3],[-120.91627048329,40.006787795573,1361.1],[-120.9163313359,40.006815455854,1360.0],[-120.91645731591,40.006801541895,1358.8],[-120.91644616798,40.006744880229,1358.2],[-120.91640501283,40.006678663194,1358.2],[-120.91632991098,40.006542121992,1357.9],[-120.91627316549,40.006493590772,1358.0],[-120.91620602645,40.006468780339,1358.0],[-120.91612983495,40.00646693632,1358.9],[-120.91604576446,40.006475402042,1359.7],[-120.91596730985,40.006478754804,1360.4],[-120.91591928154,40.006463751197,1361.0],[-120.91591198929,40.006443299353,1361.0],[-120.91594736092,40.006423769519,1360.4],[-120.91600662097,40.006410609931,1360.4],[-120.91607769951,40.006391499192,1359.1],[-120.91623343527,40.006338777021,1357.4],[-120.91639042832,40.006258981302,1355.0],[-120.91652269475,40.006144735962,1353.6],[-120.91658371501,40.00608522445,1352.8],[-120.91665286571,40.006031580269,1352.8],[-120.91683022678,40.005932589993,1350.4],[-120.91691647656,40.005878778175,1348.8],[-120.91697975993,40.005823122337,1347.2],[-120.91701404192,40.005755983293,1347.2],[-120.91703516431,40.00567744486,1345.4],[-120.91703977436,40.005594212562,1345.3],[-120.91701060534,40.005525313318,1346.7],[-120.91697397642,40.005463035777,1346.5],[-120.91692703776,40.005408804864,1347.9],[-120.91686140746,40.005366057158,1348.7],[-120.91682025231,40.005311910063,1348.7],[-120.91679971665,40.005250135437,1347.7],[-120.91677985154,40.005185091868,1347.7],[-120.91676199809,40.005111750215,1347.8],[-120.91674238443,40.005043186247,1346.1],[-120.91668899171,40.004990212619,1346.1],[-120.91657910496,40.004870602861,1344.0],[-120.91651112773,40.004803631455,1341.3],[-120.91644616798,40.004736240953,1342.2],[-120.91630375944,40.004611182958,1338.3],[-120.91614307836,40.004488304257,1338.6],[-120.91599941254,40.004333741963,1338.2],[-120.91592984274,40.004263753071,1338.2],[-120.91587301344,40.004206672311,1337.4],[-120.91584434733,40.004157302901,1336.4],[-120.91584015638,40.004108436406,1336.4],[-120.91585457325,40.00405177474,1336.1],[-120.9158763662,40.003985557705,1336.6],[-120.91591014527,40.003920514137,1336.6],[-120.91596605256,40.003863181919,1334.4],[-120.9160375502,40.003816410899,1331.3],[-120.91610460542,40.003769639879,1332.0],[-120.91617434286,40.003717169166,1329.6],[-120.9162366204,40.003658747301,1326.8],[-120.9162745066,40.003594541922,1327.6],[-120.91630384326,40.003524720669,1325.4],[-120.91631348245,40.003455737606,1325.4],[-120.91631683521,40.003387173638,1325.8],[-120.91631968506,40.003327326849,1326.3],[-120.91635212302,40.00322079286,1327.9],[-120.91640635394,40.003205621615,1325.6],[-120.91647164896,40.003224564716,1325.6],[-120.91654683463,40.003260355443,1323.8],[-120.91664222069,40.003303522244,1319.6],[-120.91684916988,40.003328248858,1318.3],[-120.91694681905,40.003319866955,1318.0],[-120.91704186983,40.003308886662,1317.6],[-120.9171333164,40.003307210281,1316.9],[-120.91734018177,40.003309641033,1314.1],[-120.91743967496,40.003294553608,1312.6],[-120.91764620505,40.003264294937,1314.5],[-120.91775366105,40.003246692941,1312.1],[-120.91797561385,40.00319045037,1305.3],[-120.9182189405,40.003145691007,1306.6],[-120.91843569651,40.00307964161,1306.0],[-120.91856494546,40.003045191988,1304.0],[-120.91864365153,40.003022979945,1302.1],[-120.91874549165,40.003008898348,1300.2],[-120.91884976253,40.003002947196,1298.3],[-120.91894875281,40.002988195047,1300.9],[-120.91903843917,40.002968329936,1298.2],[-120.91912192293,40.002940082923,1295.3],[-120.91919610277,40.002899095416,1297.0],[-120.9192623198,40.002859281376,1294.2],[-120.91931831092,40.002814354375,1294.2],[-120.91937497258,40.002768756822,1294.1],[-120.91943381354,40.002725254744,1290.3],[-120.91948863119,40.002671191469,1293.6],[-120.91959910467,40.002551078796,1292.3],[-120.91965300031,40.002497183159,1290.0],[-120.91969834641,40.002435743809,1290.0],[-120.91973271221,40.002366006374,1286.6],[-120.91974821873,40.002299789339,1287.2],[-120.91974042356,40.002258047462,1287.2],[-120.9197089076,40.002221250907,1292.3],[-120.91967479326,40.00217942521,1292.3],[-120.91965995729,40.002135923132,1291.8],[-120.91963766143,40.002098204568,1291.8],[-120.91961846687,40.002066101879,1291.8],[-120.91959994286,40.002030897886,1295.2],[-120.91954445466,40.001933164895,1293.0],[-120.91947983019,40.001829899848,1292.9],[-120.91944613494,40.001769633964,1288.7],[-120.91932359152,40.001676594839,1289.9],[-120.91924941167,40.00165052712,1289.9],[-120.91918319464,40.001613982022,1292.1],[-120.91911991127,40.001560337842,1288.5],[-120.91904774308,40.001494288445,1283.1],[-120.91886535287,40.001372415572,1281.3],[-120.91864407063,40.001268479973,1280.8],[-120.91841323301,40.001179380342,1278.2],[-120.91830912977,40.001132274047,1273.9],[-120.91821089387,40.001074690372,1275.4],[-120.91811911203,40.001021046191,1270.8],[-120.91801702045,40.000968910754,1272.3],[-120.91790906154,40.000927168876,1269.3],[-120.9178031981,40.000901017338,1270.6],[-120.91770906933,40.000881655142,1272.5],[-120.91762608849,40.000875033438,1275.8],[-120.91758937575,40.000851564109,1272.1],[-120.91758216731,40.000813929364,1272.1],[-120.91758543625,40.00077277422,1272.1],[-120.91758677736,40.000735307112,1270.2],[-120.91759440489,40.000687111169,1270.2],[-120.91760354117,40.000637406483,1268.8],[-120.91762030497,40.000524083152,1266.6],[-120.91762416065,40.000455267727,1264.1],[-120.91761376709,40.000392235816,1260.6],[-120.91758744791,40.000330461189,1260.6],[-120.91755425557,40.000263657421,1259.6],[-120.9175085742,40.000194339082,1254.8],[-120.91746607795,40.000134240836,1257.3],[-120.91743581928,40.00009409152,1251.9],[-120.91742157005,40.000082356855,1251.9],[-120.9174151998,40.000078082085,1251.9],[-120.91742995195,40.000076489523,1251.9],[-120.91745233163,40.000077160075,1251.9],[-120.91751695611,40.000110352412,1249.8],[-120.91754872352,40.00014253892,1254.8],[-120.91758158058,40.000179084018,1251.8],[-120.91760714538,40.000215545297,1256.1],[-120.91763229109,40.000247983262,1256.1],[-120.91766028665,40.000264076516,1252.8],[-120.91767839156,40.000253766775,1252.8],[-120.91767931357,40.000234236941,1252.8],[-120.91760396026,40.000117979944,1251.8],[-120.91755056754,40.000076321885,1249.8],[-120.91749248095,40.000037010759,1249.8],[-120.91743070632,40.000010691583,1246.8],[-120.91738762334,39.999993005767,1246.8],[-120.9173649922,39.99997724779,1248.5],[-120.9173685126,39.999961825088,1248.5],[-120.91739508323,39.999957382679,1246.8],[-120.91748535633,39.999984540045,1245.0],[-120.91762449592,40.00003952533,1247.6],[-120.91768903658,40.000059809536,1245.2],[-120.91775994748,40.000080009922,1242.6],[-120.91776975431,40.000079758465,1242.6],[-120.91776112095,40.000063078478,1242.6],[-120.91768107377,40.000019911677,1240.7],[-120.91762952507,39.999990658835,1242.9],[-120.91756339185,39.99996509403,1245.0],[-120.91748820618,39.999950258061,1245.0],[-120.91737261973,39.999918993562,1243.2],[-120.91734864749,39.999902397394,1243.2],[-120.91735258698,39.999897200614,1243.2],[-120.91739533469,39.999890411273,1241.6],[-120.91751226224,39.999887226149,1240.2],[-120.91757797636,39.999900721014,1238.1],[-120.917650396,39.999922262505,1238.1],[-120.91773237102,39.999947324395,1240.7],[-120.91780554503,39.999972553924,1238.3],[-120.91787704267,39.999998789281,1235.7],[-120.91794929467,40.000025359914,1239.6],[-120.91810662299,40.00009668991,1233.3],[-120.91822799295,40.000215545297,1234.4],[-120.91825867072,40.000279163942,1229.8],[-120.9182744287,40.000342028216,1232.5],[-120.91828381643,40.000398019329,1232.5],[-120.91829529963,40.000451747328,1235.3],[-120.91831943952,40.000503379852,1239.4],[-120.91834257357,40.00051997602,1237.8],[-120.91839705594,40.000513773412,1237.8],[-120.91846620664,40.000504134223,1235.7],[-120.91853611171,40.000491309911,1226.7],[-120.91860886663,40.000505475327,1233.5],[-120.91869218275,40.00051913783,1231.6],[-120.91878019273,40.000536739826,1229.8],[-120.91887230985,40.000555012375,1228.1],[-120.91896895319,40.000566495582,1226.4],[-120.91936390847,40.000605974346,1227.5],[-120.91946633533,40.000616284087,1225.9],[-120.91966205277,40.000672610477,1222.2],[-120.91976196505,40.000694990158,1225.3],[-120.91986003332,40.000715693459,1222.6],[-120.91996246018,40.000736564398,1219.9],[-120.9200638812,40.000750562176,1217.3],[-120.92015189119,40.000790460035,1219.6],[-120.92033143155,40.000882996246,1217.5],[-120.92041717842,40.00093722716,1214.2],[-120.9205646161,40.001064967364,1214.5],[-120.92062773183,40.001137806103,1214.5],[-120.92066553421,40.001213075593,1213.9],[-120.92069948092,40.001281807199,1217.6],[-120.92080266215,40.001399740577,1215.7],[-120.92091229744,40.001520942897,1213.6],[-120.9209543746,40.001570312306,1210.5],[-120.92098790221,40.001615323126,1211.8],[-120.92101732269,40.001645246521,1211.8],[-120.92104087584,40.001657819375,1206.0],[-120.92105093412,40.001656310633,1206.0],[-120.92104498297,40.001641726121,1206.0],[-120.92102595605,40.001606773585,1211.8],[-120.92096602544,40.001506945118,1208.6],[-120.92092009261,40.001382557675,1210.8],[-120.92087449506,40.001326901838,1210.8],[-120.92082956806,40.001259595156,1212.8],[-120.92077508569,40.001103188843,1205.9],[-120.92072839849,40.000851983204,1199.9],[-120.9206905961,40.000774115324,1196.7],[-120.92059504241,40.000612093136,1196.6],[-120.92054282315,40.000537745655,1194.8],[-120.92048280872,40.000473959371,1192.9],[-120.92035523616,40.000349320471,1189.7],[-120.92028088868,40.000292994082,1186.5],[-120.92010503635,40.000173551962,1185.7],[-120.91999582015,40.000124266371,1187.5],[-120.91990563087,40.00006467104,1182.4],[-120.91981837526,40.000012200326,1178.7],[-120.91973472387,39.999971045181,1179.6],[-120.91965450905,39.999935925007,1179.6],[-120.91956465505,39.999908600003,1175.1],[-120.91946943663,39.999883621931,1176.5],[-120.91936910525,39.999863924459,1176.4],[-120.91927346773,39.999848669395,1178.2],[-120.91918855906,39.999844310805,1181.5],[-120.91911798343,39.9998464901,1181.5],[-120.9190636687,39.999841460958,1179.6],[-120.9190302249,39.999827127904,1179.6],[-120.91901798733,39.999802401289,1179.6],[-120.91901597567,39.999789074063,1179.6],[-120.91901647858,39.999783374369,1179.6],[-120.91901103035,39.999791756272,1179.6],[-120.91901555657,39.999789157882,1179.6],[-120.9190205019,39.999799886718,1179.6],[-120.91901807114,39.99980147928,1179.6],[-120.91901362874,39.999802988023,1179.6],[-120.91901061125,39.999803910032,1179.6],[-120.9190112818,39.999809693545,1179.6],[-120.9190095216,39.999810699373,1179.6],[-120.91900658794,39.999812208116,1179.6],[-120.91900927015,39.999812459573,1179.6],[-120.91901178472,39.999821679667,1179.6],[-120.91901153326,39.999826289713,1179.6],[-120.91900876723,39.999833414331,1179.6],[-120.91900625266,39.99984305352,1184.3],[-120.91900415719,39.999842885882,1184.3],[-120.91900348663,39.99984908849,1184.3],[-120.91899870895,39.999871971086,1184.3],[-120.91900583357,39.999870629981,1184.3],[-120.91901111417,39.999871803448,1184.3],[-120.91900801286,39.99987415038,1184.3],[-120.91901119798,39.999871971086,1184.3],[-120.91901019216,39.999874904752,1184.3],[-120.91901019216,39.999875826761,1184.3],[-120.9190187417,39.999870127067,1184.3],[-120.91901019216,39.999855877832,1184.3],[-120.91900432482,39.999843640253,1184.3],[-120.9189755749,39.999792259187,1183.0],[-120.91897104867,39.999786391854,1183.0],[-120.91892528348,39.999705338851,1180.4],[-120.91887557879,39.99954088591,1177.4],[-120.91882377863,39.999415492639,1173.3],[-120.91873157769,39.999302756041,1173.1],[-120.91868832707,39.999257409945,1170.7],[-120.91863971204,39.999207034707,1170.7],[-120.9185871575,39.999152384698,1167.6],[-120.91852462851,39.999099578708,1167.6],[-120.91845539398,39.99905616045,1164.5],[-120.91838691384,39.999021627009,1166.6],[-120.9183101356,39.998996565118,1163.2],[-120.91822765768,39.998974855989,1164.9],[-120.91814048588,39.998954990879,1166.6],[-120.91799162328,39.998913584277,1168.4],[-120.91792037711,39.99889950268,1170.5],[-120.91786731966,39.998894389719,1167.4],[-120.91779137962,39.998890534043,1167.4],[-120.91772901826,39.998888522387,1171.4],[-120.91767495498,39.998872512951,1177.0],[-120.91764117591,39.998847618699,1177.0],[-120.9176283516,39.998806631193,1177.0],[-120.91762751341,39.998767822981,1173.8],[-120.917631872,39.998722309247,1173.8],[-120.91763338074,39.998670844361,1170.6],[-120.91764100827,39.99852986075,1167.9],[-120.91764125973,39.998424081132,1163.7],[-120.91763136908,39.998298436403,1161.5],[-120.9176217299,39.99824588187,1159.0],[-120.9176019486,39.998202547431,1159.0],[-120.91758174822,39.998145801947,1160.3],[-120.91755132191,39.998083775863,1160.3],[-120.9174447041,39.997974224389,1158.0],[-120.91735501774,39.997873054817,1158.2],[-120.9173134435,39.997828379273,1158.2],[-120.91728117317,39.997783787549,1161.4],[-120.91725653037,39.997733999044,1158.6],[-120.91724169441,39.99768152833,1156.3],[-120.91722987592,39.997615898028,1156.3],[-120.9172126092,39.997560745105,1154.0],[-120.91716818511,39.997424287722,1154.0],[-120.91708176769,39.997254638001,1150.1],[-120.91709098779,39.997212393209,1149.3],[-120.91712501831,39.997181044891,1148.4],[-120.91717422009,39.997148858383,1148.4],[-120.91722685844,39.99710242264,1144.5],[-120.91723205522,39.997049365193,1144.5],[-120.91720992699,39.997005527839,1141.8],[-120.91716600582,39.996965965256,1143.3],[-120.91713650152,39.996918188408,1140.2],[-120.91719022952,39.996812241152,1137.7],[-120.91724228114,39.99671635218,1134.0],[-120.91724689119,39.996689110994,1134.0],[-120.91724756174,39.996655583382,1129.8],[-120.91724513099,39.996635131538,1129.8],[-120.91724169441,39.996618703008,1129.8],[-120.91723146848,39.996605794877,1129.8],[-120.91721721925,39.99658995308,1125.6],[-120.91720464639,39.996565394104,1125.6],[-120.91720640659,39.996536895633,1125.6],[-120.91726223007,39.996507558972,1125.6],[-120.91737982817,39.996522227302,1123.6],[-120.91744696721,39.996546702459,1123.6],[-120.91751360334,39.996584588662,1121.2],[-120.91757780872,39.996636807919,1121.0],[-120.9176314529,39.996690955013,1121.0],[-120.91769062914,39.996749879792,1120.7],[-120.9177529905,39.996818024665,1119.5],[-120.91780462302,39.996892958879,1121.3],[-120.91784955002,39.996968144551,1121.3],[-120.91788416728,39.997044252232,1120.0],[-120.91790487058,39.99711541459,1122.1],[-120.91792029329,39.997170064598,1124.3],[-120.91794024222,39.99720023945,1124.3],[-120.91795759276,39.997203005478,1120.9],[-120.9179573413,39.997169394046,1120.9],[-120.91793462634,39.997127233073,1122.1],[-120.91792456806,39.997084066272,1122.1],[-120.91790176928,39.997042072937,1120.0],[-120.91788936406,39.996994882822,1120.0],[-120.91788441874,39.996890695766,1118.0],[-120.91788483784,39.996833531186,1116.4],[-120.91788584366,39.996773181483,1114.7],[-120.91789690778,39.996498757973,1109.9],[-120.91787084006,39.996435474604,1109.9],[-120.91786363162,39.99635450542,1108.5],[-120.91787176207,39.996188376099,1106.0],[-120.91785407625,39.996120901778,1104.6],[-120.91783672571,39.996060216799,1105.6],[-120.91783295386,39.995988635346,1103.6],[-120.91784368269,39.995922837406,1101.8],[-120.91787913814,39.995862403885,1101.3],[-120.91794242151,39.995825188234,1098.9],[-120.91801308095,39.995827786624,1098.9],[-120.91807217337,39.995828624815,1098.0],[-120.91814534739,39.995803646743,1096.5],[-120.91822891496,39.99571999535,1091.9],[-120.91822581366,39.995679007843,1091.9],[-120.91820393689,39.995644139126,1089.2],[-120.91815540567,39.995629470795,1089.2],[-120.91808223166,39.995633997023,1089.6],[-120.91801408678,39.995631733909,1089.4],[-120.91794309206,39.995638439432,1089.4],[-120.91787788086,39.995652940124,1089.1],[-120.9178098198,39.995682109147,1094.8],[-120.91774846427,39.995718654245,1094.4],[-120.91768660583,39.99575980939,1099.2],[-120.91762726195,39.995799539611,1098.9],[-120.91749030165,39.99588788487,1100.9],[-120.91732350178,39.995948318392,1102.8],[-120.91723876074,39.995964495465,1101.8],[-120.91714773327,39.995978744701,1100.7],[-120.91696559452,39.996010931209,1097.2],[-120.9168039076,39.996077315882,1097.0],[-120.91673291288,39.996114447713,1097.0],[-120.91666527092,39.996149567887,1099.5],[-120.91662109829,39.996175887063,1096.0],[-120.91657189652,39.996217209846,1100.2],[-120.91653987765,39.996254425496,1095.6],[-120.91650785878,39.996297676116,1099.7],[-120.91647215188,39.996345536783,1099.7],[-120.91645832174,39.996384177357,1103.4],[-120.91646259651,39.996398678049,1103.4],[-120.91646175832,39.996404210106,1103.4],[-120.91645874083,39.996400773525,1103.4],[-120.91645522043,39.996406557038,1103.4],[-120.91645044275,39.996423656121,1103.4],[-120.91642378829,39.996498087421,1102.9],[-120.91635673307,39.996571261436,1105.8],[-120.91628179885,39.996658433229,1104.7],[-120.91624936089,39.996704030782,1100.7],[-120.9161912743,39.996784497052,1103.4],[-120.91615875252,39.996816515923,1099.4],[-120.91612690128,39.996845098212,1102.2],[-120.91608918272,39.996860520914,1102.2],[-120.91604978777,39.996862113476,1098.4],[-120.91602447443,39.996861945838,1098.4],[-120.91601860709,39.996862784028,1098.4],[-120.91601961292,39.996856497601,1098.4],[-120.9160129074,39.996827244759,1095.4],[-120.91601165012,39.996789610013,1095.4],[-120.91599161737,39.996724314988,1092.0],[-120.91598130763,39.99670503661,1087.4],[-120.91596462764,39.996565142646,1080.1],[-120.91596839949,39.996512252837,1080.1],[-120.91595155187,39.996376046911,1075.3],[-120.91595968232,39.996259706095,1075.1],[-120.91596236452,39.996204888448,1075.1],[-120.91595632955,39.996157195419,1075.4],[-120.91592640616,39.995976816863,1076.2],[-120.91590779833,39.995870282874,1082.5],[-120.91589229181,39.995838766918,1082.5],[-120.9158816468,39.995801635087,1084.3],[-120.91587452218,39.995760815218,1084.3],[-120.9158591833,39.995725108311,1084.6],[-120.91583789326,39.995683953166,1084.6],[-120.91583370231,39.99565939419,1084.6],[-120.91583906673,39.995632236823,1084.2],[-120.91585306451,39.995608013123,1084.2],[-120.91586639173,39.995582448319,1084.2],[-120.91587301344,39.995562583208,1084.2],[-120.91589061543,39.995512124151,1084.6],[-120.91589614749,39.995490666479,1084.6],[-120.91590662487,39.995453283191,1088.0],[-120.91591165401,39.99543861486,1084.2],[-120.91592229903,39.995420174673,1084.2],[-120.91594316997,39.995374996215,1088.5],[-120.91596605256,39.995311042294,1088.5],[-120.91598357074,39.995293691754,1088.5],[-120.91598642059,39.995289249346,1088.5],[-120.91598583385,39.99529578723,1088.5],[-120.9159873426,39.995294194669,1088.5],[-120.91598717496,39.99529922381,1088.5],[-120.91598767787,39.995304923505,1088.5],[-120.91598533094,39.995309701189,1088.5],[-120.91599036008,39.995287656784,1088.5],[-120.91599991545,39.995245076716,1087.2],[-120.9160177689,39.995212052017,1087.2],[-120.91603763402,39.995180033147,1087.2],[-120.91605062596,39.995151367038,1089.6],[-120.91605590656,39.995130663738,1089.6],[-120.91606194153,39.995107445866,1089.6],[-120.9160714969,39.995082048699,1089.6],[-120.91608214192,39.995056819171,1092.5],[-120.916108042,39.995014155284,1087.6],[-120.9161414858,39.994982806966,1087.6],[-120.91619093902,39.994946680963,1088.7],[-120.91623108834,39.994908459485,1088.7],[-120.91628565453,39.994847942144,1090.1],[-120.91631893069,39.994808714837,1090.1],[-120.91632798314,39.994785999879,1094.5],[-120.91633913107,39.994761273265,1094.5],[-120.91634642333,39.994741575792,1094.5],[-120.91636075638,39.994692541659,1097.6],[-120.91642538086,39.994571674615,1095.5],[-120.9164559748,39.994437312707,1096.9],[-120.91644801199,39.994371933863,1097.7],[-120.91646050103,39.994284091517,1097.3],[-120.91646385379,39.99423279427,1096.5],[-120.9164669551,39.994181329384,1096.5],[-120.9164687153,39.994125757366,1094.9],[-120.91647508554,39.994070436805,1094.9],[-120.91647215188,39.994011260569,1092.7],[-120.91645446606,39.993949066848,1090.7],[-120.91642932035,39.993886705488,1090.7],[-120.91640082188,39.993821494281,1089.1],[-120.91637416743,39.993763910607,1092.4],[-120.91636603698,39.99371076934,1092.4],[-120.91637131758,39.993658298627,1093.0],[-120.91637198813,39.993601301685,1094.2],[-120.9163577389,39.993544891477,1094.2],[-120.9163436573,39.993481356651,1094.7],[-120.91632856987,39.993419498205,1094.7],[-120.91630719602,39.993368452415,1094.5],[-120.91628322378,39.993317574263,1098.3],[-120.91625606641,39.993266025558,1098.3],[-120.91623988934,39.993216320872,1097.0],[-120.91622622684,39.993101740256,1095.4],[-120.91621088795,39.993035942316,1093.7],[-120.91618842445,39.992974000052,1097.0],[-120.91610921547,39.992845505476,1094.9],[-120.91606127098,39.992784820497,1094.9],[-120.91601190157,39.992729919031,1094.6],[-120.91590436175,39.992634113878,1094.3],[-120.91584493406,39.992588851601,1094.3],[-120.91572901234,39.992489442229,1095.5],[-120.91559666209,39.992399672046,1094.1],[-120.91552675702,39.992357846349,1092.7],[-120.915390132,39.992281906307,1091.3],[-120.91532165185,39.992247624323,1092.5],[-120.915112691,39.992152908817,1091.4],[-120.91503993608,39.992128014565,1092.3],[-120.91496592388,39.992109825835,1093.2],[-120.91488956474,39.992093145847,1090.6],[-120.91481773183,39.992065737024,1091.4],[-120.91474397108,39.992036903277,1091.4],[-120.91466652229,39.992016367614,1088.7],[-120.91459251009,39.991999352351,1089.2],[-120.91451698914,39.991979068145,1089.7],[-120.91444691643,39.991958281025,1090.1],[-120.91438111849,39.991939505562,1090.1],[-120.91430962086,39.991924418136,1086.6],[-120.91423560865,39.991916455328,1086.9],[-120.91406947933,39.991893656552,1087.3],[-120.91386043467,39.991857698187,1087.7],[-120.91375901364,39.99184705317,1083.7],[-120.91357788071,39.991861218587,1088.3],[-120.91349758208,39.991877814755,1088.4],[-120.91341258958,39.991883514449,1088.4],[-120.91322215274,39.991886196658,1088.2],[-120.91304018162,39.991898769513,1087.8],[-120.91296130791,39.991913102567,1087.6],[-120.91287304647,39.991941852495,1087.4],[-120.91280523688,39.991964064538,1091.6],[-120.91275100596,39.991984181106,1091.3],[-120.91270113364,39.992000861093,1091.3],[-120.91264690273,39.992017541081,1091.1],[-120.91258982196,39.992031874135,1090.9],[-120.91252855025,39.992042854428,1095.4],[-120.91238589026,39.992041764781,1094.7],[-120.91230349615,39.992048637941,1094.1],[-120.9122182522,39.992060121149,1093.2],[-120.91205849312,39.992059282959,1091.9],[-120.9119738359,39.992056684569,1090.4],[-120.91188037768,39.992059618235,1088.5],[-120.91162305325,39.992091972381,1084.6],[-120.91155080125,39.99212583527,1085.2],[-120.91148081236,39.992143772542,1090.5],[-120.91141534969,39.992139246315,1092.3],[-120.91134670191,39.992128266022,1094.1],[-120.91128090397,39.992109909654,1089.3],[-120.91120303608,39.99210152775,1089.9],[-120.9111132659,39.992105802521,1089.9],[-120.91101720929,39.992125164717,1089.6],[-120.91091545299,39.992156680673,1096.0],[-120.91082492843,39.992178976536,1095.5],[-120.91072342359,39.99221325852,1095.0],[-120.91062082909,39.992228094488,1094.6],[-120.91050758958,39.992222310975,1094.1],[-120.91040616855,39.992207055911,1093.7],[-120.91032436118,39.992186268792,1093.6],[-120.91026568785,39.9921664875,1093.8],[-120.91021900065,39.992141509429,1086.9],[-120.91016602702,39.992119465023,1087.4],[-120.91010768898,39.992113346234,1087.4],[-120.91001406312,39.992121560499,1087.8],[-120.90994549915,39.992128768936,1088.2],[-120.90987551026,39.99213363044,1088.5],[-120.90982982889,39.992125583813,1088.5],[-120.90976210311,39.992119129747,1088.9],[-120.9096867498,39.992097169161,1089.2],[-120.90959949419,39.992100941017,1089.5],[-120.90953445062,39.992095157504,1089.8],[-120.90948047116,39.992087865248,1089.8],[-120.90943244286,39.99208082445,1090.1],[-120.90938734822,39.99207043089,1083.9],[-120.90934921056,39.992056097835,1084.0],[-120.9093128331,39.992050398141,1084.0],[-120.90928282589,39.992043692619,1084.0],[-120.90918836184,39.992020390928,1083.7],[-120.90909339488,39.992037238553,1083.4],[-120.9090441931,39.99205567874,1083.1],[-120.90900211595,39.992075376213,1089.0],[-120.90897001326,39.992096666247,1088.4],[-120.90894319117,39.992113346234,1088.4],[-120.90891494416,39.992132289335,1088.4],[-120.90888862498,39.992150729522,1087.5],[-120.9088596236,39.992162715644,1093.0],[-120.90879173018,39.992189453915,1091.6],[-120.9085663408,39.992274194956,1093.7],[-120.90852082707,39.992299424484,1091.2],[-120.90843189508,39.99234745279,1093.1],[-120.90826576576,39.99243747443,1090.1],[-120.90823668055,39.992476953194,1090.1],[-120.90820910409,39.992513414472,1090.1],[-120.90818513185,39.99254132621,1095.0],[-120.90814213268,39.992573261261,1093.2],[-120.90807289816,39.992575775832,1093.3],[-120.90802134946,39.992541829124,1093.3],[-120.90798513964,39.992492040619,1089.8],[-120.90794993564,39.99242967926,1089.8],[-120.90790601447,39.992379220203,1088.2],[-120.90786217712,39.992344100028,1088.2],[-120.9078185074,39.992319373414,1084.7],[-120.90777777135,39.992296574637,1087.0],[-120.90772815049,39.992278805003,1087.0],[-120.90768666007,39.992261454463,1089.0],[-120.90764709748,39.992244355381,1085.1],[-120.90761432424,39.992229603231,1087.0],[-120.90755179524,39.992232536897,1087.0],[-120.90749572031,39.9922444392,1088.7],[-120.90745238587,39.992234632373,1088.7],[-120.90741910972,39.99222968705,1090.3],[-120.90739748441,39.992235470563,1090.3],[-120.90736714192,39.992229016498,1090.3],[-120.90733260848,39.992224071175,1090.3],[-120.90729321353,39.992222394794,1091.8],[-120.90724619105,39.992226921022,1091.8],[-120.90719237924,39.992223316804,1093.3],[-120.90713865124,39.992213426158,1093.3],[-120.90708626434,39.992195572704,1095.0],[-120.90703957714,39.992171097547,1096.9],[-120.90699959546,39.992157937959,1096.9],[-120.90696237981,39.992146538571,1096.9],[-120.90692189522,39.992134720087,1099.1],[-120.90687386692,39.992128852755,1093.8],[-120.90682567097,39.992137150839,1101.6],[-120.90678124689,39.992140084505,1101.6],[-120.90673908591,39.992122901604,1098.0],[-120.90668871067,39.992102785036,1098.0],[-120.90664437041,39.992089373991,1100.4],[-120.90659650974,39.992076884955,1100.4],[-120.90653792024,39.992066994309,1103.0],[-120.90647681616,39.992059618235,1105.6],[-120.90643356554,39.992051655427,1105.6],[-120.90638478287,39.992048051208,1108.1],[-120.90632401407,39.992042100057,1101.6],[-120.90626928024,39.992018546909,1104.1],[-120.90621597134,39.991991808638,1104.1],[-120.90616350062,39.991962891072,1106.7],[-120.90611823834,39.991932380944,1099.5],[-120.90606627055,39.991877563298,1101.9],[-120.90600986034,39.991821656004,1097.4],[-120.90594288893,39.991783602163,1097.4],[-120.90586560778,39.991743536666,1093.6],[-120.90577743016,39.991709757596,1095.5],[-120.90567869134,39.991706907749,1097.4],[-120.90559462085,39.991700034589,1099.0],[-120.90556612238,39.991688383743,1099.0],[-120.90550133027,39.991681594402,1100.1],[-120.90543025173,39.991654772311,1094.9],[-120.90534584597,39.991620322689,1095.0],[-120.90524869971,39.991596266627,1094.4],[-120.90515566058,39.991574138403,1087.1],[-120.90507594869,39.991573467851,1084.8],[-120.90501467697,39.991588387638,1091.4],[-120.90498374775,39.991612024605,1089.1],[-120.90496748686,39.991644965485,1089.1],[-120.90495047159,39.991677068174,1089.1],[-120.90492792428,39.991694921628,1096.0],[-120.9048897028,39.991705734283,1093.0],[-120.90484955348,39.991703219712,1093.0],[-120.90483195148,39.99167824164,1093.0],[-120.90481091291,39.991639181972,1086.4],[-120.90476037003,39.991585537791,1086.4],[-120.90473388322,39.991573886946,1081.7],[-120.90472047217,39.991555698216,1084.4],[-120.90470572002,39.991542706266,1084.4],[-120.90468929149,39.991530384868,1084.4],[-120.90467764065,39.991513285786,1084.4],[-120.90466883965,39.991483613849,1082.7],[-120.90466121212,39.991448409855,1082.7],[-120.90464998037,39.991415888071,1082.7],[-120.90463732369,39.991384958848,1084.0],[-120.90460195206,39.991256380454,1089.6],[-120.90458770283,39.991186810657,1089.3],[-120.90456783772,39.991105422378,1088.8],[-120.9045228269,39.990949267522,1090.0],[-120.90449097566,39.990897886455,1087.6],[-120.90443925932,39.9908610899,1089.9],[-120.90437857434,39.990828903392,1086.7],[-120.90433130041,39.990799063817,1090.0],[-120.90430447832,39.990759082139,1090.0],[-120.90430414304,39.990721112117,1089.4],[-120.90432065539,39.990686327219,1089.4],[-120.9043338988,39.990656906739,1089.4],[-120.90434077196,39.990629917011,1090.5],[-120.90434001759,39.990606950596,1090.5],[-120.90435401537,39.990584235638,1090.5],[-120.90436390601,39.990551378578,1086.6],[-120.90437212028,39.990392206237,1087.9],[-120.90438502841,39.990217192098,1088.9],[-120.90436683968,39.990180311725,1087.8],[-120.90436625294,39.990138737485,1087.8],[-120.90436080471,39.98997897841,1086.0],[-120.90430548415,39.98988895677,1083.4],[-120.90424974449,39.989856015891,1085.9],[-120.90420112945,39.989820895717,1084.7],[-120.90418587439,39.989785440266,1089.4],[-120.90419928543,39.989750068635,1084.7],[-120.90422669426,39.989710338414,1085.8],[-120.90424664319,39.989673541859,1085.8],[-120.90425385162,39.989641690627,1087.9],[-120.90426441282,39.989602211863,1087.9],[-120.90426810086,39.98956348747,1087.9],[-120.90427438729,39.989530211315,1090.2],[-120.90429567732,39.989420911297,1088.2],[-120.90431503952,39.98939123936,1088.2],[-120.90431939811,39.989381097257,1088.2],[-120.90432585217,39.989378163591,1088.2],[-120.90432451107,39.989380929619,1088.2],[-120.90433557518,39.989372966811,1089.5],[-120.90433842503,39.989357963204,1089.5],[-120.90433901176,39.989362321794,1089.5],[-120.90434504673,39.989359471947,1089.5],[-120.90434236452,39.989361232147,1089.5],[-120.90434102342,39.989361148328,1089.5],[-120.90432476252,39.989372547716,1089.5],[-120.90432149358,39.989375481382,1089.5],[-120.90431596152,39.989374224097,1089.5],[-120.90431822464,39.989376403391,1089.5],[-120.90432794765,39.989369278774,1089.5],[-120.90434320271,39.989383360371,1089.5],[-120.90434554964,39.989382354543,1089.5],[-120.90434513055,39.98938780278,1089.5],[-120.90434823185,39.989386294037,1089.5],[-120.90434454381,39.989389646798,1089.5],[-120.90434705839,39.989385120571,1089.5],[-120.90436667204,39.989364081994,1089.5],[-120.90435518883,39.989373385906,1089.5],[-120.90434412472,39.989381097257,1089.5],[-120.90434362181,39.989381516352,1089.5],[-120.9043229185,39.98939819634,1088.2],[-120.90432459489,39.9894050695,1088.2],[-120.90433054604,39.989398615435,1088.2],[-120.90431956574,39.989406410605,1088.2],[-120.90431839228,39.989407332614,1088.2],[-120.90431822464,39.989406997338,1088.2],[-120.90431579389,39.989407919347,1088.2],[-120.90431344695,39.989409679547,1088.2],[-120.90430699289,39.989411272109,1088.2],[-120.90430196375,39.989415965974,1088.2],[-120.90430171229,39.989415798336,1088.2],[-120.90431705117,39.989391742274,1088.2],[-120.90433004312,39.989388724789,1088.2],[-120.90433968231,39.989384617656,1088.2],[-120.90433146805,39.989395095035,1088.2],[-120.90433071367,39.989400459453,1088.2],[-120.90433750302,39.989346731454,1089.5],[-120.90434144251,39.989342037588,1089.5],[-120.90434948914,39.989312533289,1089.5],[-120.90438972227,39.989246064797,1088.0],[-120.90440279804,39.989216141403,1088.0],[-120.90441025794,39.989038612694,1087.8],[-120.90429970063,39.988791598007,1086.3],[-120.90427782387,39.988719346002,1085.8],[-120.90426399373,39.988642316312,1088.4],[-120.90425720438,39.988564699888,1087.6],[-120.90424966067,39.988495046273,1086.2],[-120.9042449668,39.988438300788,1084.6],[-120.9042383451,39.988391529769,1084.6],[-120.90423013084,39.988348195329,1083.4],[-120.90421118774,39.988302933052,1083.4],[-120.90418059379,39.988263873383,1085.1],[-120.90414388105,39.988231183961,1085.1],[-120.90411948971,39.988195393234,1085.1],[-120.90412829071,39.98815943487,1085.9],[-120.90417112224,39.988134456798,1085.9],[-120.90422803536,39.988099252805,1083.4],[-120.90427581221,39.9880512245,1080.7],[-120.90431009419,39.987991545349,1080.3],[-120.90431990102,39.98792398721,1080.3],[-120.90429710224,39.98776121065,1078.5],[-120.90424555354,39.987692143768,1078.0],[-120.9041965194,39.987629279494,1075.8],[-120.90414580889,39.987563984469,1077.2],[-120.90408101678,39.987522577867,1077.0],[-120.90403961018,39.987459378317,1077.0],[-120.90400759131,39.987376481295,1076.1],[-120.90399585664,39.987307246774,1077.5],[-120.90400507674,39.987251171842,1082.0],[-120.90403726324,39.987202472985,1082.0],[-120.90407590382,39.987153438851,1085.5],[-120.90411270037,39.98709987849,1081.8],[-120.90416416526,39.986997954547,1084.1],[-120.9041867964,39.986952440813,1082.1],[-120.90420892462,39.986907178536,1082.1],[-120.90422694571,39.986855965108,1082.2],[-120.90428058989,39.9866938591,1078.9],[-120.90432476252,39.986572321504,1078.3],[-120.90434730984,39.986428236589,1078.2],[-120.90439123102,39.986211983487,1079.2],[-120.90441444889,39.986147778109,1080.1],[-120.90446038172,39.986089523882,1080.1],[-120.90451779775,39.986032694578,1078.3],[-120.90456674807,39.985973769799,1076.4],[-120.90459566563,39.985919538885,1076.2],[-120.90462952852,39.985803198069,1075.5],[-120.90463003144,39.985746787861,1074.3],[-120.90460840613,39.985690712929,1073.0],[-120.90458736755,39.985640253872,1073.0],[-120.90454914607,39.985566660762,1072.8],[-120.90449734591,39.98551142402,1071.6],[-120.90443708003,39.985464569181,1072.6],[-120.90437371284,39.985419893637,1071.4],[-120.90431998484,39.985368680209,1072.4],[-120.90427421965,39.985310845077,1071.3],[-120.90419501066,39.985190732405,1071.4],[-120.90407481417,39.985106159002,1072.6],[-120.90395503677,39.985027285293,1072.2],[-120.90385898016,39.984935922548,1071.2],[-120.90379619971,39.984898120165,1072.0],[-120.9037331678,39.984868783504,1072.0],[-120.90366493911,39.98485009186,1070.4],[-120.90358941816,39.984845900908,1071.0],[-120.90352378786,39.984840368852,1071.3],[-120.90345891193,39.984828718007,1071.3],[-120.90331298299,39.984804661945,1071.5],[-120.90293370187,39.984760992229,1068.3],[-120.90282859281,39.984736265615,1068.3],[-120.90274100192,39.984697205946,1068.3],[-120.90267604217,39.984655044973,1067.3],[-120.90263631195,39.984612129629,1067.3],[-120.90261988342,39.98457130976,1067.5],[-120.90262147598,39.984536608681,1066.1],[-120.90264108963,39.984510205686,1065.9],[-120.9026717674,39.984490759671,1065.9],[-120.90269188397,39.984485814348,1065.9],[-120.90269565582,39.984488077462,1065.9],[-120.90270403773,39.984480198473,1065.9],[-120.90270504355,39.984490089118,1065.9],[-120.90268174186,39.984513558447,1065.9],[-120.9026334621,39.984511127695,1065.9],[-120.9025656525,39.984491514042,1066.1],[-120.90255123563,39.984492016956,1066.1],[-120.90254520066,39.984492184594,1066.1],[-120.90255894698,39.98449251987,1066.1],[-120.90255685151,39.984489753842,1066.1],[-120.90255752206,39.98448732309,1066.1],[-120.90255349874,39.98448212631,1066.1],[-120.90254427865,39.984473157674,1064.6],[-120.90252432972,39.984470475465,1065.0],[-120.90251326561,39.984470726922,1065.0],[-120.90250622481,39.984471146017,1065.0],[-120.90251527727,39.984455052763,1065.0],[-120.90248527005,39.984437702224,1065.0],[-120.90246557258,39.984418507665,1065.0],[-120.90244520456,39.984392523766,1064.9],[-120.90242508799,39.984367126599,1066.1],[-120.90242827311,39.984339131042,1066.1],[-120.90245786123,39.984302334487,1066.4],[-120.9024757985,39.984284313396,1066.4],[-120.9024898801,39.984270483255,1066.4],[-120.90251686983,39.984252126887,1066.4],[-120.90258845128,39.984216587618,1067.3],[-120.90260588564,39.984192112461,1067.3],[-120.90261166915,39.984163278714,1067.3],[-120.90262189507,39.984131092206,1067.3],[-120.9026352223,39.984101168811,1069.3],[-120.90265491977,39.984075771645,1069.3],[-120.9026783891,39.984048698097,1069.3],[-120.9027096536,39.984024893492,1072.3],[-120.90273823589,39.983999915421,1072.0],[-120.90275575407,39.983981139958,1072.0],[-120.90277427807,39.983953563496,1072.0],[-120.90279866941,39.983932022005,1076.1],[-120.90283228084,39.983915342018,1076.0],[-120.90286681429,39.983902433887,1076.0],[-120.90290109627,39.983894303441,1076.0],[-120.90293370187,39.983884077519,1076.1],[-120.90297007933,39.983864463866,1076.1],[-120.90300335549,39.983848119155,1080.7],[-120.90303923003,39.983834540471,1080.2],[-120.90307812206,39.983820961788,1080.2],[-120.90312355198,39.983806796372,1079.4],[-120.90317049064,39.983795564622,1079.4],[-120.90321801603,39.983783662319,1077.9],[-120.90326143429,39.983768658713,1077.9],[-120.90329772793,39.983750469983,1078.2],[-120.9033258073,39.983728425577,1078.2],[-120.90334785171,39.983706045896,1078.2],[-120.90337123722,39.983677295968,1078.2],[-120.90339512564,39.983647288755,1077.2],[-120.90341314673,39.983617030084,1077.2],[-120.90343586169,39.983583502471,1077.2],[-120.90347240679,39.983548382297,1075.6],[-120.90351180173,39.983509406447,1075.6],[-120.90354415588,39.983467329293,1078.8],[-120.90356594883,39.983420306817,1073.3],[-120.90358874761,39.983378732577,1077.5],[-120.90360743925,39.983347216621,1077.5],[-120.90362998657,39.983310839161,1077.5],[-120.90365923941,39.983273623511,1080.6],[-120.9036882408,39.983234144747,1076.4],[-120.90371657163,39.983197180554,1080.0],[-120.90374314226,39.983158707619,1080.0],[-120.9037706349,39.983118223026,1075.8],[-120.90379469097,39.983080420643,1079.7],[-120.90382268652,39.983038678765,1079.7],[-120.90384473093,39.983003307134,1079.4],[-120.90386593714,39.982968606055,1079.4],[-120.90389225632,39.982934826985,1079.4],[-120.90392335318,39.982898449525,1084.0],[-120.90395579115,39.982864335179,1078.8],[-120.90399250388,39.982832148671,1078.8],[-120.90403206646,39.982800465077,1078.2],[-120.90407749638,39.982768530026,1078.2],[-120.9041194059,39.982732068747,1079.0],[-120.9041537717,39.982702061534,1079.0],[-120.90418738313,39.982670713216,1079.0],[-120.90422149748,39.982646321878,1077.2],[-120.90426097624,39.98261841014,1079.4],[-120.90428939089,39.982593515888,1079.4],[-120.90429936536,39.982571387663,1079.4],[-120.90430146083,39.982546996325,1079.4],[-120.90429777279,39.982520509511,1076.5],[-120.90428997763,39.982492346317,1076.5],[-120.90427170508,39.982470553368,1076.5],[-120.90423624963,39.982456387952,1076.5],[-120.90419542976,39.982441384345,1073.3],[-120.90414991602,39.982434427366,1073.3],[-120.90409627184,39.982433756813,1073.0],[-120.90404069982,39.982437361032,1072.9],[-120.90398630127,39.982439624146,1072.9],[-120.90394120663,39.982439121231,1074.1],[-120.90389493853,39.982441551983,1074.1],[-120.90384389274,39.982441300526,1077.8],[-120.9037904162,39.98244180344,1077.8],[-120.90373911895,39.982435600832,1082.2],[-120.90369092301,39.982439121231,1082.2],[-120.90363929048,39.982442473993,1084.7],[-120.90359327383,39.982436774299,1084.7],[-120.90355689637,39.982419675216,1086.8],[-120.9035305772,39.982385812327,1086.8],[-120.90351951309,39.982347004116,1090.5],[-120.90352563187,39.982312051579,1090.5],[-120.90354859829,39.982281289995,1095.7],[-120.90358170681,39.982250109315,1095.7],[-120.90362076648,39.982219683006,1091.8],[-120.90365722775,39.982192190364,1091.8],[-120.90368522331,39.982165871188,1092.4],[-120.90370408259,39.982140054926,1092.4],[-120.90371833183,39.98211725615,1092.4],[-120.90373551473,39.98208867386,1097.1],[-120.90375554748,39.982062606141,1097.1],[-120.90377977118,39.982039052993,1091.6],[-120.90380223468,39.982015164569,1091.6],[-120.90382679366,39.981991527602,1096.2],[-120.9038591478,39.981969483197,1096.2],[-120.90388370678,39.981947690248,1090.6],[-120.90390340425,39.981921035796,1090.6],[-120.90391622856,39.981894884259,1095.3],[-120.90392620303,39.981864290312,1095.3],[-120.90394179337,39.981828667223,1095.3],[-120.90396115556,39.981795642525,1099.5],[-120.90397456661,39.981768652797,1094.4],[-120.90398319997,39.981746356934,1094.4],[-120.90398873203,39.981723222882,1098.1],[-120.90399233624,39.9817026034,1098.1],[-120.90399560519,39.981685504317,1098.1],[-120.90400239453,39.981663124636,1098.1],[-120.9040199127,39.981640828773,1098.1],[-120.90404069982,39.981610570103,1100.0],[-120.90405276977,39.981581065804,1100.0],[-120.90406861156,39.981554159895,1095.1],[-120.90408143587,39.98153035529,1096.9],[-120.90409258381,39.981503365561,1096.9],[-120.90410306118,39.981476711109,1096.9],[-120.90411261655,39.98145240359,1096.9],[-120.9041176457,39.981429437175,1098.5],[-120.90412091464,39.98140915297,1098.5],[-120.90412334539,39.981385599822,1098.5],[-120.90412694961,39.981356263161,1098.5],[-120.90413256548,39.981327094138,1099.6],[-120.90413876809,39.981296332553,1099.6],[-120.90414589271,39.981272527948,1099.6],[-120.90414857492,39.981252579018,1100.1],[-120.90414580889,39.981235060841,1100.1],[-120.90414136648,39.981216453016,1100.1],[-120.90413080528,39.981199773028,1100.1],[-120.9041154664,39.981181249022,1100.1],[-120.90409677476,39.981157276779,1100.0],[-120.90408277698,39.981130203232,1100.0],[-120.90407196432,39.981101453304,1100.0],[-120.90406090021,39.981077145785,1100.0],[-120.90404665098,39.981056861579,1102.6],[-120.90403525159,39.98103347607,1102.6],[-120.90403298847,39.981008414179,1102.6],[-120.90402670205,39.980982765555,1101.5],[-120.90401949361,39.980960050598,1101.5],[-120.90400792658,39.980946555734,1101.5],[-120.90400340036,39.980929791927,1101.5],[-120.90399602428,39.980913279578,1101.5],[-120.9039894864,39.980892408639,1100.2],[-120.90398169123,39.980870783329,1100.2],[-120.90397641063,39.98084647581,1100.2],[-120.90396945365,39.980821497738,1100.2],[-120.90396400541,39.980792999268,1102.1],[-120.90395143256,39.98076592572,1102.1],[-120.90393559076,39.980737511069,1102.1],[-120.90391907841,39.980704234913,1102.1],[-120.90390164405,39.980667103082,1100.4],[-120.90388353914,39.980625528842,1103.6],[-120.90386333875,39.980586385354,1101.7],[-120.90384607203,39.980544811115,1101.7],[-120.90381648391,39.980485718697,1099.7],[-120.9037847165,39.980413550511,1100.4],[-120.90374054387,39.980338197201,1100.4],[-120.90368522331,39.980257144198,1100.9],[-120.90363208205,39.980173408985,1098.0],[-120.90359251946,39.980108281597,1098.2],[-120.90354465879,39.98000937514,1094.5],[-120.90351364575,39.979913569987,1094.0],[-120.90347726829,39.979810556397,1090.2],[-120.90342052281,39.979701004922,1089.5],[-120.90335061774,39.979613833129,1085.6],[-120.90327023529,39.979539066553,1084.7],[-120.90317417867,39.979488691315,1083.2],[-120.90310586616,39.979446278885,1085.9],[-120.90300511569,39.979376792908,1084.3],[-120.9029435087,39.979308564216,1082.3],[-120.90289606713,39.979239748791,1082.3],[-120.90283806436,39.97917487286,1082.8],[-120.90271853842,39.979070434347,1086.0],[-120.90269456618,39.979008240625,1091.6],[-120.9027047921,39.978942191228,1086.0],[-120.90272817761,39.978869687766,1085.8],[-120.90274184011,39.978800285608,1085.6],[-120.90274435468,39.978740857914,1084.9],[-120.90275047347,39.978667180985,1084.9],[-120.90275575407,39.978600712493,1083.2],[-120.90272851288,39.978470373899,1077.0],[-120.90267260559,39.978351267055,1074.9],[-120.90264846571,39.978291336447,1069.5],[-120.90261560865,39.978251103312,1069.5],[-120.90259373188,39.978226711974,1071.2],[-120.90258199722,39.978214139119,1071.2],[-120.90256540105,39.978204667568,1071.2],[-120.90255157091,39.978194693103,1071.2],[-120.90254042298,39.978183461353,1067.4],[-120.90252525173,39.978164937347,1067.4],[-120.90250463225,39.978139037266,1068.7],[-120.90243405662,39.978116992861,1068.7],[-120.90238954872,39.978115651757,1069.7],[-120.902336156,39.978120848536,1069.7],[-120.90226767585,39.978125626221,1070.3],[-120.90218922123,39.978127554059,1070.3],[-120.90210523456,39.978121183813,1069.7],[-120.90180046856,39.978095619008,1062.7],[-120.90170214884,39.978073909879,1063.2],[-120.90159754269,39.978040968999,1063.9],[-120.90137659572,39.977993192151,1061.1],[-120.90126872063,39.977978440002,1060.9],[-120.9011602588,39.977978859097,1060.8],[-120.90093755163,39.978020936251,1062.8],[-120.90083160438,39.978060163558,1060.6],[-120.90072984807,39.978089919314,1060.5],[-120.90064787306,39.978111544624,1063.0],[-120.90059154667,39.97813266702,1063.4],[-120.90056061745,39.978132080287,1063.4],[-120.90053547174,39.978117495775,1065.1],[-120.90050831437,39.978111125529,1065.1],[-120.90045894496,39.978098971769,1064.6],[-120.90037177317,39.978047674522,1065.8],[-120.90035433881,39.977999897674,1063.7],[-120.90036070906,39.977948013693,1063.7],[-120.90042583644,39.977880204096,1060.6],[-120.90046766214,39.977851621807,1060.6],[-120.90056631714,39.977776352316,1058.5],[-120.90061216615,39.977749614045,1058.5],[-120.90063462965,39.977715332061,1061.3],[-120.90064535849,39.977679625154,1061.3],[-120.90065868571,39.977659760043,1059.7],[-120.90069414116,39.977634698153,1062.2],[-120.90073948726,39.977616090328,1060.3],[-120.90075591579,39.97760117054,1060.3],[-120.9007775411,39.977578036487,1060.3],[-120.90080444701,39.977556411177,1060.3],[-120.90086295269,39.97752673924,1060.4],[-120.90087753721,39.977501928806,1060.4],[-120.90088256635,39.977477453649,1060.4],[-120.90087996796,39.977466808632,1060.4],[-120.90087217279,39.97747217305,1060.4],[-120.90084065683,39.977506455034,1060.4],[-120.90083001181,39.977516010404,1060.4],[-120.90082716197,39.977535037324,1060.4],[-120.90082657523,39.977562781423,1058.8],[-120.90080377646,39.977596309036,1060.3],[-120.90058517642,39.977607540786,1064.7],[-120.90056405403,39.977580215782,1064.7],[-120.90055064298,39.977544508874,1068.3],[-120.90057704598,39.977481476963,1068.3],[-120.90060085058,39.977458845824,1068.3],[-120.9006163571,39.977439483628,1070.6],[-120.90062951669,39.977416936308,1066.9],[-120.90070998296,39.977369327098,1066.9],[-120.90074636042,39.977366058156,1064.0],[-120.90078055859,39.977373350412,1064.0],[-120.90079849586,39.977354658768,1066.9],[-120.90081282891,39.977333787829,1066.9],[-120.900821127,39.97731115669,1065.1],[-120.90083193965,39.977285759524,1065.1],[-120.90085054748,39.977262038738,1070.1],[-120.90087720193,39.97724276036,1070.1],[-120.9009176027,39.977222727612,1069.5],[-120.90096990578,39.977204203606,1069.5],[-120.9010201972,39.9771856796,1068.6],[-120.90107308701,39.977163467556,1075.0],[-120.90111499652,39.97714410536,1074.2],[-120.90113746002,39.977126084268,1074.2],[-120.90114181861,39.977110996842,1074.2],[-120.90112949722,39.977116780356,1074.2],[-120.90110368095,39.977134633809,1074.2],[-120.9010840673,39.977150894701,1075.0],[-120.90106260963,39.977162210271,1075.0],[-120.90104551055,39.977169837803,1068.6],[-120.90102866292,39.977182410657,1068.6],[-120.90100854635,39.977197414264,1069.5],[-120.90098298155,39.977214764804,1069.5],[-120.90095255524,39.977236893028,1069.5],[-120.90092673898,39.977255919948,1070.1],[-120.90090184473,39.977268492803,1065.1],[-120.90089019388,39.977284418419,1065.1],[-120.90087083168,39.977295147255,1065.1],[-120.90085348114,39.977299757302,1065.1],[-120.9008365497,39.977297242731,1066.9],[-120.90081794187,39.977293554693,1066.9],[-120.90079505928,39.977291710675,1066.9],[-120.90077728964,39.977276036516,1066.9],[-120.90079204179,39.977246029302,1070.4],[-120.90080562048,39.977220464498,1070.4],[-120.90081475675,39.977199593559,1070.4],[-120.90082607232,39.977187439799,1070.4],[-120.90084476396,39.977174615487,1070.4],[-120.9008625336,39.977164473385,1070.1],[-120.90087468736,39.977149972692,1074.6],[-120.90089245699,39.977134130895,1074.6],[-120.90091081336,39.977118289098,1074.6],[-120.90092782862,39.977100268006,1074.6],[-120.90093855746,39.977078642696,1074.8],[-120.90095020831,39.977067243308,1080.4],[-120.90096026659,39.977057939395,1080.4],[-120.9009818919,39.977049557492,1080.4],[-120.90099756606,39.977044360712,1080.4],[-120.9010061156,39.977039918303,1080.4],[-120.90101416223,39.977033464238,1080.4],[-120.90102740563,39.977025836706,1079.8],[-120.90104073286,39.977016029879,1079.8],[-120.90104291216,39.977007228881,1079.8],[-120.90104358271,39.977004211396,1079.8],[-120.90104391798,39.977001529187,1079.8],[-120.90104425326,39.97699867934,1079.8],[-120.90106269345,39.97699172236,1079.8],[-120.90108532459,39.976984011009,1085.4],[-120.90121960267,39.976928690448,1083.8],[-120.90124801733,39.976909160614,1081.8],[-120.90127165429,39.976888457313,1088.5],[-120.90129621327,39.97687052004,1088.5],[-120.90132462792,39.976853923872,1085.8],[-120.90139461681,39.976802123711,1093.6],[-120.90149779804,39.976704558358,1098.1],[-120.90154306032,39.976671366021,1094.8],[-120.90159595013,39.976634737104,1094.8],[-120.90162771754,39.976604981348,1098.6],[-120.90165797621,39.976580757648,1098.6],[-120.90168949217,39.976568017155,1098.6],[-120.90170977637,39.976541530341,1094.6],[-120.90174523182,39.976509176195,1100.6],[-120.90180097148,39.976474810392,1097.0],[-120.90186324902,39.976459639147,1097.0],[-120.9019129537,39.976436756551,1092.3],[-120.90196198784,39.976405408233,1099.2],[-120.90201144107,39.976376574486,1094.6],[-120.90205729008,39.976341957226,1089.2],[-120.90209450573,39.976308261976,1096.2],[-120.90211780742,39.976282864809,1096.2],[-120.90214823373,39.976256545633,1090.7],[-120.90218595229,39.976233495399,1097.7],[-120.90222727507,39.976199464872,1097.7],[-120.90227412991,39.976176247001,1092.4],[-120.90231847018,39.976153615862,1092.4],[-120.90237152763,39.976117322221,1094.0],[-120.90240463614,39.976095193997,1094.0],[-120.90242709965,39.976064348593,1094.0],[-120.90244461782,39.976024534553,1095.8],[-120.90246892534,39.975953456014,1102.0],[-120.90247470886,39.975922107697,1102.0],[-120.90248082764,39.975890759379,1102.0],[-120.90248703025,39.975857567042,1108.1],[-120.90249239467,39.975822698325,1108.1],[-120.90249314904,39.975799815729,1108.1],[-120.9024898801,39.975772826001,1108.1],[-120.90249239467,39.975739885122,1114.3],[-120.90252567083,39.975694539025,1110.6],[-120.90257914737,39.975658496842,1117.1],[-120.90263999999,39.975641062483,1113.3],[-120.90268987231,39.975632093847,1113.3],[-120.90274410322,39.975628405809,1109.2],[-120.90279389173,39.975617006421,1109.2],[-120.90283521451,39.975597141311,1104.7],[-120.90287636966,39.975574510172,1112.1],[-120.9029223863,39.9755512923,1107.9],[-120.90295867994,39.975520698354,1107.9],[-120.90298080817,39.975491696969,1107.9],[-120.90300846845,39.97546470724,1111.0],[-120.9030228015,39.975444674492,1111.0],[-120.90304031968,39.975426234305,1111.0],[-120.90306923725,39.975408548489,1111.0],[-120.90311366133,39.975378625095,1113.3],[-120.9031584207,39.975345516577,1113.3],[-120.90319136158,39.975320706144,1109.3],[-120.90321290307,39.975306289271,1109.3],[-120.90323335491,39.975289693102,1114.6],[-120.90326084755,39.975267900154,1114.6],[-120.90328926221,39.975242083892,1111.2],[-120.90333200991,39.975210651755,1111.2],[-120.90338573791,39.975179722533,1112.5],[-120.90344457887,39.975124150515,1112.5],[-120.90348808095,39.975086515769,1113.4],[-120.90353133157,39.97505960986,1113.4],[-120.90357324108,39.975039409474,1109.7],[-120.9036050085,39.975015688688,1114.1],[-120.9036397934,39.974983669817,1114.1],[-120.90370223857,39.974943771958,1110.6],[-120.90376803651,39.974915776402,1111.5],[-120.9038177412,39.974885853007,1111.5],[-120.903852107,39.974855761975,1107.8],[-120.90389158577,39.9748241622,1112.3],[-120.9039357584,39.974784264341,1112.3],[-120.90396752581,39.974756017327,1108.6],[-120.9039992094,39.974722070619,1112.8],[-120.90400608256,39.974685106426,1112.8],[-120.90402653441,39.974641101435,1116.6],[-120.90404095128,39.974606232718,1112.5],[-120.90405419469,39.974569939077,1112.5],[-120.904067019,39.974531717598,1116.6],[-120.90408520773,39.974489724264,1116.6],[-120.90411714278,39.97444932349,1120.7],[-120.90415921994,39.974408252165,1116.2],[-120.9042039793,39.974362235516,1120.5],[-120.90424345806,39.974317308515,1115.7],[-120.90426717885,39.97428311035,1115.7],[-120.90427338146,39.974266178906,1120.2],[-120.90426164679,39.97426500544,1120.2],[-120.90424664319,39.974276823923,1115.7],[-120.90423616581,39.97428143397,1120.5],[-120.90423147194,39.97428663075,1120.5],[-120.9042180609,39.974297527224,1120.5],[-120.90419911779,39.974322337657,1120.5],[-120.90418159962,39.974349746481,1120.5],[-120.9041705355,39.974377155304,1116.2],[-120.90415402316,39.974404731765,1116.2],[-120.90413072146,39.974434403703,1120.7],[-120.90409853496,39.974455777556,1120.7],[-120.90408478864,39.974467093125,1116.6],[-120.90407112613,39.974485114217,1116.6],[-120.90405268595,39.97451595962,1116.6],[-120.90400851332,39.974565245211,1116.6],[-120.90396794491,39.974614530802,1116.6],[-120.90392905287,39.974661720917,1116.4],[-120.90389803983,39.974697260186,1116.4],[-120.9038644284,39.97473673895,1112.3],[-120.90381656773,39.974780073389,1115.6],[-120.90374951251,39.974840171635,1114.9],[-120.90369720943,39.974890379235,1114.9],[-120.9036477562,39.974932707846,1114.1],[-120.90356988832,39.974966654554,1117.6],[-120.90349788778,39.974975036457,1117.6],[-120.90345514007,39.974982244894,1121.0],[-120.90339370072,39.975017281249,1116.8],[-120.90332865715,39.975069835782,1120.3],[-120.90328121558,39.97511761263,1119.2],[-120.90320552699,39.975169748068,1122.4],[-120.90316554531,39.975195229053,1117.9],[-120.90313679539,39.975216016173,1117.9],[-120.90310988948,39.975231103599,1121.2],[-120.90307887644,39.975255327299,1121.2],[-120.90304199606,39.975283322856,1116.5],[-120.90299732052,39.975306540728,1119.8],[-120.90295289643,39.97532020323,1119.8],[-120.90289673768,39.975355993956,1123.0],[-120.90284368023,39.975372338668,1123.0],[-120.90280026197,39.97538507916,1121.6],[-120.90276313014,39.97539463453,1121.6],[-120.90272926725,39.975401172414,1124.7],[-120.90269012377,39.975405111909,1124.7],[-120.90264905244,39.975402010605,1127.1],[-120.90260622092,39.975398238748,1127.1],[-120.9025660716,39.975396730006,1127.1],[-120.9025092423,39.975406955928,1129.3],[-120.9024515748,39.975418522954,1131.3],[-120.90238560922,39.975426150486,1131.3],[-120.90233305469,39.975417768583,1133.3],[-120.90227915905,39.975420450792,1133.3],[-120.90222182684,39.975435789675,1135.2],[-120.90216843411,39.975456409156,1137.1],[-120.90212937444,39.975477196276,1133.6],[-120.90209777467,39.975511729717,1133.6],[-120.9020618163,39.975548945367,1135.5],[-120.90202342719,39.975580880418,1132.0],[-120.90198671445,39.975608037785,1134.0],[-120.90195276774,39.975629076362,1134.0],[-120.90192468837,39.975648941472,1130.0],[-120.90189300478,39.9756759312,1131.7],[-120.90186467394,39.975697137415,1131.7],[-120.90183340944,39.975720606744,1131.7],[-120.90179854073,39.97574005276,1133.2],[-120.9017504286,39.975768048316,1129.4],[-120.90169737116,39.975792188197,1130.8],[-120.90163660236,39.975821860135,1130.8],[-120.90157834813,39.975840970874,1128.3],[-120.9015288949,39.975848346949,1129.3],[-120.90148019604,39.975855639204,1129.3],[-120.90143107809,39.975860835984,1130.2],[-120.90138405561,39.975849436596,1130.2],[-120.90134792961,39.975836277008,1131.0],[-120.90131943114,39.975798977539,1134.1],[-120.90129621327,39.97577114962,1134.1],[-120.90127014555,39.975748099387,1134.6],[-120.90124374256,39.97572094202,1137.1],[-120.9012034256,39.975687833503,1137.1],[-120.9011553973,39.975671488792,1137.4],[-120.90110703371,39.97564567253,1137.4],[-120.90105934069,39.975606948137,1139.9],[-120.90100695379,39.975569564849,1139.9],[-120.90097283944,39.975541401654,1142.4],[-120.90092523023,39.97552447021,1142.4],[-120.90089472011,39.97550544329,1142.3],[-120.90086177923,39.975482141599,1142.3],[-120.9008330293,39.975456409156,1144.2],[-120.90080629103,39.975445931777,1144.0],[-120.90078139678,39.975436963141,1144.0],[-120.90075541288,39.9754266534,1144.0],[-120.90072850697,39.975420953706,1144.0],[-120.90069531463,39.975420115516,1143.8],[-120.9006630443,39.975402681157,1143.8],[-120.90063454583,39.975375104696,1145.0],[-120.90060864575,39.975352138281,1144.5],[-120.90058777481,39.975333446637,1144.5],[-120.90055885725,39.975319197401,1144.5],[-120.90052457526,39.975306289271,1144.0],[-120.90048987418,39.97528642416,1144.0],[-120.90044947341,39.975271504372,1144.8],[-120.90042374097,39.975257758051,1144.3],[-120.90038669296,39.975240910426,1144.3],[-120.90034620836,39.975223392248,1144.2],[-120.9002944082,39.975214926526,1144.2],[-120.90025995858,39.97520419769,1144.2],[-120.90022634715,39.975192379206,1144.7],[-120.90020296164,39.975176788867,1144.7],[-120.90018142015,39.975159270689,1144.7],[-120.90015753172,39.975154325366,1144.7],[-120.900130542,39.975152565166,1145.2],[-120.90011268854,39.975152565166,1145.2],[-120.900086537,39.975155917928,1145.2],[-120.90006776154,39.975151810795,1145.2],[-120.90006491169,39.975148625672,1145.2],[-120.9000433702,39.975138818845,1145.8],[-120.90001529083,39.975128341466,1145.8],[-120.89996868744,39.975108811632,1146.5],[-120.89992417954,39.975091125816,1146.0],[-120.8998689428,39.975068578497,1146.7],[-120.89982233942,39.975047791377,1146.7],[-120.89974690229,39.975011497736,1147.7],[-120.89968940243,39.974987106398,1148.1],[-120.89961111546,39.974948968738,1149.4],[-120.89954062365,39.974878812209,1148.6],[-120.89948899113,39.974806224927,1149.3],[-120.8994567208,39.974729865789,1149.3],[-120.89944565669,39.974672785029,1148.1],[-120.89944372885,39.974628360942,1148.1],[-120.89944951236,39.974580248818,1146.9],[-120.89945127256,39.974533645436,1145.9],[-120.8994580619,39.974485114217,1145.9],[-120.8994532004,39.974377909675,1144.5],[-120.8994117938,39.974246984348,1141.3],[-120.89937432669,39.974153861403,1141.1],[-120.89932210743,39.974004831165,1139.6],[-120.89928598143,39.973925789818,1139.8],[-120.89922806248,39.973836690187,1139.8],[-120.89914147742,39.973650025204,1137.4],[-120.89910568669,39.973554806784,1136.0],[-120.89909076691,39.973453637213,1137.0],[-120.89910627343,39.973361687735,1139.3],[-120.89913820848,39.973284490407,1141.7],[-120.89917525649,39.973210310563,1140.9],[-120.89920903556,39.973137220368,1142.6],[-120.89924474247,39.973068069667,1139.7],[-120.89927994646,39.973005792126,1140.7],[-120.89931506664,39.972954159603,1137.9],[-120.89934733696,39.972904371098,1137.9],[-120.8993770089,39.972851062194,1137.8],[-120.89947826229,39.972674204037,1133.1],[-120.89948723093,39.972598180175,1131.7],[-120.89947423898,39.972504386678,1131.7],[-120.899440879,39.972359966487,1130.3],[-120.89941757731,39.972274219617,1130.4],[-120.89944993146,39.972131475806,1131.5],[-120.89956032112,39.972086381167,1133.1],[-120.89971287176,39.972047489136,1130.7],[-120.89976802468,39.972019074485,1132.4],[-120.89981647208,39.971979344264,1132.4],[-120.89989962056,39.97190952301,1133.2],[-120.89994027279,39.971873397008,1133.2],[-120.89998251759,39.971837438643,1131.5],[-120.90004798025,39.97174507007,1128.4],[-120.90008628555,39.971623281017,1128.5],[-120.90007622726,39.971555722877,1126.6],[-120.90006181039,39.971489002928,1123.8],[-120.90004588477,39.97141960077,1123.8],[-120.90004471131,39.971343576908,1121.5],[-120.90006105602,39.971275180578,1122.0],[-120.9001027979,39.971220614389,1126.2],[-120.90016566217,39.971189685166,1125.9],[-120.90024319477,39.971186500043,1126.0],[-120.9003151115,39.971195971593,1126.0],[-120.90040136129,39.971209298819,1125.9],[-120.90043690056,39.971209885553,1125.3],[-120.90047839098,39.971213238314,1125.3],[-120.90053941123,39.971214495599,1124.6],[-120.90060143732,39.971214076504,1124.0],[-120.90071157552,39.971183398739,1123.2],[-120.90075365268,39.971155822277,1123.2],[-120.9007881023,39.971119109541,1123.3],[-120.90080914088,39.9710828159,1123.3],[-120.90081953444,39.971028920263,1123.5],[-120.90081039816,39.970964379609,1123.5],[-120.90079011396,39.970909394324,1122.5],[-120.9007652197,39.970863629133,1124.2],[-120.90072532184,39.970800513402,1123.0],[-120.90066287667,39.970725579187,1122.8],[-120.90053932741,39.970632456243,1122.8],[-120.90047378093,39.970589959994,1124.9],[-120.90041401796,39.970563724637,1122.1],[-120.90035484172,39.970545116812,1123.9],[-120.90029507875,39.970532879233,1126.7],[-120.90023380704,39.970521228388,1126.7],[-120.90017253533,39.970521479845,1129.6],[-120.90011847205,39.97051410377,1132.0],[-120.90007052757,39.970495412126,1132.0],[-120.90003121644,39.97046741657,1132.7],[-120.89999986812,39.970434224233,1132.7],[-120.89997715317,39.970397343859,1132.7],[-120.899960557,39.970362139866,1133.0],[-120.89994597249,39.970323247835,1133.0],[-120.89993901551,39.970286870375,1136.1],[-120.89993189089,39.970252085477,1136.1],[-120.89991839603,39.970204560086,1136.3],[-120.8998997882,39.970170529559,1136.3],[-120.8998777438,39.970136499032,1136.3],[-120.89985268191,39.970099283382,1139.9],[-120.89981990866,39.970063241199,1139.9],[-120.89980624616,39.970024432987,1139.9],[-120.8998077549,39.969984032214,1143.8],[-120.89981496334,39.969945810735,1143.8],[-120.89982720092,39.969911444932,1147.8],[-120.89984178543,39.969882695004,1147.8],[-120.89985989034,39.969851095229,1146.2],[-120.89988688007,39.969819243997,1148.0],[-120.89991780929,39.969784962013,1148.0],[-120.89994538575,39.969750680029,1146.6],[-120.89996592142,39.969715811312,1148.0],[-120.89998754673,39.969683457166,1148.0],[-120.90001202188,39.969652360305,1148.0],[-120.90004102327,39.96961816214,1147.0],[-120.90007756837,39.969592681155,1147.0],[-120.90012735687,39.969569463283,1147.0],[-120.90018896386,39.969545239583,1145.6],[-120.90025442652,39.969531828538,1144.4],[-120.90033187531,39.969529397786,1143.2],[-120.90040823445,39.969526128843,1141.9],[-120.90051158331,39.969518166035,1140.6],[-120.90058534406,39.969515567645,1140.6],[-120.90067276731,39.96951950714,1139.6],[-120.90073538013,39.969522859901,1139.0],[-120.90078650974,39.969529313967,1137.8],[-120.90082515031,39.969528643414,1137.8],[-120.90085825883,39.969521015882,1138.3],[-120.90088248253,39.96951087378,1137.5],[-120.90088759549,39.969509700313,1137.5],[-120.90088030323,39.969516405836,1137.5],[-120.90088348836,39.969503246248,1137.5],[-120.9009074606,39.969499809667,1137.5],[-120.90092129074,39.969496876001,1137.5]]}}
