{"type":"Feature","properties":{"name":"Hough \u2013 Tollgate","sourceLabel":"Trailforks ride log","sourceUrl":"https://www.trailforks.com/ridelog/view/93704187/","retrievedAt":"2026-09-28","gpxSha256":"fb623fb6ebae9e3580368b955383730251d3645da8b3e4f712a4053c3a0c8ed4","dataUsePolicy":"https://www.trailforks.com/about/data/","licenseNote":"Downloaded through the source page export. No agreement checkbox was presented for this ride-log or route-plan export. Trailforks attribution retained; commercial permission has not been established.","elevationSource":"Original GPX recording"},"geometry":{"type":"LineString","coordinates":[[-120.90495927259,39.97565262951,1035.0],[-120.90482021682,39.975624717772,1037.4],[-120.90511861257,39.975775843486,1032.3],[-120.90506756678,39.975742567331,1034.4],[-120.90484812856,39.975615162402,1037.4],[-120.90486044995,39.975597811863,1037.4],[-120.90492976829,39.974960200489,1070.1],[-120.90497695841,39.975306037813,1049.8],[-120.90497444384,39.975082492456,1066.9],[-120.90465266258,39.974762303755,1079.6],[-120.90460103005,39.974273219705,1099.3],[-120.90459424071,39.974046321586,1121.4],[-120.9056525398,39.97583434917,1027.1],[-120.90571280569,39.975815573707,1027.1],[-120.90590449981,39.975729072466,1027.1],[-120.90595780872,39.975737873465,1027.9],[-120.90605839156,39.975729407743,1028.8],[-120.90609032661,39.975723624229,1028.8],[-120.90613869019,39.975720522925,1029.6],[-120.90617816895,39.975721361116,1029.6],[-120.90626877733,39.975775424391,1031.3],[-120.90633591637,39.9758023303,1032.2],[-120.90637858026,39.975812053308,1032.2],[-120.90642979369,39.975807275623,1033.0],[-120.906461142,39.97579285875,1033.0],[-120.90647974983,39.975767796859,1033.0],[-120.90650028549,39.975713565946,1032.3],[-120.90652945451,39.975639721379,1031.0],[-120.90654454194,39.975605607033,1031.0],[-120.90660246089,39.975586496294,1031.5],[-120.9066522494,39.975564116612,1031.5],[-120.90669935569,39.975535450503,1030.8],[-120.90673841536,39.975504856557,1030.8],[-120.90678468347,39.975475771353,1031.4],[-120.90683162212,39.975446686149,1030.1],[-120.90688182972,39.975418187678,1030.7],[-120.90693539008,39.975397987291,1031.3],[-120.90700906701,39.975439561531,1031.3],[-120.90714502148,39.975422965363,1032.5],[-120.90719254687,39.975363202393,1031.1],[-120.90723512694,39.975297488272,1031.8],[-120.90729547665,39.975258596241,1030.4],[-120.90733964927,39.975232277066,1031.0],[-120.90737602673,39.97521626763,1031.0],[-120.90740620159,39.975201766938,1031.8],[-120.90744509362,39.975177543238,1030.4],[-120.90749815106,39.975158767775,1031.3],[-120.90762874112,39.975133286789,1032.4],[-120.9076921083,39.975125575438,1033.7],[-120.90771172196,39.975115349516,1033.7],[-120.90773066506,39.975104788318,1032.4],[-120.90774969198,39.975090203807,1032.4],[-120.90777190402,39.975073523819,1034.2],[-120.90779713355,39.975068494678,1034.2],[-120.90782102197,39.975060196593,1034.2],[-120.90784750879,39.975051395595,1034.2],[-120.90786963701,39.975042510778,1035.9],[-120.90788799338,39.975031195208,1035.9],[-120.90791900642,39.975011916831,1033.9],[-120.90794800781,39.974988950416,1033.9],[-120.90801120736,39.974963134155,1035.4],[-120.9080439806,39.974947879091,1035.4],[-120.90809402056,39.974927427247,1034.4],[-120.90815830976,39.97490638867,1035.9],[-120.90823383071,39.97490731068,1035.9],[-120.90830071829,39.97487780638,1037.1],[-120.90835100971,39.97486481443,1038.0],[-120.90840406716,39.974841177464,1038.0],[-120.90844304301,39.974820222706,1036.5],[-120.90843206272,39.974777977914,1036.5],[-120.90844321065,39.974740846083,1033.7],[-120.90845385566,39.974701702595,1033.7],[-120.90848243795,39.974661050364,1033.7],[-120.90855410323,39.974633054808,1031.9],[-120.90869206935,39.974621906877,1033.0],[-120.90880329721,39.974601874128,1034.8],[-120.9089336358,39.974590977654,1035.5],[-120.90901904739,39.974584020674,1036.0],[-120.90912382118,39.974578153342,1036.3],[-120.90922147036,39.9745731242,1035.9],[-120.90930160135,39.974558623508,1033.3],[-120.90937242843,39.974536411464,1033.1],[-120.90943998657,39.974507242441,1033.0],[-120.90950402431,39.974478576332,1033.0],[-120.90963721275,39.974420908839,1032.0],[-120.90969488025,39.974386794493,1032.0],[-120.90975120664,39.974349578843,1031.0],[-120.90980837122,39.974313871935,1031.4],[-120.90987232514,39.974281182513,1030.2],[-120.90996745974,39.974254779518,1030.7],[-120.91010358185,39.974229214713,1031.8],[-120.91024012305,39.974187640473,1031.3],[-120.91032620519,39.974138354883,1031.9],[-120.91039099731,39.974084710702,1031.7],[-120.91038077138,39.974019415677,1031.0],[-120.91043885797,39.973979936913,1031.0],[-120.91056106612,39.973965184763,1032.3],[-120.91063918546,39.973949175328,1032.7],[-120.91072250158,39.973924532533,1032.7],[-120.91086960398,39.973878934979,1033.1],[-120.91092282906,39.973863428459,1033.6],[-120.91097412631,39.973816070706,1033.1],[-120.91102072969,39.973757481202,1033.6],[-120.91108351015,39.973712386563,1032.9],[-120.91115425341,39.973669806495,1033.3],[-120.91126087122,39.973640637472,1033.1],[-120.91132088564,39.973601410165,1033.5],[-120.91136690229,39.973532343283,1033.2],[-120.91150755063,39.973427234218,1033.0],[-120.9115875978,39.973392952234,1033.4],[-120.91168164276,39.973365878686,1033.3],[-120.91177141294,39.973329836503,1033.6],[-120.91218162328,39.973229756579,1034.6],[-120.9123618342,39.973169574514,1034.5],[-120.91243207455,39.973129928112,1034.7],[-120.91251178645,39.973095646128,1034.4],[-120.91259242035,39.973067399114,1034.5],[-120.91267070733,39.973042253405,1034.8],[-120.91283767484,39.97300721705,1034.4],[-120.91302911751,39.972984418273,1034.5],[-120.91311872005,39.972981316969,1034.6],[-120.91320362873,39.972979724407,1034.7],[-120.91329239309,39.972988273948,1034.8],[-120.91337579302,39.972996404395,1034.8],[-120.91346271336,39.972997242585,1034.8],[-120.91354561038,39.972995817661,1034.8],[-120.9136275854,39.972994141281,1034.8],[-120.91371819377,39.972976790741,1034.8],[-120.91380209662,39.972961200401,1034.9],[-120.91387979686,39.972957428545,1035.0],[-120.91403159313,39.972958434373,1035.1],[-120.91409881599,39.972967654467,1035.2],[-120.91416654177,39.972963798791,1035.4],[-120.91431733221,39.972959440202,1035.6],[-120.91438807547,39.972952064127,1035.7],[-120.91445613652,39.972946196795,1035.8],[-120.91452612542,39.972934294492,1035.9],[-120.91460474767,39.972928510979,1035.8],[-120.91468253173,39.972920799628,1035.9],[-120.91476383619,39.972908729687,1036.1],[-120.91485201381,39.972892133519,1036.2],[-120.91500515118,39.972858019173,1036.4],[-120.9150796663,39.97283664532,1036.4],[-120.91514504515,39.972812924534,1036.4],[-120.91520556249,39.972790712491,1036.5],[-120.9152716957,39.972768416628,1036.7],[-120.9153430257,39.972739331424,1036.7],[-120.91557252221,39.972643358633,1036.9],[-120.91558802873,39.972603963688,1036.9],[-120.91560169123,39.972563730553,1036.9],[-120.91560261324,39.972516875714,1036.7],[-120.91560521163,39.972465746105,1036.7],[-120.91560185887,39.97240732424,1036.7],[-120.91560102068,39.972348818555,1036.8],[-120.91557503678,39.972286876291,1036.8],[-120.91556464322,39.972157711163,1036.7],[-120.91555316001,39.972098451108,1036.7],[-120.91551024467,39.9720367603,1036.4],[-120.91543539427,39.971966771409,1036.1],[-120.91543941759,39.971908014268,1036.1],[-120.91546003707,39.971850849688,1036.4],[-120.91547747143,39.971776418388,1036.3],[-120.9155020304,39.971695365384,1036.3],[-120.91554050334,39.971621604636,1036.4],[-120.9155372344,39.971541222185,1036.4],[-120.91555274092,39.971472909674,1036.4],[-120.91558140703,39.971372326836,1036.4],[-120.91560496017,39.971289848909,1036.4],[-120.91568735428,39.971032775939,1036.4],[-120.91571895406,39.970874609426,1036.3],[-120.91573948972,39.970794729888,1036.5],[-120.91577368788,39.970719879493,1036.5],[-120.91579707339,39.970651818439,1036.4],[-120.91582959518,39.97058769688,1036.7],[-120.91586278751,39.970521647483,1036.7],[-120.91589765623,39.970456687734,1036.6],[-120.91592112556,39.970392985269,1036.5],[-120.91602380387,39.970126524568,1036.8],[-120.91605775058,39.969986882061,1036.7],[-120.91608147137,39.969922089949,1036.6],[-120.91610569507,39.969871630892,1036.6],[-120.9161362052,39.96980859898,1036.9],[-120.91616428457,39.969744225964,1036.7],[-120.91618389823,39.969680188224,1036.7],[-120.91622178443,39.969541383907,1037.2],[-120.91623854823,39.969475250691,1037.0],[-120.91627031565,39.96934549883,1036.8],[-120.91630526818,39.969206610695,1036.7],[-120.91641238891,39.968784246594,1037.4],[-120.91660508886,39.968319889158,1038.6],[-120.91662386432,39.968257024884,1037.7],[-120.91663920321,39.968195585534,1037.7],[-120.91664297506,39.96813272126,1037.1],[-120.91663383879,39.968070359901,1036.9],[-120.91661036946,39.968020571396,1036.9],[-120.91657516547,39.967985283583,1035.8],[-120.91652956791,39.967957120389,1035.8],[-120.91647206806,39.967940356582,1035.0],[-120.91640844941,39.967928705737,1035.0],[-120.91623108834,39.967940691859,1033.1],[-120.91613662429,39.967931387946,1032.4],[-120.91588047333,39.967900207266,1031.1],[-120.91579598375,39.967899788171,1031.2],[-120.91522266157,39.967813035473,1031.5],[-120.91467758641,39.967730557546,1032.9],[-120.91455940157,39.967707591131,1033.3],[-120.91445672326,39.967685965821,1033.4],[-120.91435136274,39.96766786091,1033.5],[-120.91425538994,39.967650342733,1033.5],[-120.91415857896,39.967634668574,1033.6],[-120.91387535445,39.967583538964,1033.8],[-120.91378323734,39.967569122091,1033.8],[-120.91371484101,39.96756057255,1033.9],[-120.91361476108,39.967545401305,1033.9],[-120.91353035532,39.967526877299,1034.0],[-120.91344284825,39.967507263646,1034.1],[-120.91327504255,39.967455631122,1034.3],[-120.91313472949,39.967364519835,1034.8],[-120.91309365816,39.967306433246,1034.9],[-120.91306935064,39.967243485153,1035.5],[-120.91306105256,39.967177854851,1035.5],[-120.91306147166,39.967126222327,1035.6],[-120.91305585578,39.967062184587,1035.7],[-120.91303464957,39.966996302828,1035.7],[-120.91300816275,39.966932516545,1035.8],[-120.9129916504,39.9668169301,1036.0],[-120.91296876781,39.966622889042,1036.2],[-120.91296977364,39.966585924849,1036.3],[-120.91299617663,39.966552732512,1036.1],[-120.91299835593,39.966537896544,1036.1],[-120.91299810447,39.966524485499,1036.1],[-120.91299877502,39.966520294547,1036.1],[-120.91299667954,39.966513169929,1036.1],[-120.91299894266,39.966516019776,1036.1],[-120.91301679611,39.966518199071,1036.1],[-120.91301746666,39.966515181586,1036.1],[-120.91302023269,39.966510152444,1036.1],[-120.91301746666,39.966509398073,1036.1],[-120.91301704757,39.966500597075,1036.1],[-120.91300330125,39.966486766934,1036.1],[-120.91298863292,39.966467320919,1036.1],[-120.91295745224,39.966412587091,1036.3],[-120.91294814833,39.966376041993,1036.4],[-120.91293985024,39.966273279861,1036.5],[-120.91294161044,39.966214857996,1036.5],[-120.91292669065,39.966153670102,1036.5],[-120.91283650137,39.965862482786,1036.3],[-120.9127894789,39.965799702331,1036.5],[-120.91273566708,39.965753350407,1036.3],[-120.91266945004,39.965720660985,1036.3],[-120.9126005508,39.965689647943,1036.5],[-120.9125345014,39.965662993491,1036.4],[-120.91245244257,39.965625274926,1036.4],[-120.91236904263,39.96559292078,1036.4],[-120.91208162718,39.9655375164,1036.2],[-120.91189144179,39.965499378741,1036.2],[-120.91169170104,39.965458055958,1036.0],[-120.9113955684,39.965409357101,1035.9],[-120.91129934415,39.96538781561,1035.8],[-120.91120613739,39.965370045975,1035.8],[-120.91111251153,39.965353282169,1035.8],[-120.9110198915,39.965331237763,1035.9],[-120.91093297116,39.965310618281,1036.0],[-120.91084630229,39.965294189751,1035.9],[-120.91076013632,39.965280024335,1035.9],[-120.91067749076,39.965262757614,1035.9],[-120.91059417464,39.96524490416,1036.0],[-120.9105230961,39.965237528086,1036.1],[-120.91036509722,39.965212298557,1036.1],[-120.91028370894,39.965202910826,1036.2],[-120.91019687243,39.965194696561,1036.3],[-120.9100967925,39.965181369334,1036.3],[-120.91000459157,39.965161504224,1036.4],[-120.90982387774,39.965108865872,1036.5],[-120.90964978561,39.965051952749,1036.5],[-120.90955096297,39.965013479814,1036.7],[-120.90938324109,39.964925386012,1036.9],[-120.90930998325,39.96487618424,1037.0],[-120.90895542875,39.964631348848,1038.8],[-120.9087935742,39.964561611414,1039.4],[-120.90871168301,39.964529341087,1040.0],[-120.90863440186,39.964500339702,1040.0],[-120.90855921619,39.964475445449,1039.5],[-120.9084852878,39.964451389387,1039.9],[-120.90841068886,39.964428255334,1040.4],[-120.90797139332,39.964304119349,1040.8],[-120.90736982413,39.964177804068,1041.0],[-120.90727276169,39.96413782239,1041.4],[-120.90683707036,39.963980074972,1041.5],[-120.9067509044,39.963959036395,1041.9],[-120.90668552555,39.963946966454,1042.4],[-120.90641126968,39.963880246505,1042.6],[-120.90589703992,39.963736580685,1044.9],[-120.90582797304,39.963716967031,1044.9],[-120.90575404465,39.963698275387,1045.2],[-120.90568179265,39.963676063344,1045.2],[-120.90531717986,39.963531475514,1045.2],[-120.90493873693,39.963369201869,1045.8],[-120.90486598201,39.96334137395,1045.8],[-120.90478819795,39.963311031461,1046.0],[-120.90465350077,39.963259231299,1045.8],[-120.90459474362,39.963238695636,1045.9],[-120.9045343101,39.963216567412,1045.9],[-120.90441419743,39.963176837191,1045.9],[-120.90435485356,39.96315789409,1045.5],[-120.90424337424,39.963112212718,1045.6],[-120.90419308282,39.963084468618,1045.6],[-120.90415301733,39.963068878278,1045.0],[-120.90410515666,39.963058065623,1045.0],[-120.90405587107,39.963053539395,1044.9],[-120.9040101897,39.963057143614,1044.9],[-120.90396501124,39.963070387021,1044.8],[-120.90393248945,39.963088994846,1045.6],[-120.90391765349,39.963126545772,1045.6],[-120.90391555801,39.963180860505,1046.1],[-120.90389518999,39.963259734213,1046.1],[-120.90380860493,39.963579755276,1047.5],[-120.90378991328,39.963624598458,1047.3],[-120.90377138928,39.963696766645,1047.4],[-120.90374565683,39.963806401938,1047.8],[-120.90373358689,39.963854430243,1048.4],[-120.90372453444,39.963895250112,1048.4],[-120.90370609425,39.9639343936,1048.8],[-120.9036895819,39.963977141306,1048.8],[-120.90368019417,39.964012512937,1048.8],[-120.90367969126,39.964047130197,1049.6],[-120.90370140038,39.964080490172,1049.6],[-120.90374364518,39.964109826833,1049.6],[-120.90379066765,39.964135475457,1051.1],[-120.90383559465,39.964150479063,1051.2],[-120.90388236567,39.964156262577,1051.2],[-120.90393064544,39.964154418558,1051.5],[-120.90398319997,39.964147964492,1051.5],[-120.90403583832,39.964145869017,1051.7],[-120.90408529155,39.964144276455,1051.7],[-120.90413583443,39.964154753834,1051.9],[-120.90418495238,39.964173110202,1051.9],[-120.90423138812,39.964193645865,1053.6],[-120.90426617302,39.964208900928,1053.6],[-120.90429408476,39.964223401621,1053.5],[-120.90432434343,39.964239830151,1053.5],[-120.90435099788,39.964257767424,1053.5],[-120.9043770656,39.964277883992,1055.0],[-120.90439617634,39.964296491817,1055.0],[-120.90441562235,39.964312165976,1055.0],[-120.90444923379,39.964335635304,1055.0],[-120.90449122712,39.964369665831,1054.8],[-120.90452693403,39.964400678873,1057.2],[-120.90454889461,39.964425489306,1057.2],[-120.90456901118,39.964449545369,1056.7],[-120.90459658764,39.964476618916,1059.1],[-120.90461963788,39.964500926435,1059.1],[-120.90465660207,39.964527748525,1058.3],[-120.90472005308,39.96457317844,1060.1],[-120.90476028621,39.96461994946,1059.1],[-120.90479129925,39.964662529528,1060.8],[-120.90482524596,39.964698236436,1060.8],[-120.90486103669,39.964723885059,1059.8],[-120.90490085073,39.964744085446,1061.3],[-120.90495675802,39.964777193964,1060.4],[-120.9049844183,39.96480602771,1060.4],[-120.90500822291,39.964836286381,1061.9],[-120.90502968058,39.964856905863,1061.2],[-120.90505323373,39.964888086542,1061.2],[-120.90507175773,39.964915746823,1061.2],[-120.90510109439,39.964958243072,1062.9],[-120.90511576273,39.964992944151,1062.9],[-120.90514476411,39.965038709342,1064.0],[-120.90517242439,39.965075589716,1064.0],[-120.90520025231,39.965108782053,1064.0],[-120.90523352847,39.965137029067,1065.1],[-120.90526244603,39.96516787447,1065.1],[-120.90528541245,39.965201988816,1065.1],[-120.90530913323,39.965231660753,1066.1],[-120.90533738025,39.965258063748,1066.1],[-120.90536504053,39.965286394581,1066.1],[-120.90539236553,39.965320425108,1067.7],[-120.90542245656,39.965358227491,1066.6],[-120.90545045212,39.965393347666,1068.3],[-120.90547802858,39.965425450355,1068.3],[-120.90550040826,39.965460235253,1066.8],[-120.90551683679,39.965501977131,1068.2],[-120.90553577989,39.96554447338,1068.2],[-120.90556025505,39.965588394552,1069.6],[-120.90557567775,39.965623598546,1066.6],[-120.90558649041,39.965674644336,1066.8],[-120.90559001081,39.965715380386,1066.8],[-120.90557835996,39.965757792816,1066.8],[-120.90556100942,39.965804312378,1069.6],[-120.90555346571,39.965851334855,1069.6],[-120.90554977767,39.965899949893,1068.4],[-120.90554516762,39.965949235484,1066.6],[-120.90553192422,39.96598854661,1066.6],[-120.90550753288,39.966029115021,1066.6],[-120.90547618456,39.966070605442,1064.5],[-120.90544248931,39.96610715054,1069.7],[-120.90540803969,39.966145874932,1068.5],[-120.90537384152,39.966187365353,1068.5],[-120.90532170609,39.966232208535,1072.3],[-120.90525590815,39.966274118051,1074.2],[-120.90519505553,39.966321056709,1074.6],[-120.90514861979,39.966355841607,1075.6],[-120.90510746464,39.966384340078,1075.6],[-120.90506304055,39.966409318149,1076.6],[-120.90502414852,39.966434296221,1074.6],[-120.90499129146,39.966461453587,1075.3],[-120.90498064645,39.966465393081,1075.3],[-120.90496572666,39.966478720307,1075.3],[-120.90493806638,39.966514091939,1075.3],[-120.90490143746,39.96654426679,1074.1],[-120.90486874804,39.966583745554,1074.7],[-120.90483681299,39.966619703919,1073.5],[-120.90479783714,39.966648956761,1073.8],[-120.90476011857,39.966688686982,1073.8],[-120.90474653989,39.966727662832,1073.1],[-120.90474997647,39.96675892733,1073.1],[-120.90476179495,39.966788599268,1072.1],[-120.90478325263,39.966813744977,1072.1],[-120.90480521321,39.966840064153,1072.1],[-120.90483739972,39.966870490462,1072.0],[-120.90487771668,39.966912819073,1072.5],[-120.90488760732,39.966955902055,1072.5],[-120.90489691123,39.966996219009,1073.7],[-120.90491157956,39.967038044706,1075.3],[-120.90493630618,39.967077942565,1078.0],[-120.90496078134,39.967114487663,1078.0],[-120.90499078855,39.967146422714,1078.0],[-120.9050090611,39.967178357765,1080.7],[-120.90502984822,39.967212723568,1082.3],[-120.90505189262,39.967247676104,1082.3],[-120.90506329201,39.967270055786,1084.7],[-120.90507653542,39.967306600884,1084.7],[-120.905088773,39.967342559248,1084.7],[-120.90510008857,39.967378433794,1086.4],[-120.9051006753,39.967416152358,1086.4],[-120.90508961119,39.96745755896,1087.9],[-120.90507536195,39.96749645099,1087.9],[-120.90506211855,39.96753458865,1089.4],[-120.90502993204,39.967577923089,1089.4],[-120.90499338694,39.967611199245,1088.3],[-120.90494611301,39.967631315812,1090.0],[-120.9048980847,39.967644810677,1089.6],[-120.90484159067,39.967652354389,1089.6],[-120.90478769504,39.967651600018,1088.7],[-120.90473430231,39.967652857304,1088.3],[-120.90469080023,39.967645648867,1088.3],[-120.9046474658,39.967630812898,1088.3],[-120.90459457599,39.967614719644,1087.1],[-120.90453213081,39.967597704381,1088.0],[-120.90451343916,39.967590412125,1088.0],[-120.90448670089,39.967579431832,1088.0],[-120.90446482413,39.967570714653,1088.0],[-120.90443842113,39.967558225617,1089.2],[-120.90439014137,39.96753458865,1089.2],[-120.90435057878,39.967520590872,1089.4],[-120.90431361459,39.967501731589,1089.4],[-120.90427958407,39.967480693012,1089.4],[-120.90422526933,39.96744280681,1090.8],[-120.90417305008,39.967414308339,1089.7],[-120.90413742699,39.967401651666,1091.1],[-120.90411270037,39.967401819304,1091.1],[-120.9040828608,39.967408524826,1091.1],[-120.90403659269,39.967406513169,1092.4],[-120.90398764238,39.967396371067,1093.8],[-120.90395185165,39.967387486249,1093.8],[-120.90390818194,39.967373907566,1093.8],[-120.90386937372,39.9673692137,1095.1],[-120.90382168069,39.967337949201,1095.1],[-120.90377323329,39.967303751037,1094.9],[-120.90372947976,39.967293273658,1094.9],[-120.90369075537,39.967281287536,1095.9],[-120.90365236625,39.9672687985,1095.9],[-120.90361012146,39.967256560922,1096.8],[-120.9035684634,39.967246251181,1096.8],[-120.90351456776,39.967233426869,1097.5],[-120.90347374789,39.967224961147,1096.3],[-120.90343611315,39.9672203511,1096.3],[-120.90340350755,39.967223536223,1096.9],[-120.90336863883,39.967230241746,1098.0],[-120.90333963744,39.967229738832,1098.0],[-120.90330678038,39.967225044966,1098.6],[-120.90328104794,39.967227140442,1098.6],[-120.90325481258,39.967226637527,1098.6],[-120.90322371572,39.967225464061,1099.1],[-120.90318700299,39.96722638607,1099.1],[-120.90315188281,39.967236276716,1099.8],[-120.90311123058,39.967244323343,1099.8],[-120.90306957252,39.967242395505,1099.8],[-120.90304191224,39.967241808772,1100.5],[-120.903026741,39.967245496809,1100.5],[-120.90301944874,39.967246586457,1100.5],[-120.90300628915,39.967257902026,1100.5],[-120.90299623087,39.967275084928,1100.5],[-120.90299120173,39.967299224809,1100.5],[-120.9029831551,39.967319844291,1102.4],[-120.90297552757,39.967330908403,1102.4],[-120.90296337381,39.967347001657,1102.4],[-120.90295256115,39.967365525663,1102.4],[-120.90294376016,39.967384887859,1102.4],[-120.90293395333,39.967408441007,1103.6],[-120.90291685425,39.967433670536,1103.6],[-120.9028968215,39.967459654436,1104.3],[-120.90288005769,39.96747574769,1104.3],[-120.90287469327,39.967486308888,1105.3],[-120.90286094695,39.967495864257,1105.3],[-120.90285625309,39.967501061037,1105.3],[-120.90283697471,39.967504749075,1105.3],[-120.90281124227,39.967510867864,1105.3],[-120.90279322118,39.967518076301,1105.9],[-120.90278768912,39.9675198365,1105.9],[-120.90277494863,39.967525871471,1105.9],[-120.90273706242,39.96754238382,1105.9],[-120.90270219371,39.967563925311,1106.5],[-120.90267746709,39.967586137354,1107.4],[-120.9026457835,39.967611283064,1107.4],[-120.90260655619,39.967638524249,1108.0],[-120.90257009491,39.96765922755,1108.9],[-120.90253765695,39.967679763213,1108.9],[-120.90250287205,39.967700131238,1109.5],[-120.90246708132,39.967716475949,1109.5],[-120.90240555815,39.967746147886,1111.1],[-120.90234185569,39.967789566144,1111.1],[-120.90228485875,39.967832649127,1111.7],[-120.90222878382,39.967872630805,1113.6],[-120.90219777077,39.967909259722,1113.6],[-120.9021538496,39.967953599989,1114.7],[-120.90210355818,39.96798821725,1115.4],[-120.90205075219,39.968023756519,1115.9],[-120.90200515464,39.968074131757,1117.1],[-120.90197104029,39.96811453253,1117.1],[-120.90192862786,39.968149485067,1118.8],[-120.90188118629,39.968196172267,1118.8],[-120.90183944441,39.968237914145,1120.6],[-120.90180172585,39.968265825883,1120.6],[-120.90176383965,39.968280829489,1121.6],[-120.90173257515,39.96828937903,1121.6],[-120.90170105919,39.96830932796,1122.2],[-120.90168773197,39.968324415386,1122.2],[-120.90166945942,39.968342687935,1123.1],[-120.90166962706,39.968359116465,1123.1],[-120.90167809278,39.968373868614,1123.1],[-120.90167582966,39.968424662948,1123.5],[-120.90165110305,39.968464141712,1123.5],[-120.90159242973,39.968496914953,1124.0],[-120.90154389851,39.968533627689,1124.9],[-120.90152001008,39.968566065654,1124.9],[-120.90152562596,39.968598587438,1125.6],[-120.90150852688,39.968617781997,1125.6],[-120.90147667564,39.968639407307,1126.4],[-120.90145463124,39.968645693734,1126.4],[-120.90143325739,39.968643179163,1126.4],[-120.90144951828,39.968645274639,1126.4],[-120.90144976974,39.968653572723,1126.4],[-120.90144993737,39.968659272417,1126.4],[-120.90144448914,39.96866513975,1127.0],[-120.90143292211,39.968680478632,1127.0],[-120.90142906643,39.968694224954,1127.0],[-120.90142638423,39.96871794574,1127.0],[-120.90142546222,39.968742839992,1127.0],[-120.90142160654,39.968764884397,1128.0],[-120.90141339228,39.968790868297,1128.0],[-120.90140123852,39.968819785863,1128.0],[-120.90137022547,39.968867981806,1129.8],[-120.90134139173,39.968890361488,1129.8],[-120.90130375698,39.968909388408,1129.8],[-120.90127131902,39.968942748383,1130.6],[-120.90123670176,39.968972587958,1131.6],[-120.90120568871,39.969000415877,1131.6],[-120.90117819607,39.969019442797,1132.2],[-120.90113176033,39.969047438353,1133.0],[-120.90108130127,39.969078367576,1133.7],[-120.9010426607,39.969122121111,1133.7],[-120.90101391077,39.969158247113,1134.5],[-120.90099547058,39.969181716442,1135.2],[-120.90096906759,39.969208370894,1135.2],[-120.9009211231,39.969235192984,1136.5],[-120.90087560937,39.969272743911,1136.5],[-120.90083629824,39.969325968996,1137.7],[-120.90078952722,39.969356143847,1137.7],[-120.90073529631,39.969378104433,1138.3],[-120.90067477897,39.969398388639,1138.3],[-120.9006392397,39.969416912645,1139.0],[-120.900606215,39.969453206286,1139.0],[-120.90058056638,39.969484470785,1139.0],[-120.90054343455,39.969504335895,1139.6],[-120.90051367879,39.969518333673,1139.6],[-120.90049959719,39.969537025318,1139.6],[-120.90048694052,39.969556974247,1139.6],[-120.90045483783,39.969573738053,1140.6],[-120.90041611344,39.969580192119,1139.7],[-120.90036146343,39.969576587901,1140.9],[-120.90029424056,39.969573318958,1140.9],[-120.90024260804,39.969558650628,1143.2],[-120.90020078234,39.969558818266,1143.2],[-120.90015736409,39.969547586516,1144.4],[-120.90012417175,39.969542641193,1144.4],[-120.90009349398,39.969540629536,1144.4],[-120.90006214567,39.969537025318,1145.6],[-120.90003113262,39.969526967034,1145.6],[-120.90000422671,39.969512298703,1145.6],[-120.89996181428,39.969486985356,1147.0],[-120.89992350899,39.96946066618,1146.9],[-120.89989190921,39.96943208389,1148.0],[-120.89986617677,39.969406351447,1148.0],[-120.89983231388,39.969374751672,1146.9],[-120.89979032055,39.969342229888,1148.0],[-120.8997438848,39.969306439161,1148.0],[-120.89969342574,39.9692788627,1147.8],[-120.89965763502,39.969253968447,1147.8],[-120.89962729253,39.969238964841,1147.8],[-120.89958890341,39.969214405864,1148.6],[-120.89955545962,39.969199402258,1148.6],[-120.8995245304,39.969182554632,1148.2],[-120.89949158952,39.969167383388,1148.2],[-120.89945621789,39.969150535762,1148.2],[-120.89942109771,39.969129581004,1149.5],[-120.89938094839,39.969109967351,1147.7],[-120.89933962561,39.969093371183,1149.4],[-120.89929914102,39.96907887049,1149.4],[-120.89926720597,39.969066465273,1149.4],[-120.89922931977,39.969055568799,1151.4],[-120.89919176884,39.969051545486,1151.4],[-120.89915170334,39.969048947096,1153.3],[-120.89910996147,39.969040565193,1153.3],[-120.89907492511,39.969023130834,1155.3],[-120.89903385378,39.969003768638,1153.3],[-120.8989942912,39.968985579908,1153.3],[-120.89894718491,39.968968648463,1155.9],[-120.8989044372,39.968952303752,1155.9],[-120.89887350798,39.968937383965,1158.4],[-120.898840148,39.968920620158,1156.5],[-120.89878700674,39.968900922686,1159.1],[-120.89874668978,39.968882733956,1159.1],[-120.89871165343,39.968857923523,1159.1],[-120.89868323877,39.968829173595,1158.8],[-120.89864593931,39.968798244372,1158.8],[-120.89861517772,39.968779049814,1160.5],[-120.89858542196,39.968767901883,1160.5],[-120.89854384772,39.968758011237,1160.5],[-120.89850252494,39.968752563,1161.7],[-120.89846195653,39.968740157783,1158.4],[-120.89843119495,39.96873001568,1158.4],[-120.89838107117,39.968726746738,1159.8],[-120.89833790436,39.968729345128,1159.8],[-120.89829658158,39.968729596585,1160.9],[-120.89825609699,39.968728423119,1160.9],[-120.8981984295,39.968728674576,1161.7],[-120.89814813808,39.968725992367,1161.7],[-120.8981151972,39.968726327643,1162.0],[-120.89805107564,39.968730602413,1162.0],[-120.89798821136,39.968743594363,1162.3],[-120.89792610146,39.968757508323,1165.9],[-120.89787840843,39.968763291836,1165.9],[-120.89784253389,39.968758346513,1166.4],[-120.8978100121,39.968753736466,1166.4],[-120.89777464047,39.968744097278,1166.4],[-120.89773306623,39.96874384582,1167.2],[-120.89769274928,39.968744264916,1167.2],[-120.8976510074,39.968745186925,1169.0],[-120.89761354029,39.968745103106,1169.0],[-120.89757372625,39.968739151955,1170.6],[-120.89753491804,39.968729428947,1170.6],[-120.89749057777,39.968719705939,1172.8],[-120.897450177,39.96871442534,1172.8],[-120.89741304517,39.968703361228,1172.8],[-120.89737541042,39.96869103983,1173.8],[-120.89734037407,39.96868240647,1173.8],[-120.89730726555,39.968671761453,1174.4],[-120.89726929553,39.968658350408,1174.4],[-120.89723207988,39.968644436449,1171.7],[-120.89719167911,39.968623816967,1172.8],[-120.89715588838,39.96860101819,1172.8],[-120.8971194271,39.968576459214,1173.8],[-120.89708279818,39.968556845561,1173.8],[-120.89704927057,39.968541422859,1168.4],[-120.89701054618,39.968528263271,1171.8],[-120.89696872048,39.96851711534,1171.8],[-120.89692949317,39.968510242179,1173.1],[-120.89689227752,39.968502782285,1173.1],[-120.89685698971,39.968506051227,1173.7],[-120.89682329446,39.96850412339,1173.7],[-120.89678842574,39.968506135046,1173.7],[-120.89675137773,39.96850932017,1174.3],[-120.89672338217,39.968519126996,1174.3],[-120.89668859728,39.968522982672,1174.3],[-120.8966464363,39.968513511121,1174.8],[-120.89660930447,39.968511080369,1174.8],[-120.89657401666,39.968508901075,1175.2],[-120.89653361589,39.968501441181,1175.2],[-120.89648877271,39.9684997648,1175.6],[-120.89643822983,39.968505632132,1175.6],[-120.89639489539,39.968509487808,1175.6],[-120.89635298587,39.96851099655,1175.8],[-120.89631283656,39.968517031521,1175.8],[-120.89627285488,39.968532538041,1175.8],[-120.89623706415,39.968555085361,1175.8],[-120.89620429091,39.968567574397,1178.4],[-120.89617579244,39.968578973785,1178.4],[-120.89615064673,39.968597833067,1178.4],[-120.89612851851,39.96862012893,1178.4],[-120.89609750547,39.96864602901,1178.1],[-120.89607235976,39.968673018739,1180.7],[-120.896042604,39.968690369278,1180.7],[-120.89601125568,39.968706713989,1180.0],[-120.89598242193,39.968727082014,1180.0],[-120.89595325291,39.968752898276,1182.8],[-120.89592182077,39.968778798357,1182.1],[-120.89589466341,39.968802351505,1182.1],[-120.89587387629,39.968826239929,1186.1],[-120.89585401118,39.968848703429,1186.1],[-120.89583917521,39.96887284331,1186.3],[-120.89582408778,39.968894971535,1186.3],[-120.89580112137,39.968909891322,1186.3],[-120.89577455074,39.968924056739,1186.3],[-120.89574404061,39.968954147771,1190.0],[-120.89572761208,39.968999074772,1190.0],[-120.89571084827,39.969031596556,1190.0],[-120.89568662457,39.969061184675,1193.8],[-120.89565644972,39.969082139432,1192.3],[-120.89562283829,39.969102088362,1192.3],[-120.89558604173,39.969125976786,1192.3],[-120.89555569924,39.96914810501,1193.7],[-120.89552845806,39.969175094739,1193.7],[-120.89549216442,39.969184398651,1193.7],[-120.89545721188,39.96919831261,1192.2],[-120.89542569593,39.969215411693,1192.2],[-120.89539417997,39.969233516604,1195.3],[-120.89536341839,39.969255393371,1193.5],[-120.89532947168,39.969275007024,1193.5],[-120.8952965308,39.969290513545,1193.5],[-120.89526006952,39.969309205189,1192.0],[-120.89522947557,39.969332087785,1195.3],[-120.89519980364,39.969352874905,1195.3],[-120.8951679524,39.96937491931,1193.2],[-120.89513643645,39.969404591247,1193.2],[-120.89509955607,39.969441303983,1194.7],[-120.89505529962,39.96947533451,1194.7],[-120.89501406066,39.969499139115,1194.7],[-120.89498572983,39.969519004226,1199.1],[-120.89495044202,39.969530655071,1199.1],[-120.89491884224,39.969546832144,1199.1],[-120.89488087222,39.969560410827,1196.7],[-120.89483862743,39.969580024481,1196.7],[-120.89479587972,39.969600392506,1203.8],[-120.89475044981,39.969620257616,1203.8],[-120.89472379535,39.969635009766,1203.0],[-120.89470225386,39.969634087756,1203.0],[-120.89469395578,39.969612630084,1203.0],[-120.89464416727,39.969613635913,1203.0],[-120.89460426942,39.969621263444,1202.3],[-120.89456403628,39.969630148262,1202.3],[-120.89453545399,39.969640541822,1201.7],[-120.89450083673,39.96964674443,1201.7],[-120.89447225444,39.969652695581,1201.7],[-120.89444727637,39.969668118283,1201.1],[-120.89442146011,39.96968655847,1204.4],[-120.89439078234,39.969701897353,1204.4],[-120.89435323142,39.969713129103,1203.7],[-120.8943144232,39.969723690301,1203.7],[-120.8942835778,39.96973592788,1203.7],[-120.89425851591,39.969745734707,1203.3],[-120.89424066246,39.969752524048,1203.3],[-120.89419648983,39.969763755798,1203.3],[-120.89417159557,39.969774819911,1206.2],[-120.89414033107,39.969790326431,1206.2],[-120.89408752508,39.969811532646,1206.2],[-120.89406170882,39.969835001975,1205.8],[-120.89401443489,39.969859644771,1205.8],[-120.89398602024,39.969879174605,1209.8],[-120.89396992698,39.969900297001,1209.8],[-120.89395777322,39.969917479903,1209.8],[-120.89395483956,39.969909265637,1209.8],[-120.89394033886,39.969908511266,1209.8],[-120.89394469745,39.96992552653,1209.8],[-120.89393748902,39.969927454367,1209.8],[-120.89392541908,39.969927789643,1209.8],[-120.89392852038,39.969925275072,1209.8],[-120.89396389201,39.969910439104,1209.8],[-120.8940016944,39.969890909269,1210.0],[-120.8940532431,39.969859896228,1210.0],[-120.8940721862,39.969855537638,1210.0],[-120.89409775101,39.969856627285,1210.7],[-120.89412784204,39.969848329201,1206.2],[-120.8941347152,39.969852268696,1206.2],[-120.89414695278,39.969829553738,1206.2],[-120.8941558376,39.969815472141,1206.2],[-120.89417545125,39.969805497676,1206.7],[-120.89419464581,39.969796780497,1206.7],[-120.89420755394,39.969787225127,1206.7],[-120.89420135133,39.969778591767,1206.7],[-120.89418190531,39.969773730263,1206.7],[-120.89417461306,39.969774652272,1206.2],[-120.8941902034,39.969731150195,1203.3],[-120.89419087395,39.969725953415,1203.3],[-120.89419037104,39.969726121053,1203.3],[-120.89418827556,39.969741879031,1203.3],[-120.89417972602,39.969759229571,1206.7],[-120.89414519258,39.969770209864,1206.2],[-120.89408542961,39.969776747748,1206.2],[-120.89402155951,39.969770796597,1205.8],[-120.89394176379,39.969750428572,1202.5],[-120.89391603135,39.969745902345,1202.5],[-120.89379214682,39.96972553432,1202.8],[-120.89368745685,39.969699718058,1203.1],[-120.89360791259,39.969674069434,1203.6],[-120.89356759563,39.969660993665,1200.7],[-120.89352878742,39.969652695581,1200.7],[-120.89348997921,39.969643726945,1201.4],[-120.89345091954,39.969634423032,1201.4],[-120.89340683073,39.969628471881,1202.5],[-120.89336953126,39.969622772187,1202.5],[-120.89333776385,39.969614557922,1202.5],[-120.8933018893,39.969601146877,1203.9],[-120.8932565432,39.969583880156,1203.9],[-120.89321387932,39.969566864893,1202.6],[-120.89317121543,39.969551442191,1202.6],[-120.89313450269,39.969534594566,1204.2],[-120.89310424402,39.969519423321,1204.2],[-120.89307390153,39.969504587352,1204.2],[-120.89303333312,39.969486398622,1206.4],[-120.89299167506,39.969465192407,1206.4],[-120.89294414967,39.969443231821,1209.5],[-120.89289796539,39.969416661188,1209.5],[-120.89285806753,39.969396209344,1210.9],[-120.89281775057,39.969383133575,1210.9],[-120.89277223684,39.969362011179,1211.9],[-120.89272823185,39.969346169382,1211.9],[-120.89268372394,39.969331501052,1212.8],[-120.89264684357,39.969324041158,1212.8],[-120.89261298068,39.969305014238,1210.6],[-120.89257635176,39.969291603193,1211.2],[-120.89253452606,39.969261679798,1211.2],[-120.89249596931,39.969251621515,1211.9],[-120.89246688411,39.969234857708,1211.9],[-120.89244115166,39.96922262013,1211.9],[-120.89240041561,39.96920350939,1210.0],[-120.89235465042,39.96918104589,1210.0],[-120.89230888523,39.96916025877,1210.5],[-120.89226630516,39.969138968736,1210.5],[-120.89222774841,39.969115750864,1208.5],[-120.89219505899,39.96908926405,1208.5],[-120.89216136374,39.969063531607,1208.5],[-120.89212230407,39.969045845792,1208.9],[-120.89208508842,39.969042576849,1208.9],[-120.89205130935,39.969044672325,1208.9],[-120.89201417752,39.969054311514,1209.0],[-120.8919726871,39.969059927389,1209.0],[-120.89192667045,39.969064788893,1209.1],[-120.89188274927,39.969070740044,1209.1],[-120.89184343815,39.969077864662,1209.2],[-120.89180689305,39.969079876319,1209.2],[-120.8917665761,39.969085995108,1209.4],[-120.8917159494,39.969095382839,1209.4],[-120.89167797938,39.969108877704,1210.0],[-120.89163757861,39.96912044473,1210.0],[-120.8915930707,39.969121366739,1210.0],[-120.89155174792,39.969121031463,1211.4],[-120.89151796885,39.969120025635,1211.4],[-120.89147555642,39.969117427245,1213.7],[-120.89143691584,39.969122372568,1213.7],[-120.89140229858,39.969131592661,1217.0],[-120.89136851951,39.969139890745,1219.5],[-120.89133759029,39.969150535762,1219.5],[-120.89130481705,39.969158833846,1219.5],[-120.89127019979,39.969162354246,1221.6],[-120.89123357087,39.969163527712,1221.6],[-120.89119811542,39.969163946807,1223.0],[-120.89116165414,39.969165874645,1223.0],[-120.89112284593,39.969172077253,1223.0],[-120.89108127169,39.969177441671,1223.6],[-120.89103860781,39.969184398651,1223.6],[-120.89098999277,39.969197139144,1223.7],[-120.89095084928,39.969208789989,1223.7],[-120.89091665111,39.969227397814,1225.8],[-120.89088563807,39.969255728647,1225.8],[-120.89086342603,39.969282047823,1225.8],[-120.89083953761,39.969306187704,1225.8],[-120.89080760255,39.969326052815,1228.1],[-120.89077818207,39.96934549883,1228.1],[-120.8907567244,39.969371566549,1228.1],[-120.89073526673,39.969396796077,1231.3],[-120.89070986956,39.969423115253,1230.2],[-120.89067483321,39.96944507584,1230.2],[-120.89062579907,39.969466282055,1229.2],[-120.89058456011,39.969494529068,1232.6],[-120.8905611746,39.969516573474,1232.6],[-120.89052798226,39.969534594566,1231.4],[-120.89050685987,39.969542725012,1231.4],[-120.8904818818,39.969541300088,1231.4],[-120.89045313187,39.969544149935,1231.4],[-120.89042270556,39.969557477161,1231.9],[-120.89038264006,39.969565523788,1231.9],[-120.89033796452,39.96957147494,1235.8],[-120.89029110968,39.969587065279,1235.8],[-120.89024861343,39.969601063058,1235.9],[-120.89021039195,39.96960173361,1235.9],[-120.8901661355,39.969593267888,1235.9],[-120.8901198674,39.969582119957,1235.2],[-120.89008533396,39.969573318958,1235.2],[-120.8900520578,39.969560494646,1231.8],[-120.89002314024,39.969537192956,1231.8],[-120.88999405503,39.969504252076,1231.8],[-120.88996983133,39.969459827989,1232.1],[-120.88995088823,39.969411632046,1232.1],[-120.88993412443,39.969361759722,1232.4],[-120.8899401594,39.969319766387,1232.4],[-120.88995113969,39.969281964004,1232.7],[-120.88997402228,39.969239803031,1232.7],[-120.89001140557,39.969203425571,1228.9],[-120.89001760818,39.969164449722,1229.0],[-120.88999338448,39.969131927937,1229.0],[-120.88995097205,39.969093538821,1233.6],[-120.88993286714,39.969060346484,1233.6],[-120.88990872726,39.969018604606,1233.6],[-120.88986958377,39.968973845243,1234.5],[-120.88983278722,39.968936964869,1236.0],[-120.88979339227,39.968908298761,1235.8],[-120.88977587409,39.968897150829,1236.6],[-120.88975911029,39.968894049525,1236.6],[-120.88972449303,39.968896396458,1236.6],[-120.88969063014,39.96889103204,1236.6],[-120.88964587077,39.968884577975,1237.5],[-120.88959063403,39.968879297376,1237.5],[-120.88954268955,39.968873513862,1239.1],[-120.88950119913,39.968871334568,1239.1],[-120.88945610449,39.968864545226,1241.0],[-120.88940891437,39.968859096989,1243.0],[-120.88935996406,39.968851218,1243.0],[-120.88932241313,39.968844512478,1244.9],[-120.88927195407,39.968834286556,1243.4],[-120.88922266848,39.968819450587,1244.8],[-120.88916516863,39.968801178038,1244.8],[-120.88912024163,39.968783156946,1245.8],[-120.88907891884,39.968767818063,1245.8],[-120.88903742842,39.968746947125,1244.5],[-120.88898780756,39.968728590757,1244.5],[-120.88894078508,39.968719203025,1244.9],[-120.8888941817,39.968712581322,1244.9],[-120.88885311037,39.968710569665,1245.3],[-120.8888021484,39.968707384542,1245.3],[-120.88875604793,39.968702271581,1245.5],[-120.88870022446,39.968698080629,1245.5],[-120.8886497654,39.968697326258,1245.4],[-120.88859226555,39.968694308773,1245.1],[-120.88854532689,39.968697326258,1245.1],[-120.88848078623,39.968706965446,1244.7],[-120.88843141682,39.968717778102,1244.7],[-120.88837894611,39.968724986538,1244.4],[-120.88832563721,39.968729261309,1244.4],[-120.88827149011,39.968731189147,1244.3],[-120.88821499608,39.968732781708,1244.6],[-120.88816068135,39.968739068136,1244.6],[-120.88810812682,39.968746528029,1245.0],[-120.88806370273,39.968749796972,1245.0],[-120.88799606077,39.968751138076,1245.3],[-120.88795566,39.968752143905,1245.3],[-120.88790436275,39.968752227724,1245.6],[-120.8878451027,39.968743594363,1245.6],[-120.88779724203,39.968732446432,1245.9],[-120.8877517283,39.968724567443,1245.9],[-120.88771241717,39.968718616292,1246.5],[-120.88767469861,39.96871358715,1246.5],[-120.88763295673,39.968711743131,1247.1],[-120.88757897727,39.968711491674,1247.1],[-120.88752466254,39.968702439219,1247.6],[-120.88748074137,39.968694979325,1247.6],[-120.88743187487,39.968690285459,1248.0],[-120.88738233782,39.968675952405,1248.0],[-120.88733414188,39.968664888293,1246.0],[-120.88728250936,39.968658098951,1246.0],[-120.88723246939,39.968652063981,1246.4],[-120.88719047606,39.968648459762,1246.4],[-120.88712660596,39.968645107001,1246.7],[-120.88707363233,39.96864343062,1246.9],[-120.88701437227,39.968640748411,1246.9],[-120.88696433231,39.968638736755,1247.1],[-120.88690272532,39.968637730926,1247.1],[-120.88682661764,39.968637228012,1247.1],[-120.88676769286,39.968639491126,1246.9],[-120.88670600206,39.968644771725,1246.7],[-120.88664514944,39.968652650714,1246.7],[-120.88658312336,39.968656590208,1246.3],[-120.88652109727,39.968659272417,1245.9],[-120.88646024466,39.968661535531,1245.9],[-120.88639981113,39.968663128093,1245.4],[-120.88634641841,39.968677377328,1248.6],[-120.88629034348,39.968687267974,1248.2],[-120.88623200543,39.968692380935,1247.7],[-120.88616654277,39.968698499724,1247.7],[-120.88610644452,39.968712413684,1247.2],[-120.88605162688,39.968734122813,1246.7],[-120.88599337265,39.968751389533,1246.7],[-120.88594140485,39.968772009015,1249.2],[-120.88588206097,39.968789694831,1249.2],[-120.88581617922,39.968803022057,1248.6],[-120.88575256057,39.96882263571,1248.1],[-120.88569019921,39.968846524134,1247.8],[-120.88562943041,39.968862282112,1250.5],[-120.88557117619,39.968876028433,1250.2],[-120.88551510125,39.968893043697,1250.2],[-120.88545676321,39.96891098097,1250.0],[-120.88540362194,39.968928666785,1249.8],[-120.88534913957,39.968941910192,1249.8],[-120.88528543711,39.968948364258,1252.0],[-120.88521947153,39.968945933506,1251.9],[-120.88516557589,39.968948699534,1251.9],[-120.88511352427,39.968952806666,1251.9],[-120.88505292311,39.968950878829,1251.9],[-120.88493079878,39.968936964869,1250.8],[-120.8848705329,39.968939982355,1250.8],[-120.88475234807,39.968912573531,1251.5],[-120.88468487374,39.968884494156,1251.5],[-120.88462117128,39.968840908259,1250.4],[-120.88446761481,39.968798328191,1251.1],[-120.88439226151,39.96880444698,1251.1],[-120.88433040306,39.968812409788,1251.4],[-120.88427416049,39.968819702044,1251.7],[-120.8842143137,39.968820204958,1251.7],[-120.88414189406,39.968789946288,1251.9],[-120.8840566501,39.968743678182,1251.0],[-120.88396704756,39.968706713989,1251.2],[-120.88388364762,39.968696068972,1251.4],[-120.8838298358,39.968752060086,1252.5],[-120.88378742337,39.968831017613,1252.7],[-120.88375632651,39.968905197456,1254.1],[-120.88370335288,39.968952974305,1255.6],[-120.88363856077,39.968997733667,1255.6],[-120.88357326575,39.969022711739,1255.8],[-120.88349548168,39.969040900469,1259.2],[-120.88344141841,39.969065291807,1258.8],[-120.88336832821,39.969107117504,1258.8],[-120.88331803679,39.969145841897,1262.8],[-120.88327897713,39.969190349802,1262.8],[-120.88323120028,39.969224045053,1261.9],[-120.88317370042,39.969249106944,1264.1],[-120.88312458247,39.969272073358,1264.1],[-120.88308292441,39.969295039773,1264.1],[-120.88304713368,39.969319598749,1262.9],[-120.88301343843,39.969334853813,1264.9],[-120.88299005292,39.969349270687,1264.9],[-120.88297161274,39.969398388639,1263.4],[-120.88295409456,39.969447925687,1265.2],[-120.88293724693,39.969488577917,1265.2],[-120.88291838765,39.969525039196,1266.9],[-120.88289206848,39.969555716962,1265.3],[-120.88285636157,39.969582539052,1265.3],[-120.88280900382,39.969626963139,1264.6],[-120.88275711983,39.969673315063,1264.6],[-120.88268243708,39.969703992829,1263.6],[-120.88262049481,39.969724193215,1261.9],[-120.88255637325,39.969733916223,1261.9],[-120.88249786757,39.969732239842,1260.7],[-120.88245780207,39.969732742757,1260.7],[-120.88246249594,39.969744309783,1260.7],[-120.88245243765,39.969739615917,1260.7],[-120.88241438381,39.969679182395,1259.2],[-120.88236635551,39.969650432467,1259.2],[-120.88231916539,39.969620257616,1258.8],[-120.8822350949,39.969538366422,1258.7],[-120.8820624277,39.96942252852,1260.4],[-120.88200752623,39.969392018393,1260.0],[-120.88194700889,39.969347678125,1261.1],[-120.88189613074,39.969296799973,1260.6],[-120.88185313158,39.969254136086,1261.9],[-120.88179915212,39.969212561846,1261.5],[-120.88174969889,39.969160929322,1262.6],[-120.88171265088,39.969149613753,1262.6],[-120.88167543523,39.969146260992,1264.2],[-120.88162824512,39.969141986221,1264.2],[-120.88157460093,39.969141148031,1265.4],[-120.88152749464,39.969147937372,1265.4],[-120.88147460483,39.969153385609,1266.5],[-120.88141961955,39.969165958464,1266.5],[-120.88136572391,39.969184817746,1267.5],[-120.88131342083,39.969203174114,1268.3],[-120.88126556017,39.969224128872,1269.0],[-120.88121677749,39.969242820516,1269.4],[-120.88117226958,39.969272324815,1269.4],[-120.88113463484,39.969303254038,1270.0],[-120.88109180331,39.969327729195,1270.1],[-120.88105567731,39.96936108917,1270.1],[-120.88102340698,39.969397885725,1271.0],[-120.88098644279,39.969434347004,1271.0],[-120.88096054271,39.969471814111,1271.0],[-120.88093271479,39.969506599009,1271.9],[-120.88089843281,39.969540880993,1271.9],[-120.88085719384,39.96957055293,1271.9],[-120.88081637397,39.969598883763,1272.4],[-120.88078058325,39.969639619812,1272.4],[-120.88074479252,39.969682954252,1273.4],[-120.88070732541,39.969723103568,1273.4],[-120.88066491298,39.969758978114,1273.5],[-120.8806292899,39.969794265926,1275.2],[-120.88057254441,39.969842880964,1275.4],[-120.88051638566,39.969869703054,1276.9],[-120.88046123274,39.969889316708,1276.8],[-120.88040633127,39.969904907048,1276.7],[-120.88035377674,39.969917815179,1276.7],[-120.88031111285,39.969938015565,1278.0],[-120.88026828133,39.969959808514,1278.0],[-120.88021254167,39.969983110204,1277.8],[-120.88015520945,39.970010435209,1277.8],[-120.88009997271,39.970034491271,1277.6],[-120.88003886864,39.970055948943,1278.5],[-120.87998170406,39.970074640587,1278.5],[-120.87992747314,39.970092242584,1278.2],[-120.8798744157,39.970108671114,1278.2],[-120.8798206877,39.970134822652,1279.0],[-120.87977156974,39.970159884542,1279.0],[-120.87972278707,39.970182012767,1278.5],[-120.87967392057,39.970202296972,1278.5],[-120.87962798774,39.970221323892,1279.3],[-120.87957157753,39.970237668604,1278.8],[-120.87951525114,39.970258371904,1278.8],[-120.8794533927,39.970286618918,1278.4],[-120.87938801385,39.970302460715,1279.2],[-120.87934090756,39.970315201208,1279.2],[-120.87930503301,39.970330204815,1278.8],[-120.87926547043,39.970364151523,1278.8],[-120.87921727449,39.970404887572,1279.4],[-120.8791658096,39.970442103222,1279.4],[-120.87910906412,39.970461716875,1278.9],[-120.8790552523,39.970482671633,1280.4],[-120.87900227867,39.970499519259,1279.8],[-120.87894637138,39.970516869798,1279.3],[-120.87890035473,39.970528688282,1279.3],[-120.87884662673,39.970553331077,1278.9],[-120.87878191844,39.970577554777,1280.3],[-120.87872182019,39.970603873953,1279.8],[-120.87867764756,39.970622817054,1279.8],[-120.87861360982,39.970647543669,1279.6],[-120.87855887599,39.970662211999,1279.9],[-120.8785007894,39.970674114302,1279.9],[-120.87846097536,39.970687106252,1282.0],[-120.87841168977,39.970713173971,1282.0],[-120.8783664275,39.970750724897,1282.6],[-120.87832703255,39.970785258338,1284.0],[-120.8782722149,39.970803111792,1284.1],[-120.87822577916,39.970812499523,1284.1],[-120.87815847248,39.970822138712,1284.0],[-120.87810046971,39.970823060721,1283.7],[-120.87804162875,39.970825407654,1283.7],[-120.87799879722,39.970832113177,1283.3],[-120.87793400511,39.970846362412,1283.3],[-120.87788790464,39.97085692361,1283.0],[-120.877833087,39.97087854892,1284.2],[-120.8777674567,39.970902604982,1283.7],[-120.87772118859,39.970913082361,1283.3],[-120.87764885277,39.970938563347,1283.3],[-120.8775921911,39.970966055989,1283.8],[-120.87753519416,39.97099195607,1283.4],[-120.87747777812,39.971016263589,1283.4],[-120.87742480449,39.971044007689,1283.0],[-120.87738113478,39.971076194197,1284.0],[-120.87734702043,39.971101675183,1283.5],[-120.87728449143,39.971135118976,1283.5],[-120.87723176926,39.971163952723,1284.0],[-120.87719069794,39.971195217222,1284.0],[-120.87714049034,39.971220111474,1283.4],[-120.87710704654,39.971247939393,1284.3],[-120.87708491832,39.97128624469,1284.3],[-120.87706404738,39.97131482698,1283.8],[-120.87700545788,39.971336117014,1284.7],[-120.87693932466,39.97134516947,1284.2],[-120.87688702159,39.971353886649,1283.6],[-120.87684142403,39.971386240795,1283.6],[-120.87680395693,39.971415661275,1283.0],[-120.87677814066,39.971454720944,1283.8],[-120.87674964219,39.971487578005,1283.8],[-120.87673036382,39.97151741758,1284.5],[-120.87671251036,39.971537701786,1283.8],[-120.87668870576,39.971564859152,1283.8],[-120.87667386979,39.971590591595,1283.8],[-120.87665953673,39.971612803638,1284.4],[-120.87663933635,39.971618587151,1284.4],[-120.87662165053,39.971615318209,1284.4],[-120.87660203688,39.971601236612,1283.7],[-120.87658460252,39.971578186378,1283.1],[-120.87657814845,39.971545161679,1283.1],[-120.87657848373,39.971517333761,1283.1],[-120.87658150122,39.971481710672,1282.4],[-120.87658259086,39.971458828077,1282.4],[-120.87658552453,39.971444243565,1282.4],[-120.87658728473,39.971435945481,1282.4],[-120.87658326142,39.971419684589,1282.4],[-120.87655032054,39.971336787567,1281.8],[-120.87655057199,39.971330752596,1281.8],[-120.87656306103,39.971327064559,1281.8],[-120.87656892836,39.971323208883,1281.8],[-120.87657546625,39.971316168085,1281.8],[-120.87657521479,39.971313318238,1281.8],[-120.87658032775,39.971318515018,1281.8],[-120.87657337077,39.971313904971,1281.8],[-120.87658066303,39.971310216933,1281.8],[-120.87658024393,39.971307702363,1281.8],[-120.87658091448,39.97127844952,1281.0],[-120.87663548067,39.971225811169,1281.6],[-120.87671854533,39.971168898046,1281.4],[-120.87678140961,39.97111491859,1281.4],[-120.87686405517,39.971053730696,1280.8],[-120.87698366493,39.970998829231,1280.0],[-120.87704761885,39.970980221406,1280.8],[-120.87709749117,39.97096253559,1281.4],[-120.87714526802,39.970944514498,1281.4],[-120.87719773874,39.970931019634,1281.9],[-120.87725565769,39.970908807591,1281.9],[-120.87734241039,39.970855498686,1281.3],[-120.8773724176,39.97081191279,1281.9],[-120.87739571929,39.970768159255,1280.5],[-120.87741843425,39.970736224204,1280.5],[-120.87746654637,39.970697080716,1278.7],[-120.87751239538,39.970671180636,1279.4],[-120.8775851503,39.970641843975,1280.2],[-120.87765497155,39.970614435151,1279.0],[-120.87772252969,39.970585852861,1279.0],[-120.87777432986,39.970567664132,1279.7],[-120.87785295211,39.970535561442,1280.2],[-120.87790374644,39.970510583371,1278.2],[-120.87795822881,39.970483426005,1278.7],[-120.87800852023,39.970456101,1278.7],[-120.8781598974,39.970389800146,1276.9],[-120.87820641696,39.97036180459,1276.9],[-120.87827296928,39.970320733264,1274.2],[-120.87831722572,39.970280583948,1274.4],[-120.8783523459,39.970228783786,1272.0],[-120.87840414606,39.97018000111,1272.5],[-120.87845720351,39.970152005553,1270.8],[-120.87852124125,39.970126776025,1271.4],[-120.87858033367,39.970097607002,1271.4],[-120.87861017324,39.97007874772,1270.5],[-120.87863800116,39.970039017498,1270.5],[-120.87867337279,39.969974728301,1269.6],[-120.87871100754,39.969919491559,1269.6],[-120.87875216268,39.969862662256,1268.3],[-120.87879206054,39.969808179885,1268.8],[-120.87881485932,39.969754451886,1267.3],[-120.87882374413,39.969707177952,1266.0],[-120.87883757427,39.969649678096,1266.0],[-120.8788782265,39.969577677548,1265.1],[-120.87897486985,39.969459408894,1264.5],[-120.87899104692,39.969388917089,1263.7],[-120.87900294922,39.969321694225,1262.5],[-120.87903035805,39.969241479412,1261.6],[-120.87905986235,39.969168556854,1262.4],[-120.87909146212,39.969097394496,1261.4],[-120.87912071496,39.969008378685,1260.7],[-120.8791468665,39.968955153599,1260.4],[-120.8792181965,39.968899749219,1260.9],[-120.87929137051,39.968848032877,1260.2],[-120.87938298471,39.968800507486,1260.7],[-120.87943696417,39.96873345226,1260.2],[-120.87946403772,39.968677042052,1259.2],[-120.87950544432,39.968607220799,1258.6],[-120.87955741212,39.968551984057,1258.6],[-120.8796110563,39.968499513343,1257.8],[-120.87965363637,39.968440840021,1257.8],[-120.8796762675,39.968397421762,1256.8],[-120.87973510846,39.968347549438,1256.9],[-120.87979579344,39.968322655186,1255.3],[-120.87986410595,39.968315865844,1255.3],[-120.8799347654,39.968321062624,1255.1],[-120.8799880743,39.968325169757,1254.9],[-120.8800730668,39.968329528347,1254.9],[-120.88014230132,39.968332210556,1254.6],[-120.88019896299,39.968333216384,1254.3],[-120.88027523831,39.968332964927,1253.9],[-120.8803122025,39.968326007947,1253.9],[-120.8803567104,39.968321984634,1253.4],[-120.88039400987,39.968318548054,1253.4],[-120.88043441065,39.96830589138,1253.4],[-120.8804976102,39.968289127573,1252.9],[-120.88057220913,39.968283846974,1252.4],[-120.88070455939,39.968273704872,1252.0],[-120.88076625019,39.968268172815,1252.0],[-120.88082894683,39.968264903873,1252.3],[-120.88089340366,39.968263395131,1252.3],[-120.88095274754,39.968265909702,1252.9],[-120.88100085966,39.968270603567,1252.9],[-120.88107797317,39.968279656023,1253.4],[-120.88120076805,39.968301197514,1254.6],[-120.88125717826,39.968315195292,1254.6],[-120.88130897842,39.96832835488,1255.4],[-120.88135943748,39.968334808946,1255.4],[-120.88140889071,39.968337155879,1256.4],[-120.88151399978,39.968336820602,1257.2],[-120.88155230507,39.968327097595,1257.2],[-120.88160444051,39.968305053189,1257.8],[-120.88164450601,39.96828334406,1257.8],[-120.88167593814,39.968258114532,1258.4],[-120.88169069029,39.968226430938,1258.4],[-120.88169219904,39.968187371269,1258.4],[-120.8816937916,39.968111431226,1257.9],[-120.88171022013,39.968076143414,1257.5],[-120.88173762895,39.968007411808,1257.5],[-120.88175388984,39.967961562797,1257.9],[-120.88175833225,39.967929460108,1257.9],[-120.88175145909,39.967891825363,1257.2],[-120.88173788041,39.967855196446,1255.4],[-120.88172648102,39.967814544216,1254.0],[-120.88171281852,39.967764671892,1254.0],[-120.88168658316,39.967706417665,1253.0],[-120.88166219182,39.967633998021,1253.0],[-120.88165263645,39.967555962503,1251.7],[-120.88164433837,39.967479435727,1247.6],[-120.88161248714,39.967391677201,1246.4],[-120.88157099672,39.967310708016,1245.2],[-120.88152154349,39.967230241746,1240.1],[-120.88146748021,39.967143069953,1237.7],[-120.88142758235,39.967069560662,1232.1],[-120.88137268089,39.966960512102,1231.2],[-120.88135994039,39.96686805971,1230.8],[-120.8813665621,39.966775607318,1230.6],[-120.8813718427,39.966676365584,1230.4],[-120.88136044331,39.966593552381,1230.6],[-120.88132750243,39.966516355053,1227.5],[-120.88132213801,39.966458519921,1227.5],[-120.88134753518,39.966358356178,1231.7],[-120.88131786324,39.966278979555,1228.9],[-120.88131853379,39.966194489971,1229.7],[-120.88129456155,39.966111173853,1230.4],[-120.88128433563,39.966025091708,1231.1],[-120.88125877082,39.965877402574,1231.8],[-120.8812560048,39.965816633776,1232.4],[-120.88124234229,39.965756703168,1229.9],[-120.88122624904,39.965689480305,1230.5],[-120.88118140586,39.965588813648,1231.1],[-120.88111946359,39.965399801731,1228.8],[-120.88108233176,39.965320425108,1229.0],[-120.88105383329,39.965238785371,1226.0],[-120.88104385883,39.965163264424,1226.1],[-120.88104696013,39.965097969398,1226.2],[-120.88106674142,39.965032925829,1226.3],[-120.88104427792,39.964969810098,1226.3],[-120.88105450384,39.964921446517,1226.4],[-120.88107244112,39.964887499809,1229.6],[-120.88110622019,39.964862857014,1229.6],[-120.8811565116,39.964854978025,1229.9],[-120.88117922656,39.964834693819,1233.5],[-120.88116372004,39.96478876099,1229.9],[-120.88114628568,39.964763866737,1230.1],[-120.88111527264,39.964731344953,1230.1],[-120.88105509058,39.964691027999,1226.6],[-120.88095333427,39.964534034953,1222.6],[-120.88091083802,39.964465470985,1222.4],[-120.88086121716,39.964386597276,1216.8],[-120.88078846224,39.964309986681,1210.4],[-120.88073993102,39.964235974476,1210.4],[-120.88070011698,39.964153580368,1205.1],[-120.8806566149,39.964082501829,1204.7],[-120.8805905655,39.964015278965,1200.2],[-120.88052191772,39.963947720826,1200.2],[-120.88041521609,39.963792068884,1190.3],[-120.88037330657,39.963694503531,1189.3],[-120.88033391163,39.963599704206,1183.9],[-120.88033592328,39.963520998135,1182.8],[-120.88034422137,39.963430054486,1186.1],[-120.88032527827,39.96332930401,1180.7],[-120.88032670319,39.963263757527,1179.6],[-120.88033550419,39.963191086426,1178.6],[-120.88033458218,39.963115984574,1178.6],[-120.88036098517,39.963035015389,1182.0],[-120.88042535819,39.962957566604,1181.0],[-120.88048126549,39.962898138911,1184.0],[-120.88057070039,39.962882380933,1188.6],[-120.880639432,39.962923703715,1193.3],[-120.8806376718,39.962926302105,1193.3],[-120.88064337149,39.962917165831,1193.3],[-120.88063976727,39.96291808784,1193.3],[-120.8806566149,39.96291372925,1193.3],[-120.88065912947,39.9629267212,1193.3],[-120.88065116666,39.962940718979,1193.3],[-120.88063473813,39.96296485886,1194.5],[-120.880603306,39.963023029268,1194.5],[-120.88054899126,39.96316476725,1192.4],[-120.88054161519,39.963220506907,1192.4],[-120.88054362684,39.963277922943,1193.7],[-120.88054756634,39.963311282918,1193.7],[-120.88055192493,39.963350677863,1194.8],[-120.88054480031,39.963386049494,1194.8],[-120.88053541258,39.963440783322,1195.6],[-120.88051320054,39.963568858802,1191.9],[-120.88051890023,39.963631723076,1197.5],[-120.88054890744,39.963809587061,1199.1],[-120.88055904955,39.963885778561,1199.7],[-120.8805738017,39.964000694454,1200.2],[-120.88057899848,39.964071856812,1200.5],[-120.88055720553,39.964131116867,1200.5],[-120.88053289801,39.964177384973,1200.8],[-120.88053205982,39.96422524564,1200.8],[-120.88047925383,39.964359942824,1197.6],[-120.88040884584,39.964402271435,1193.4],[-120.88031228632,39.96434812434,1189.3],[-120.88023617864,39.964313590899,1189.0],[-120.88019091636,39.964284338057,1185.2],[-120.88017138653,39.964274447411,1185.2],[-120.88016367517,39.964272771031,1185.2],[-120.88016225025,39.964279057458,1185.2],[-120.88015520945,39.964298922569,1185.2],[-120.8801272139,39.964327085763,1182.2],[-120.88009494357,39.964350303635,1182.2],[-120.87997952476,39.964391374961,1179.2],[-120.87986653671,39.964441331103,1176.1],[-120.87974256836,39.964403361082,1175.6],[-120.87967442349,39.964346867055,1176.8],[-120.87954877876,39.964235220104,1177.1],[-120.87949647568,39.964190125465,1177.2],[-120.87945112959,39.964158106595,1177.2],[-120.87941433303,39.964116532356,1177.5],[-120.8793613594,39.964083004743,1177.5],[-120.8793353755,39.964060038328,1177.5],[-120.87930193171,39.964032294229,1178.2],[-120.87927477434,39.964024666697,1178.2],[-120.87923127227,39.96401402168,1178.2],[-120.87915248238,39.963996419683,1179.9],[-120.87910579517,39.963972112164,1181.5],[-120.87903019041,39.963929532096,1181.7],[-120.87893069722,39.963874714449,1183.1],[-120.87886397727,39.963811514899,1183.4],[-120.87883028202,39.96377681382,1183.4],[-120.8788227383,39.963740939274,1182.2],[-120.8787967544,39.963693497702,1182.2],[-120.8786967583,39.963591825217,1182.5],[-120.8786676731,39.963569696993,1182.9],[-120.87864210829,39.963541785255,1182.9],[-120.8786324691,39.963523764163,1182.9],[-120.87862660177,39.963509850204,1182.9],[-120.87865375914,39.963513705879,1182.9],[-120.87866222486,39.96351714246,1182.9],[-120.8786549326,39.963506413624,1182.9],[-120.87864235975,39.963495349512,1182.9],[-120.87861193344,39.963477831334,1182.2],[-120.87858687155,39.963466683403,1183.5],[-120.87856340222,39.963453859091,1183.5],[-120.87853850797,39.963444471359,1183.5],[-120.87851202115,39.963434580714,1183.5],[-120.87848654017,39.963427875191,1184.9],[-120.87844597176,39.963420750573,1184.9],[-120.87841034867,39.963413625956,1186.5],[-120.87837715633,39.963409183547,1186.5],[-120.87834245525,39.96340197511,1186.5],[-120.87831454352,39.963398873806,1188.0],[-120.87828193791,39.963397113606,1188.0],[-120.87825511582,39.963394263759,1188.0],[-120.87823005393,39.963384205475,1188.5],[-120.87820088491,39.963370459154,1188.5],[-120.87817414664,39.963358389214,1188.5],[-120.87814606726,39.963349672034,1190.0],[-120.87812519632,39.963339529932,1190.0],[-120.87810298428,39.963324526325,1190.0],[-120.878075324,39.963307427242,1190.0],[-120.87804766372,39.963287897408,1190.5],[-120.87801774032,39.963270463049,1190.5],[-120.87798706256,39.963259566575,1190.5],[-120.87795856409,39.963255543262,1192.0],[-120.87793786079,39.963252022862,1192.0],[-120.87791581638,39.963247161359,1192.0],[-120.87787918746,39.963238192722,1193.5],[-120.87784431875,39.963234169409,1193.5],[-120.87781162933,39.963229978457,1193.5],[-120.87778237648,39.96322109364,1193.5],[-120.87775555439,39.963211286813,1195.1],[-120.87772898376,39.963203407824,1195.1],[-120.87770593353,39.963196534663,1194.2],[-120.87768196128,39.963188068941,1195.7],[-120.87766192853,39.963181614876,1195.7],[-120.87763653137,39.963172813877,1195.7],[-120.87761029601,39.963161079213,1195.7],[-120.87758498266,39.963154289871,1197.1],[-120.87755975313,39.963149847463,1197.1],[-120.87754231878,39.963148171082,1197.1],[-120.87752010673,39.963142136112,1198.3],[-120.87749253027,39.963134760037,1198.3],[-120.87745145895,39.963112715632,1198.3],[-120.87741399184,39.963086731732,1198.3],[-120.8773772791,39.963063010946,1198.3],[-120.87734391913,39.963044403121,1198.3],[-120.87730687112,39.963033171371,1199.4],[-120.87727359496,39.963026214391,1199.4],[-120.87724358775,39.963015569374,1199.3],[-120.87720721029,39.96300375089,1199.3],[-120.87716823444,39.962992854416,1199.3],[-120.87713101879,39.962982293218,1200.3],[-120.87709941901,39.962973743677,1200.3],[-120.87707234547,39.96296913363,1200.3],[-120.87704359554,39.962964272127,1201.2],[-120.8770055417,39.96295362711,1201.2],[-120.87696338072,39.962934600189,1202.0],[-120.87691761553,39.962915237993,1200.5],[-120.87687050924,39.962896713987,1201.3],[-120.87682927027,39.962886320427,1201.3],[-120.87679582648,39.962883805856,1201.3],[-120.87677319534,39.962887158617,1202.0],[-120.87674821727,39.96288782917,1202.0],[-120.87671066634,39.962878692895,1202.0],[-120.87667554617,39.962868299335,1202.6],[-120.87663841434,39.962863270193,1202.6],[-120.87659759447,39.962861929089,1203.3],[-120.87655736133,39.962854133919,1203.3],[-120.87651461363,39.962838962674,1202.3],[-120.87637547404,39.962799064815,1202.8],[-120.87634429336,39.962799064815,1202.8],[-120.87631378323,39.962802333757,1203.2],[-120.87628285401,39.962795376778,1203.2],[-120.8762559481,39.962783725932,1203.2],[-120.8761313092,39.96274843812,1202.0],[-120.87609308772,39.962731422856,1202.0],[-120.87595009245,39.962689932436,1202.1],[-120.87590524927,39.962687501684,1202.1],[-120.87582511827,39.962687501684,1202.1],[-120.87579150684,39.962691357359,1202.1],[-120.87575236335,39.962690686807,1202.1],[-120.87571489625,39.962691944093,1202.1],[-120.87567516603,39.962692614645,1202.1],[-120.87561984546,39.962682388723,1202.1],[-120.87557215244,39.962669229135,1202.1],[-120.87534307502,39.962616339326,1199.8],[-120.87528272532,39.962584404275,1199.8],[-120.87524098344,39.962544254959,1198.5],[-120.87520661764,39.962498825043,1199.3],[-120.87519815192,39.962467560545,1198.7],[-120.87517141365,39.962440989912,1198.7],[-120.87515423074,39.962413916364,1198.7],[-120.87514325045,39.962398158386,1198.7],[-120.87512757629,39.962360104546,1199.7],[-120.87510561571,39.962319619954,1199.7],[-120.87508415803,39.962286595255,1199.3],[-120.87506169453,39.962260862812,1199.3],[-120.87504023686,39.962235214189,1199.3],[-120.87501509115,39.962214259431,1200.2],[-120.87498642504,39.962188778445,1200.2],[-120.87496865541,39.962170924991,1200.2],[-120.87494744919,39.962151562795,1200.2],[-120.87491450831,39.96212775819,1201.7],[-120.87488056161,39.962108647451,1201.1],[-120.87485441007,39.96209490113,1201.1],[-120.87482959963,39.962075622752,1202.6],[-120.87481300347,39.962053997442,1202.6],[-120.87479691021,39.962034467608,1202.6],[-120.87477729656,39.962016865611,1202.0],[-120.87475013919,39.962003538385,1203.5],[-120.87471887469,39.961994653568,1203.5],[-120.87468408979,39.961984176189,1203.5],[-120.87465743534,39.96197889559,1205.0],[-120.87463513948,39.961975459009,1205.0],[-120.87460312061,39.961963808164,1205.0],[-120.87457277812,39.961952576414,1205.0],[-120.87454989552,39.961947128177,1206.5],[-120.8745295275,39.961941512302,1205.9],[-120.87450781837,39.961936231703,1205.9],[-120.87448317558,39.961927598342,1205.9],[-120.87445987388,39.961916198954,1207.3],[-120.87443171069,39.961898429319,1207.3],[-120.87440706789,39.961877474561,1207.3],[-120.8743841853,39.961861800402,1206.7],[-120.87435677648,39.961844617501,1208.1],[-120.87433607318,39.961830200627,1208.1],[-120.87431511842,39.961810503155,1208.1],[-120.87430187501,39.96179105714,1208.1],[-120.87428946979,39.961778568104,1208.1],[-120.87427522056,39.961762810126,1207.5],[-120.87425887585,39.961753422394,1208.9],[-120.87423406541,39.961749818176,1208.9],[-120.87421034463,39.961745627224,1208.9],[-120.87419232354,39.961733724922,1208.9],[-120.87417698465,39.961712183431,1208.9],[-120.87414873764,39.961681673303,1210.3],[-120.87411965244,39.961659712717,1209.4],[-120.87407690473,39.961624760181,1210.8],[-120.87404513732,39.961603553966,1210.8],[-120.8740120288,39.961584275588,1210.8],[-120.87398679927,39.961564075202,1211.2],[-120.87396374904,39.961541276425,1211.2],[-120.8739393577,39.961512777954,1211.2],[-120.87390960194,39.961476903409,1210.2],[-120.87388898246,39.961451841518,1210.2],[-120.8738512639,39.961416469887,1211.6],[-120.87381497025,39.961385708302,1210.7],[-120.87379518896,39.96136508882,1212.1],[-120.87375151925,39.961336003616,1212.1],[-120.8737209253,39.961313959211,1212.1],[-120.87370273657,39.961290070787,1212.5],[-120.87366434745,39.961262242869,1212.5],[-120.87364372797,39.961244137958,1212.5],[-120.87360869162,39.961218070239,1213.8],[-120.87356217206,39.961178088561,1212.8],[-120.87353400886,39.961151853204,1212.8],[-120.87350299582,39.961122348905,1213.0],[-120.87347374298,39.961104914546,1213.0],[-120.87345245294,39.961092509329,1213.0],[-120.87343350984,39.961082283407,1214.3],[-120.87340291589,39.961074823514,1214.3],[-120.87337357923,39.961068117991,1214.3],[-120.87334281765,39.961054287851,1215.7],[-120.8733091224,39.961038613692,1215.7],[-120.87327400222,39.961020424962,1214.5],[-120.87323854677,39.960999386385,1215.8],[-120.87320594117,39.96097994037,1215.8],[-120.87317015044,39.960961584002,1215.8],[-120.87313662283,39.960940461606,1215.9],[-120.87310552597,39.960913388059,1215.9],[-120.87307711132,39.960883883759,1215.9],[-120.87304777466,39.960854798555,1215.8],[-120.87301768363,39.960827054456,1215.8],[-120.87299429812,39.960803166032,1215.8],[-120.87297384627,39.960784055293,1217.0],[-120.87295817211,39.960766872391,1215.7],[-120.8729457669,39.960756395012,1215.7],[-120.87292883545,39.960745163262,1215.7],[-120.87290109135,39.960739128292,1215.7],[-120.87286496535,39.960722951218,1216.8],[-120.87283520959,39.960712222382,1216.8],[-120.87278885767,39.960694955662,1217.9],[-120.87276186794,39.960680706427,1217.9],[-120.87273328565,39.960671151057,1216.5],[-120.87270378135,39.960661092773,1217.5],[-120.87266413495,39.960637874901,1217.5],[-120.87263697758,39.960612813011,1217.5],[-120.87259992957,39.960578950122,1216.8],[-120.87255835533,39.960555229336,1216.8],[-120.87252558209,39.96054014191,1217.6],[-120.87247721851,39.960519522429,1217.6],[-120.87244846858,39.96050468646,1217.6],[-120.87241142057,39.960482222959,1216.6],[-120.87229541503,39.960390273482,1215.6],[-120.87219131179,39.960351716727,1216.2],[-120.87206843309,39.960311315954,1217.1],[-120.8720191475,39.960300503299,1217.1],[-120.87191579863,39.960282314569,1215.2],[-120.8718821872,39.960267059505,1215.3],[-120.87184907869,39.960267730057,1215.3],[-120.87180582806,39.960265969858,1215.3],[-120.8717557881,39.960261108354,1215.3],[-120.87171195075,39.960254067555,1215.3],[-120.87168093771,39.960246775299,1215.3],[-120.87165998295,39.960247278214,1215.3],[-120.87162368931,39.960254402831,1215.3],[-120.87159292772,39.960253229365,1215.5],[-120.87153366767,39.960225401446,1215.5],[-120.8714963682,39.96016186662,1213.7],[-120.87149259634,39.960155915469,1213.7],[-120.8714827057,39.960153400898,1213.7],[-120.87148463354,39.960153484717,1213.7],[-120.87148630992,39.960151053965,1213.7],[-120.8714739047,39.9601428397,1213.7],[-120.87145915255,39.960133787245,1213.7],[-120.87144322693,39.960121298209,1213.7],[-120.87142830715,39.960103528574,1211.9],[-120.87141724303,39.960082741454,1211.9],[-120.87140575983,39.96005717665,1211.9],[-120.87134909816,39.959959611297,1210.5],[-120.87133971043,39.959921976551,1209.4],[-120.87133878842,39.959824997932,1209.0],[-120.87134348229,39.959781914949,1209.0],[-120.87136351503,39.959539929405,1209.0],[-120.87135245092,39.959505898878,1209.0],[-120.8713351842,39.959459295496,1209.0],[-120.87133157998,39.959358377382,1208.7],[-120.87134934962,39.959249412641,1208.5],[-120.87136259302,39.959225608036,1208.5],[-120.87136317976,39.959200462326,1208.5],[-120.87134976871,39.959163665771,1208.2],[-120.87132655084,39.959127204493,1208.2],[-120.87128279731,39.959090324119,1209.9],[-120.87120249867,39.959001811221,1211.4],[-120.87113393471,39.958932241425,1211.4],[-120.87109537795,39.958905670792,1212.7],[-120.87105841376,39.958888739347,1212.7],[-120.87103368714,39.958876837045,1212.7],[-120.87100921199,39.95886686258,1214.9],[-120.8709876705,39.958845488727,1214.9],[-120.87097987533,39.95882101357,1213.9],[-120.87098582648,39.958795616403,1213.9],[-120.87098054588,39.958766615018,1213.9],[-120.87096151896,39.9587387871,1212.9],[-120.87094148621,39.958708025515,1212.9],[-120.87090653367,39.958679443225,1215.1],[-120.87087417953,39.958662679419,1214.0],[-120.87084819563,39.958650609478,1214.0],[-120.87075373158,39.958587409928,1216.1],[-120.87070587091,39.958553379402,1216.9],[-120.87068734691,39.958539381623,1216.9],[-120.8706547413,39.958527227864,1216.9],[-120.87063546292,39.95851457119,1219.1],[-120.87061911821,39.958502333611,1219.1],[-120.87060713209,39.958483893424,1219.1],[-120.87060419843,39.958469057456,1219.1],[-120.8706031926,39.958454305306,1219.1],[-120.8706027735,39.958451706916,1219.1],[-120.87059472688,39.958439636976,1217.9],[-120.87058517151,39.958419688046,1217.9],[-120.87056203745,39.958398398012,1217.9],[-120.87054091506,39.958382220939,1220.2],[-120.87052549236,39.958370067179,1220.2],[-120.87052180432,39.958350034431,1218.8],[-120.87051979266,39.958350872621,1218.8],[-120.87052733637,39.958361182362,1220.2],[-120.87053102441,39.958369899541,1220.2],[-120.87053211406,39.958369312808,1220.2],[-120.87052633055,39.958363194019,1220.2],[-120.87052121758,39.958355985582,1218.8],[-120.87052314542,39.958364199847,1220.2],[-120.87052440271,39.958385908976,1220.2],[-120.87052767165,39.95841499418,1220.2],[-120.87054208852,39.958448270336,1220.2],[-120.87055197917,39.958467045799,1221.5],[-120.87056078017,39.958493532613,1221.5],[-120.87057813071,39.958521276712,1219.1],[-120.87058919482,39.958550278097,1220.4],[-120.87059061974,39.958585817367,1220.4],[-120.8705926314,39.958619177341,1220.4],[-120.87059288286,39.958650944754,1221.6],[-120.87059799582,39.958672737703,1221.6],[-120.87060025893,39.958697129041,1221.6],[-120.8705904521,39.958719508722,1221.6],[-120.87057603523,39.958744067699,1222.7],[-120.87057243101,39.958768291399,1222.7],[-120.8705719281,39.958790922537,1222.7],[-120.87056849152,39.958810200915,1222.7],[-120.87056145072,39.958835346624,1225.9],[-120.87055952288,39.958858815953,1225.9],[-120.87056052871,39.958877926692,1225.9],[-120.8705582656,39.958899216726,1225.9],[-120.87055357173,39.958915309981,1225.9],[-120.87055675685,39.958935594186,1226.7],[-120.87054753676,39.958960236982,1226.7],[-120.87054150179,39.958988316357,1226.7],[-120.8705455251,39.959016731009,1226.7],[-120.87054971606,39.959036596119,1227.4],[-120.87054787204,39.959059394896,1227.4],[-120.87054208852,39.959077918902,1227.4],[-120.87055130862,39.959098622203,1227.4],[-120.87055516429,39.959114883095,1228.0],[-120.87056924589,39.959148410708,1228.0],[-120.87055600248,39.959159642458,1228.0],[-120.87054393254,39.959177160636,1228.0],[-120.87054175325,39.959183027968,1228.0],[-120.87051434442,39.959193002433,1228.0],[-120.87050260976,39.959208341315,1228.5],[-120.87050244212,39.959227368236,1228.5],[-120.87050428614,39.959246311337,1228.5],[-120.8705041185,39.959265002981,1228.5],[-120.87050168775,39.959287801757,1228.6],[-120.87049607188,39.959306577221,1228.6],[-120.8704891149,39.959323760122,1230.7],[-120.87048106827,39.95934387669,1230.7],[-120.87046816014,39.959365669638,1230.7],[-120.87044913322,39.959388552234,1230.8],[-120.87043555453,39.959409590811,1230.8],[-120.87042859755,39.959428953007,1230.8],[-120.87041887455,39.959452170879,1230.8],[-120.87040881626,39.959475221112,1230.8],[-120.87040755898,39.959497181699,1230.8],[-120.87040789425,39.959518387914,1230.8],[-120.87041032501,39.959538420662,1230.8],[-120.87040303275,39.959561806172,1233.2],[-120.8703966625,39.959584604949,1233.2],[-120.87039423175,39.959606397897,1233.2],[-120.87039540522,39.959628358483,1233.2],[-120.87038987316,39.959653588012,1233.2],[-120.87037780322,39.95968057774,1233.2],[-120.87037134916,39.959710417315,1233.2],[-120.87035953067,39.959737826139,1233.2],[-120.87035517208,39.959763139486,1233.2],[-120.87036154233,39.959787363186,1233.2],[-120.87036455981,39.959809323773,1233.2],[-120.87035676464,39.959826925769,1233.2],[-120.87034435943,39.959836648777,1233.2],[-120.87033421732,39.959846036509,1233.2],[-120.8703001868,39.959851652384,1236.0],[-120.87027755566,39.959846539423,1236.1],[-120.87025324814,39.959839414805,1236.1],[-120.87023371831,39.959825417027,1236.1],[-120.87021075189,39.959802953526,1236.1],[-120.8701878693,39.959781495854,1239.1],[-120.8701618854,39.959766408429,1239.1],[-120.87015124038,39.959754422307,1239.1],[-120.87013992481,39.959739586338,1239.1],[-120.87012819014,39.959720727056,1239.1],[-120.87012131698,39.95970052667,1239.1],[-120.87011243217,39.959676889703,1242.1],[-120.87010195479,39.959654090926,1242.1],[-120.87009575218,39.959633722901,1242.0],[-120.87008845992,39.959607152268,1242.0],[-120.87007379159,39.959573624656,1242.0],[-120.87005727924,39.95954730548,1241.8],[-120.87005669251,39.959528110921,1241.8],[-120.87005761452,39.959520148113,1241.8],[-120.87004554458,39.959512185305,1241.8],[-120.87002693675,39.959505647421,1244.5],[-120.87000673637,39.959493493661,1244.5],[-120.86999156512,39.9594676774,1244.0],[-120.8699835185,39.95944077149,1244.0],[-120.86997488514,39.95941914618,1244.0],[-120.86996600032,39.959396095946,1244.0],[-120.86995099671,39.959368603304,1243.3],[-120.86993037723,39.959347648546,1245.7],[-120.86990321986,39.959331555292,1245.7],[-120.86987220682,39.959313115105,1245.7],[-120.86985167116,39.95929970406,1247.9],[-120.86981621571,39.95927195996,1247.3],[-120.86980590597,39.959246395156,1247.3],[-120.86978905834,39.959214795381,1247.3],[-120.86978260428,39.959186464548,1246.8],[-120.86976458319,39.959164923057,1249.0],[-120.86974714883,39.959142375737,1249.0],[-120.8697232604,39.95912309736,1249.0],[-120.86970046163,39.95910063386,1248.5],[-120.86968939751,39.959073476493,1248.5],[-120.8696787525,39.959041289985,1248.5],[-120.86967397481,39.958994770423,1247.8],[-120.86967179552,39.958947245032,1247.8],[-120.86966668256,39.958915561438,1249.4],[-120.86965461262,39.958888906986,1249.4],[-120.86964371614,39.958862420171,1249.4],[-120.86963181384,39.958843309432,1248.7],[-120.86961437948,39.958832077682,1248.7],[-120.86958923377,39.958818247542,1248.7],[-120.86957062595,39.958799220622,1251.1],[-120.8695536945,39.958785977215,1251.1],[-120.86953441612,39.958772649989,1251.1],[-120.86951220408,39.958754796535,1251.1],[-120.86949778721,39.958730824292,1250.3],[-120.86948756129,39.958705678582,1252.7],[-120.86947993375,39.958683801815,1252.7],[-120.86946375668,39.958659913391,1252.7],[-120.86944942363,39.958638707176,1251.7],[-120.86943391711,39.958618255332,1251.7],[-120.86941204034,39.958595288917,1251.7],[-120.86939024739,39.958573160693,1253.9],[-120.86936987936,39.958550781012,1253.9],[-120.86934607476,39.958528485149,1253.0],[-120.86932838894,39.958503842354,1253.0],[-120.86931237951,39.958475511521,1253.0],[-120.86929670535,39.958447515965,1254.4],[-120.86928430013,39.958422118798,1254.4],[-120.86927114055,39.958400996402,1254.4],[-120.86925529875,39.958380125463,1254.4],[-120.86923811585,39.958361517638,1253.5],[-120.86922571063,39.958334947005,1253.5],[-120.86921070702,39.958310388029,1255.8],[-120.86919721216,39.95829211548,1255.8],[-120.86918941699,39.958275686949,1255.0],[-120.86917516775,39.958261856809,1255.0],[-120.86916360073,39.958247691393,1255.0],[-120.86915488355,39.958233274519,1255.0],[-120.8691414725,39.958222545683,1255.0],[-120.86913183331,39.958210140467,1255.0],[-120.86912445724,39.958193292841,1257.1],[-120.86911674589,39.958165381104,1256.5],[-120.86910668761,39.958137888461,1256.5],[-120.86908908561,39.958103941754,1256.5],[-120.86907835677,39.95807393454,1255.8],[-120.86906913668,39.958050465211,1255.8],[-120.86905622855,39.958026912063,1255.8],[-120.86904348806,39.958002269268,1255.8],[-120.86903552525,39.95797527954,1257.3],[-120.86902370676,39.957948876545,1257.3],[-120.86900400929,39.95791903697,1257.3],[-120.86898204871,39.957893136889,1256.6],[-120.8689631056,39.957870924845,1256.6],[-120.86894139647,39.957844857126,1256.6],[-120.86892547086,39.957817448303,1258.6],[-120.86890828796,39.957795068622,1258.1],[-120.86889839731,39.957761121914,1258.1],[-120.8688869141,39.957723487169,1258.1],[-120.86887333542,39.957683589309,1257.7],[-120.86886419915,39.957655342296,1257.7],[-120.86885749362,39.957631872967,1257.7],[-120.86884710006,39.957607984543,1259.5],[-120.86883620359,39.95757269673,1259.5],[-120.86882203817,39.957537492737,1259.5],[-120.86879982613,39.95751477778,1259.4],[-120.86877208203,39.957503713667,1259.4],[-120.86874450557,39.9574835971,1261.4],[-120.86872405373,39.957459624857,1261.4],[-120.86871089414,39.957444537431,1261.4],[-120.8686966449,39.9574091658,1261.2],[-120.86868566461,39.957378655672,1261.2],[-120.86867728271,39.95733984746,1261.0],[-120.86866772734,39.957304811105,1261.0],[-120.86864761077,39.95728016831,1263.0],[-120.86862321943,39.957258459181,1263.0],[-120.86860662326,39.95723683387,1262.9],[-120.8686243929,39.957210682333,1262.9],[-120.86861374788,39.957184782252,1262.9],[-120.86858734488,39.957161648199,1262.9],[-120.86856404319,39.957142788917,1263.1],[-120.8685495425,39.957120744511,1264.9],[-120.86853780784,39.957090318203,1264.9],[-120.86853152141,39.95705938898,1264.8],[-120.86852984503,39.957026951015,1264.8],[-120.86851945147,39.956995015964,1264.8],[-120.86850302294,39.956959811971,1265.2],[-120.86848776788,39.956926871091,1265.2],[-120.86847544648,39.956896444783,1265.2],[-120.86846396327,39.956865850836,1266.4],[-120.86845180951,39.95684129186,1266.4],[-120.8684438467,39.956815391779,1266.4],[-120.86844359525,39.956784462556,1266.4],[-120.86844694801,39.956751689315,1266.3],[-120.86844820529,39.956719921902,1266.3],[-120.86844862439,39.956687483937,1266.3],[-120.86844300851,39.956659404561,1266.5],[-120.86843638681,39.956630654633,1266.5],[-120.86843395606,39.956604670733,1266.5],[-120.86842783727,39.956584302709,1266.8],[-120.8684235625,39.956564689055,1266.8],[-120.86842113174,39.956540549174,1266.8],[-120.86841744371,39.956516493112,1266.8],[-120.86841459386,39.956495957449,1267.3],[-120.86840646341,39.956476679072,1267.3],[-120.8683971595,39.95645605959,1267.3],[-120.86839070544,39.956427393481,1267.3],[-120.86838073097,39.95639805682,1268.3],[-120.86838223971,39.956367379054,1268.3],[-120.86838064715,39.956343658268,1268.3],[-120.86838182062,39.956314824522,1268.3],[-120.86837746203,39.956286326051,1269.3],[-120.8683694154,39.956256318837,1269.3],[-120.86837234907,39.956230670214,1269.3],[-120.86838626303,39.956208793446,1270.9],[-120.86842121556,39.956189095974,1270.6],[-120.86845868267,39.956168308854,1270.6],[-120.86850059219,39.956147773191,1270.7],[-120.8685239777,39.956124471501,1272.0],[-120.86853303015,39.9561002478,1272.0],[-120.86852959357,39.956079628319,1272.0],[-120.86851643398,39.956062026322,1272.0],[-120.86849070154,39.956052973866,1272.0],[-120.86846170016,39.956046268344,1272.2],[-120.86843286641,39.956034617499,1272.2],[-120.86841174401,39.956015087664,1273.6],[-120.86841057055,39.955986170098,1273.6],[-120.86842020974,39.955964963883,1273.6],[-120.86842942983,39.955948702991,1273.6],[-120.86844820529,39.955930933356,1274.7],[-120.86847561412,39.955915343016,1274.7],[-120.8685032744,39.955901931971,1274.1],[-120.86851970293,39.955886928365,1274.1],[-120.86854191497,39.955872092396,1274.1],[-120.86857309565,39.955859268084,1273.8],[-120.86861592717,39.955843007192,1275.1],[-120.86865926161,39.955832278356,1275.1],[-120.86869991384,39.955829512328,1274.7],[-120.86874173954,39.955832194537,1274.7],[-120.86878071539,39.955834876746,1274.0],[-120.86881499738,39.955839235336,1273.0],[-120.8688459266,39.955839319155,1273.0],[-120.86887878366,39.955836469308,1273.0],[-120.86890786886,39.955837056041,1272.2],[-120.86893846281,39.955841079354,1272.2],[-120.86896863766,39.955844599754,1272.2],[-120.86899596266,39.955842839554,1271.4],[-120.86901825853,39.955832026899,1271.4],[-120.86903208867,39.95581895113,1271.4],[-120.86903535761,39.955805540085,1271.4],[-120.86903125048,39.955790201202,1271.4],[-120.86902990937,39.955772515386,1271.4],[-120.86902814917,39.955756086856,1271.9],[-120.86902295239,39.955743178725,1271.9],[-120.86901356466,39.955733623356,1271.9],[-120.86899755523,39.955724738538,1272.9],[-120.8689789474,39.955711327493,1272.9],[-120.86896209978,39.955695904791,1272.9],[-120.86894759908,39.955682493746,1272.9],[-120.86893100291,39.955669753253,1272.9],[-120.86891013198,39.955660281703,1272.9],[-120.8688873332,39.955651145428,1275.7],[-120.86886679754,39.95564234443,1275.7],[-120.86884886026,39.955636058003,1275.7],[-120.86883762851,39.955631783232,1275.7],[-120.86883192882,39.955631447956,1275.7],[-120.86875665933,39.955627005547,1277.4],[-120.86851928383,39.955646283925,1279.0],[-120.86837125942,39.955643434078,1279.1],[-120.86831208318,39.955643769354,1279.1],[-120.8682641387,39.955647373572,1278.6],[-120.86822390556,39.95565449819,1277.2],[-120.8681857679,39.955664807931,1277.2],[-120.86815064773,39.955669753253,1276.5],[-120.86811477318,39.955673022196,1276.5],[-120.86806716397,39.955675955862,1276.1],[-120.86791737936,39.955674028024,1276.5],[-120.86788066663,39.955665813759,1276.5],[-120.86784680374,39.955657515675,1277.3],[-120.86780682206,39.955653324723,1277.4],[-120.86768771522,39.955653743818,1277.6],[-120.86758604273,39.955645697191,1277.6],[-120.86751177907,39.955658940598,1277.9],[-120.86747297086,39.95567268692,1277.7],[-120.86743030697,39.955689702183,1278.3],[-120.86737590842,39.955711243674,1278.3],[-120.86731279269,39.955749213696,1278.9],[-120.86729032919,39.955775197595,1278.6],[-120.86717968807,39.955898327753,1279.0],[-120.8671252057,39.955963455141,1279.7],[-120.86709980853,39.955987427384,1279.7],[-120.86708438583,39.956020368263,1279.7],[-120.8670661971,39.956049453467,1280.4],[-120.86704574525,39.956067474559,1280.4],[-120.86701263674,39.956112736836,1280.4],[-120.86699796841,39.956139475107,1280.6],[-120.86698774248,39.95616436936,1280.6],[-120.86698866449,39.956195633858,1280.6],[-120.86698279716,39.956222707406,1280.7],[-120.86697676219,39.956249780953,1281.4],[-120.86696209386,39.956277441233,1281.4],[-120.86693560705,39.956302167848,1281.4],[-120.86690668948,39.956309627742,1281.8],[-120.86687433533,39.956303844228,1282.2],[-120.86675246246,39.956266041845,1282.9],[-120.86670954712,39.956247601658,1282.9],[-120.86667124182,39.956237711012,1283.7],[-120.86662899703,39.956229832023,1283.7],[-120.86659781635,39.956228742376,1284.4],[-120.86656931788,39.956240141764,1284.4],[-120.86654853076,39.956257743761,1284.4],[-120.8665306773,39.956273250282,1284.4],[-120.86651969701,39.956285068765,1284.4],[-120.86650771089,39.956299569458,1285.1],[-120.86649438366,39.956314321607,1285.1],[-120.86647653021,39.956331923604,1285.9],[-120.86646119133,39.9563512858,1285.9],[-120.86644677445,39.95637039654,1285.9],[-120.86642640643,39.956392776221,1285.9],[-120.8664082177,39.956414988264,1287.5],[-120.86639396846,39.956434601918,1287.5],[-120.86638902314,39.956445917487,1287.5],[-120.86638977751,39.95645086281,1287.5],[-120.86637686938,39.95645605959,1287.5],[-120.86636438034,39.956462346017,1287.5],[-120.86636144668,39.956464525312,1287.5],[-120.8663443476,39.956475673243,1287.5],[-120.86632096209,39.956487491727,1287.5],[-120.86629439145,39.956505596638,1288.0],[-120.86626622826,39.956527557224,1289.0],[-120.86624108255,39.956553792581,1289.0],[-120.86622389965,39.956585811451,1289.2],[-120.86620638147,39.956613471732,1290.4],[-120.8661902044,39.956635516137,1290.4],[-120.86616807617,39.956651860848,1290.4],[-120.8661466185,39.956669630483,1290.4],[-120.86611694656,39.956692093983,1291.3],[-120.86608191021,39.956720508635,1291.3],[-120.86605517194,39.956754874438,1291.3],[-120.86603455245,39.956784797832,1291.9],[-120.86601468734,39.95682134293,1291.9],[-120.86600571871,39.956852607429,1291.9],[-120.86600521579,39.956882698461,1292.9],[-120.86599901319,39.956913040951,1292.9],[-120.86599725299,39.956943718717,1292.9],[-120.86597428657,39.95697196573,1294.0],[-120.8659528289,39.95700138621,1293.7],[-120.86594855413,39.957028375939,1293.7],[-120.86593304761,39.957063999027,1294.8],[-120.86591938511,39.957097359002,1294.8],[-120.86591469124,39.957124181092,1294.8],[-120.8659061417,39.957155445591,1296.0],[-120.86589298211,39.957190062851,1296.0],[-120.86587496102,39.957234989852,1296.0],[-120.86585073732,39.957274552435,1296.9],[-120.86584922858,39.957300117239,1296.9],[-120.86586113088,39.957330962643,1297.3],[-120.8658607956,39.957352504134,1298.6],[-120.86585140787,39.957349821925,1298.2],[-120.86586590856,39.957353929058,1298.6],[-120.86588929407,39.957361891866,1298.6],[-120.86591418833,39.957374799997,1298.6],[-120.86593983695,39.957391982898,1298.6],[-120.86596464738,39.957412183285,1298.5],[-120.86598878726,39.957437077537,1300.1],[-120.86600370705,39.957465827465,1300.1],[-120.86601519026,39.957496421412,1300.1],[-120.86602709256,39.95752600953,1301.8],[-120.86604167707,39.95755366981,1301.8],[-120.86606087163,39.957574540749,1301.8],[-120.86607478559,39.95758568868,1301.6],[-120.86608677171,39.957594657317,1301.6],[-120.86609188467,39.957606308162,1301.6],[-120.86609867401,39.957627179101,1302.9],[-120.86610529572,39.957645367831,1302.9],[-120.86611149833,39.957659700885,1302.9],[-120.86611275561,39.957667579874,1302.9],[-120.86611116305,39.957670681179,1302.9],[-120.86611585692,39.957678057253,1302.9],[-120.86613463238,39.957698341459,1302.9],[-120.86615801789,39.957722900435,1303.8],[-120.86618073285,39.957744525746,1303.5],[-120.86620252579,39.957766570151,1303.5],[-120.86622926407,39.957804540172,1303.5],[-120.86624904536,39.957844940946,1304.6],[-120.86626807228,39.957883078605,1304.1],[-120.8662902005,39.957920294255,1305.1],[-120.86630537175,39.957960443571,1305.1],[-120.8663060423,39.958008807153,1305.9],[-120.86630193517,39.958052225411,1305.9],[-120.86630302481,39.958088602871,1306.6],[-120.86631685495,39.958126572892,1306.6],[-120.86632515304,39.958146354184,1306.6],[-120.8663597703,39.958186000586,1306.9],[-120.86638852023,39.958216259256,1306.9],[-120.86642120965,39.958232101053,1306.9],[-120.8664751891,39.95825230144,1306.4],[-120.86653612554,39.958282895386,1306.9],[-120.86660276167,39.958326313645,1306.4],[-120.86663377471,39.958343580365,1305.9],[-120.86665154435,39.9583595898,1306.4],[-120.86666671559,39.958379957825,1306.4],[-120.86667937227,39.9584097974,1306.4],[-120.86669370532,39.958431255072,1306.4],[-120.86670854129,39.958456484601,1306.7],[-120.86671717465,39.958488419652,1306.7],[-120.86671885103,39.958507446572,1306.7],[-120.86671809666,39.958513565361,1306.7],[-120.86672639474,39.958521276712,1306.3],[-120.86673159152,39.958538459614,1306.9],[-120.86673712358,39.958555307239,1306.9],[-120.86674642749,39.958583302796,1306.9],[-120.86675422266,39.958632001653,1306.9],[-120.86676268838,39.95865999721,1306.9],[-120.86676537059,39.95869201608,1306.9],[-120.86676486768,39.958720933646,1307.0],[-120.86676470004,39.958747839555,1307.0],[-120.86677341722,39.958772733808,1307.0],[-120.86678070948,39.958800310269,1307.0],[-120.86679370143,39.958837777376,1307.0],[-120.86680920795,39.958873400465,1306.2],[-120.86682655849,39.958913717419,1306.3],[-120.8668270614,39.958945987746,1306.3],[-120.86682555266,39.95897591114,1306.3],[-120.86681331508,39.959001140669,1306.3],[-120.86679286323,39.959047073498,1306.3],[-120.86677174084,39.959084959701,1307.1],[-120.86674374528,39.959118571132,1307.1],[-120.86672245525,39.959143633023,1307.1],[-120.86672337726,39.959175987169,1307.2],[-120.86673385464,39.95920532383,1307.2],[-120.86671818048,39.959240946919,1307.2],[-120.86667618714,39.959273384884,1308.0],[-120.8666090481,39.959305822849,1308.9],[-120.86654433981,39.959350582212,1308.9],[-120.86648876779,39.959382852539,1309.8],[-120.86643914692,39.9594157096,1309.8],[-120.86640863679,39.959438256919,1310.5],[-120.86635675281,39.959457451478,1310.6],[-120.8663337864,39.959463989362,1310.6],[-120.8663060423,39.959472874179,1311.4],[-120.86628248915,39.959495253861,1311.4],[-120.86624904536,39.959516543895,1311.4],[-120.86623504758,39.959546802565,1311.1],[-120.86619984359,39.959582006559,1311.9],[-120.86617411114,39.959591897205,1311.9],[-120.86613454856,39.959613187239,1312.8],[-120.86609590799,39.959634896368,1312.9],[-120.86606791243,39.959656521678,1312.9],[-120.86605751887,39.959673034027,1312.9],[-120.86604259908,39.959686361253,1313.7],[-120.866016699,39.959704969078,1313.7],[-120.86599222384,39.959727264941,1313.9],[-120.86597596295,39.959738245234,1313.9],[-120.86595727131,39.959750985727,1314.8],[-120.86593505926,39.95976112783,1314.8],[-120.86592701264,39.959771605209,1314.8],[-120.86592148058,39.959784597158,1314.8],[-120.86591779254,39.959803037345,1314.8],[-120.86590639316,39.959827680141,1314.9],[-120.86589449085,39.959853161126,1314.9],[-120.86588736624,39.95987880975,1314.9],[-120.86587982252,39.959906637669,1315.0],[-120.86586741731,39.95993161574,1316.0],[-120.86584738456,39.959953408688,1316.0],[-120.86579960771,39.959975033998,1316.0],[-120.86576021276,39.96000780724,1317.0],[-120.86572391912,39.960040580481,1317.0],[-120.865693409,39.960068576038,1317.0],[-120.86565627716,39.960095062852,1317.9],[-120.86562861688,39.960119202733,1318.1],[-120.86558109149,39.960140408948,1319.0],[-120.86555125192,39.96016102843,1319.0],[-120.86552669294,39.960186006501,1319.0],[-120.86550422944,39.960217438638,1320.2],[-120.86548679508,39.960248870775,1320.2],[-120.86547782645,39.960274100304,1320.2],[-120.86547690444,39.960299665108,1320.5],[-120.86549031548,39.960323888808,1320.5],[-120.86549467407,39.960352135822,1320.5],[-120.86549442261,39.960383987054,1320.5],[-120.86549358442,39.96041206643,1320.6],[-120.86548981257,39.960444588214,1320.6],[-120.86547262967,39.960476020351,1320.6],[-120.86546877399,39.960501585156,1320.7],[-120.86546022445,39.960519606248,1320.7],[-120.86545720696,39.960541985929,1320.7],[-120.8654230088,39.960581213236,1320.8],[-120.86538939737,39.960617339239,1322.3],[-120.86536592804,39.9606431555,1322.3],[-120.86532477289,39.960665786639,1322.5],[-120.86528495885,39.960692860186,1324.2],[-120.86524975486,39.960715658963,1324.2],[-120.86524606682,39.960720604286,1324.2],[-120.86524556391,39.960716664791,1324.2],[-120.86523994803,39.960720017552,1324.2],[-120.86523634382,39.96072194539,1324.2],[-120.86523257196,39.960723873228,1324.2],[-120.86522435769,39.960727477446,1324.2],[-120.86521178484,39.960733596236,1325.7],[-120.8651926741,39.960741307586,1325.7],[-120.8651715517,39.960750443861,1325.7],[-120.86514833383,39.960755975917,1326.4],[-120.86512519978,39.960767878219,1326.4],[-120.8651063405,39.960783049464,1327.6],[-120.86508764885,39.960798639804,1327.6],[-120.86505906656,39.960814816877,1327.6],[-120.86503534578,39.96082755737,1327.6],[-120.86501799524,39.960841555148,1329.5],[-120.86500307545,39.960858905688,1329.5],[-120.86498597637,39.960876423866,1329.5],[-120.86496267468,39.960893858224,1329.5],[-120.86494289339,39.960906766355,1329.5],[-120.86491498165,39.960922608152,1331.1],[-120.86489511654,39.960942976177,1331.1],[-120.86487047374,39.960968708619,1331.1],[-120.86484272964,39.960993267596,1331.1],[-120.8648306597,39.961008774117,1332.6],[-120.86481557228,39.961027884856,1332.6],[-120.86480023339,39.961047163233,1332.6],[-120.86477969773,39.961065854877,1332.6],[-120.86476108991,39.961083624512,1332.6],[-120.86475455202,39.961096365005,1333.3],[-120.86475195363,39.961110278964,1333.9],[-120.8647566475,39.961124779657,1333.9],[-120.86475865915,39.961130898446,1333.9],[-120.86475782096,39.96113399975,1333.9],[-120.86475824006,39.961147243157,1333.9],[-120.86476477794,39.961176244542,1333.2],[-120.86477366276,39.961189990863,1333.2],[-120.86478631943,39.96120499447,1333.6],[-120.86480794474,39.961221758276,1333.6],[-120.8648253791,39.961232906207,1333.6],[-120.8648363594,39.961242293939,1333.6],[-120.86485865526,39.961257046089,1332.5],[-120.8648918476,39.961292669177,1332.7],[-120.86498329416,39.961395012215,1331.4],[-120.86506082676,39.961510347202,1330.0],[-120.86507499218,39.961624676362,1329.8],[-120.86507482454,39.961683433503,1329.5],[-120.86506652646,39.961743867025,1329.5],[-120.86506300606,39.961802037433,1329.0],[-120.86507499218,39.961896920577,1328.5],[-120.86509837769,39.961940590292,1328.5],[-120.86509527639,39.96197973378,1328.1],[-120.86506795138,39.962009321898,1328.1],[-120.86503869854,39.962039915845,1329.5],[-120.86500382982,39.962069336325,1329.5],[-120.86498279124,39.962098589167,1329.5],[-120.86496024393,39.962139073759,1329.3],[-120.86496669799,39.962182659656,1329.3],[-120.86496954784,39.962237812579,1329.5],[-120.86496317759,39.962282404304,1329.5],[-120.86497893557,39.962308472022,1329.5],[-120.86499469355,39.962336970493,1329.8],[-120.86500391364,39.962360691279,1329.8],[-120.86501682177,39.962407713756,1330.0],[-120.86499930359,39.962467225268,1330.0],[-120.86498438381,39.962508464232,1330.2],[-120.86498228833,39.962554899976,1330.2],[-120.86501405574,39.962584404275,1330.2],[-120.86504959501,39.962618434802,1329.0],[-120.86507524364,39.96264542453,1329.0],[-120.86509879678,39.962678700686,1329.0],[-120.8651186619,39.962717927992,1329.3],[-120.86513550952,39.962739218026,1327.6],[-120.86515453644,39.962766207755,1327.6],[-120.8651785925,39.962799064815,1328.0],[-120.8652155567,39.962834352627,1326.0],[-120.86533533409,39.962985729799,1324.9],[-120.8653481584,39.963012803346,1324.9],[-120.8653661795,39.963044151664,1324.9],[-120.86537908763,39.963082037866,1325.4],[-120.86540205404,39.963119169697,1325.4],[-120.86547003128,39.963187649846,1324.0],[-120.86549241096,39.963219165802,1324.0],[-120.86551722139,39.963250430301,1322.7],[-120.8655525092,39.963300051168,1322.7],[-120.86561336182,39.963418822736,1322.3],[-120.86566206068,39.963485207409,1322.3],[-120.86574479006,39.963609846309,1322.7],[-120.86577638984,39.963659550995,1322.7],[-120.86580421776,39.963700706139,1322.0],[-120.86582399905,39.963738005608,1322.0],[-120.86585786194,39.963845629245,1323.5],[-120.86588284001,39.963895669207,1323.3],[-120.86591796018,39.963932884857,1323.3],[-120.86596330628,39.963953252882,1321.8],[-120.86600395851,39.963956521824,1321.8],[-120.86604695767,39.963961048052,1321.8],[-120.86616178975,39.964032629505,1320.9],[-120.86620193906,39.964049058035,1320.9],[-120.8662470337,39.964054170996,1319.5],[-120.8663597703,39.964035898447,1318.2],[-120.86643101647,39.964016033337,1317.2],[-120.86650393903,39.964018967003,1317.2],[-120.86657359265,39.964039921761,1316.4],[-120.86664458737,39.964076047763,1317.4],[-120.86674106307,39.964126674458,1316.5],[-120.86680451408,39.9641594477,1317.6],[-120.86685782298,39.964190963656,1317.6],[-120.8669001516,39.964221557602,1317.6],[-120.86692772806,39.964253408834,1318.6],[-120.86696100421,39.964282158762,1318.6],[-120.86702495813,39.964315015823,1317.6],[-120.86709125899,39.964360194281,1318.2],[-120.86714909412,39.964411826804,1318.2],[-120.86724850349,39.964496735483,1318.9],[-120.86728370748,39.96454115957,1319.3],[-120.86732771248,39.964587762952,1319.3],[-120.86737968028,39.964638389647,1319.5],[-120.86741069332,39.964691614732,1319.5],[-120.86742552929,39.964742576703,1320.8],[-120.86744614877,39.964805776253,1320.8],[-120.86746836081,39.964856402948,1321.1],[-120.86750063114,39.964888002723,1321.1],[-120.86753533222,39.964914321899,1322.1],[-120.86756768636,39.964938713238,1322.1],[-120.86765443906,39.965021694079,1321.6],[-120.86774764583,39.965158738196,1322.0],[-120.86779274046,39.965338027105,1322.3],[-120.86779785343,39.965390581638,1322.6],[-120.86779885925,39.965442968532,1322.6],[-120.86782199331,39.965507090092,1322.2],[-120.86783926003,39.965568277985,1321.8],[-120.86782249622,39.96562234126,1321.6],[-120.86775217205,39.965672800317,1321.1],[-120.86765452288,39.965711189434,1322.7],[-120.86759710684,39.965750919655,1322.7],[-120.8675541915,39.965790817514,1322.3],[-120.86753826588,39.965836834162,1322.3],[-120.86750163697,39.96587513946,1321.0],[-120.86738856509,39.965952252969,1320.8],[-120.86730700918,39.966094577685,1320.5],[-120.86727817543,39.96614344418,1320.6],[-120.86720148101,39.966207062826,1320.6],[-120.86715009995,39.966249139979,1320.5],[-120.86710358039,39.96628895402,1321.5],[-120.86707097478,39.966318625957,1320.6],[-120.86703644134,39.966360284016,1320.6],[-120.86699511856,39.966397499666,1321.5],[-120.86683527566,39.966461788863,1321.3],[-120.86679940112,39.966488527134,1322.1],[-120.86678691208,39.966510068625,1321.5],[-120.86674827151,39.966539572924,1321.5],[-120.86663025431,39.96658240445,1322.8],[-120.86654576473,39.96660830453,1322.6],[-120.86647602729,39.966636216268,1322.6],[-120.86641299538,39.966654069722,1323.3],[-120.86636739783,39.966675946489,1323.3],[-120.86632615887,39.966710731387,1323.1],[-120.8662919607,39.966742331162,1323.1],[-120.86627393961,39.966788599268,1322.4],[-120.8662646357,39.966874513775,1322.2],[-120.86620059796,39.96699873358,1321.5],[-120.86616992019,39.967036452144,1322.0],[-120.86614502594,39.967080792412,1321.2],[-120.86607671343,39.967155558988,1320.5],[-120.86599666625,39.967215489596,1320.9],[-120.86594318971,39.967239964753,1321.3],[-120.86590228602,39.967273324728,1320.6],[-120.86587093771,39.967303331941,1321.0],[-120.86584193632,39.96733375825,1321.0],[-120.86582031101,39.967362256721,1320.1],[-120.86578384973,39.967393688858,1320.6],[-120.86574101821,39.967423947528,1320.6],[-120.86570774205,39.967455212027,1319.8],[-120.86568251252,39.967485889792,1320.1],[-120.86565728299,39.967521764338,1320.1],[-120.86563959718,39.967556046322,1319.3],[-120.86552836932,39.967605751008,1319.7],[-120.86548738182,39.967628801242,1320.1],[-120.86546919309,39.967656880617,1319.5],[-120.86546382867,39.967688228935,1319.5],[-120.86545804515,39.967722091824,1319.5],[-120.86545871571,39.967727540061,1318.7],[-120.86544689722,39.967761738226,1318.7],[-120.86543876678,39.967773640528,1319.5],[-120.86543926969,39.967801133171,1319.5],[-120.86543977261,39.967822507024,1319.0],[-120.86543985642,39.967877073213,1319.0],[-120.86541395634,39.967912109569,1319.0],[-120.86541471072,39.967943960801,1318.6],[-120.86542954668,39.967969944701,1318.6],[-120.86545972154,39.967997521162,1318.1],[-120.86548126303,39.968019062653,1318.4],[-120.8655736316,39.968115622178,1319.1],[-120.86560481228,39.968122579157,1319.1],[-120.86567974649,39.968109754845,1318.8],[-120.8657312952,39.968107324094,1318.8],[-120.86578426883,39.968093829229,1318.5],[-120.86584880948,39.968101875857,1318.1],[-120.86590421386,39.968130961061,1318.1],[-120.86594997905,39.968160213903,1317.8],[-120.86600312032,39.968200530857,1318.1],[-120.86604469456,39.96824612841,1317.7],[-120.86610848084,39.968301616609,1317.9],[-120.86610068567,39.968344867229,1317.9],[-120.86608911864,39.968386944383,1318.2],[-120.86607906036,39.96842969209,1318.2],[-120.8660655655,39.968473194167,1318.3],[-120.86605399847,39.968508984894,1318.3],[-120.86606313474,39.968561287969,1318.4],[-120.86610638537,39.968671509996,1318.6],[-120.86615684442,39.968712581322,1317.9],[-120.86614301428,39.968733368441,1318.1],[-120.86611149833,39.968733955175,1318.1],[-120.86608677171,39.96875340119,1318.8],[-120.86608643644,39.968784078956,1318.8],[-120.86611032486,39.968810146675,1318.1],[-120.8662311919,39.968891534954,1317.6],[-120.8662606962,39.968891786411,1317.6],[-120.86628223769,39.968878626823,1317.6],[-120.86632917635,39.96886244975,1317.3],[-120.86639723741,39.968816097826,1316.9],[-120.86641165428,39.968787012622,1316.9],[-120.86645465344,39.968761112541,1316.9],[-120.86651760153,39.968717861921,1316.5],[-120.86656076834,39.968692464754,1316.5],[-120.86658624932,39.968667654321,1317.0],[-120.86662120186,39.968641921878,1316.5],[-120.86666746996,39.968628929928,1316.5],[-120.86671398953,39.968625158072,1317.1],[-120.86675950326,39.968634210527,1317.7],[-120.8668010775,39.968642843887,1318.3],[-120.86682714522,39.968635551631,1317.7],[-120.86685732007,39.968620464206,1318.4],[-120.86688883603,39.968603281304,1318.4],[-120.86692630313,39.968586433679,1318.4],[-120.86696544662,39.96856899932,1319.3],[-120.86700727232,39.968547038734,1318.6],[-120.86704691872,39.968516612425,1319.5],[-120.86708103307,39.968471433967,1319.5],[-120.86712545715,39.968437990174,1318.8],[-120.86719100364,39.968419717625,1319.6],[-120.86726811714,39.968409826979,1320.3],[-120.86734833196,39.968412006274,1320.9],[-120.86739225313,39.968404797837,1320.9],[-120.8674453944,39.968396835029,1321.4],[-120.86751320399,39.968397086486,1321.8],[-120.8675938379,39.968418544158,1321.8],[-120.86765628308,39.96843396686,1322.2],[-120.86773532443,39.968455759808,1322.4],[-120.86781151593,39.968467410654,1322.7],[-120.86788167246,39.968485599384,1323.8],[-120.86794973351,39.968500519171,1323.8],[-120.86800497025,39.968517785892,1324.1],[-120.86806406267,39.968538908288,1324.4],[-120.86811896414,39.96855340898,1324.4],[-120.8681809064,39.968564976007,1324.6],[-120.86823228747,39.968568328768,1324.6],[-120.86831493303,39.968584254384,1325.8],[-120.86838860996,39.968597078696,1326.0],[-120.86843621917,39.968613423407,1326.2],[-120.86847661994,39.968629013747,1326.2],[-120.86856521666,39.968661703169,1326.3],[-120.86862833239,39.968681400642,1327.4],[-120.86869253777,39.96868500486,1327.4],[-120.86873201653,39.968682574108,1327.5],[-120.86876470596,39.968688692898,1327.5],[-120.86879060604,39.968693973497,1327.5],[-120.8688287437,39.968706546351,1327.5],[-120.86887224577,39.968711659312,1327.5],[-120.86892304011,39.968709480017,1327.5],[-120.86898062378,39.968705289066,1327.5],[-120.86904248223,39.968710234389,1327.5],[-120.86910383776,39.968722471967,1327.5],[-120.8691590745,39.968735128641,1327.5],[-120.86920844391,39.968750718981,1328.5],[-120.86925487965,39.968775277957,1328.5],[-120.8693044167,39.968808470294,1328.5],[-120.86934649386,39.968834118918,1328.5],[-120.86939460598,39.968850128353,1329.4],[-120.86945252493,39.968865383416,1329.2],[-120.86957942694,39.968884577975,1328.9],[-120.86962896399,39.968883069232,1328.7],[-120.86967908777,39.968873346224,1328.7],[-120.86973482743,39.968857420608,1328.4],[-120.86979961954,39.968842836097,1328.4],[-120.86999357678,39.968818444759,1326.7],[-120.87005149573,39.968808637932,1326.2],[-120.87011251599,39.968792209402,1325.6],[-120.87017118931,39.968780977651,1325.6],[-120.87028107606,39.968776451424,1324.2],[-120.87031879462,39.968782905489,1324.2],[-120.87035718374,39.968797154725,1324.2],[-120.8703970816,39.968822384253,1324.1],[-120.87043647654,39.968851804733,1324.1],[-120.87046128698,39.968873513862,1324.1],[-120.87048936635,39.968914585188,1323.4],[-120.87050478905,39.968952555209,1323.4],[-120.87051434442,39.968991614878,1323.4],[-120.87052557617,39.969033189118,1323.8],[-120.87052121758,39.969168221578,1324.5],[-120.8705098182,39.969259751961,1325.1],[-120.8705472853,39.969396376982,1324.4],[-120.87055600248,39.969446836039,1324.4],[-120.8705578465,39.969497546554,1324.6],[-120.87055809796,39.969549933448,1324.6],[-120.8705701679,39.969711536542,1325.1],[-120.87056010962,39.969895938411,1325.9],[-120.87056295946,39.969939440489,1326.2],[-120.87057251483,39.969970118254,1326.2],[-120.87058542296,39.97001462616,1326.2],[-120.87060118094,39.970051757991,1326.5],[-120.87061534636,39.970092074946,1326.5],[-120.87062515318,39.970134738833,1326.5],[-120.87063940242,39.970229538158,1326.5],[-120.87063948624,39.970268933102,1326.5],[-120.87064317428,39.970305729657,1326.5],[-120.87064669468,39.970384771004,1326.4],[-120.87062632665,39.970459956676,1326.2],[-120.87058894336,39.9705305323,1326.2],[-120.87055742741,39.970566574484,1327.6],[-120.87052457035,39.970602365211,1327.4],[-120.87049682625,39.970640167594,1327.4],[-120.87045860477,39.970673611388,1328.6],[-120.87042105384,39.970698338002,1328.6],[-120.87039247155,39.970716107637,1328.6],[-120.87037076242,39.97072968632,1329.9],[-120.87034804747,39.970745025203,1329.9],[-120.87032239884,39.970761369914,1329.9],[-120.8702962473,39.970780396834,1329.8],[-120.8702618815,39.970803782344,1331.0],[-120.87022164837,39.970831694081,1331.0],[-120.87017630227,39.970850721002,1332.3],[-120.87012986653,39.970866981894,1332.1],[-120.87009600364,39.9708837457,1333.4],[-120.87007136084,39.970896150917,1333.4],[-120.87004546076,39.970915261656,1333.4],[-120.8700319659,39.970931271091,1333.4],[-120.87001528591,39.970963038504,1332.9],[-120.86997966282,39.970994889736,1334.3],[-120.86994538084,39.971022633836,1334.3],[-120.86991453543,39.971047863364,1335.0],[-120.86988218129,39.971074014902,1335.0],[-120.86985636503,39.971096394584,1335.0],[-120.86983415298,39.971115505323,1335.0],[-120.86981588043,39.971134951338,1335.6],[-120.86979920045,39.971153056249,1335.6],[-120.8697619848,39.971175855026,1335.6],[-120.86972376332,39.971209382638,1336.8],[-120.8696884755,39.971244418994,1336.1],[-120.86965771392,39.971270654351,1336.1],[-120.86961538531,39.971303176135,1336.7],[-120.86958370171,39.971334105358,1336.7],[-120.86953232065,39.971369979903,1337.8],[-120.86949183606,39.971390683204,1337.1],[-120.86945042945,39.971421444789,1338.3],[-120.86940089241,39.971457822248,1338.3],[-120.86935437284,39.971490008757,1338.8],[-120.86931413971,39.971506856382,1338.8],[-120.86927214637,39.971513645723,1339.9],[-120.86923258379,39.971523201093,1339.9],[-120.86919369176,39.971537617967,1339.9],[-120.86917391047,39.971559327096,1341.1],[-120.86915111169,39.971573995426,1341.1],[-120.86912739091,39.971589753404,1340.6],[-120.86910065264,39.971605846658,1340.6],[-120.86908841506,39.971611630172,1341.8],[-120.86905530654,39.971622861922,1341.8],[-120.86903225631,39.971637530252,1341.8],[-120.8690088708,39.971655467525,1341.8],[-120.8689965494,39.971665525809,1341.5],[-120.86898565292,39.971678601578,1341.5],[-120.86896805093,39.971698131412,1342.9],[-120.86893502623,39.971721433103,1342.9],[-120.86889378726,39.971745237708,1342.9],[-120.86887400597,39.97177281417,1343.9],[-120.86885640398,39.971801480278,1343.9],[-120.86881575175,39.971837271005,1343.9],[-120.86878188886,39.971868284047,1344.0],[-120.86874836124,39.971902733669,1344.0],[-120.868715588,39.971932740882,1344.0],[-120.86868708953,39.971954198554,1342.9],[-120.86865305901,39.971979930997,1342.9],[-120.86861777119,39.971995102242,1342.9],[-120.86857192218,39.972008848563,1343.1],[-120.86853160523,39.972018571571,1343.1],[-120.86847586557,39.972007256001,1343.4],[-120.86841903627,39.972008178011,1343.7],[-120.86836162023,39.972030557692,1343.7],[-120.86831158027,39.972058385611,1342.8],[-120.86824536324,39.972100295126,1344.2],[-120.86819264106,39.972140612081,1343.0],[-120.86814746261,39.972184030339,1344.6],[-120.8681170363,39.972208756953,1344.6],[-120.86808786727,39.972233651206,1344.6],[-120.86805308238,39.972263406962,1344.4],[-120.86800807156,39.972278410569,1344.4],[-120.86797630414,39.972288552672,1345.1],[-120.86794931442,39.972293833271,1345.1],[-120.86793079041,39.972319314256,1343.4],[-120.86788821034,39.972342532128,1343.4],[-120.86784713902,39.972358876839,1343.6],[-120.86779617704,39.972376059741,1343.6],[-120.86775284261,39.972384106368,1343.6],[-120.8677052334,39.972405731678,1341.9],[-120.86764915846,39.972436325625,1341.9],[-120.86758101359,39.972489299253,1342.0],[-120.86750876158,39.972529448569,1340.5],[-120.86738311686,39.972561048344,1340.5],[-120.86727784015,39.972563395277,1340.7],[-120.86719066836,39.97259516269,1340.7],[-120.86712160148,39.972636066377,1338.9],[-120.86707131006,39.972688117996,1338.9],[-120.86703711189,39.972732122988,1338.6],[-120.8670402132,39.972779816017,1338.6],[-120.86704180576,39.972823904827,1338.2],[-120.8670573961,39.9728695862,1338.2],[-120.86705110967,39.972903784364,1338.0],[-120.86705102585,39.972956003621,1338.0],[-120.86704490706,39.973003445193,1337.4],[-120.86703996174,39.973034542054,1337.4],[-120.86702495813,39.973069913685,1336.7],[-120.86697257124,39.973184326664,1337.7],[-120.86691875942,39.97328247875,1337.3],[-120.86689352989,39.973334446549,1337.3],[-120.86686637253,39.973383899778,1338.3],[-120.86684022099,39.973422624171,1338.3],[-120.86677693762,39.973455984145,1339.6],[-120.86675581522,39.973489595577,1339.6],[-120.86673393846,39.973528739065,1339.6],[-120.86671549827,39.973565619439,1339.2],[-120.86668951437,39.973601158708,1340.6],[-120.86667459458,39.973634518683,1340.0],[-120.86665489711,39.973660334945,1340.0],[-120.86665431038,39.973672740161,1340.0],[-120.86664844304,39.973665699363,1340.0],[-120.86663352326,39.973667291924,1340.0],[-120.86662765592,39.973686905578,1340.0],[-120.8666279912,39.973704591393,1340.0],[-120.86663042195,39.973720936105,1339.5],[-120.86660619825,39.973734850064,1340.9],[-120.86656671949,39.973752368242,1340.9],[-120.86646890268,39.973778352141,1342.0],[-120.86646689102,39.973780866712,1342.0],[-120.86646831594,39.973782375455,1342.0],[-120.86647133343,39.97378455475,1342.0],[-120.86648910306,39.9737940263,1342.0],[-120.86650544778,39.973805090412,1342.0],[-120.86652036756,39.973824787885,1340.7],[-120.86652833037,39.973908523098,1340.7],[-120.86652430706,39.973931824788,1340.7],[-120.8665152546,39.973952695727,1340.7],[-120.86650217883,39.973974153399,1341.9],[-120.8664839901,39.973998125643,1341.9],[-120.86635205895,39.974164422601,1342.9],[-120.86635289714,39.974170206115,1342.9],[-120.86635222659,39.974171379581,1342.9],[-120.86633303203,39.974193423986,1343.3],[-120.86630889215,39.974211361259,1344.4],[-120.86628408171,39.974234830588,1344.4],[-120.86625223048,39.974256539717,1344.4],[-120.86623077281,39.974276907742,1344.4],[-120.86618953384,39.974346142262,1344.4],[-120.8661862649,39.974371539429,1344.4],[-120.86619171314,39.974394254386,1344.8],[-120.86620051414,39.974416801706,1344.8],[-120.86620554328,39.974438846111,1344.8],[-120.86622071452,39.974466422573,1344.8],[-120.86624166928,39.974481258541,1345.5],[-120.86626161821,39.974488886073,1345.5],[-120.86629782803,39.974490394816,1344.9],[-120.86633923464,39.974485533312,1344.9],[-120.86637762375,39.97447966598,1344.9],[-120.86641735397,39.974475810304,1344.1],[-120.86645239033,39.974476816133,1344.1],[-120.86648256518,39.974487209693,1343.5],[-120.866501173,39.974506739527,1343.5],[-120.86651978083,39.974535992369,1343.5],[-120.8665394783,39.974565999582,1345.4],[-120.86656043306,39.9745973479,1345.4],[-120.86657049134,39.974624672905,1344.8],[-120.86657711305,39.974645962939,1344.8],[-120.86657887325,39.974668594077,1347.6],[-120.86658515967,39.974687620997,1347.6],[-120.86658842862,39.974706899375,1347.6],[-120.86660033092,39.974726513028,1347.6],[-120.86661340669,39.974745707586,1347.6],[-120.8666275721,39.974764315411,1350.3],[-120.86663478054,39.974785437807,1350.3],[-120.86664006114,39.974808823317,1350.3],[-120.8666434139,39.974825084209,1350.3],[-120.86665288545,39.974851654842,1352.4],[-120.86666285992,39.974870765582,1352.4],[-120.86668557487,39.974898342043,1352.4],[-120.8667112235,39.974925080314,1354.6],[-120.86673477665,39.974942179397,1354.6],[-120.86676218547,39.974947208539,1354.6],[-120.86678984575,39.974956428632,1354.6],[-120.86681733839,39.974974030629,1354.6],[-120.86684407666,39.974984088913,1354.7],[-120.86686645634,39.974988447502,1354.7],[-120.8668926917,39.974991716444,1354.7],[-120.86691741832,39.974995236844,1354.7],[-120.86693468504,39.974999427795,1354.7],[-120.86694968864,39.975004792213,1354.7],[-120.86696770974,39.975012084469,1357.0],[-120.86698061787,39.975016945973,1357.0],[-120.86698589846,39.975018622354,1357.0],[-120.86698874831,39.975028764457,1357.0],[-120.86699947715,39.975037733093,1357.0],[-120.86700794287,39.975045360625,1357.0],[-120.86701054126,39.975049970672,1357.0],[-120.86701389402,39.975053993985,1357.0],[-120.86701213382,39.975054329261,1357.0],[-120.86700727232,39.975055502728,1357.0],[-120.86699553765,39.975057849661,1357.0],[-120.8669807855,39.975061034784,1357.0],[-120.86697625928,39.975062375888,1357.0],[-120.86696117185,39.975058939308,1357.0],[-120.86690308526,39.975075535476,1356.9],[-120.86678422987,39.975106967613,1356.9],[-120.86675581522,39.97511501424,1356.9],[-120.86673025042,39.975119875744,1356.9],[-120.86670468561,39.975121635944,1356.9],[-120.86667610332,39.97513060458,1359.0],[-120.86662480608,39.975151224062,1358.9],[-120.866608629,39.975162874907,1358.9],[-120.86658859625,39.975171592087,1358.9],[-120.86654920131,39.975176118314,1358.8],[-120.86650075391,39.975180895999,1358.8],[-120.86645741947,39.975180057809,1358.8],[-120.86640888825,39.97518860735,1358.8],[-120.86635683663,39.975204030052,1358.7],[-120.86632548831,39.975214088336,1358.7],[-120.86630444974,39.975217524916,1358.7],[-120.86627536453,39.975217944011,1358.6],[-120.86622373201,39.975222973153,1360.8],[-120.86616681889,39.975239485502,1360.6],[-120.86610470898,39.975234037265,1360.6],[-120.86605391465,39.975226745009,1360.5],[-120.86598266847,39.975222134963,1360.4],[-120.86591997184,39.975231438875,1360.4],[-120.86586263962,39.975231355056,1360.3],[-120.86580941454,39.975240491331,1360.2],[-120.86576314643,39.975258931518,1360.2],[-120.86572182365,39.975265385583,1360.2],[-120.86568854749,39.975277623162,1360.1],[-120.86566516198,39.975283658132,1360.1],[-120.86561839096,39.975286172703,1360.0],[-120.86556734517,39.975293297321,1360.0],[-120.86552937515,39.975294889882,1359.9],[-120.86548285559,39.975291118026,1359.9],[-120.86545184255,39.975296230987,1362.3],[-120.86542979814,39.975326573476,1362.2],[-120.86539509706,39.975351551548,1362.2],[-120.86536676623,39.975376697257,1362.2],[-120.86533893831,39.975416595116,1364.4],[-120.86531429552,39.975444925949,1364.4],[-120.86528747343,39.975468730554,1364.4],[-120.86525277235,39.975477028638,1364.4],[-120.86521807127,39.97548641637,1366.3],[-120.86517121643,39.975492032245,1366.3],[-120.86511321366,39.9755010847,1366.1],[-120.86504356004,39.97551407665,1365.8],[-120.8649799414,39.975517094135,1365.8],[-120.86491774768,39.975516591221,1365.6],[-120.86485940963,39.975531343371,1365.3],[-120.86480274796,39.975539054722,1365.3],[-120.8647377044,39.975551459938,1365.1],[-120.86468422785,39.97557031922,1364.6],[-120.86462882347,39.97558683157,1366.5],[-120.86457132362,39.97557811439,1365.8],[-120.86451499723,39.975586244836,1365.2],[-120.86445565335,39.975622035563,1365.2],[-120.8644135762,39.975650282577,1364.4],[-120.86437636055,39.975676517934,1366.4],[-120.86434610188,39.975704597309,1366.4],[-120.86431961507,39.975732928142,1365.7],[-120.86429187097,39.975762935355,1367.4],[-120.86426638998,39.975794367492,1367.4],[-120.86424409412,39.97582571581,1366.5],[-120.8642246481,39.975860416889,1367.9],[-120.86420553736,39.975898303092,1367.9],[-120.864187181,39.975938117132,1369.2],[-120.86416815408,39.975975919515,1369.2],[-120.86415625177,39.976014727727,1368.2],[-120.86415306665,39.976053200662,1369.4],[-120.86414854042,39.976093601435,1369.4],[-120.86414133199,39.976132744923,1370.3],[-120.86413529702,39.976168200374,1370.3],[-120.86413152516,39.976202147081,1370.3],[-120.86413186044,39.97623600997,1371.3],[-120.86413538083,39.976271130145,1371.3],[-120.86413806304,39.976306585595,1372.5],[-120.8641365543,39.976343801245,1372.5],[-120.86413177662,39.976382106543,1373.6],[-120.86412657984,39.97641437687,1373.6],[-120.86412096396,39.976437594742,1373.6],[-120.86411752738,39.976466344669,1373.6],[-120.86410705,39.976493669674,1374.5],[-120.86409850046,39.976535243914,1374.5],[-120.86410260759,39.97656407766,1374.5],[-120.86410998367,39.976585367694,1375.5],[-120.86411727592,39.976623421535,1375.5],[-120.86413102224,39.976666336879,1376.3],[-120.86413010024,39.976710760966,1376.3],[-120.86413403973,39.976743701845,1376.3],[-120.86414099671,39.976780666038,1376.8],[-120.86413898505,39.976819306612,1376.8],[-120.86413387209,39.976870268583,1376.9],[-120.86412926205,39.97692768462,1376.9],[-120.86414284073,39.97698392719,1377.1],[-120.86414108053,39.977059112862,1377.1],[-120.86413227953,39.977100603282,1377.1],[-120.86413554847,39.977130107582,1377.3],[-120.86414024234,39.977154163644,1377.3],[-120.86413982324,39.977176710963,1377.3],[-120.86414342746,39.977205125615,1377.3],[-120.86414451711,39.977224320173,1377.5],[-120.86414753459,39.977239826694,1377.5],[-120.86414686404,39.977263296023,1377.5],[-120.86412733421,39.977295231074,1377.5],[-120.86411953904,39.977325238287,1377.8],[-120.86410813965,39.977372176945,1377.8],[-120.86409355514,39.977413164452,1378.4],[-120.86407880299,39.977452559397,1375.3],[-120.86406136863,39.977472675964,1375.3],[-120.8640462812,39.977512154728,1376.2],[-120.86403110996,39.977543083951,1376.2],[-120.86400889792,39.97757258825,1376.2],[-120.86398920044,39.977600835264,1374.4],[-120.86396883242,39.977631764486,1374.4],[-120.86395173334,39.977680463344,1375.8],[-120.86393555626,39.977736873552,1375.8],[-120.86392365396,39.977785991505,1377.7],[-120.86390102282,39.97782018967,1375.7],[-120.86387042888,39.977854220197,1375.7],[-120.86383664981,39.977886909619,1378.2],[-120.8638150245,39.977907696739,1378.2],[-120.8637886215,39.977929489687,1376.4],[-120.86377303116,39.977958574891,1376.4],[-120.86374662817,39.977982714772,1379.1],[-120.86371720769,39.978014230728,1377.4],[-120.86368057877,39.978052703664,1377.4],[-120.86362819187,39.978082124144,1378.2],[-120.8635706082,39.97810584493,1378.2],[-120.86352718994,39.978136606514,1376.5],[-120.86349022575,39.978162171319,1379.1],[-120.86345384829,39.978188239038,1377.4],[-120.86340565234,39.978222018108,1377.4],[-120.86336399429,39.978255713359,1378.2],[-120.86330506951,39.978298377246,1378.2],[-120.86325896904,39.978327127174,1376.3],[-120.86322351359,39.978364761919,1378.7],[-120.86320934817,39.978387057781,1378.7],[-120.86320389993,39.978417819366,1378.7],[-120.86319350637,39.978439696133,1381.1],[-120.86316810921,39.978469451889,1379.1],[-120.86313717999,39.97849711217,1379.1],[-120.86310943589,39.978549499065,1381.4],[-120.86310197599,39.978601466864,1379.4],[-120.86308479309,39.97864773497,1381.2],[-120.8630720526,39.978673132136,1381.2],[-120.86305528879,39.978690650314,1381.2],[-120.86304145865,39.978714035824,1382.6],[-120.86302410811,39.978745384142,1382.6],[-120.86300323717,39.978776983917,1380.5],[-120.8629817795,39.978813361377,1381.5],[-120.86296736263,39.978859629482,1381.5],[-120.86295546032,39.978895084932,1382.6],[-120.86294054054,39.978935653344,1382.6],[-120.86293291301,39.978958535939,1382.6],[-120.86292536929,39.978995081037,1383.6],[-120.86291841231,39.979030201212,1383.6],[-120.86291455664,39.97906238772,1383.6],[-120.86291078478,39.979083258659,1384.3],[-120.86290759966,39.979106560349,1384.3],[-120.86291204207,39.979131203145,1384.3],[-120.86293182336,39.97915324755,1384.3],[-120.8629522752,39.979182919487,1385.0],[-120.86297398433,39.979211166501,1385.0],[-120.86299552582,39.97924586758,1385.0],[-120.86300541647,39.979271600023,1385.7],[-120.86301740259,39.979293644428,1388.8],[-120.86302435957,39.979314599186,1388.8],[-120.86304003373,39.979337062687,1388.8],[-120.8630583901,39.979351731017,1388.8],[-120.86308227852,39.979373943061,1389.4],[-120.86310348473,39.979399172589,1393.3],[-120.86312519386,39.979433286935,1393.3],[-120.86314220913,39.979472430423,1393.7],[-120.86314849555,39.979507382959,1393.7],[-120.86316098459,39.979583993554,1393.8],[-120.86317397654,39.979626992717,1393.8],[-120.86317665875,39.979633111507,1393.8],[-120.86317372508,39.979650042951,1393.5],[-120.86317447945,39.979692874476,1393.5],[-120.863165427,39.97971936129,1393.5],[-120.86315570399,39.979754146188,1393.3],[-120.86314438842,39.979789182544,1393.3],[-120.86313256994,39.97982329689,1393.3],[-120.86312418804,39.979867637157,1393.1],[-120.86309996434,39.979928573593,1393.1],[-120.8630826138,39.97998598963,1390.1],[-120.863066772,39.980032006279,1390.5],[-120.86304204538,39.980054888874,1390.5],[-120.8630126249,39.980081794783,1390.5],[-120.86296342313,39.980104006827,1388.5],[-120.86292084306,39.980124626309,1390.3],[-120.86287055165,39.980147257447,1389.9],[-120.86282730103,39.98016955331,1389.9],[-120.86276602931,39.980195369571,1390.0],[-120.86270668544,39.980221018195,1392.0],[-120.86262429133,39.980247588828,1391.1],[-120.86256687529,39.980262508616,1391.1],[-120.8625228703,39.980280864984,1389.9],[-120.86247450672,39.980289246887,1391.9],[-120.86241139099,39.98028815724,1390.5],[-120.86233176291,39.980292599648,1389.3],[-120.86228214204,39.980298634619,1389.3],[-120.86223252118,39.980302322656,1388.4],[-120.86218591779,39.980326881632,1388.4],[-120.86212171242,39.980345573276,1388.4],[-120.86204736494,39.98034439981,1390.0],[-120.86197829805,39.980342974886,1390.0],[-120.86192071438,39.980353536084,1392.9],[-120.86183966137,39.980349931866,1396.6],[-120.86179976352,39.98033744283,1396.6],[-120.86175835691,39.980326546356,1400.2],[-120.86171678267,39.98029335402,1400.2],[-120.86166674271,39.980258904397,1401.8],[-120.86162391119,39.98021104373,1401.8],[-120.86161351763,39.980158908293,1400.2],[-120.86161016487,39.980121525005,1400.2],[-120.86158954538,39.980089338496,1401.5],[-120.86156305857,39.980067126453,1401.5],[-120.86153095588,39.980037035421,1401.5],[-120.86153129116,39.980039047077,1401.5],[-120.86150631309,39.980030246079,1401.5],[-120.86147136055,39.980003759265,1403.8],[-120.86142718792,39.979972075671,1401.6],[-120.86137471721,39.979933518916,1403.3],[-120.86134504527,39.979910887778,1403.3],[-120.8612971846,39.979877024889,1402.3],[-120.86121428758,39.979845341295,1402.3],[-120.8611655049,39.979818016291,1402.7],[-120.86113885045,39.979792535305,1400.3],[-120.86111387238,39.97979127802,1400.3],[-120.86107397452,39.979796977714,1400.1],[-120.86104421876,39.979804269969,1400.1],[-120.86102636531,39.979811310768,1402.6],[-120.86100842804,39.979823883623,1402.1],[-120.86099099368,39.979837043211,1402.1],[-120.86097230203,39.979857075959,1402.1],[-120.8609496709,39.979895548895,1402.1],[-120.86094053462,39.979926059023,1404.5],[-120.86093634367,39.979961095378,1404.5],[-120.86092804559,39.97999034822,1406.5],[-120.86091849022,39.980016667396,1406.5],[-120.86090348661,39.980038125068,1406.5],[-120.86089233868,39.980064025149,1406.5],[-120.86088596843,39.98008120805,1410.0],[-120.86087909527,39.980102749541,1410.0],[-120.86087356322,39.980124123394,1410.0],[-120.86087289266,39.98015304096,1410.0],[-120.86086987518,39.980170642957,1413.3],[-120.86087146774,39.980183886364,1413.3],[-120.86087876,39.980202997103,1413.3],[-120.86088052019,39.980235183612,1413.3],[-120.86088052019,39.980255132541,1413.3],[-120.86088420823,39.980291007087,1416.1],[-120.86088705808,39.980313386768,1416.1],[-120.86089233868,39.980331743136,1416.1],[-120.86090005003,39.980351021513,1416.1],[-120.86090868339,39.980373149738,1417.9],[-120.8609113656,39.980395697057,1417.9],[-120.86090876721,39.980420926586,1417.9],[-120.86091438308,39.98045168817,1419.2],[-120.86091899313,39.980475828052,1419.2],[-120.86092519574,39.98050189577,1419.2],[-120.86093257181,39.980523772538,1419.2],[-120.8609303087,39.980546236038,1419.5],[-120.86094229482,39.980567358434,1420.1],[-120.86096760817,39.980595186353,1420.1],[-120.86099484935,39.980616560206,1420.1],[-120.86102678441,39.980637598783,1420.2],[-120.86106140167,39.98066903092,1420.2],[-120.86109685712,39.980713706464,1420.2],[-120.86112703197,39.980775145814,1420.3],[-120.86114027537,39.980815798044,1420.3],[-120.86115259677,39.980866089463,1420.8],[-120.86116248742,39.980904394761,1420.8],[-120.86117170751,39.98094337061,1419.7],[-120.86118511856,39.980981759727,1419.7],[-120.86118386127,39.981024926528,1418.0],[-120.86117531173,39.981060214341,1418.0],[-120.86115729064,39.981087623164,1418.0],[-120.86113256402,39.981116876006,1417.1],[-120.86110959761,39.981149649248,1416.2],[-120.86108193733,39.981218297035,1414.9],[-120.86108939722,39.981259955093,1414.9],[-120.86109274998,39.981300607324,1413.9],[-120.86111806333,39.981477716938,1417.0],[-120.8611364197,39.981546951458,1417.0],[-120.86112837307,39.981597661972,1418.7],[-120.86111462675,39.981636470184,1418.7],[-120.86110934615,39.981667650864,1417.8],[-120.86110389791,39.981707548723,1417.8],[-120.86110113189,39.981739232317,1417.8],[-120.861103395,39.98177183792,1419.0],[-120.86110004224,39.981806036085,1419.0],[-120.86110523902,39.981848616153,1419.0],[-120.86110951379,39.981887508184,1420.0],[-120.86111152545,39.981924556196,1420.0],[-120.8611152973,39.981975015253,1420.5],[-120.86113801226,39.982039639726,1423.2],[-120.86115946993,39.982080711052,1423.2],[-120.86117028259,39.982116669416,1423.2],[-120.86117128842,39.982150029391,1423.0],[-120.86117983796,39.982210630551,1423.0],[-120.86119601503,39.982254216447,1422.8],[-120.86121361703,39.982315069064,1422.8],[-120.86120221764,39.982348009944,1422.6],[-120.86118293926,39.982373071834,1422.6],[-120.8611469809,39.982404671609,1422.6],[-120.8611139562,39.982422692701,1419.1],[-120.86107975803,39.982454963028,1419.1],[-120.86105100811,39.982505338266,1418.9],[-120.86103441194,39.982541967183,1418.9],[-120.86102494039,39.982595527545,1415.5],[-120.86101890542,39.9826305639,1416.3],[-120.86102628149,39.982659062371,1416.3],[-120.8610355854,39.982675155625,1419.6],[-120.86104136892,39.982695188373,1420.5],[-120.86104178801,39.982698708773,1420.5],[-120.86103784852,39.982714969665,1420.5],[-120.86103667505,39.982749084011,1420.5],[-120.86103684269,39.982778755948,1421.5],[-120.86103139445,39.982815049589,1421.5],[-120.86102200672,39.982840362936,1418.5],[-120.8610188216,39.982868274674,1419.5],[-120.86102644913,39.982922673225,1422.4],[-120.86102401838,39.982985118404,1423.3],[-120.86101362482,39.983025854453,1420.6],[-120.86099644192,39.983055694029,1421.6],[-120.86097456515,39.983107075095,1421.6],[-120.8609580528,39.983150744811,1422.7],[-120.86095470004,39.983169184998,1422.7],[-120.86094682105,39.983192151412,1422.7],[-120.86092745885,39.983218554407,1419.7],[-120.86090801284,39.983253590763,1420.5],[-120.86088655517,39.983308240771,1420.5],[-120.86089015938,39.983356604353,1421.3],[-120.86088546552,39.983410583809,1421.3],[-120.86089007556,39.983450984582,1421.8],[-120.86088806391,39.983479063958,1421.8],[-120.86088554934,39.983507394791,1421.8],[-120.86088479497,39.983542598784,1422.2],[-120.86089426652,39.983603367582,1422.2],[-120.8608959429,39.98367017135,1422.3],[-120.86089577526,39.98371954076,1422.3],[-120.86089703254,39.983757846057,1422.3],[-120.8609109465,39.983797073364,1422.3],[-120.86092469282,39.983830517158,1422.3],[-120.86092125624,39.983843257651,1422.3],[-120.86093198508,39.983877288178,1422.3],[-120.86094665341,39.983929339796,1425.1],[-120.86095117964,39.98398097232,1425.1],[-120.86096199229,39.9840623606,1425.0],[-120.86095377803,39.984117932618,1425.0],[-120.8609461505,39.984157998115,1422.1],[-120.8609386906,39.984181551263,1422.0],[-120.86093357764,39.984208373353,1422.0],[-120.86092393845,39.984251623973,1422.0],[-120.86092519574,39.984296970069,1422.0],[-120.86093072779,39.984341477975,1422.0],[-120.86093257181,39.984344830737,1422.0],[-120.8609426301,39.984354218468,1422.0],[-120.86094128899,39.984387746081,1422.1],[-120.8609355893,39.984423872083,1422.1],[-120.86093391292,39.98443284072,1422.1],[-120.86092863232,39.984449855983,1422.1],[-120.86092888378,39.984468799084,1422.1],[-120.86092913523,39.984502997249,1422.1],[-120.86092804559,39.984530741349,1422.1],[-120.86092980579,39.984552534297,1422.4],[-120.86093634367,39.984573405236,1422.4],[-120.86093726568,39.984595617279,1422.4],[-120.86093123071,39.984615817666,1422.4],[-120.86091673002,39.984646830708,1422.8],[-120.86089275777,39.984689829871,1422.8],[-120.86086870171,39.984723525122,1422.8],[-120.86084657349,39.984762081876,1419.5],[-120.86083710194,39.984782868996,1419.5],[-120.86083173752,39.984786557034,1419.5],[-120.86083333008,39.984795441851,1419.5],[-120.86083441973,39.984816564247,1419.5],[-120.8608334139,39.984864005819,1419.8],[-120.86084841751,39.984900131822,1419.8],[-120.86084992625,39.984929468483,1420.4],[-120.86083919741,39.984964421019,1420.4],[-120.86080734618,39.985036505386,1421.3],[-120.86076996289,39.985059807077,1421.3],[-120.86072478443,39.985063662753,1418.0],[-120.8606708888,39.985063578933,1415.7],[-120.86062914692,39.985064417124,1415.7],[-120.86061900482,39.985065674409,1415.7],[-120.86060710251,39.98506911099,1415.7],[-120.8605960384,39.985080510378,1415.7],[-120.86057617329,39.985091406852,1415.5],[-120.86055790074,39.985099453479,1415.5],[-120.86053652689,39.985107500106,1415.5],[-120.86053317413,39.985108673573,1415.5],[-120.86049201898,39.98510112986,1415.5],[-120.86044105701,39.985097441822,1417.3],[-120.86038607173,39.985118983313,1417.3],[-120.86037341505,39.985122587532,1419.7],[-120.86035178974,39.985127532855,1419.7],[-120.86032086052,39.985134322196,1422.9],[-120.86028238758,39.985139602795,1425.1],[-120.8602481056,39.985146224499,1425.1],[-120.86019353941,39.98513398692,1425.1],[-120.86015665904,39.985122671351,1427.0],[-120.86009513587,39.985096268356,1426.4],[-120.86003738455,39.985084030777,1426.4],[-120.85995046422,39.985075565055,1428.2],[-120.85987519473,39.985069362447,1429.9],[-120.85981442593,39.98505611904,1431.5],[-120.85975851864,39.985038097948,1431.5],[-120.85971266963,39.985026028007,1433.0],[-120.85963840596,39.984990404919,1432.1],[-120.85958375596,39.98495050706,1432.1],[-120.85953371599,39.984918907285,1431.0],[-120.85947898217,39.984901808202,1431.0],[-120.85944109596,39.984890408814,1431.7],[-120.85940144956,39.984868615866,1431.7],[-120.85936817341,39.984851516783,1431.7],[-120.85931830108,39.984849840403,1432.3],[-120.85928393528,39.984849505126,1432.3],[-120.85924956948,39.984856797382,1432.5],[-120.85923590697,39.984851265326,1432.5],[-120.85922358558,39.984856629744,1432.5],[-120.85920992307,39.984882697463,1432.5],[-120.85919835605,39.984901389107,1432.5],[-120.85918578319,39.98493139632,1433.6],[-120.85917396471,39.984968276694,1433.6],[-120.85916524753,39.985001888126,1433.6],[-120.85916273296,39.985029967502,1435.1],[-120.85916088894,39.98505871743,1435.1],[-120.85916382261,39.98507950455,1435.1],[-120.85915745236,39.985095849261,1435.1],[-120.85915024392,39.985110014677,1433.3],[-120.85914538242,39.985131137073,1435.2],[-120.85914605297,39.985165419057,1435.2],[-120.85912845097,39.98521277681,1437.6],[-120.85909391753,39.985257033259,1437.6],[-120.85907832719,39.985292907804,1437.6],[-120.85906667635,39.985328195617,1439.6],[-120.85906173103,39.985355520621,1439.6],[-120.85905712098,39.98536943458,1439.6],[-120.85905510932,39.9853902217,1439.6],[-120.85905477405,39.985418720171,1441.2],[-120.85905645043,39.985444704071,1441.2],[-120.85904723033,39.985485775396,1438.4],[-120.85903801024,39.985524164513,1438.4],[-120.85903625004,39.985558865592,1438.4],[-120.85904203355,39.985591806471,1438.8],[-120.85904991254,39.985620807856,1442.9],[-120.8590550255,39.985655760393,1442.9],[-120.85905561224,39.985687695444,1443.8],[-120.85905795917,39.985708482563,1443.8],[-120.85905393586,39.985719630495,1443.8],[-120.85905594751,39.985721223056,1443.8],[-120.85905293003,39.985734047368,1443.8],[-120.85904764943,39.985738741234,1443.8],[-120.85904899053,39.985751817003,1443.8],[-120.85904563777,39.985769921914,1443.8],[-120.85904010572,39.985783835873,1439.2],[-120.85903977044,39.985788194463,1439.2],[-120.85903750733,39.98580051586,1439.7],[-120.85903566331,39.985815854743,1439.7],[-120.85903641768,39.985836390406,1439.7],[-120.85903096944,39.985859524459,1439.7],[-120.85903641768,39.985887436196,1440.1],[-120.85903155617,39.985929261893,1440.1],[-120.85902526975,39.985977709293,1440.6],[-120.85902803577,39.986009476706,1440.6],[-120.85903591476,39.986035376787,1440.6],[-120.85904094391,39.986053984612,1445.7],[-120.85904086009,39.986067395657,1445.6],[-120.85903842933,39.986074687913,1445.6],[-120.85903750733,39.986080219969,1445.6],[-120.85903842933,39.98608357273,1445.6],[-120.85902971216,39.986096480861,1440.9],[-120.85902267136,39.986118776724,1440.9],[-120.85903239436,39.986148029566,1440.9],[-120.85903264582,39.986151717603,1440.9],[-120.85903490894,39.986162865534,1440.9],[-120.85903524421,39.986179294065,1441.0],[-120.85903415456,39.98618314974,1441.0],[-120.85904588923,39.986192621291,1445.4],[-120.85903759114,39.986205194145,1441.0],[-120.8590308018,39.986202092841,1441.0],[-120.85903155617,39.986208882183,1441.0],[-120.85902325809,39.986199997365,1441.0],[-120.85901076905,39.986194968224,1441.0],[-120.85900682956,39.986192034557,1441.0],[-120.85898486897,39.986194130033,1441.0],[-120.8589827735,39.98619270511,1441.0],[-120.85898470134,39.986204439774,1441.0],[-120.85898662917,39.986214917153,1441.0],[-120.85897732526,39.986293539405,1441.1],[-120.85895603523,39.986317008734,1441.1],[-120.85892912932,39.986336035654,1438.4],[-120.85892284289,39.986337712035,1438.4],[-120.85889182985,39.986334694549,1438.4],[-120.85884220898,39.986335281283,1437.1],[-120.858781524,39.986349698156,1437.1],[-120.85872511379,39.986338382587,1436.9],[-120.85864163004,39.986323798075,1437.4],[-120.85853350349,39.986301083118,1438.6],[-120.85842546076,39.986313488334,1440.3],[-120.85838782601,39.986316338181,1442.1],[-120.85835471749,39.986329665408,1442.1],[-120.85834030062,39.986332682893,1442.1],[-120.85833485238,39.986331760883,1442.1],[-120.85833066143,39.986329916865,1442.1],[-120.85832471028,39.986327905208,1442.1],[-120.8583089523,39.98632941395,1443.7],[-120.85829235613,39.986327653751,1443.7],[-120.85827374831,39.986324552447,1443.7],[-120.85825363174,39.986330922693,1443.7],[-120.85823016241,39.986340980977,1443.7],[-120.8582032565,39.986346429214,1449.4],[-120.85816478357,39.986358331516,1449.4],[-120.85813729092,39.986370736733,1449.4],[-120.85810007527,39.986384650692,1450.0],[-120.85806084797,39.986387668177,1450.0],[-120.85803134367,39.986401079223,1449.5],[-120.85800661705,39.986406611279,1449.5],[-120.85797359236,39.986414657906,1449.5],[-120.85793394595,39.986438881606,1448.1],[-120.85789865814,39.986468637362,1451.6],[-120.85788189434,39.986503589898,1451.6],[-120.85786638781,39.986534100026,1451.6],[-120.85785339586,39.986555138603,1453.8],[-120.85784224793,39.986580954865,1453.8],[-120.85783612914,39.986636694521,1459.2],[-120.85782003589,39.986662259325,1459.2],[-120.85779748857,39.986673323438,1459.2],[-120.85777259432,39.986669048667,1459.2],[-120.85776287131,39.986667539924,1454.9],[-120.85775616579,39.986667539924,1454.9],[-120.85774191655,39.986692853272,1454.9],[-120.85772490129,39.986720345914,1459.9],[-120.85770017467,39.986754208803,1459.9],[-120.85767963901,39.986780276522,1459.9],[-120.85765650496,39.986800812185,1459.0],[-120.85762666538,39.98682118021,1459.0],[-120.85759154521,39.986834591255,1459.0],[-120.85752792656,39.986859820783,1454.3],[-120.85748023354,39.986879685894,1451.1],[-120.85744628683,39.986894102767,1451.1],[-120.8574157767,39.986897706985,1451.1],[-120.85738291964,39.986910112202,1453.1],[-120.85737562738,39.98691204004,1453.1],[-120.85734427907,39.986939197406,1453.1],[-120.85730597377,39.986956631765,1453.1],[-120.85725425743,39.986983453855,1452.6],[-120.85722399876,39.987008180469,1456.8],[-120.85718259215,39.987024357542,1456.5],[-120.85713758133,39.987028799951,1456.5],[-120.8570836857,39.987023603171,1456.5],[-120.85704797879,39.987023435533,1456.5],[-120.85700984113,39.987032404169,1456.7],[-120.85698058829,39.987065931782,1456.7],[-120.85695493966,39.987108847126,1460.8],[-120.85690892301,39.98716307804,1460.7],[-120.85687296465,39.987176824361,1460.7],[-120.85681999102,39.98718294315,1460.5],[-120.85674597882,39.987182188779,1460.1],[-120.85664279759,39.987197276205,1463.2],[-120.85660792887,39.987204400823,1463.2],[-120.85658571683,39.987240526825,1463.2],[-120.85658496246,39.987293165177,1467.3],[-120.85658395663,39.987321998924,1467.3],[-120.85657884367,39.987337337807,1467.3],[-120.85655361414,39.987346390262,1466.3],[-120.85649351589,39.987360890955,1466.3],[-120.85646099411,39.987380085513,1469.2],[-120.85642361082,39.987386288121,1469.2],[-120.85638354532,39.987406991422,1469.2],[-120.85634507239,39.987432807684,1467.6],[-120.8563164901,39.987454013899,1471.7],[-120.85628405213,39.987472202629,1470.0],[-120.85624943487,39.987491229549,1470.0],[-120.85622671992,39.987519811839,1470.0],[-120.85618263111,39.987559290603,1472.4],[-120.85614608601,39.987583514303,1472.4],[-120.85610534996,39.987613521516,1472.4],[-120.85605891421,39.987640427426,1474.8],[-120.8560240455,39.987664483488,1474.8],[-120.85601155646,39.987689293921,1474.8],[-120.85598724894,39.987702118233,1473.2],[-120.8559593372,39.987705722451,1473.2],[-120.85593352094,39.98770320788,1473.2],[-120.85588800721,39.987696167082,1471.6],[-120.8558505401,39.987694658339,1471.6],[-120.85582396947,39.987711673602,1470.0],[-120.85582564585,39.987716702744,1470.0],[-120.85581374355,39.9877222348,1470.0],[-120.85579102859,39.987729275599,1474.4],[-120.8557483647,39.987747129053,1474.4],[-120.8557091374,39.987759953365,1472.8],[-120.85567653179,39.987769508734,1472.8],[-120.85563370027,39.987776465714,1472.8],[-120.85561081767,39.987792307511,1471.3],[-120.85558466613,39.987815944478,1476.2],[-120.85554560646,39.987833462656,1476.2],[-120.85551719181,39.987848717719,1474.5],[-120.85547612049,39.987867409363,1474.5],[-120.85545013659,39.987883670256,1472.7],[-120.85542432033,39.987897081301,1472.7],[-120.8554180339,39.987899176776,1472.7],[-120.8554078918,39.987904541194,1478.3],[-120.85537721403,39.987916778773,1478.3],[-120.85532709025,39.987923903391,1476.4],[-120.85526481271,39.987920299172,1474.0],[-120.85523882881,39.987936476246,1474.0],[-120.85521955043,39.987953994423,1474.0],[-120.85520991124,39.987971764058,1474.0],[-120.85519373417,39.987986767665,1479.5],[-120.85517562926,39.988003280014,1476.3],[-120.85515894927,39.9880252406,1476.3],[-120.85513598286,39.988045860082,1476.3],[-120.85510773584,39.988064132631,1481.6],[-120.85508988239,39.988085506484,1478.3],[-120.85507261567,39.988104198128,1478.3],[-120.85505031981,39.988121381029,1478.3],[-120.85503824987,39.988141832873,1478.3],[-120.85503992625,39.98814820312,1482.8],[-120.85503112525,39.988146945834,1482.8],[-120.85501821712,39.988142251968,1482.8],[-120.8550146129,39.98813780956,1482.8],[-120.85501478054,39.988136384636,1482.8],[-120.85501335561,39.988133786246,1482.8],[-120.85501100868,39.988135630265,1482.8],[-120.85500380024,39.988149125129,1482.8],[-120.8549921494,39.988174689934,1479.9],[-120.85498401895,39.988212324679,1479.9],[-120.85497437976,39.988242583349,1483.6],[-120.85496381857,39.988262783736,1483.6],[-120.85495325737,39.988280888647,1483.6],[-120.85493288934,39.988296646625,1483.6],[-120.85490690544,39.988316260278,1483.9],[-120.85488058627,39.988343417645,1483.9],[-120.85486105643,39.988366886973,1483.9],[-120.85483775474,39.988387254998,1483.9],[-120.85481579416,39.988422039896,1483.6],[-120.85478846915,39.988463111222,1483.6],[-120.85476575419,39.988506361842,1486.5],[-120.85474764928,39.988542655483,1486.5],[-120.85470012389,39.988591689616,1483.2],[-120.85468051024,39.98860786669,1486.0],[-120.85466433316,39.98862513341,1486.0],[-120.85464438424,39.988646004349,1486.0],[-120.85461948998,39.988666204736,1482.7],[-120.85459300317,39.988679112867,1482.7],[-120.85457355715,39.988701241091,1485.6],[-120.85454958491,39.988746838644,1485.6],[-120.85448915139,39.988821689039,1485.2],[-120.85447984748,39.988842476159,1485.2],[-120.85447808728,39.988861000165,1485.2],[-120.85447758436,39.988886648789,1488.4],[-120.85448504426,39.988931911066,1488.4],[-120.85445126519,39.988996451721,1491.8],[-120.85445227101,39.989021094516,1491.8],[-120.85446165875,39.989060070366,1495.2],[-120.85445730016,39.989119078964,1495.2],[-120.85443098098,39.989166101441,1494.9],[-120.85441572592,39.989181356505,1494.9],[-120.85440759547,39.989202730358,1494.9],[-120.85440566763,39.989210190251,1494.9],[-120.85440809838,39.989219661802,1494.9],[-120.85440935567,39.989246232435,1498.7],[-120.85440893658,39.9892786704,1498.7],[-120.85441773757,39.989301469177,1498.7],[-120.85444808006,39.989326950163,1502.3],[-120.85446786135,39.989363411441,1505.9],[-120.85448395461,39.989393586293,1505.9],[-120.8544830326,39.98942761682,1509.4],[-120.8544693701,39.989468771964,1509.4],[-120.85445621051,39.989507161081,1513.2],[-120.85443701595,39.989540353417,1508.7],[-120.85442737676,39.989572037011,1508.7],[-120.85440893658,39.989609923214,1512.1],[-120.85438580252,39.989646049216,1512.1],[-120.85436669178,39.989683600143,1512.1],[-120.85434908979,39.989714613184,1515.3],[-120.8543319907,39.989734310657,1510.7],[-120.85432872176,39.989752750844,1510.7],[-120.85432964377,39.989768844098,1510.7],[-120.85432872176,39.989791391417,1514.3],[-120.85433785804,39.989825673401,1514.3],[-120.85433810949,39.989870684221,1517.4],[-120.85431950167,39.989913264289,1517.4],[-120.85427893326,39.989954335615,1517.4],[-120.85424113087,39.989999933168,1516.4],[-120.85422168486,39.990028264001,1516.4],[-120.85419218056,39.99005869031,1519.2],[-120.85416007787,39.990065312013,1515.5],[-120.85412554443,39.99007771723,1515.5],[-120.85408103652,39.990098420531,1515.5],[-120.85400140844,39.990143179893,1511.1],[-120.85395899601,39.990173857659,1510.3],[-120.85391557775,39.990205038339,1510.3],[-120.85388121195,39.990247869864,1513.6],[-120.85384986363,39.99026815407,1509.6],[-120.85380778648,39.990275865421,1509.6],[-120.85375917144,39.990304447711,1505.3],[-120.85372363217,39.99032615684,1505.3],[-120.85371742956,39.990328084677,1505.3],[-120.8537162561,39.990334203467,1505.3],[-120.85371474735,39.990347614512,1509.0],[-120.8537039347,39.990366054699,1509.0],[-120.8536849916,39.990384662524,1505.0],[-120.85367426276,39.990404443815,1505.0],[-120.85367300548,39.990424308926,1505.0],[-120.8536673896,39.990449538454,1508.5],[-120.85365640931,39.990479126573,1508.5],[-120.85364475846,39.990505529568,1508.5],[-120.85362522863,39.990533357486,1511.4],[-120.85361625999,39.990554815158,1511.4],[-120.85361651145,39.990587336943,1511.4],[-120.85361290723,39.990625474602,1513.7],[-120.85361290723,39.990661432967,1513.7],[-120.85359815508,39.990702755749,1515.3],[-120.85358013399,39.99074164778,1512.6],[-120.85355205461,39.990797638893,1513.8],[-120.85350159556,39.990840721875,1513.8],[-120.85349715315,39.990849355236,1513.8],[-120.85345859639,39.990866538137,1511.2],[-120.85340696387,39.990907609463,1512.5],[-120.85336027667,39.990940801799,1509.8],[-120.85334376432,39.990963768214,1509.8],[-120.85333915427,39.990981286392,1510.6],[-120.85333848372,39.990986483172,1510.6],[-120.85333789699,39.990980699658,1510.6],[-120.85332280956,39.990993607789,1510.6],[-120.85332146846,39.990997295827,1510.6],[-120.85331082344,39.990995200351,1507.4],[-120.85328919813,39.990991009399,1507.4],[-120.85328752175,39.990993775427,1507.4],[-120.85327729583,39.990995451808,1507.4],[-120.85325441323,39.990986566991,1507.4],[-120.85324980319,39.990988075733,1507.4],[-120.85323781706,39.991003163159,1507.4],[-120.85320806131,39.991060998291,1507.4],[-120.85319808684,39.991081450135,1505.0],[-120.85317889228,39.991155629978,1505.0],[-120.85316866636,39.991224613041,1505.7],[-120.85314058699,39.991254871711,1506.5],[-120.85310513154,39.99128789641,1505.2],[-120.85307998583,39.991312036291,1505.2],[-120.85303774104,39.991382276639,1506.3],[-120.85296305828,39.99147917144,1508.7],[-120.85291896947,39.99151722528,1509.3],[-120.85286431946,39.991543292999,1511.8],[-120.85279374383,39.991564499214,1512.3],[-120.85273909383,39.991582771763,1512.3],[-120.85269525647,39.991591824219,1512.5],[-120.85264831781,39.991596769542,1512.5],[-120.85260883905,39.991616299376,1512.8],[-120.85257355124,39.991644378752,1516.0],[-120.85255645216,39.991690982133,1515.8],[-120.85253801197,39.991709254682,1519.0],[-120.8525333181,39.9917163793,1519.0],[-120.85251772776,39.991716463119,1519.0],[-120.85249928758,39.991735573858,1519.0],[-120.85249442607,39.991745380685,1519.0],[-120.85248017684,39.991766000167,1519.0],[-120.85246073082,39.991801958531,1522.1],[-120.85245352238,39.991829534993,1520.9],[-120.85244815797,39.991858704016,1520.9],[-120.85242963396,39.991893488914,1523.9],[-120.85238638334,39.991934979334,1523.9],[-120.8523399476,39.991970183328,1522.2],[-120.85228471085,39.991997508332,1522.3],[-120.85222050548,39.99201846309,1522.3],[-120.85214816965,39.992039334029,1518.7],[-120.85208237171,39.992060456425,1514.6],[-120.85203358904,39.992101024836,1517.0],[-120.85199167952,39.992164392024,1513.0],[-120.85197038949,39.992197584361,1513.9],[-120.85195496678,39.99222532846,1513.9],[-120.8519427292,39.992259191349,1513.9],[-120.85193811916,39.992308309302,1514.7],[-120.85193862207,39.992372347042,1515.2],[-120.85193770006,39.992390535772,1515.2],[-120.85193359293,39.992428589612,1515.2],[-120.85191381164,39.992469074205,1515.4],[-120.85188849829,39.992504362017,1513.4],[-120.85185564123,39.992558509111,1513.8],[-120.85183351301,39.992594551295,1513.8],[-120.85180853494,39.992613745853,1513.8],[-120.85178464651,39.992644004524,1513.1],[-120.85177752189,39.992651045322,1513.1],[-120.85176419467,39.992693960667,1513.1],[-120.85172035731,39.992761854082,1514.2],[-120.85168599151,39.992775851861,1513.4],[-120.85164207034,39.992784904316,1513.4],[-120.85161449388,39.992804601789,1513.4],[-120.85159714334,39.992839051411,1514.8],[-120.85159110837,39.992873165756,1514.8],[-120.85156453773,39.99292396009,1516.2],[-120.85150695406,39.992972072214,1516.0],[-120.85146772675,39.993007360026,1517.5],[-120.85142615251,39.993075337261,1517.1],[-120.85138348863,39.993119426072,1518.3],[-120.85133286193,39.993147840723,1518.3],[-120.85127653554,39.993157563731,1518.3],[-120.85120839067,39.993179691955,1518.2],[-120.85115483031,39.993199808523,1519.8],[-120.85111778229,39.993222104385,1519.8],[-120.85106816143,39.993264013901,1519.8],[-120.85101686418,39.993277005851,1519.8],[-120.85096950643,39.993283627555,1519.6],[-120.8509161137,39.993289159611,1521.6],[-120.85087185726,39.9932952784,1521.4],[-120.85082676262,39.993302403018,1521.4],[-120.85077923723,39.993309192359,1521.2],[-120.85073984228,39.993323693052,1521.2],[-120.85069332272,39.993341043591,1520.8],[-120.8506412711,39.993354035541,1520.8],[-120.85056776181,39.993354789913,1520.4],[-120.85049307905,39.993355628103,1520.0],[-120.85043113679,39.993361495435,1520.0],[-120.85038922727,39.993374738842,1521.3],[-120.85036030971,39.993399046361,1521.3],[-120.85033851676,39.993430227041,1521.3],[-120.85033440962,39.993456713855,1521.3],[-120.85032912903,39.993483787403,1523.0],[-120.85033658892,39.993496444076,1523.0],[-120.85029208101,39.993481524289,1522.3],[-120.85028545931,39.993487726897,1522.3],[-120.85027481429,39.993487810716,1522.3],[-120.85027037188,39.993494264781,1522.3],[-120.85026475601,39.993499880657,1522.3],[-120.85025059059,39.993522344157,1522.3],[-120.85023592226,39.993550339714,1524.0],[-120.850227708,39.993576323614,1524.0],[-120.85022779182,39.993582861498,1524.0],[-120.85022485815,39.993583867326,1524.0],[-120.85022234358,39.993584956974,1524.0],[-120.85022804327,39.993580849841,1524.0],[-120.85024145432,39.993571378291,1524.0],[-120.85025436245,39.99356014654,1524.0],[-120.85026802495,39.993552016094,1524.0],[-120.85028529167,39.993550255895,1524.0],[-120.85029928945,39.993554698303,1524.0],[-120.85029945709,39.993577664718,1524.0],[-120.8502933383,39.993610773236,1524.0],[-120.85027640685,39.993637846783,1525.9],[-120.85025159642,39.993660226464,1525.9],[-120.85023349151,39.993683863431,1525.9],[-120.85022510961,39.993706075475,1525.9],[-120.85022142157,39.993733149022,1528.3],[-120.85022008047,39.993767682463,1528.3],[-120.85021706298,39.993795258924,1528.3],[-120.85018973798,39.993866924196,1529.3],[-120.8501510974,39.993920400739,1529.3],[-120.85012360476,39.993956778198,1529.9],[-120.8501145523,39.993989802897,1529.9],[-120.85010826588,39.994021151215,1532.4],[-120.85007607937,39.994064401835,1532.4],[-120.85004858673,39.994091810659,1532.4],[-120.85002964363,39.994118129835,1532.3],[-120.84999217652,39.994170600548,1532.3],[-120.84998999722,39.994213515893,1534.4],[-120.84998354316,39.99425182119,1534.4],[-120.849986393,39.994261711836,1534.4],[-120.84998119622,39.994274787605,1534.4],[-120.84997247905,39.994299178943,1534.4],[-120.8499696292,39.994307309389,1536.6],[-120.84996468388,39.99431326054,1536.6],[-120.84995537996,39.99433756806,1536.6],[-120.84995102137,39.994345782325,1536.6],[-120.84994029254,39.994353493676,1534.2],[-120.84991388954,39.994373610243,1534.2],[-120.84988765419,39.994402108714,1536.7],[-120.84985127673,39.99443446286,1534.6],[-120.84981012158,39.994463380426,1534.6],[-120.84977215156,39.994486179203,1536.2],[-120.84973191842,39.994517443702,1536.2],[-120.84969135001,39.994575697929,1540.0],[-120.84964600392,39.994627414271,1538.2],[-120.84961524233,39.994662031531,1538.2],[-120.84958280437,39.994693128392,1540.1],[-120.84954567254,39.994719447568,1540.1],[-120.84951231256,39.99475389719,1540.1],[-120.84948255681,39.994793543592,1541.4],[-120.84943972528,39.994833022356,1541.4],[-120.84938582964,39.99486906454,1542.9],[-120.8493477758,39.994890522212,1542.9],[-120.8493067883,39.994913572446,1542.9],[-120.84926714189,39.994928408414,1540.5],[-120.84922799841,39.994946764782,1540.5],[-120.84919924848,39.994971742854,1542.2],[-120.84917544387,39.995007030666,1542.2],[-120.8491491247,39.995033936575,1542.2],[-120.84911844693,39.995043408126,1539.9],[-120.84907150827,39.995037121698,1539.9],[-120.84903412499,39.995048856363,1537.7],[-120.84899598733,39.995050868019,1537.7],[-120.84894804284,39.995046928525,1537.7],[-120.8489078097,39.995041899383,1536.1],[-120.84884712473,39.995047934353,1535.1],[-120.84878811613,39.995085317641,1539.5],[-120.84874494933,39.99514516443,1542.7],[-120.84870027378,39.995205681771,1542.7],[-120.84866574034,39.995252368972,1546.4],[-120.84863422439,39.995307438076,1545.1],[-120.8486065641,39.99533560127,1548.7],[-120.84856683388,39.995371308178,1548.7],[-120.8484929055,39.995412882417,1549.7],[-120.84842316806,39.995442470536,1547.6],[-120.84838746116,39.995470885187,1547.6],[-120.84837673232,39.995505167171,1548.0],[-120.84837120026,39.995550177991,1548.0],[-120.84836483002,39.995611365885,1550.6],[-120.84835225716,39.995636427775,1550.6],[-120.84833691828,39.995667608455,1550.6],[-120.84831554443,39.995696945116,1552.6],[-120.84828712977,39.995722090825,1550.3],[-120.84825804457,39.995746398345,1550.3],[-120.84824027494,39.995779842138,1552.5],[-120.84822518751,39.995823428035,1552.5],[-120.84820641205,39.995858045295,1550.1],[-120.84818386473,39.995888639241,1552.2],[-120.84816182032,39.995925687253,1552.2],[-120.84814245813,39.995972542092,1554.2],[-120.84812284447,39.996022414416,1554.2],[-120.84809493273,39.996070107445,1553.8],[-120.84805377759,39.99610430561,1553.8],[-120.84799510427,39.99613632448,1551.4],[-120.84794623777,39.996165242046,1553.1],[-120.84790927358,39.996189717203,1550.4],[-120.84786945954,39.996236488223,1550.4],[-120.84782386199,39.996272111312,1549.4],[-120.84776854143,39.996314439923,1549.4],[-120.84772109985,39.996346961707,1548.4],[-120.84768069908,39.996377723292,1548.4],[-120.84766091779,39.996405048296,1546.1],[-120.84766393527,39.996439833194,1546.6],[-120.8476583194,39.996481323615,1546.6],[-120.84765681066,39.996515605599,1546.6],[-120.84765136242,39.99653882347,1546.5],[-120.84766418673,39.996545361355,1546.5],[-120.84767969325,39.996569082141,1546.5],[-120.84772378206,39.996606716886,1548.5],[-120.84776384756,39.996657008305,1548.4],[-120.84777113982,39.996689530089,1548.4],[-120.84779729135,39.996701348573,1550.8],[-120.84782537073,39.996710987762,1550.8],[-120.84787507541,39.996740408242,1553.3],[-120.8479798492,39.996831770986,1555.1],[-120.8480115328,39.996869657189,1555.1],[-120.84802838042,39.996903184801,1555.1],[-120.84803500213,39.996911566705,1553.0],[-120.84807691164,39.996931934729,1557.2],[-120.84812183864,39.996954062954,1557.2],[-120.84816643037,39.996968479827,1561.6],[-120.84818822332,39.996988512576,1561.6],[-120.84821169265,39.997014245018,1559.6],[-120.84823214449,39.997046180069,1559.6],[-120.84824128076,39.997078953311,1559.6],[-120.84823734127,39.997103428468,1557.2],[-120.84824019112,39.997130753472,1557.2],[-120.84826357663,39.997167550027,1562.7],[-120.8482832741,39.997190767899,1562.7],[-120.84828251973,39.997188420966,1562.7],[-120.84828277119,39.997228235006,1560.7],[-120.84828034043,39.997282633558,1560.7],[-120.84828570485,39.997340384871,1558.2],[-120.84829978645,39.99736905098,1558.2],[-120.8483233396,39.997395705432,1555.9],[-120.84834823385,39.997420264408,1555.9],[-120.84835720249,39.997425964102,1562.0],[-120.84837078117,39.997437782586,1562.0],[-120.84838477895,39.997468879446,1559.9],[-120.84840003401,39.997511040419,1559.9],[-120.84841545671,39.997563678771,1559.9],[-120.8484250959,39.997618077323,1558.5],[-120.848425515,39.997663004324,1558.5],[-120.84841403179,39.997709440067,1557.6],[-120.84840556607,39.997763922438,1556.9],[-120.84839190356,39.997843885794,1556.9],[-120.84837497212,39.997879508883,1556.8],[-120.84836952388,39.997917478904,1556.8],[-120.84837069735,39.997954610735,1557.3],[-120.84837203845,39.997988976538,1557.3],[-120.8483731281,39.998026359826,1557.3],[-120.84836323746,39.998071705922,1558.1],[-120.84834270179,39.99813599512,1553.2],[-120.84832032211,39.998191148043,1553.2],[-120.8482986968,39.998238589615,1554.9],[-120.8482850343,39.998301453888,1554.9],[-120.84827514365,39.998372783884,1557.6],[-120.84825754166,39.998430199921,1560.7],[-120.84822585806,39.998465152457,1555.6],[-120.84820213728,39.998498344794,1558.6],[-120.84819031879,39.998538326472,1558.6],[-120.84818671457,39.998583169654,1558.6],[-120.84818176925,39.998623654246,1560.5],[-120.84817338735,39.998676376417,1560.5],[-120.8481291309,39.99873412773,1559.0],[-120.84811463021,39.998759943992,1559.0],[-120.84810784087,39.998789280653,1560.1],[-120.8481172286,39.998804870993,1560.1],[-120.84815947339,39.998798500746,1563.1],[-120.84818034433,39.998839069158,1563.1],[-120.84819400683,39.9988925457,1564.0],[-120.84819375537,39.998959768564,1564.0],[-120.84820230491,39.998994804919,1564.7],[-120.84819015115,39.999018441886,1564.7],[-120.84818294272,39.99903101474,1564.7],[-120.84816693328,39.999053226784,1564.7],[-120.84816190414,39.999100249261,1565.4],[-120.84816643037,39.999141991138,1565.4],[-120.84817816503,39.999166382477,1566.1],[-120.84817950614,39.999166717753,1566.1],[-120.84818193689,39.999175351113,1566.1],[-120.84819098935,39.999197563156,1566.1],[-120.84820800461,39.999225391075,1566.1],[-120.84822284058,39.99924659729,1566.8],[-120.84823423997,39.999265288934,1566.8],[-120.84823868237,39.999270904809,1566.8],[-120.8482396882,39.99927601777,1566.8],[-120.84824480116,39.999294877052,1566.8],[-120.84825410508,39.999320274219,1566.8],[-120.84825972095,39.999354640022,1570.3],[-120.84826994687,39.999386323616,1570.3],[-120.84828696214,39.999404428527,1570.3],[-120.84829182364,39.999407781288,1570.3],[-120.8482938353,39.999417588115,1570.3],[-120.8483035583,39.999429322779,1570.2],[-120.84831688553,39.999446002766,1570.2],[-120.84833147004,39.999480536208,1570.2],[-120.84834144451,39.999509956688,1570.2],[-120.84834680893,39.999543232843,1570.3],[-120.84835493937,39.99959201552,1570.3],[-120.84837094881,39.999623531476,1572.6],[-120.84838385694,39.999653790146,1572.6],[-120.84838762879,39.999685222283,1572.6],[-120.84839089774,39.999711290002,1572.4],[-120.84840388969,39.999749762937,1572.4],[-120.8484299574,39.99983349815,1572.6],[-120.8484546002,39.999890243635,1572.5],[-120.84846910089,39.999943049625,1574.9],[-120.84846633486,40.000006249174,1574.8],[-120.84846750833,40.000043967739,1574.8],[-120.84846356884,40.000067017972,1574.8],[-120.84846633486,40.000085625798,1574.9],[-120.84848687053,40.000121835619,1574.9],[-120.84849198349,40.000127619132,1574.9],[-120.84849189967,40.000140359625,1574.9],[-120.84849240258,40.000144382939,1574.9],[-120.84850086831,40.000162320212,1574.9],[-120.84851151332,40.000194590539,1574.9],[-120.84851955995,40.000217137858,1574.9],[-120.84852978587,40.000239768997,1574.9],[-120.84853908978,40.00026977621,1574.7],[-120.84855199791,40.000306656584,1577.0],[-120.84856976755,40.000349655747,1577.0],[-120.84857580252,40.000393409282,1576.9],[-120.84858728573,40.00043858774,1576.9],[-120.84860446863,40.000477898866,1577.0],[-120.84861997515,40.000516287982,1577.0],[-120.84863137454,40.000545540825,1579.6],[-120.84864143282,40.000569010153,1579.6],[-120.84865266457,40.000593401492,1579.6],[-120.84865945391,40.000610752031,1579.6],[-120.84866079502,40.000629192218,1582.2],[-120.84866356105,40.000655679032,1582.1],[-120.84867605008,40.000711083412,1582.1],[-120.84868501872,40.000793058425,1582.0],[-120.84868501872,40.000853911042,1581.7],[-120.84868476726,40.000863382593,1581.7],[-120.8486827556,40.000879894942,1581.7],[-120.84867068566,40.000910991803,1581.7],[-120.84866037592,40.000955248252,1581.4],[-120.84865886718,40.000979891047,1581.4],[-120.84867244586,40.001012580469,1581.4],[-120.84869499318,40.001051053405,1581.0],[-120.84871502593,40.00108349137,1583.7],[-120.84872717969,40.001115174964,1583.7],[-120.84873539396,40.001149624586,1583.3],[-120.84874033928,40.001188768074,1583.3],[-120.84874419495,40.001223469153,1582.8],[-120.8487523254,40.001261355355,1582.8],[-120.84875693545,40.001273509115,1582.8],[-120.84876523353,40.001297565177,1582.8],[-120.84877956659,40.001319190487,1582.4],[-120.84878543392,40.001324554905,1582.4],[-120.8487853501,40.001342408359,1582.4],[-120.84879540838,40.001369230449,1582.4],[-120.84880622104,40.001436956227,1581.7],[-120.8488183748,40.001473333687,1584.3],[-120.84882642142,40.001509208232,1583.5],[-120.84882767871,40.001514153555,1583.5],[-120.84883773699,40.001549525186,1583.5],[-120.84885383025,40.001577939838,1582.6],[-120.84886849858,40.001607108861,1582.6],[-120.84888836369,40.001630075276,1582.6],[-120.84891359322,40.001654047519,1584.8],[-120.84894510917,40.001686234027,1584.0],[-120.84897327237,40.001723617315,1584.0],[-120.84900705144,40.001784050837,1585.3],[-120.84903278388,40.00184180215,1585.3],[-120.84906396456,40.001878682524,1584.4],[-120.84908475168,40.001910114661,1584.4],[-120.84910545498,40.001936685294,1586.5],[-120.84911911748,40.001962585375,1585.4],[-120.84913227707,40.001989323646,1585.4],[-120.84914610721,40.00202360563,1585.4],[-120.84916496649,40.002065682784,1584.5],[-120.8492063731,40.00210926868,1586.4],[-120.84923445247,40.002149501815,1586.1],[-120.84926915355,40.002165259793,1586.1],[-120.8492887672,40.00217766501,1588.8],[-120.84929899313,40.002193590626,1588.8],[-120.84931030869,40.002219658345,1588.5],[-120.84932874888,40.002251844853,1588.5],[-120.84935364313,40.002293251455,1588.5],[-120.84937518463,40.002318061888,1588.3],[-120.84938415326,40.002346811816,1588.3],[-120.84940108471,40.002378160134,1590.8],[-120.84942128509,40.002411603928,1590.3],[-120.84944148548,40.002436162904,1590.3],[-120.84946394898,40.002451920882,1590.3],[-120.84949437529,40.002462314442,1592.6],[-120.84952195175,40.002475893125,1592.6],[-120.84953745827,40.002489387989,1592.6],[-120.84955153987,40.002518976107,1591.7],[-120.84957031533,40.002568177879,1594.1],[-120.84960442968,40.002647638321,1592.9],[-120.84963929839,40.002734977752,1591.6],[-120.84967265837,40.002768337727,1594.2],[-120.84970761091,40.002780240029,1594.2],[-120.84973669611,40.002797590569,1592.9],[-120.84976578131,40.002832710743,1592.9],[-120.84979277104,40.002858275548,1595.6],[-120.84980551153,40.002882834524,1594.5],[-120.84981841967,40.002903034911,1594.5],[-120.84983258508,40.002925749868,1594.5],[-120.84985345602,40.002991044894,1593.8],[-120.84987650625,40.003051562235,1596.6],[-120.84988539107,40.003078551963,1595.8],[-120.84989788011,40.003121970221,1595.8],[-120.84990986623,40.003155246377,1595.3],[-120.84990559146,40.003183325753,1595.3],[-120.84987005219,40.003205118701,1592.5],[-120.84984272718,40.003241999075,1592.5],[-120.84982755594,40.003299918026,1592.3],[-120.84983275272,40.003340737894,1592.2],[-120.84986108355,40.003370996565,1592.2],[-120.84988455288,40.003399243578,1595.0],[-120.84989150986,40.003448864445,1595.4],[-120.84991430864,40.003516087309,1595.8],[-120.84990802221,40.003568222746,1595.8],[-120.84989905357,40.003609880805,1595.8],[-120.84988681599,40.00363368541,1597.5],[-120.8498621732,40.003668889403,1595.5],[-120.84980576299,40.003675762564,1595.5],[-120.84975253791,40.003676265478,1593.7],[-120.84972269833,40.003663357347,1593.7],[-120.8497238718,40.003667883575,1593.7],[-120.84971532226,40.003679450601,1593.7],[-120.84970534779,40.003697220236,1593.7],[-120.84970509633,40.003725886345,1595.7],[-120.84970023483,40.00376176089,1595.7],[-120.84969654679,40.003804592416,1598.3],[-120.84970291704,40.00384314917,1598.3],[-120.84971071221,40.003874916583,1598.3],[-120.84970828146,40.003916239366,1600.5],[-120.84971339442,40.003967871889,1600.5],[-120.84971833974,40.004016486928,1603.0],[-120.8497371152,40.004063509405,1603.0],[-120.84974206053,40.004072645679,1604.6],[-120.84973627701,40.004100892693,1604.6],[-120.84971984848,40.00414179638,1604.6],[-120.84970333613,40.004173563793,1605.8],[-120.84967969917,40.004201810807,1603.2],[-120.8496512007,40.004229051992,1603.2],[-120.84964290261,40.004261825234,1604.0],[-120.84963561036,40.004295520484,1604.0],[-120.84962974302,40.004331227392,1604.0],[-120.84963276051,40.00438679941,1604.8],[-120.84962194785,40.004420829937,1604.8],[-120.84960107692,40.004438431934,1602.2],[-120.84958104417,40.004463996738,1602.2],[-120.8495538868,40.004502553493,1602.2],[-120.8495300822,40.004553599283,1602.6],[-120.84952329285,40.004602801055,1602.6],[-120.84954190068,40.004681674764,1602.8],[-120.84954131395,40.004755351692,1603.0],[-120.84954215214,40.004782844335,1603.0],[-120.84953636862,40.004819305614,1602.9],[-120.84952999838,40.004869680852,1602.9],[-120.84952890873,40.004930868745,1602.4],[-120.84953695536,40.004998259246,1601.8],[-120.84955397062,40.005055507645,1601.8],[-120.84955648519,40.005105966702,1601.0],[-120.84954148158,40.005142008886,1601.0],[-120.8495345246,40.005149049684,1601.0],[-120.84954659455,40.00514946878,1601.0],[-120.84956729785,40.005153995007,1601.0],[-120.84959738888,40.005166148767,1600.2],[-120.84962915629,40.00520227477,1603.0],[-120.84965044633,40.005254074931,1602.0],[-120.84968749434,40.005285004154,1602.0],[-120.84969671443,40.005296654999,1602.0],[-120.84971398115,40.005320627242,1604.8],[-120.84974206053,40.005348287523,1604.8],[-120.84977793507,40.005373265594,1603.8],[-120.84985186346,40.005483403802,1605.2],[-120.8498652745,40.005523720756,1605.2],[-120.84990550764,40.005603684112,1606.6],[-120.84996443242,40.005659507588,1605.2],[-120.85006644018,40.005719354376,1607.5],[-120.85009762086,40.005762102082,1608.3],[-120.85012536496,40.005802335218,1608.3],[-120.85014372133,40.005823122337,1606.5],[-120.85016350262,40.005846926942,1606.5],[-120.8501598984,40.005861679092,1606.5],[-120.85019937716,40.005894117057,1609.0],[-120.85023382679,40.005920855328,1607.1],[-120.85025981069,40.005939630792,1607.1],[-120.85028110072,40.005953963846,1609.6],[-120.85030431859,40.005970560014,1609.6],[-120.85032954812,40.005994783714,1609.6],[-120.85037237965,40.0060202647,1609.5],[-120.8504214976,40.006051948294,1609.5],[-120.85045594722,40.006085392088,1609.5],[-120.85049039684,40.006119171157,1609.1],[-120.85051923059,40.006147082895,1609.1],[-120.85054412484,40.006169714034,1609.1],[-120.85057631135,40.006199218333,1611.1],[-120.85061495192,40.006241630763,1608.8],[-120.85065233521,40.006275745109,1610.7],[-120.85074847564,40.006356379017,1610.3],[-120.85078334436,40.006384626031,1610.3],[-120.85081988946,40.006411448121,1608.4],[-120.8508839272,40.006472803652,1610.0],[-120.85090873763,40.006503732875,1608.1],[-120.85093522444,40.006537679583,1609.6],[-120.85095995106,40.00657858327,1609.6],[-120.85098333657,40.006627365947,1608.3],[-120.85101443343,40.006691571325,1607.6],[-120.85104930215,40.006738174707,1609.7],[-120.85108450614,40.006823418662,1609.2],[-120.85110965185,40.006877565756,1608.7],[-120.85111853667,40.006922660396,1610.7],[-120.85112163797,40.006959037855,1610.2],[-120.85112675093,40.006963312626,1610.2],[-120.85113731213,40.006970940158,1610.2],[-120.85114250891,40.006995080039,1610.2],[-120.85116849281,40.007075965405,1609.2],[-120.85120386444,40.007129693404,1610.4],[-120.85129212588,40.00720529817,1610.1],[-120.85132665932,40.007216027007,1610.1],[-120.85137653165,40.007246704772,1609.0],[-120.85151433013,40.007316693664,1610.2],[-120.85156537592,40.007318286225,1610.2],[-120.85160116665,40.00731526874,1610.6],[-120.85162815638,40.00730923377,1610.6],[-120.85167400539,40.007287189364,1611.0],[-120.85172538646,40.007271431386,1611.0],[-120.8517766837,40.007255254313,1611.2],[-120.85182705894,40.007265312597,1611.2],[-120.85187131539,40.007279897109,1611.5],[-120.85190936923,40.007295487449,1611.5],[-120.85195085965,40.007311664522,1611.6],[-120.8519964572,40.007324991748,1611.6],[-120.85201657377,40.007342929021,1610.0],[-120.85203568451,40.007384419441,1610.2],[-120.85203886963,40.007415516302,1610.2],[-120.85202646442,40.007443679497,1610.4],[-120.85200341418,40.007457509637,1609.7],[-120.85197139531,40.007469914854,1609.7],[-120.85191783495,40.007492629811,1609.1],[-120.85190333426,40.00750570558,1609.1],[-120.85190090351,40.00751266256,1609.1],[-120.85190551355,40.007526325062,1609.9],[-120.85191138089,40.00755415298,1609.9],[-120.85192437284,40.007630260661,1611.6],[-120.85194155574,40.00768834725,1611.6],[-120.8519656118,40.007798066363,1611.7],[-120.8520242013,40.007851626724,1612.8],[-120.8520470839,40.007868222892,1612.8],[-120.85207172669,40.007879287004,1612.8],[-120.85209293291,40.00789789483,1612.0],[-120.85211330093,40.007930416614,1613.3],[-120.85211765952,40.007957406342,1613.3],[-120.85214188322,40.007976181805,1613.3],[-120.85218513384,40.007984144613,1612.6],[-120.85222620517,40.008003925905,1614.3],[-120.852280939,40.008047427982,1614.3],[-120.8523430489,40.008106688038,1616.2],[-120.85240532644,40.008144155145,1616.2],[-120.852478249,40.008188495412,1619.3],[-120.85252728313,40.008203247562,1621.5],[-120.85257631727,40.008218921721,1621.5],[-120.85261177272,40.008241888136,1623.7],[-120.85264060646,40.008264100179,1623.7],[-120.85268829949,40.00828824006,1626.0],[-120.85272585042,40.008304500952,1626.0],[-120.85275921039,40.008316487074,1626.0],[-120.85279198363,40.008315565065,1627.8],[-120.85282064974,40.008320929483,1627.8],[-120.85284579545,40.008335681632,1627.8],[-120.8528834302,40.008354289457,1629.4],[-120.85292349569,40.008366443217,1628.9],[-120.85294755176,40.008381865919,1628.9],[-120.85295945406,40.008413717151,1628.9],[-120.85297915153,40.008448082954,1630.2],[-120.85300421342,40.008477335796,1629.7],[-120.85302927531,40.008500050753,1629.7],[-120.8530565165,40.008508767933,1630.5],[-120.85307738744,40.008510192856,1630.5],[-120.85310689174,40.008511031047,1630.5],[-120.85313295946,40.008520754054,1631.4],[-120.85314838216,40.008552437648,1630.7],[-120.85315257311,40.008590742946,1630.7],[-120.85314067081,40.008628377691,1630.7],[-120.85312373936,40.008646231145,1630.7],[-120.8531014435,40.008653439581,1630.7],[-120.85307462141,40.008662492037,1630.7],[-120.85305978544,40.008672801778,1630.7],[-120.85303983651,40.008685123175,1630.7],[-120.85300966166,40.008698701859,1630.6],[-120.85296951234,40.008720494807,1630.6],[-120.85293875076,40.008757459,1632.8],[-120.85290564224,40.008789394051,1632.8],[-120.85286029615,40.00882493332,1635.0],[-120.852827942,40.008836165071,1635.2],[-120.85277413018,40.008838176727,1635.2],[-120.85272727534,40.008830800653,1635.1],[-120.8526896406,40.008847648278,1635.1],[-120.85266348906,40.008865334094,1634.7],[-120.8526302129,40.00887949951,1634.7],[-120.85259484127,40.008892323822,1634.7],[-120.85255896673,40.008907830343,1634.0],[-120.85251605138,40.008928701282,1635.8],[-120.85246668197,40.008950829506,1634.8],[-120.85240616463,40.008943369612,1634.8],[-120.85237498395,40.008952505887,1633.5],[-120.85235201754,40.00896952115,1633.5],[-120.85232217796,40.008998019621,1633.5],[-120.85227842443,40.009044539183,1633.2],[-120.85225478746,40.009084017947,1633.2],[-120.8522479143,40.009106565267,1634.0],[-120.852236012,40.009130286053,1634.0],[-120.85220935754,40.009181248024,1634.0],[-120.85219192319,40.00922491774,1633.1],[-120.85218035616,40.00926733017,1633.1],[-120.85217792541,40.009307479486,1633.6],[-120.85217499174,40.009342683479,1633.6],[-120.85217624903,40.009347964078,1633.6],[-120.8521783445,40.00936162658,1633.6],[-120.85219485685,40.009391801432,1635.8],[-120.85221648216,40.009429519996,1635.8],[-120.85223190486,40.009465394542,1635.8],[-120.85224539973,40.00949925743,1636.0],[-120.85225638002,40.009521553293,1636.0],[-120.85226392373,40.009542675689,1636.0],[-120.85226895288,40.009562289342,1636.0],[-120.85228303447,40.009605623782,1636.2],[-120.8522879798,40.009651556611,1636.2],[-120.85228772834,40.009696902707,1636.3],[-120.85230231285,40.009749205783,1638.2],[-120.85232611746,40.009771585464,1638.5],[-120.85234782659,40.009808130562,1638.5],[-120.85235645995,40.009838305414,1638.5],[-120.85236148909,40.00985682942,1638.7],[-120.85236174054,40.009884573519,1638.7],[-120.85236953571,40.00992170535,1638.7],[-120.85238403641,40.009953472763,1638.8],[-120.85240155458,40.009977864102,1640.9],[-120.85239568725,40.010000914335,1640.9],[-120.85238764063,40.010033017024,1639.2],[-120.8523676917,40.010088086128,1639.2],[-120.85237154737,40.010128403082,1639.5],[-120.85239258595,40.010193195194,1639.5],[-120.85240708664,40.010219598189,1641.8],[-120.85243558511,40.010271063074,1641.8],[-120.85246467032,40.010323785245,1641.8],[-120.85248436779,40.010381452739,1641.8],[-120.85251605138,40.010440126061,1643.7],[-120.85255259648,40.010497039184,1643.1],[-120.85256441496,40.010548923165,1643.1],[-120.85257807747,40.010575074703,1643.1],[-120.85259417072,40.010592844337,1644.2],[-120.8526059892,40.010624444112,1644.2],[-120.85260506719,40.010657301173,1644.2],[-120.85258897394,40.010667191818,1641.8],[-120.85257346742,40.010684793815,1640.4],[-120.85258109495,40.010703150183,1640.4],[-120.85259308107,40.010757800192,1640.4],[-120.85260129534,40.01081856899,1641.9],[-120.85260624066,40.010833740234,1641.9],[-120.85261319764,40.010853270069,1641.9],[-120.85263172165,40.010882019997,1640.9],[-120.85265108384,40.010911775753,1640.9],[-120.85267145187,40.010945638642,1640.9],[-120.85268486291,40.011010011658,1639.9],[-120.85268846713,40.01106608659,1638.8],[-120.85270355456,40.011118138209,1641.6],[-120.85272702388,40.011161472648,1640.4],[-120.85278578103,40.011334391311,1640.7],[-120.85279424675,40.011379066855,1640.7],[-120.85284093395,40.011459616944,1640.0],[-120.85285560228,40.011498425156,1640.0],[-120.85285384208,40.011543855071,1639.7],[-120.85284629837,40.011582830921,1639.7],[-120.85283406079,40.011630607769,1640.3],[-120.85281637497,40.011666398495,1640.3],[-120.85275610909,40.011712331325,1642.5],[-120.85272157565,40.011722054332,1642.5],[-120.85269651376,40.011724233627,1642.5],[-120.85267287679,40.011716773733,1643.0],[-120.85264496505,40.011712834239,1643.0],[-120.85261085071,40.011709397659,1643.0],[-120.85224548355,40.011669164523,1643.3],[-120.85214850493,40.01161837019,1644.4],[-120.85213107057,40.011596996337,1645.3],[-120.85211363621,40.011579645798,1641.7],[-120.85209477693,40.011565983295,1641.7],[-120.85206988268,40.011524660513,1641.7],[-120.85200802423,40.011448217556,1639.3],[-120.85185882635,40.011405050755,1639.7],[-120.85180568509,40.01140194945,1639.9],[-120.85179587826,40.011411001906,1639.9],[-120.85179378279,40.011422568932,1639.9],[-120.85180073977,40.011451151222,1639.9],[-120.8517735824,40.011468585581,1639.9],[-120.85163419135,40.011489456519,1639.3],[-120.85156654939,40.011505549774,1640.5],[-120.85151357576,40.011571347713,1640.5],[-120.85148365237,40.011610826477,1643.0],[-120.8513662219,40.011672014371,1642.7],[-120.85130511783,40.011684754863,1642.7],[-120.85124250501,40.011706044897,1640.9],[-120.85118911229,40.011728676036,1639.1],[-120.85115650669,40.011802269146,1641.3],[-120.85114242509,40.011836970225,1641.3],[-120.85112717003,40.011867480353,1641.3],[-120.85111040622,40.011901259422,1643.5],[-120.85109020583,40.01192917116,1641.5],[-120.85106866434,40.011940822005,1641.5],[-120.8510477934,40.011944929138,1641.5],[-120.85103211924,40.011970661581,1643.5],[-120.85099473596,40.012029753998,1641.6],[-120.85095534101,40.012074764818,1643.0],[-120.85092424415,40.01210745424,1641.0],[-120.85092080757,40.012115165591,1641.0],[-120.85087738931,40.012130169198,1641.0],[-120.85085920058,40.012151040137,1642.2],[-120.85086171515,40.012159673497,1642.2],[-120.85085383616,40.012169145048,1642.2],[-120.85085651837,40.012176102027,1642.2],[-120.85085500963,40.012177526951,1642.2],[-120.85085542873,40.012174509466,1642.2],[-120.85085785948,40.012172749266,1642.2],[-120.85084687918,40.012176940218,1642.2],[-120.8508399222,40.012173419818,1640.2],[-120.85083254613,40.012175431475,1640.2],[-120.85081628524,40.012167636305,1640.2],[-120.85080019198,40.012157410383,1640.2],[-120.85079181008,40.012150537223,1640.2],[-120.85078921169,40.012145340443,1640.2],[-120.85078904405,40.012145340443,1640.2],[-120.85079072043,40.012154811993,1640.2],[-120.85079105571,40.012165373191,1640.2],[-120.85078896023,40.012162774801,1640.2],[-120.85078812204,40.012164115906,1640.2],[-120.85079457611,40.012188339606,1640.2],[-120.85078451782,40.012190937996,1640.2],[-120.85078166798,40.012188171968,1640.2],[-120.85078032687,40.012189513072,1640.2],[-120.85077982396,40.012186998501,1640.2],[-120.8507795725,40.012217592448,1640.2],[-120.85078099743,40.012220358476,1640.2],[-120.85076825693,40.012215999886,1640.2],[-120.85076440126,40.012218765914,1640.2],[-120.85075115785,40.012214910239,1640.2],[-120.85074394941,40.012198733166,1640.2],[-120.85074244067,40.012198984623,1640.2],[-120.85074277595,40.012199152261,1640.2],[-120.85074269213,40.012210719287,1640.2],[-120.85074193776,40.012219352648,1640.2],[-120.85074705072,40.012239972129,1640.2],[-120.85074202158,40.012238631025,1640.2],[-120.85076431744,40.012245588005,1641.4],[-120.85075719282,40.012248773128,1641.4],[-120.8507540077,40.012245755643,1641.4],[-120.8507588692,40.012247096747,1641.4],[-120.85075794719,40.012247180566,1641.4],[-120.85075601935,40.012245001271,1641.4],[-120.85075258277,40.012243324891,1641.4],[-120.85073942319,40.012260759249,1641.4],[-120.8507223241,40.01231440343,1639.3],[-120.85071017034,40.012339046225,1640.7],[-120.85070924833,40.012377770618,1640.7],[-120.85071226582,40.012441724539,1642.0],[-120.85071494803,40.012468127534,1642.0],[-120.85072467104,40.012504337355,1642.0],[-120.85073581897,40.012547755614,1643.1],[-120.85073296912,40.012646242976,1644.2],[-120.85073187947,40.012693181634,1644.2],[-120.85072793998,40.012715058401,1645.3],[-120.85070874542,40.012740623206,1645.3],[-120.85070589557,40.012784544379,1645.3],[-120.8507108409,40.012830728665,1646.4],[-120.85073087364,40.012874063104,1646.4],[-120.85075291805,40.012930892408,1649.8],[-120.85076297633,40.012972969562,1649.8],[-120.85076171905,40.013015968725,1650.6],[-120.85075635463,40.013051675633,1650.6],[-120.85074612871,40.013073720038,1651.1],[-120.85072182119,40.013085119426,1648.9],[-120.85069374181,40.013092244044,1648.9],[-120.85068318062,40.013114372268,1648.9],[-120.85067345761,40.013133650646,1648.9],[-120.85066717118,40.013170782477,1649.3],[-120.8506641537,40.013197436929,1649.3],[-120.8506738767,40.013210764155,1649.3],[-120.8506791573,40.013219648972,1649.3],[-120.85068343207,40.013228617609,1649.3],[-120.85069022141,40.013251584023,1649.3],[-120.85069240071,40.013282597065,1649.4],[-120.85068695247,40.013318303972,1649.4],[-120.85068192333,40.013353759423,1649.4],[-120.85069290362,40.013401536271,1649.4],[-120.85070254281,40.013435734436,1649.4],[-120.85070036352,40.013457275927,1649.4],[-120.85069575347,40.013477392495,1649.4],[-120.8506928198,40.013496754691,1649.4],[-120.85070262663,40.013514943421,1649.4],[-120.85073003545,40.013545872644,1649.2],[-120.85074746981,40.013559870422,1651.0],[-120.85076146759,40.0135773886,1651.0],[-120.85077789612,40.013582836837,1651.0],[-120.85080002435,40.013590129092,1651.0],[-120.85081628524,40.013599433005,1651.0],[-120.85083724,40.013613430783,1653.2],[-120.85087185726,40.013638241217,1652.9],[-120.85089775734,40.013659195974,1652.9],[-120.85093497299,40.013693729416,1655.2],[-120.85097017698,40.013711582869,1655.2],[-120.85099817254,40.013726167381,1654.7],[-120.85102248006,40.013740416616,1657.1],[-120.85104519501,40.013750139624,1657.1],[-120.85107696243,40.013760281727,1657.1],[-120.85110554472,40.013777129352,1659.3],[-120.8511204645,40.013787606731,1659.3],[-120.85113370791,40.013788109645,1659.3],[-120.85116346367,40.013805544004,1659.3],[-120.85119078867,40.013824990019,1658.9],[-120.8512146771,40.013843597844,1661.2],[-120.8512244001,40.013861870393,1661.2],[-120.85124082863,40.013888441026,1661.2],[-120.85128013976,40.013927416876,1660.9],[-120.85131743923,40.013967482373,1663.0],[-120.85134183057,40.014001764357,1662.4],[-120.85136890411,40.01403009519,1662.4],[-120.85139581002,40.014087511227,1663.5],[-120.8514102269,40.014124559239,1663.5],[-120.85142581724,40.014162948355,1663.5],[-120.85144928657,40.014199577272,1662.4],[-120.85146890022,40.014235284179,1662.4],[-120.85149312392,40.014269147068,1663.4],[-120.85152874701,40.014304015785,1663.4],[-120.8515723329,40.014318767935,1663.4],[-120.85161566734,40.014384314418,1664.4],[-120.85167249665,40.014449693263,1665.8],[-120.8517185133,40.01451482065,1665.8],[-120.85174416192,40.014546504244,1665.1],[-120.85176310502,40.014573410153,1667.3],[-120.85179990157,40.014613727108,1667.3],[-120.85182756186,40.014636609703,1666.7],[-120.85185622796,40.014660665765,1668.8],[-120.85187114775,40.014687404037,1668.8],[-120.85187131539,40.014721266925,1668.8],[-120.85186553188,40.014756973833,1668.1],[-120.85185714997,40.01477968879,1668.1],[-120.85184960626,40.014810618013,1668.1],[-120.85185488686,40.014823107049,1667.4],[-120.8518704772,40.014848504215,1667.4],[-120.85188036785,40.014876164496,1667.4],[-120.85188992321,40.014920504764,1666.7],[-120.8519185055,40.014979010448,1666.7],[-120.85195471533,40.015052855015,1667.7],[-120.85199142806,40.01510691829,1667.3],[-120.85202923045,40.015129800886,1669.2],[-120.85205596872,40.015139188617,1669.2],[-120.85208580829,40.015159640461,1669.2],[-120.85210156627,40.015174308792,1671.0],[-120.85213216022,40.015192329884,1671.0],[-120.85216091014,40.015204148367,1670.6],[-120.85218848661,40.015211608261,1672.4],[-120.85220332257,40.015233568847,1672.4],[-120.85221949965,40.015257708728,1672.4],[-120.85224598646,40.01528436318,1672.4],[-120.85227448493,40.015309844166,1671.9],[-120.85231069475,40.015329290181,1673.5],[-120.85233885795,40.015332726762,1673.5],[-120.85236509331,40.015340773389,1675.1],[-120.85238713771,40.015360135585,1675.1],[-120.85240842775,40.015384359285,1675.1],[-120.85242770612,40.015408247709,1674.8],[-120.85244690068,40.015419563279,1674.8],[-120.85246257484,40.015436327085,1676.4],[-120.8524778299,40.015457281843,1676.4],[-120.85248847492,40.015491396189,1676.3],[-120.8524919115,40.015500281006,1676.3],[-120.85249534808,40.015515284613,1676.3],[-120.85250389762,40.01554755494,1676.3],[-120.85252208635,40.015583094209,1676.4],[-120.85254907608,40.015642857179,1677.8],[-120.85257279687,40.015677222982,1678.0],[-120.85258821957,40.015697423369,1678.0],[-120.85259802639,40.015716534108,1678.0],[-120.85261110216,40.015749139711,1678.0],[-120.8526284527,40.015793312341,1678.2],[-120.85263440385,40.015803538263,1679.5],[-120.85264169611,40.015811249614,1679.5],[-120.8526447136,40.015834886581,1679.5],[-120.85264865309,40.015869000927,1679.7],[-120.8526649978,40.015911497176,1679.7],[-120.85268695839,40.01595525071,1679.7],[-120.8527011238,40.015988778323,1679.9],[-120.85268796422,40.016016103327,1679.9],[-120.85265032947,40.016026077792,1679.9],[-120.85261906497,40.016027418897,1678.7],[-120.85257321596,40.016047703102,1678.7],[-120.85252032615,40.016058348119,1678.1],[-120.85247598588,40.016070501879,1678.1],[-120.85243835114,40.016084332019,1677.2],[-120.85240172222,40.01607385464,1677.2],[-120.85235017352,40.016064886004,1676.4],[-120.85226878524,40.016078799963,1676.4],[-120.85220768116,40.016099084169,1675.5],[-120.85219737142,40.016107466072,1675.5],[-120.85218002088,40.016124146059,1675.5],[-120.85215948522,40.016151051968,1674.6],[-120.85212914273,40.016169659793,1675.4],[-120.85209301673,40.016181897372,1675.4],[-120.8520642668,40.016189441085,1674.9],[-120.85203099065,40.01620025374,1674.9],[-120.85198908113,40.016208216548,1674.9],[-120.85193443112,40.016207378358,1674.9],[-120.85188095458,40.016200589016,1675.8],[-120.85177165456,40.0161829032,1677.0],[-120.85173728876,40.016170330346,1677.0],[-120.85171071813,40.016163205728,1677.0],[-120.85167341866,40.016158847138,1678.3],[-120.85153888911,40.01612322405,1676.5],[-120.85148373619,40.016131941229,1677.3],[-120.85143319331,40.016130432487,1677.3],[-120.85133344866,40.016139820218,1677.9],[-120.85126731545,40.016150381416,1678.3],[-120.85119891912,40.016151890159,1678.7],[-120.85114678368,40.016135126352,1678.9],[-120.85106346756,40.016125235707,1678.9],[-120.85098283365,40.016131103039,1679.1],[-120.85093262605,40.016147028655,1679.4],[-120.85089876316,40.01615440473,1680.4],[-120.85086037405,40.016154237092,1680.7],[-120.85082525387,40.016153901815,1680.7],[-120.85079583339,40.016154153273,1680.7],[-120.85076733492,40.01614308916,1681.0],[-120.85073405877,40.016131103039,1681.0],[-120.8506892994,40.016104448587,1681.0],[-120.85063473321,40.016067484394,1682.5],[-120.85055460222,40.015987772495,1684.1],[-120.85048603825,40.015920214355,1685.7],[-120.8504505828,40.015868833289,1685.0],[-120.85034631193,40.015735728666,1686.6],[-120.8502981998,40.01568954438,1688.7],[-120.85028311238,40.015649646521,1687.9],[-120.85027699359,40.015606982633,1687.9],[-120.85028151982,40.015577059239,1686.9],[-120.85022695363,40.015470692888,1685.8],[-120.85019862279,40.015428280458,1686.9],[-120.85018110462,40.015391400084,1685.6],[-120.85017238744,40.015346221626,1685.6],[-120.85015755147,40.015306156129,1684.4],[-120.85014472716,40.015252092853,1684.4],[-120.85014120676,40.01520213671,1682.8],[-120.85014070384,40.015170201659,1682.8],[-120.85013265721,40.015128962696,1680.7],[-120.85012234747,40.01508965157,1681.1],[-120.85010935552,40.015018070117,1678.6],[-120.85005956702,40.014975909144,1678.6],[-120.84998379461,40.014971550554,1678.9],[-120.84993015043,40.014979261905,1679.0],[-120.84987223148,40.014985296875,1679.0],[-120.8498463314,40.014996780083,1679.0],[-120.84981892258,40.015012118965,1679.0],[-120.84979360923,40.015027206391,1681.2],[-120.84976863116,40.015038102865,1681.2],[-120.84974071942,40.015046736225,1681.1],[-120.84971892647,40.015061991289,1681.1],[-120.84969830699,40.015078587458,1681.1],[-120.84959235974,40.015106331557,1682.8],[-120.84955899976,40.015115216374,1682.7],[-120.84951130673,40.015131477267,1682.7],[-120.84945891984,40.015140110627,1682.4],[-120.84939731285,40.015141787007,1682.4],[-120.84934651852,40.015148911625,1682.0],[-120.849250881,40.015162574127,1681.6],[-120.84921291098,40.015155365691,1681.6],[-120.84919866174,40.015159053728,1681.1],[-120.84918558598,40.015161652118,1681.1],[-120.84915490821,40.015170453116,1681.1],[-120.84910327569,40.015187384561,1680.7],[-120.84906161763,40.015205405653,1682.3],[-120.84902809002,40.015228623524,1682.3],[-120.84900931455,40.015245303512,1681.5],[-120.84896463901,40.015275897458,1681.5],[-120.84891887382,40.015299702063,1682.9],[-120.84885911085,40.015338594094,1682.0],[-120.84881586023,40.015367763117,1681.4],[-120.84874520078,40.015424173325,1682.7],[-120.84867102094,40.015445128083,1682.0],[-120.84862290882,40.015447307378,1681.9],[-120.84858577698,40.015438171104,1681.9],[-120.84854939952,40.015410427004,1681.9],[-120.84852509201,40.015381844714,1681.9],[-120.84846851416,40.015314370394,1681.9],[-120.84843230434,40.01526793465,1682.7],[-120.84835183807,40.01512083225,1683.6],[-120.84832702763,40.015095267445,1683.5],[-120.84829919972,40.015061991289,1683.5],[-120.84827371873,40.015033492818,1684.3],[-120.84824983031,40.015005078167,1684.2],[-120.84824756719,40.014977417886,1684.2],[-120.84825963713,40.014945734292,1684.2],[-120.84824169986,40.014901645482,1684.0],[-120.84813583642,40.014797961339,1684.2],[-120.84809903987,40.014775078744,1684.2],[-120.84806894884,40.014769127592,1684.7],[-120.84804791026,40.014777928591,1684.7],[-120.84802972153,40.014800308272,1684.7],[-120.84799275734,40.014793351293,1685.1],[-120.8478833735,40.014757141471,1685.6],[-120.84764834493,40.014686146751,1685.3],[-120.84756880067,40.014671813697,1685.5],[-120.84751021117,40.014663515612,1685.7],[-120.84747676738,40.014669047669,1685.7],[-120.84744198248,40.014671729878,1685.8],[-120.84740116261,40.014669466764,1685.8],[-120.84735598415,40.014664940536,1685.7],[-120.84731189534,40.014654714614,1685.7],[-120.84727057256,40.014656307176,1685.7],[-120.84722044878,40.014644404873,1685.5],[-120.84717426449,40.014634430408,1684.7],[-120.84714098834,40.014634514228,1684.7],[-120.84710326977,40.01464205794,1685.4],[-120.84706253372,40.014648931101,1685.6],[-120.8470210433,40.014648428187,1685.6],[-120.84698290564,40.014654882252,1685.7],[-120.84694644436,40.014669634402,1685.7],[-120.84690897726,40.014689164236,1685.7],[-120.84686849266,40.014707604423,1685.1],[-120.84683018737,40.014723530039,1685.1],[-120.84673002362,40.014775246382,1685.0],[-120.84671116434,40.014801984653,1682.9],[-120.84670236334,40.014837272465,1683.5],[-120.84669440053,40.014868620783,1683.5],[-120.84669104777,40.01489309594,1683.5],[-120.84669574164,40.014924863353,1683.6],[-120.84671334364,40.014967359602,1683.6],[-120.84672281519,40.014987224713,1685.6],[-120.84672784433,40.015007006004,1685.5],[-120.84673429839,40.015034750104,1685.5],[-120.84674452431,40.015077749267,1685.5],[-120.84675977938,40.015110187232,1684.6],[-120.84677939303,40.015140529722,1684.6],[-120.8468061313,40.015172380954,1685.5],[-120.8468272537,40.015212362632,1685.2],[-120.84683613852,40.015254355967,1685.2],[-120.8468356356,40.015317052603,1685.1],[-120.84682867862,40.0153588783,1685.1],[-120.8468188718,40.015390142798,1685.1],[-120.84681174718,40.015417132527,1684.7],[-120.84679867141,40.015472033992,1684.7],[-120.84677092731,40.015524253249,1682.7],[-120.8467373997,40.015563229099,1682.7],[-120.84672281519,40.015598265454,1682.2],[-120.84671468474,40.015628775582,1682.2],[-120.84670244716,40.01565576531,1682.2],[-120.84669901058,40.015694154426,1681.5],[-120.84670412354,40.015754587948,1681.5],[-120.84669540636,40.015811081976,1680.8],[-120.84676673636,40.016039991751,1681.4],[-120.84673983045,40.01612925902,1682.2],[-120.84671267308,40.016176365316,1682.2],[-120.84668568335,40.016222884879,1681.9],[-120.84664192982,40.016272841021,1681.9],[-120.84655350074,40.016441233456,1682.2],[-120.84653682075,40.016470402479,1682.2],[-120.84653313272,40.016519604251,1682.6],[-120.84650731646,40.016658073291,1681.6],[-120.84648602642,40.016672825441,1682.0],[-120.84645895287,40.016681207344,1682.0],[-120.84644311108,40.016732504591,1682.0],[-120.84645258263,40.016765445471,1682.2],[-120.84645342082,40.016800900921,1682.2],[-120.84645283408,40.016838284209,1682.2],[-120.8464546781,40.016893185675,1682.1],[-120.84643992595,40.016943644732,1682.1],[-120.84639843553,40.016981447116,1681.6],[-120.84638561122,40.017000893131,1681.6],[-120.84640698507,40.017045736313,1682.2],[-120.84644244052,40.017127543688,1682.5],[-120.84647957236,40.017240867019,1684.6],[-120.8465017844,40.017279591411,1684.6],[-120.84651779383,40.017293756828,1686.6],[-120.84654813632,40.017301468179,1686.6],[-120.84658568725,40.017275316641,1686.6],[-120.84661351517,40.017270958051,1688.9],[-120.84665341303,40.017286799848,1688.9],[-120.84668400697,40.01732041128,1688.9],[-120.8466959931,40.017334744334,1693.3],[-120.84670269862,40.017357962206,1693.3],[-120.84671091288,40.01738528721,1693.3],[-120.84672030061,40.017415042967,1693.3],[-120.84672918543,40.0174640771,1694.5],[-120.84673161618,40.017514536157,1695.6],[-120.84672239609,40.017553763464,1695.6],[-120.84670655429,40.017577065155,1695.6],[-120.84670093842,40.017600534484,1695.6],[-120.84668861702,40.01761386171,1693.4],[-120.84667813964,40.01763464883,1694.8],[-120.84666162729,40.017661806196,1694.8],[-120.84664796479,40.017693238333,1694.8],[-120.84664134309,40.017717881128,1696.4],[-120.84663455375,40.017736405134,1696.4],[-120.8466334641,40.017753168941,1696.4],[-120.84663229063,40.017773285508,1696.4],[-120.84663094953,40.017794910818,1696.4],[-120.84663757123,40.017814105377,1698.2],[-120.84663991816,40.017837490886,1698.2],[-120.84663681686,40.017864732072,1698.2],[-120.84662407637,40.017888369039,1698.2],[-120.84660194814,40.017911503091,1699.8],[-120.84656800143,40.017936564982,1699.0],[-120.84652693011,40.017971517518,1699.0],[-120.84648057818,40.017985934392,1698.3],[-120.84644621238,40.017990125343,1698.3],[-120.84641377442,40.017993645743,1698.3],[-120.84637907334,40.017993561924,1697.4],[-120.84632241167,40.017994148657,1697.4],[-120.84624144249,40.018008314073,1696.9],[-120.84614722989,40.018022730947,1699.1],[-120.84605754353,40.018039997667,1698.1],[-120.84598730318,40.018057599664,1698.3],[-120.84591094404,40.018058270216,1700.2],[-120.84583642893,40.018049217761,1702.0],[-120.84579317831,40.018028682098,1702.0],[-120.84574112669,40.017993059009,1703.3],[-120.84569485858,40.017935056239,1703.3],[-120.84566351026,40.017912592739,1702.4],[-120.84564389661,40.017907647416,1704.6],[-120.84562587552,40.017899433151,1704.6],[-120.84561933763,40.017875796184,1704.6],[-120.84560391493,40.017819805071,1703.4],[-120.84558513947,40.017795581371,1703.4],[-120.84556938149,40.017793988809,1706.1],[-120.84555228241,40.017780158669,1706.1],[-120.84552998655,40.017759790644,1706.1],[-120.84550928324,40.017731878906,1706.1],[-120.84548464045,40.017692483962,1704.8],[-120.84546846338,40.017668092623,1706.8],[-120.84544985555,40.017639594153,1706.8],[-120.84543962963,40.017613610253,1705.4],[-120.84542747587,40.017594750971,1705.4],[-120.8454148192,40.017579663545,1705.4],[-120.84539755248,40.017560804263,1705.4],[-120.84536846727,40.017531970516,1705.0],[-120.84532664157,40.017494838685,1705.0],[-120.84530074149,40.017459634691,1702.6],[-120.84528506733,40.017445553094,1703.7],[-120.84527056664,40.017428537831,1703.7],[-120.84523712285,40.017402134836,1703.7],[-120.8452034276,40.017403643578,1703.7],[-120.84517786279,40.017411857843,1704.4],[-120.84515690804,40.017417725176,1704.4],[-120.84513444453,40.017424346879,1704.4],[-120.84510535933,40.017434572801,1704.7],[-120.84507300518,40.017449576408,1704.7],[-120.84504249506,40.017456784844,1706.9],[-120.84499647841,40.017455779016,1707.0],[-120.84495490417,40.017462149262,1707.0],[-120.8449035231,40.017480924726,1706.9],[-120.84483948536,40.017504896969,1706.9],[-120.84478374571,40.017522582784,1706.8],[-120.8447374776,40.017544208094,1708.5],[-120.84470017813,40.017572958022,1708.5],[-120.84467486478,40.017595002428,1708.5],[-120.84465583786,40.017611933872,1708.5],[-120.84462038241,40.017633307725,1708.6],[-120.84459054284,40.017656106502,1709.9],[-120.84457646124,40.017672199756,1709.9],[-120.84456514567,40.017670355737,1709.9],[-120.84453681484,40.017675133422,1710.1],[-120.84450999275,40.017675552517,1710.1],[-120.84449783899,40.017695920542,1710.1],[-120.84448275156,40.01772810705,1710.1],[-120.84446992725,40.017762221396,1710.7],[-120.844462635,40.017791055143,1710.7],[-120.84445567802,40.017822235823,1710.7],[-120.84444863722,40.017848052084,1711.3],[-120.84443044849,40.017872275785,1711.3],[-120.84441678599,40.017896331847,1711.3],[-120.84440018982,40.017931954935,1712.0],[-120.84437931888,40.01796531491,1711.0],[-120.84435325116,40.017978474498,1711.0],[-120.84434025921,40.017988951877,1711.0],[-120.84432852454,40.018015857786,1711.0],[-120.84432852454,40.018076039851,1711.7],[-120.84431444295,40.01811937429,1712.1],[-120.84430782124,40.018154578283,1712.1],[-120.84430463612,40.018190536648,1712.1],[-120.84429466166,40.018218196929,1712.7],[-120.84427848458,40.018251053989,1711.3],[-120.84427035414,40.018301345408,1712.2],[-120.84425820038,40.018344176933,1712.2],[-120.84424043074,40.018380554393,1712.2],[-120.84421218373,40.018411818892,1713.6],[-120.84418150596,40.018451297656,1712.6],[-120.84417924285,40.018511312082,1714.9],[-120.84419374354,40.01857819967,1717.9],[-120.84421235137,40.018611140549,1718.8],[-120.84422710352,40.018644332886,1718.8],[-120.844230121,40.018674088642,1722.1],[-120.84419055842,40.018719686195,1721.2],[-120.84415351041,40.018747178838,1721.2],[-120.8441160433,40.018770731986,1723.5],[-120.8440918196,40.018787998706,1723.5],[-120.84407522343,40.018816078082,1723.5],[-120.84406575188,40.018840385601,1723.5],[-120.84404848516,40.018863687292,1726.5],[-120.84401487373,40.018897634,1725.5],[-120.8439808432,40.018926886842,1725.5],[-120.84394748323,40.018953289837,1728.3],[-120.84392979741,40.01895731315,1727.2],[-120.84389425814,40.018967958167,1727.2],[-120.84385595284,40.018982123584,1727.2],[-120.84380230866,40.019019087777,1726.3],[-120.84376081824,40.019057895988,1728.9],[-120.84372242913,40.019103577361,1727.9],[-120.84370834753,40.019147330895,1730.2],[-120.84369577467,40.019169962034,1730.2],[-120.84368429147,40.019192425534,1730.2],[-120.8436782565,40.019210362807,1730.2],[-120.84366953932,40.019222851843,1730.2],[-120.8436434716,40.019237184897,1731.4],[-120.84361891262,40.019253697246,1731.4],[-120.84360592067,40.019268700853,1731.4],[-120.84359594621,40.019288063049,1731.4],[-120.84358630702,40.019309688359,1731.4],[-120.84358203225,40.019324691966,1733.9],[-120.84355344996,40.019348245114,1732.9],[-120.84351849742,40.019359393045,1732.9],[-120.84348136559,40.019366601482,1732.9],[-120.84342394955,40.01937716268,1732.4],[-120.84337256849,40.019375067204,1732.7],[-120.84332370199,40.019371546805,1732.7],[-120.84324390627,40.019365763292,1733.5],[-120.84319629706,40.019369199872,1733.5],[-120.84314516746,40.019371379167,1734.4],[-120.84310778417,40.019369283691,1734.4],[-120.84306679666,40.019364003092,1735.4],[-120.84302656353,40.019355369732,1735.4],[-120.84300569259,40.019349250942,1736.4],[-120.84298314527,40.01935293898,1736.4],[-120.84295531735,40.019359476864,1736.4],[-120.84292572923,40.019362661988,1736.4],[-120.84288499318,40.019363416359,1737.4],[-120.84284509532,40.019361656159,1737.4],[-120.84278524853,40.019369283691,1738.3],[-120.84270955995,40.01940314658,1739.4],[-120.84262280725,40.019482439384,1743.8],[-120.84258969873,40.019505405799,1743.8],[-120.84256413393,40.019519319758,1743.8],[-120.84249816835,40.019511776045,1744.9],[-120.84244293161,40.019501969218,1746.0],[-120.842400603,40.019490234554,1746.0],[-120.84233715199,40.019444469362,1747.1],[-120.84227646701,40.019407756627,1744.9],[-120.84221620113,40.019401973113,1744.9],[-120.84216272458,40.019394010305,1746.0],[-120.84214168601,40.01938755624,1746.0],[-120.84212391637,40.019359895959,1746.0],[-120.84209642373,40.019349250942,1742.6],[-120.84203104489,40.01933994703,1743.7],[-120.84197614342,40.019335420802,1744.7],[-120.84193473682,40.019338689744,1744.7],[-120.84186801687,40.019349670038,1745.7],[-120.84180557169,40.019345898181,1746.7],[-120.84175712429,40.019323267043,1746.7],[-120.84171940573,40.019314046949,1747.8],[-120.8416814357,40.019339611754,1747.8],[-120.84165360779,40.019323350862,1747.8],[-120.84162334912,40.019315136597,1748.7],[-120.84159418009,40.019309185445,1748.7],[-120.8415589761,40.019309436902,1748.7],[-120.84149963222,40.01932611689,1749.6],[-120.84142930806,40.019330894575,1750.4],[-120.84138957784,40.019324943423,1750.4],[-120.84136049263,40.019324189052,1751.2],[-120.84132419899,40.019323267043,1751.2],[-120.84129067138,40.019320584834,1751.2],[-120.84124767222,40.019311029464,1752.0],[-120.84119997919,40.01930532977,1752.0],[-120.84115270525,40.019302899018,1752.9],[-120.84110526368,40.019297283143,1752.9],[-120.8410617616,40.01928110607,1753.7],[-120.84101222456,40.019271718338,1750.9],[-120.84097350016,40.019258810207,1751.7],[-120.84094290622,40.019245482981,1751.7],[-120.84091189317,40.019238274544,1751.7],[-120.84087769501,40.019229641184,1752.4],[-120.84083687514,40.019223187119,1752.4],[-120.84078943357,40.01921354793,1753.0],[-120.84073729813,40.019203908741,1753.0],[-120.8406860847,40.019188737497,1750.5],[-120.84065590985,40.019191335887,1750.5],[-120.84063579328,40.019203741103,1753.5],[-120.84061274305,40.019210027531,1754.0],[-120.84059597924,40.019209943712,1754.0],[-120.84059103392,40.019208602607,1754.0],[-120.84055717103,40.019211620092,1754.0],[-120.84052691236,40.019197370857,1754.0],[-120.84048894234,40.019181612879,1751.2],[-120.84044988267,40.019179433584,1751.2],[-120.84034024738,40.019187899306,1751.3],[-120.84031510167,40.019183456898,1751.4],[-120.84028492682,40.019170464948,1751.4],[-120.84024645388,40.019160825759,1751.5],[-120.84020270035,40.019167447463,1751.5],[-120.8401584439,40.019177757204,1751.5],[-120.8401113376,40.019186642021,1754.5],[-120.84006532095,40.019208015874,1754.6],[-120.84001678973,40.01922394149,1754.6],[-120.83996591158,40.019236849621,1754.6],[-120.83990556188,40.019252691418,1754.6],[-120.83984571509,40.019261576235,1754.6],[-120.83978134207,40.019254870713,1754.6],[-120.83972308785,40.019255457446,1754.6],[-120.83967539482,40.019260989502,1754.7],[-120.83963013254,40.01927758567,1756.8],[-120.83958394825,40.019298288971,1756.7],[-120.8395370096,40.019332822412,1756.7],[-120.83949317224,40.019356291741,1756.8],[-120.83946366794,40.019362075254,1757.8],[-120.83943282254,40.019360315055,1757.8],[-120.83940239623,40.019359728321,1757.8],[-120.83935193717,40.019369032234,1757.8],[-120.83930877037,40.019374815747,1757.4],[-120.83927507512,40.019371714443,1757.4],[-120.83923827857,40.019374229014,1757.4],[-120.83919896744,40.019376073033,1757.2],[-120.83916426636,40.019364422187,1757.2],[-120.83912411705,40.019357465208,1757.7],[-120.83908329718,40.019347239286,1757.6],[-120.83904750645,40.019330894575,1758.2],[-120.83900702186,40.01931220293,1758.2],[-120.8389499411,40.019294181839,1758.9],[-120.83891197108,40.019276076928,1758.9],[-120.83888506517,40.019249003381,1758.8],[-120.83884709515,40.019219666719,1759.7],[-120.83877836354,40.01918932423,1760.5],[-120.83873385563,40.019158897921,1760.4],[-120.83869856782,40.019128136337,1760.4],[-120.83867845125,40.019081616774,1760.8],[-120.83867459558,40.019044317305,1760.8],[-120.83864852786,40.019000479952,1760.8],[-120.83861986175,40.018969969824,1760.8],[-120.83859136328,40.018947087228,1761.7],[-120.83856135607,40.018930742517,1761.7],[-120.83853503689,40.018920265138,1761.7],[-120.83851248957,40.018903082237,1761.1],[-120.83847996779,40.018877517432,1762.0],[-120.83846094087,40.018860083073,1762.0],[-120.83843034692,40.018844995648,1762.0],[-120.83841861226,40.018838290125,1762.0],[-120.83839271218,40.018836027011,1763.1],[-120.83836974576,40.018839295954,1763.1],[-120.83834309131,40.0188456662,1763.1],[-120.83831568249,40.018852204084,1764.1],[-120.83830445074,40.018852036446,1764.1],[-120.83828483708,40.018849605694,1764.1],[-120.8382571768,40.018851282075,1764.1],[-120.83822817542,40.01885429956,1764.8],[-120.83820302971,40.018858993426,1764.8],[-120.8381792251,40.018863938749,1764.8],[-120.83815751597,40.018881289288,1764.8],[-120.83814108744,40.018899561837,1765.8],[-120.83813312463,40.018919929862,1765.8],[-120.8381259162,40.018929317594,1766.3],[-120.83812449127,40.018935184926,1766.3],[-120.83811895922,40.018931999803,1766.3],[-120.83810990676,40.018924036995,1766.3],[-120.83810781129,40.018919343129,1766.3],[-120.83810747601,40.018919762224,1766.3],[-120.83810797893,40.018912134692,1765.8],[-120.83810403943,40.018901322037,1765.8],[-120.83810043521,40.018893862143,1765.8],[-120.838097753,40.018891012296,1765.8],[-120.8380876109,40.018897801638,1765.8],[-120.83808358759,40.018900819123,1765.8],[-120.83808719181,40.018899897113,1765.8],[-120.8380893711,40.018898053095,1765.8],[-120.8380876109,40.01890023239,1765.8],[-120.83809959702,40.018888413906,1765.8],[-120.83811091259,40.018888162449,1765.8],[-120.8381135948,40.018886234611,1765.8],[-120.83812600002,40.018875841051,1765.8],[-120.83813169971,40.018873410299,1765.8],[-120.83818710409,40.018820771948,1764.8],[-120.83818953484,40.018789339811,1764.5],[-120.83817763254,40.018810378388,1764.5],[-120.83817796782,40.018811132759,1764.5],[-120.8381761238,40.018814904615,1764.5],[-120.83819079213,40.018799146637,1764.5],[-120.8381845057,40.018777940422,1764.5],[-120.83818526007,40.018775593489,1764.5],[-120.83819095977,40.018765954301,1764.5],[-120.83819909021,40.018762769178,1764.5],[-120.83820101805,40.018759164959,1764.5],[-120.83820646629,40.018757823855,1764.5],[-120.83825985901,40.018715411425,1762.6],[-120.83827310242,40.018683057278,1762.6],[-120.83827335387,40.018669562414,1762.6],[-120.83827318624,40.01865346916,1762.6],[-120.83826933056,40.018664952368,1762.6],[-120.83824167028,40.018674843013,1762.6],[-120.83824535832,40.01868029125,1762.6],[-120.83823437802,40.018680375069,1763.9],[-120.83822842687,40.018675429747,1763.9],[-120.83822004497,40.018680626526,1763.9],[-120.83821702749,40.018675597385,1763.9],[-120.8382192906,40.018668305129,1763.9],[-120.83822146989,40.018665790558,1763.9],[-120.8382161893,40.018672915176,1763.9],[-120.83820839413,40.018684063107,1763.9],[-120.83820923232,40.018681799993,1763.9],[-120.83819942549,40.018697893247,1763.9],[-120.83821719512,40.018682135269,1763.9],[-120.83821937442,40.018680794165,1763.9],[-120.83821970969,40.018680375069,1763.9],[-120.83822323009,40.01867601648,1763.9],[-120.83824343048,40.018652798608,1763.9],[-120.83824301139,40.018655564636,1763.9],[-120.83824812435,40.018651373684,1763.9],[-120.83824913017,40.018651038408,1763.9],[-120.8382518962,40.018650703132,1763.9],[-120.83824334666,40.018659336492,1763.9],[-120.83824393339,40.018653888255,1763.9],[-120.83824468777,40.0186430756,1763.9],[-120.83823638968,40.018650284037,1763.9],[-120.83821300417,40.018728235736,1764.5],[-120.83820495754,40.018749190494,1764.5],[-120.83816103637,40.018766121939,1765.8],[-120.83816371858,40.01877903007,1765.8],[-120.83816472441,40.018782382831,1765.8],[-120.83816623315,40.018782047555,1765.8],[-120.83816614933,40.018779197708,1765.8],[-120.83818433806,40.018810546026,1764.8],[-120.83819012158,40.018827561289,1764.8],[-120.83820780739,40.018875002861,1765.2],[-120.8382206317,40.018916577101,1765.2],[-120.83823286928,40.018991427496,1765.6],[-120.83824359812,40.019023278728,1765.6],[-120.83827402443,40.019057812169,1764.6],[-120.83837008104,40.019133333117,1763.9],[-120.83842825145,40.019158730283,1764.1],[-120.8384875115,40.019183121622,1763.0],[-120.83853612654,40.019197203219,1762.1],[-120.83856713958,40.019202819094,1762.1],[-120.83858340047,40.019199047238,1762.1],[-120.83859270439,40.019199382514,1762.1],[-120.83862547763,40.019188821316,1761.2],[-120.8386680577,40.019184378907,1761.2],[-120.83870426752,40.019204579294,1761.2],[-120.83874508739,40.019229054451,1760.5],[-120.838797139,40.019260570407,1760.5],[-120.83892437629,40.019353106618,1758.9],[-120.83897986449,40.019393758848,1758.9],[-120.83901666105,40.019416892901,1758.3],[-120.83905077539,40.01943432726,1758.3],[-120.83907566965,40.019450420514,1758.3],[-120.83910793997,40.019469866529,1757.7],[-120.83916250616,40.019513200969,1757.7],[-120.83919678815,40.019533233717,1758.1],[-120.83922738209,40.019553098828,1758.1],[-120.83926426247,40.019575729966,1758.1],[-120.83928848617,40.019591571763,1758.4],[-120.83931514062,40.019604228437,1758.4],[-120.83934187889,40.01961344853,1758.4],[-120.83937113173,40.019625518471,1758.4],[-120.83939854056,40.019637336954,1758.4],[-120.83942905068,40.019650831819,1758.4],[-120.83945771679,40.019662063569,1758.4],[-120.83950566128,40.01968796365,1759.3],[-120.83953776397,40.019696848467,1759.3],[-120.83960255608,40.019704643637,1760.2],[-120.83970104344,40.019746050239,1761.0],[-120.8397307992,40.019765077159,1761.0],[-120.839765165,40.01978745684,1761.9],[-120.83979374729,40.019801789895,1761.9],[-120.83984144032,40.019827941433,1762.4],[-120.83990120329,40.019867252558,1762.4],[-120.83992844447,40.019894661382,1763.2],[-120.83995124325,40.01991989091,1763.0],[-120.83997647278,40.01994679682,1763.0],[-120.84001000039,40.019979150966,1763.0],[-120.84003129043,40.02000563778,1763.6],[-120.84006699733,40.020037572831,1763.6],[-120.8400910534,40.020043859258,1763.6],[-120.84012349136,40.020044697449,1764.5],[-120.84015634842,40.020050564781,1764.5],[-120.84019901231,40.020062467083,1764.5],[-120.84024041891,40.020075961947,1765.3],[-120.84027654491,40.02009306103,1765.3],[-120.84031677805,40.020102364942,1766.5],[-120.84036153741,40.020105550066,1766.5],[-120.84041057155,40.020109657198,1768.1],[-120.84045843221,40.02012072131,1768.1],[-120.84050537087,40.020137988031,1770.2],[-120.84055432118,40.020155170932,1770.2],[-120.84059706889,40.020168079063,1772.2],[-120.84064182825,40.020174365491,1772.1],[-120.84068776108,40.02018048428,1774.1],[-120.84072782658,40.020182915032,1774.1],[-120.84076764062,40.020187022164,1775.9],[-120.8408072032,40.0202012714,1775.9],[-120.84083930589,40.020219376311,1775.9],[-120.84087107331,40.020244605839,1777.3],[-120.84089496173,40.020266566426,1777.8],[-120.8409217,40.020284838974,1777.8],[-120.84094575606,40.020299507305,1777.8],[-120.84097660147,40.020298669115,1779.2],[-120.8409961313,40.020243348554,1778.2],[-120.84102312103,40.020234212279,1778.2],[-120.84106972441,40.020229434595,1778.8],[-120.84110953845,40.020225662738,1778.8],[-120.84115941077,40.020225830376,1779.0],[-120.84123099223,40.0202757027,1781.0],[-120.84127365611,40.020293975249,1781.0],[-120.84129762836,40.020297244191,1781.0],[-120.84132076241,40.02029732801,1781.0],[-120.84134121425,40.020301267505,1780.8],[-120.84136770107,40.020309314132,1780.8],[-120.84139510989,40.020308056846,1780.8],[-120.84141002968,40.020314510912,1780.8],[-120.84144104272,40.020352648571,1782.5],[-120.84145965055,40.020381482318,1782.5],[-120.84149778821,40.020409477875,1782.5],[-120.84152662195,40.020423308015,1782.1],[-120.84155981429,40.020442921668,1782.1],[-120.84159208462,40.020461697131,1783.9],[-120.84162259474,40.020480137318,1783.6],[-120.84165528417,40.02049815841,1783.6],[-120.84168017842,40.020510060713,1783.6],[-120.84170683287,40.020530931652,1783.6],[-120.8417355828,40.020547779277,1785.0],[-120.84176106378,40.02057434991,1785.0],[-120.84178352728,40.020601255819,1785.0],[-120.84180808626,40.020622545853,1786.3],[-120.84183063358,40.020644338802,1786.3],[-120.84185435437,40.020690271631,1786.3],[-120.8418805059,40.020723463967,1787.5],[-120.84189659916,40.020765792578,1787.0],[-120.84188201465,40.020789681002,1787.5],[-120.84185259417,40.020799739286,1787.5],[-120.84181621671,40.020801918581,1787.5],[-120.84178268909,40.020802337676,1787.7],[-120.84175326861,40.020806444809,1787.7],[-120.84173751064,40.020820274949,1787.7],[-120.84174329415,40.020841397345,1787.9],[-120.84176366217,40.020860675722,1787.9],[-120.84178662859,40.02087475732,1787.9],[-120.84180917591,40.020897639915,1788.1],[-120.84183138795,40.020926976576,1788.0],[-120.84185150452,40.020960504189,1788.0],[-120.84185779095,40.020993445069,1788.0],[-120.84185728803,40.021028649062,1787.6],[-120.84185753949,40.021059829742,1787.6],[-120.84186491556,40.021087238565,1787.6],[-120.84187472239,40.021110288799,1786.8],[-120.8418840263,40.02112839371,1786.8],[-120.84189341404,40.021145911887,1787.9],[-120.84190196358,40.021167201921,1787.9],[-120.84191311151,40.02118807286,1787.9],[-120.84192660637,40.021208943799,1787.4],[-120.84193943068,40.021222354844,1787.4],[-120.8419566974,40.021229730919,1787.4],[-120.84197907709,40.021236939356,1787.4],[-120.84200095385,40.021252864972,1788.5],[-120.84201830439,40.021272143349,1788.5],[-120.84203255363,40.021295109764,1787.7],[-120.8420571126,40.021327966824,1787.7],[-120.84209323861,40.021365601569,1789.0],[-120.84214353003,40.021409103647,1788.1],[-120.84221175872,40.021445062011,1788.9],[-120.84228451364,40.021466100588,1789.4],[-120.84236238152,40.021483534947,1789.3],[-120.8424310293,40.021501304582,1790.2],[-120.84248366766,40.021524606273,1790.8],[-120.84253555164,40.021546818316,1790.8],[-120.84259414114,40.021565342322,1791.0],[-120.84265993908,40.021583111957,1790.3],[-120.84270603955,40.021590320393,1790.3],[-120.84275951609,40.021602977067,1790.6],[-120.84280469455,40.021605491638,1790.6],[-120.84284040146,40.021602306515,1790.8],[-120.84286982194,40.021595014259,1790.8],[-120.84289924242,40.021585961804,1790.8],[-120.84294383414,40.021572634578,1791.1],[-120.84299420938,40.021554948762,1790.3],[-120.84303243086,40.021536340937,1790.3],[-120.84310552105,40.021504824981,1790.3],[-120.84312119521,40.021485211328,1790.3],[-120.84312588908,40.021467190236,1788.7],[-120.84313075058,40.021449923515,1788.7],[-120.8431308344,40.02141228877,1788.7],[-120.84313494153,40.021374151111,1786.8],[-120.84314592183,40.021338528022,1786.8],[-120.84316704422,40.021288907155,1784.9],[-120.8431982249,40.021256636828,1784.9],[-120.84323057905,40.021230652928,1784.9],[-120.84326880053,40.021197209135,1783.1],[-120.84330551326,40.021175332367,1783.3],[-120.84334247746,40.021165776998,1783.3],[-120.84337290376,40.021162508056,1783.3],[-120.84340048023,40.021159239113,1783.7],[-120.84343417548,40.021151611581,1783.7],[-120.84348027594,40.021140798926,1784.2],[-120.8436676953,40.021093273535,1784.0],[-120.84372117184,40.021093608811,1784.0],[-120.84377598949,40.021089585498,1784.6],[-120.84383323789,40.021083634347,1784.6],[-120.84389903583,40.021082293242,1785.1],[-120.84396986291,40.021086400375,1785.6],[-120.84420480765,40.021125124767,1788.0],[-120.84437755868,40.021140044555,1788.3],[-120.84444394335,40.021128309891,1788.2],[-120.84464485757,40.021102158353,1785.6],[-120.84470118396,40.021110288799,1785.2],[-120.84476228803,40.021148175001,1787.1],[-120.84482104518,40.021191257983,1786.7],[-120.84489480592,40.021231574938,1787.9],[-120.84495213814,40.021246410906,1787.9],[-120.84503922611,40.021267617121,1787.2],[-120.84517777897,40.021286727861,1785.8],[-120.84527676925,40.021265521646,1785.0],[-120.84533921443,40.021266611293,1784.4],[-120.84540626965,40.021274322644,1784.4],[-120.84548489191,40.021316986531,1785.4],[-120.84551573731,40.021334839985,1784.8],[-120.84557323717,40.021334001794,1784.8],[-120.84564582445,40.021344982088,1784.3],[-120.84574012086,40.021351100877,1783.8],[-120.84581924602,40.021373061463,1783.3],[-120.84590096958,40.021400386468,1783.8],[-120.84599593654,40.02142444253,1783.2],[-120.84614689462,40.021450677887,1782.6],[-120.84621654823,40.021451348439,1782.1],[-120.84629190154,40.02144866623,1781.6],[-120.84637907334,40.021449252963,1781.1],[-120.8465898782,40.021457215771,1779.9],[-120.84664662369,40.021448414773,1779.5],[-120.8466920536,40.021431986243,1779.5],[-120.84675743245,40.021413629875,1779.3],[-120.84683144465,40.021402398124,1779.3],[-120.84698106162,40.021402062848,1779.7],[-120.84706228226,40.021396530792,1778.6],[-120.84713101387,40.021372055635,1779.1],[-120.84717686288,40.0213300623,1779.8],[-120.84721416235,40.021283626556,1778.1],[-120.84725104272,40.021241214126,1778.8],[-120.84727769718,40.02121062018,1777.2],[-120.84731717594,40.021173739806,1777.2],[-120.84734743461,40.021136272699,1778.2],[-120.84737878293,40.021093105897,1776.4],[-120.84741071798,40.021054632962,1776.4],[-120.84744097665,40.021015573293,1775.5],[-120.84747299552,40.020980453119,1775.5],[-120.84749705158,40.020949104801,1775.5],[-120.84753745236,40.020900238305,1774.5],[-120.84755002521,40.020871991292,1774.5],[-120.84756863303,40.020836452022,1773.2],[-120.84758640267,40.020788758993,1773.2],[-120.84766913205,40.020713405684,1773.7],[-120.84771330468,40.020678369328,1772.4],[-120.84776091389,40.020643081516,1774.6],[-120.84779075347,40.020623216406,1774.6],[-120.84781304933,40.020609972998,1774.6],[-120.84784146398,40.020586084574,1774.5],[-120.84787867963,40.020568482578,1774.5],[-120.84792092443,40.02055532299,1776.3],[-120.84796174429,40.020530596375,1776.3],[-120.84801865742,40.020497487858,1778.0],[-120.84807515144,40.020477622747,1775.9],[-120.8482621517,40.020417524502,1778.3],[-120.8483577054,40.020397407934,1779.0],[-120.84845376201,40.02039170824,1777.5],[-120.84863816388,40.020391037688,1777.6],[-120.84872374311,40.020393887535,1777.6],[-120.84880043752,40.02039690502,1777.5],[-120.84900277667,40.020386176184,1776.6],[-120.84909120575,40.02037955448,1776.6],[-120.84931215271,40.020366143435,1774.7],[-120.84941491485,40.020358934999,1773.9],[-120.84950074553,40.020371843129,1772.9],[-120.84962957539,40.02039514482,1771.9],[-120.84985186346,40.020433533937,1770.3],[-120.84997038357,40.020484915003,1768.9],[-120.85007943213,40.020500421524,1767.7],[-120.85018487647,40.020535709336,1768.2],[-120.85028822534,40.020599830896,1768.9],[-120.85033642128,40.020647272468,1767.3],[-120.85041294806,40.020715249702,1767.0],[-120.85048159584,40.020781047642,1767.4],[-120.85057061166,40.02079856582,1766.5],[-120.85066314787,40.020813485608,1765.9],[-120.85075870156,40.020829830319,1765.1],[-120.85083849728,40.020842486992,1765.1],[-120.85091368295,40.020850868896,1764.3],[-120.85098903626,40.020863106474,1763.6],[-120.85105231963,40.020874002948,1764.4],[-120.85110881366,40.020883223042,1764.4],[-120.85116505623,40.020892610773,1764.4],[-120.85122004151,40.020897304639,1764.6],[-120.85125943646,40.02090333961,1764.6],[-120.85130251944,40.020924294367,1765.0],[-120.85133638233,40.020939465612,1765.0],[-120.85136773065,40.020944494754,1765.0],[-120.85139581002,40.020938711241,1765.7],[-120.85142472759,40.020927311853,1765.7],[-120.85144861601,40.020918678492,1765.7],[-120.85150167346,40.020872326568,1766.6],[-120.85152338259,40.020853299648,1765.6],[-120.85157912225,40.020819436759,1765.6],[-120.8516295813,40.020784400403,1766.8],[-120.85169470869,40.020711226389,1767.3],[-120.85180015303,40.020620366558,1767.5],[-120.8518079482,40.020594801754,1767.5],[-120.85182764567,40.020571080968,1766.8],[-120.8518563956,40.020537469536,1768.2],[-120.8518845588,40.020503858104,1768.2],[-120.85190718994,40.020480724052,1767.4],[-120.85194130428,40.020457673818,1767.4],[-120.85199008696,40.020429175347,1768.7],[-120.85202076472,40.020407717675,1768.7],[-120.85206066258,40.020382571965,1768.7],[-120.85210022517,40.020362120122,1768.7],[-120.85214624181,40.020349128172,1769.7],[-120.85219150409,40.020341919735,1769.7],[-120.8522598166,40.020328424871,1770.6],[-120.85231865756,40.020313924178,1771.2],[-120.8523774147,40.020310403779,1771.2],[-120.85243172944,40.020313169807,1771.6],[-120.85249333642,40.020317528397,1771.7],[-120.85255368613,40.020324485376,1771.7],[-120.85263800807,40.020332364365,1771.5],[-120.85270883515,40.020346026868,1770.9],[-120.85278066806,40.020361198112,1770.1],[-120.85286088288,40.0203778781,1773.1],[-120.85294922814,40.020403191447,1772.3],[-120.85304142907,40.020430935547,1771.3],[-120.85311795585,40.020453482866,1770.3],[-120.85323479958,40.020487597212,1770.0],[-120.85333295166,40.020514922217,1768.3],[-120.85341241211,40.020539313555,1768.3],[-120.8536105603,40.020599327981,1765.1],[-120.85382748395,40.020646350458,1761.7],[-120.85390266962,40.020676106215,1761.2],[-120.85397450253,40.020713824779,1759.4],[-120.8540245425,40.020731845871,1759.4],[-120.85406502709,40.020759925246,1758.7],[-120.85413199849,40.020828573033,1758.7],[-120.8541751653,40.020941980183,1758.3],[-120.85428287275,40.021168710664,1758.0],[-120.85431464016,40.021256720647,1758.6],[-120.85435814224,40.021323440596,1757.0],[-120.85438001901,40.021377420053,1757.0],[-120.8543927595,40.021430896595,1757.4],[-120.85440617055,40.021486049518,1757.8],[-120.85442603566,40.0215291325,1757.8],[-120.85444070399,40.021567689255,1757.8],[-120.8544517681,40.021605491638,1756.4],[-120.8544521872,40.021642623469,1756.4],[-120.85445755161,40.021668272093,1756.7],[-120.85444003344,40.021686879918,1758.6],[-120.85444808006,40.021723341197,1756.7],[-120.85446702316,40.021761730313,1757.4],[-120.85450088605,40.021808668971,1757.4],[-120.8545279596,40.021844962612,1759.0],[-120.85454455577,40.021869270131,1757.9],[-120.854567606,40.021895589307,1757.9],[-120.85459568538,40.021917968988,1757.9],[-120.85462669842,40.021936325356,1758.8],[-120.85466290824,40.021955855191,1758.8],[-120.85470431484,40.021977899596,1758.8],[-120.85481705144,40.022055851296,1758.1],[-120.85484739393,40.022083595395,1758.1],[-120.85487840697,40.022117123008,1759.4],[-120.85499072447,40.022302865982,1760.9],[-120.85503674112,40.02237922512,1761.1],[-120.85504604504,40.022412417457,1761.1],[-120.85506859235,40.02245365642,1761.1],[-120.85509248078,40.022512162104,1762.2],[-120.85512994789,40.022586341947,1762.1],[-120.85515182465,40.022641830146,1762.1],[-120.85517043248,40.022685080767,1763.3],[-120.85520035587,40.022737551481,1762.0],[-120.85522533394,40.022780550644,1763.2],[-120.85525232367,40.022822627798,1763.2],[-120.85527612828,40.022867135704,1764.3],[-120.8552797325,40.02289337106,1764.3],[-120.8552964963,40.022916924208,1763.0],[-120.85532315075,40.022948607802,1763.0],[-120.85533664562,40.022974256426,1764.1],[-120.85537101142,40.022997809574,1764.1],[-120.85541317239,40.023025972769,1762.8],[-120.85547100753,40.023070480675,1764.2],[-120.85551358759,40.023122029379,1762.7],[-120.85554569028,40.023177098483,1764.0],[-120.85556781851,40.023233927786,1765.5],[-120.85558743216,40.023269550875,1764.1],[-120.85563797504,40.02332621254,1765.9],[-120.8556532301,40.023326044902,1765.9],[-120.85568206385,40.023315064609,1764.6],[-120.85569664836,40.023330738768,1764.6],[-120.85572229698,40.023357644677,1764.6],[-120.85575096309,40.023389747366,1763.4],[-120.85578893311,40.023423274979,1765.9],[-120.85583402775,40.023451354355,1765.9],[-120.85588121787,40.023475578055,1765.0],[-120.85592782125,40.023488905281,1764.3],[-120.85597249679,40.023494353518,1767.3],[-120.85601465777,40.023499131203,1767.3],[-120.85605069995,40.023508267477,1766.8],[-120.85608121008,40.023508770391,1766.8],[-120.8561152406,40.02349158749,1764.1],[-120.85614382289,40.02345956862,1764.1],[-120.85617282428,40.023423274979,1764.1],[-120.85620459169,40.023385221139,1761.8],[-120.85622571409,40.023347921669,1762.7],[-120.85623292252,40.02329419367,1761.1],[-120.8562354371,40.023268461227,1761.1],[-120.85626083426,40.023236945271,1761.1],[-120.85629813373,40.023215990514,1761.5],[-120.85635253228,40.023204004392,1761.5],[-120.856396202,40.023193527013,1763.1],[-120.85644230247,40.023192605004,1763.1],[-120.85648697801,40.02318170853,1764.7],[-120.85653617978,40.023178607225,1764.7],[-120.85656140931,40.023168465123,1764.7],[-120.85659217089,40.023158993572,1766.1],[-120.85661639459,40.023149857298,1766.1],[-120.85664162412,40.023138960823,1766.1],[-120.85667649284,40.023130662739,1767.5],[-120.85672041401,40.023120520636,1766.1],[-120.85677900352,40.023114485666,1767.4],[-120.85685703903,40.023115407676,1768.7],[-120.85693147033,40.023120855913,1768.7],[-120.85702274926,40.023133847862,1771.5],[-120.85708301514,40.023131333292,1772.9],[-120.85713707842,40.023128231987,1772.9],[-120.85720664822,40.023110378534,1772.3],[-120.85726322606,40.023093447089,1773.2],[-120.85732055828,40.023082550615,1773.2],[-120.85736322217,40.023074503988,1774.0],[-120.85740823299,40.023065032437,1774.0],[-120.85744377226,40.023050028831,1774.7],[-120.85750655271,40.023040389642,1772.9],[-120.85755005479,40.023030834273,1772.9],[-120.85762289353,40.023013399914,1773.3],[-120.85767779499,40.023005772382,1773.3],[-120.85774912499,40.023021949455,1773.5],[-120.85785716772,40.02304139547,1773.7],[-120.85792506114,40.023054135963,1776.0],[-120.8579887636,40.023068804294,1775.8],[-120.85806252435,40.023085400462,1775.8],[-120.85812061094,40.023105014116,1775.6],[-120.85817014799,40.023113898933,1775.2],[-120.8582239598,40.023124376312,1775.2],[-120.85827006027,40.023141726851,1776.9],[-120.85832278244,40.023171901703,1776.9],[-120.85839444771,40.023213643581,1776.3],[-120.85843057372,40.023233843967,1778.2],[-120.85846510716,40.02325178124,1777.5],[-120.85850249045,40.023267287761,1777.5],[-120.85859578103,40.023363092914,1778.5],[-120.85862989537,40.023397039622,1778.5],[-120.85873500444,40.023491838947,1778.7],[-120.85877632722,40.023535005748,1780.1],[-120.85880524479,40.023585464805,1780.1],[-120.85883114487,40.023628883064,1780.8],[-120.85885712877,40.023662410676,1780.8],[-120.85887917317,40.02370624803,1780.8],[-120.85890398361,40.023760395125,1782.4],[-120.85891747847,40.023794677109,1781.8],[-120.85894463584,40.023808339611,1781.8],[-120.85899023339,40.023809345439,1781.8],[-120.8590470627,40.023811189458,1781.3],[-120.85910657421,40.02381965518,1782.7],[-120.859140018,40.023811440915,1780.9],[-120.85918368772,40.02380230464,1780.9],[-120.85920791142,40.023790569976,1780.6],[-120.85925267078,40.023772967979,1780.6],[-120.85928854533,40.023756790906,1780.4],[-120.85932282731,40.023738015443,1780.4],[-120.85935895331,40.023714546114,1778.7],[-120.85940538906,40.023690070957,1778.7],[-120.85946330801,40.023665763438,1778.7],[-120.85951519199,40.02364824526,1778.6],[-120.859579565,40.023630391806,1778.7],[-120.85963480175,40.02361278981,1777.5],[-120.85967344232,40.023594517261,1777.9],[-120.85970797576,40.023575238883,1777.9],[-120.85974946618,40.02355386503,1778.5],[-120.85982389748,40.023549925536,1778.5],[-120.85986807011,40.023545734584,1779.2],[-120.85991366766,40.023524947464,1778.1],[-120.85994224995,40.023505669087,1778.8],[-120.85997661576,40.023479098454,1778.8],[-120.86000821553,40.023452276364,1778.8],[-120.86005029269,40.023424532264,1778.3],[-120.86012321524,40.023394441232,1778.3],[-120.8602463454,40.023354291916,1778.0],[-120.8603436593,40.023325709626,1778.3],[-120.86043560877,40.023304084316,1778.6],[-120.86052630097,40.023270472884,1778.8],[-120.86060953327,40.023218253627,1777.8],[-120.86067683995,40.023167291656,1777.8],[-120.86072495207,40.023131584749,1777.0],[-120.860762503,40.023097302765,1777.0],[-120.86078538559,40.023065535352,1776.8],[-120.86079150438,40.023041311651,1776.8],[-120.86081312969,40.023019602522,1776.8],[-120.86085084826,40.023018596694,1776.8],[-120.86085260846,40.023017926142,1776.8],[-120.86085470393,40.023009711877,1776.8],[-120.86085336283,40.023008119315,1776.8],[-120.8609272074,40.023008370772,1777.7],[-120.86094908416,40.023011220619,1777.7],[-120.86101471446,40.023022452369,1778.6],[-120.86104329675,40.023050280288,1778.6],[-120.86104220711,40.023058159277,1778.6],[-120.86105871946,40.023072827607,1779.5],[-120.86108948104,40.023156227544,1779.5],[-120.861112196,40.02319981344,1779.5],[-120.86111471057,40.023254463449,1779.5],[-120.86109409109,40.023380527273,1780.5],[-120.86108763702,40.023484881967,1781.7],[-120.86109040305,40.023524947464,1781.7],[-120.86109895259,40.023572556674,1783.0],[-120.86111227982,40.023617567495,1783.0],[-120.86113273166,40.023661991581,1784.3],[-120.86115620099,40.023701805621,1784.3],[-120.8611760661,40.023740194738,1785.0],[-120.8611971885,40.023779924959,1785.0],[-120.86121722125,40.023814961314,1786.1],[-120.86124421097,40.023856954649,1786.1],[-120.86126659065,40.02389148809,1785.4],[-120.8612940833,40.023937588558,1786.5],[-120.86131704971,40.023983605206,1786.5],[-120.86133984849,40.024029035121,1787.7],[-120.86135845631,40.024075387046,1786.8],[-120.86137890816,40.024122409523,1788.3],[-120.86140539497,40.024174461141,1789.7],[-120.86142785847,40.024218047038,1789.7],[-120.86145099252,40.024252915755,1788.6],[-120.86147102527,40.024296669289,1790.1],[-120.86148502305,40.02433908172,1790.1],[-120.86149684153,40.02438669093,1791.5],[-120.86148720235,40.024436060339,1791.5],[-120.86148158647,40.024467827752,1792.8],[-120.8614856936,40.024514263496,1792.8],[-120.86150061339,40.024579558522,1794.0],[-120.86151955649,40.024635633454,1795.1],[-120.86153020151,40.024679303169,1795.1],[-120.86153875105,40.024737976491,1796.3],[-120.86154587567,40.024788938463,1796.3],[-120.86155308411,40.024828333408,1796.1],[-120.86157135665,40.024889688939,1796.1],[-120.86157663725,40.02494668588,1797.4],[-120.86157211103,40.024997396395,1797.4],[-120.86157328449,40.025067301467,1798.3],[-120.86158040911,40.025113904849,1799.5],[-120.86160102859,40.025168973953,1799.5],[-120.86163153872,40.025230161846,1800.5],[-120.86164914072,40.025273496285,1799.2],[-120.86166338995,40.02533191815,1799.8],[-120.86167613044,40.025401655585,1800.5],[-120.86169138551,40.025462005287,1800.5],[-120.8617006056,40.025512212887,1801.1],[-120.8616988454,40.025585470721,1801.7],[-120.86167596281,40.02563836053,1801.7],[-120.86165442131,40.025701979175,1801.7],[-120.86162843741,40.025776829571,1802.8],[-120.86160211824,40.025824690238,1802.8],[-120.86158384569,40.025878082961,1803.1],[-120.86158149876,40.02593181096,1803.1],[-120.86158594117,40.025984197855,1803.4],[-120.86158753373,40.026031807065,1803.4],[-120.86158602498,40.026072794572,1803.7],[-120.86159256287,40.026125013828,1803.7],[-120.86160320789,40.026159966365,1804.2],[-120.86162072606,40.026201708242,1804.2],[-120.8616539184,40.026243953034,1804.4],[-120.86168241687,40.026272954419,1804.4],[-120.86170538329,40.026296423748,1804.4],[-120.86172549985,40.026317127049,1804.4],[-120.86174326949,40.026338417083,1805.1],[-120.86176154204,40.026360629126,1805.1],[-120.86176984012,40.026370771229,1805.1],[-120.86177662946,40.026385020465,1805.1],[-120.86178610101,40.026400862262,1805.1],[-120.86180378683,40.026419553906,1805.1],[-120.86181904189,40.02643045038,1805.8],[-120.86183647625,40.026446795091,1805.8],[-120.86185525171,40.026466660202,1805.8],[-120.86187629029,40.026488956064,1805.8],[-120.86190252565,40.02651351504,1805.5],[-120.86193429306,40.026542264968,1806.7],[-120.86196580902,40.026571601629,1806.7],[-120.86200000718,40.026600351557,1806.5],[-120.86203898303,40.026626000181,1807.9],[-120.86207460612,40.026654331014,1807.9],[-120.8621128276,40.026684254408,1807.7],[-120.86215339601,40.026714513078,1809.2],[-120.86219052784,40.02674988471,1808.9],[-120.86222615093,40.02678877674,1810.4],[-120.86225925945,40.026820041239,1810.2],[-120.86230024695,40.026858765632,1810.2],[-120.86233721115,40.026887180284,1811.7],[-120.86236545816,40.026922468096,1811.4],[-120.86239236407,40.026954403147,1811.4],[-120.86241398938,40.026993546635,1812.9],[-120.86243511178,40.027041407302,1812.9],[-120.86246578954,40.027085077018,1814.1],[-120.8624885045,40.027126902714,1814.1],[-120.86250811815,40.027161771432,1815.7],[-120.86252613924,40.027197059244,1815.7],[-120.86254650727,40.02724676393,1816.9],[-120.86255522445,40.027289846912,1816.9],[-120.86256067269,40.027327816933,1816.9],[-120.86256461218,40.027367798612,1818.3],[-120.86256830022,40.027397973463,1818.3],[-120.86256192997,40.027436697856,1819.5],[-120.86256511509,40.027464693412,1819.5],[-120.86256964132,40.02748388797,1819.5],[-120.86258020252,40.027501741424,1819.5],[-120.86258648895,40.027516242117,1819.5],[-120.86259964854,40.027531413361,1820.6],[-120.86261565797,40.027550691739,1820.6],[-120.86264004931,40.027572568506,1820.6],[-120.86266502738,40.027588913217,1820.7],[-120.86268698797,40.027598133311,1820.7],[-120.86270970292,40.027610706165,1821.9],[-120.86273719557,40.027625458315,1821.9],[-120.86276401766,40.027640294284,1822.0],[-120.86278304458,40.027653956786,1822.0],[-120.86280525662,40.027669714764,1822.0],[-120.86283970624,40.027683209628,1822.0],[-120.86286501959,40.027693267912,1822.0],[-120.86288597435,40.027708690614,1822.0],[-120.86290592328,40.027719503269,1823.4],[-120.86293458939,40.02773324959,1823.4],[-120.86296702735,40.027747834101,1823.4],[-120.86300063878,40.027760826051,1823.4],[-120.86303307675,40.027774572372,1823.3],[-120.86306685582,40.027792342007,1823.3],[-120.86310541257,40.027815140784,1823.3],[-120.86314204149,40.027835424989,1824.6],[-120.86317414418,40.027852607891,1824.6],[-120.8632033132,40.027869706973,1824.6],[-120.86323776282,40.027882028371,1824.4],[-120.86327204481,40.02789946273,1824.4],[-120.86330557242,40.027917902917,1825.9],[-120.86334723048,40.02794874832,1825.7],[-120.86338134483,40.027974816039,1825.7],[-120.86341671646,40.028002727777,1827.1],[-120.86345803924,40.028032064438,1827.1],[-120.8634908963,40.028047822416,1827.1],[-120.86353649385,40.028066681698,1827.0],[-120.86358242668,40.028084283695,1828.5],[-120.86363011971,40.02810113132,1828.4],[-120.86367605254,40.02812535502,1828.2],[-120.86372072808,40.028154272586,1828.2],[-120.86376724765,40.028183693066,1829.6],[-120.86382365786,40.028229458258,1829.4],[-120.86386682466,40.028269523755,1830.4],[-120.8639066387,40.028305230662,1830.4],[-120.86393916048,40.028332807124,1830.4],[-120.86396723986,40.028358539566,1831.1],[-120.86399900727,40.028389804065,1831.1],[-120.8640308585,40.02842919901,1831.1],[-120.86406329647,40.028460631147,1831.7],[-120.86410160176,40.028486615047,1831.7],[-120.86413093843,40.028511593118,1831.7],[-120.86415449157,40.0285322126,1832.3],[-120.86418407969,40.028556687757,1832.3],[-120.86422883905,40.028588958085,1832.3],[-120.86426043883,40.02861619927,1831.7],[-120.86429622956,40.028654839844,1832.9],[-120.86432187818,40.028684260324,1832.9],[-120.86434199475,40.028710411862,1832.3],[-120.86436118931,40.028734887019,1833.5],[-120.86438206024,40.028754416853,1833.5],[-120.86441458203,40.028787525371,1833.5],[-120.86444148794,40.028817281127,1834.0],[-120.86446856149,40.028845444322,1834.0],[-120.86449353956,40.028872685507,1834.0],[-120.86451717652,40.028900178149,1835.2],[-120.86453829892,40.028926748782,1834.7],[-120.86455875076,40.028952816501,1834.7],[-120.86458188482,40.028978716582,1835.9],[-120.86460786872,40.02899883315,1835.9],[-120.8646333497,40.029020374641,1835.5],[-120.86466092616,40.029048286378,1835.5],[-120.86468204856,40.029069324955,1835.5],[-120.86471188813,40.029098074883,1836.1],[-120.86472705938,40.029117856175,1836.1],[-120.86473921314,40.029135290533,1836.1],[-120.86475748569,40.029159262776,1836.1],[-120.86477994919,40.029189102352,1837.3],[-120.86479268968,40.029206871986,1836.9],[-120.86481205188,40.029230257496,1836.9],[-120.86483904161,40.029267556965,1838.2],[-120.86485739797,40.029302844778,1838.2],[-120.86487583816,40.029334109277,1838.2],[-120.8648918476,40.02935891971,1839.2],[-120.86491338909,40.029387753457,1839.2],[-120.86494121701,40.029417006299,1839.2],[-120.8649609983,40.029436452314,1839.2],[-120.86498689838,40.029469057918,1840.5],[-120.86499511264,40.029502417892,1840.5],[-120.86500014178,40.029529994354,1840.5],[-120.86501522921,40.0295641087,1842.0],[-120.86503291503,40.029597468674,1842.0],[-120.86504372768,40.029623452574,1841.8],[-120.86505479179,40.02965932712,1843.2],[-120.8650649339,40.029690591618,1843.2],[-120.86508077569,40.029725795612,1844.7],[-120.8650975395,40.029757730663,1844.7],[-120.86511539295,40.029786732048,1844.7],[-120.8651305642,40.02981422469,1845.9],[-120.86514154449,40.029837023467,1845.9],[-120.86515570991,40.029861079529,1845.9],[-120.86517046206,40.029894858599,1845.9],[-120.86518278345,40.029932577163,1847.3],[-120.86519585922,40.029967362061,1847.3],[-120.86521471851,40.030001560226,1847.3],[-120.8652235195,40.030029974878,1848.6],[-120.86523701437,40.030061909929,1848.4],[-120.86525076069,40.030091581866,1848.4],[-120.86527188309,40.030124941841,1849.7],[-120.86530096829,40.030166013166,1849.7],[-120.86531974375,40.030194679275,1849.7],[-120.86534472182,40.030226446688,1851.0],[-120.86536609568,40.030258130282,1851.0],[-120.86539409123,40.030293753371,1852.3],[-120.86541621946,40.030323090032,1852.3],[-120.86543868296,40.03034924157,1852.3],[-120.86546148174,40.030373549089,1852.3],[-120.86548444815,40.030395509675,1853.8],[-120.8655062411,40.030419062823,1853.8],[-120.86552426219,40.030436078086,1853.8],[-120.86555359885,40.03045912832,1853.8],[-120.86559073068,40.030480334535,1853.8],[-120.86562551558,40.030491482466,1855.4],[-120.86566373706,40.030507240444,1855.4],[-120.86569718085,40.030525596812,1855.4],[-120.8657224942,40.03053708002,1855.4],[-120.86576373316,40.030553592369,1855.4],[-120.86579927243,40.030567422509,1855.3],[-120.86582835764,40.030581839383,1857.2],[-120.86586657912,40.030600531027,1857.2],[-120.86590253748,40.03061586991,1857.2],[-120.86593807675,40.03063053824,1857.2],[-120.86597378366,40.030647637323,1857.0],[-120.86600714363,40.030662054196,1857.0],[-120.8660462033,40.030681416392,1859.2],[-120.8660739474,40.03069633618,1859.0],[-120.86609674618,40.030708909035,1859.0],[-120.86613446474,40.030731288716,1859.0],[-120.86616665125,40.030748639256,1863.4],[-120.86619246751,40.030763139948,1863.4],[-120.86623169482,40.030789542943,1863.5],[-120.86626631208,40.030811335891,1863.5],[-120.86629489437,40.030829859897,1863.5],[-120.8663351275,40.030848300084,1866.3],[-120.86636211723,40.030864058062,1866.3],[-120.86638030596,40.030876966193,1866.3],[-120.86640637368,40.030892053619,1866.3],[-120.8664337825,40.030903620645,1866.3],[-120.86645876057,40.030916780233,1866.3],[-120.86648524739,40.030933041126,1869.1],[-120.86651584134,40.030956510454,1869.1],[-120.86654216051,40.030975705013,1869.1],[-120.86656847969,40.03099322319,1868.8],[-120.86659555323,40.031013339758,1871.5],[-120.86662606336,40.031026834622,1871.5],[-120.86665791459,40.031039323658,1871.3],[-120.86668951437,40.031056674197,1871.3],[-120.86671994068,40.031075114384,1871.3],[-120.86675028317,40.031091878191,1871.0],[-120.86678188294,40.031106295064,1871.0],[-120.86681574583,40.031124232337,1873.7],[-120.86685044691,40.031146276742,1873.4],[-120.86688070558,40.031167482957,1873.4],[-120.86691465229,40.031186426058,1873.4],[-120.86695144884,40.031206794083,1875.7],[-120.8669829648,40.031231436878,1875.7],[-120.86701188236,40.03125641495,1875.7],[-120.86704364978,40.03128063865,1875.1],[-120.86707533337,40.031308215111,1877.5],[-120.86711238138,40.031337132677,1877.5],[-120.86715906858,40.031371414661,1876.6],[-120.86719938554,40.031402176246,1878.5],[-120.86723634973,40.031427070498,1877.7],[-120.86727348156,40.031450036913,1877.7],[-120.86730784737,40.031474009156,1876.9],[-120.867334418,40.031502926722,1876.9],[-120.86735889316,40.031538046896,1878.8],[-120.86737574078,40.031571155414,1878.8],[-120.8674119506,40.03161482513,1879.7],[-120.86744648404,40.031661177054,1879.7],[-120.86747515015,40.031702751294,1881.7],[-120.86750180461,40.031742146239,1880.9],[-120.86751362309,40.03179310821,1883.2],[-120.8675215859,40.031834347174,1883.2],[-120.8675370086,40.031879190356,1883.2],[-120.86755092256,40.031920513138,1885.5],[-120.86756844074,40.031946832314,1885.5],[-120.86759400554,40.031979773194,1886.9],[-120.8676096797,40.032003326342,1886.9],[-120.86763063446,40.032036434859,1886.9],[-120.86765469052,40.032074153423,1888.4],[-120.86766860448,40.032098628581,1888.0],[-120.86768872105,40.032128468156,1888.0],[-120.86771219037,40.032155374065,1888.0],[-120.86773708463,40.032183621079,1889.2],[-120.8677620627,40.032208180055,1889.2],[-120.86779324338,40.032235924155,1889.0],[-120.86782358587,40.032258974388,1889.0],[-120.86786189117,40.032273139805,1890.1],[-120.86790028028,40.032289484516,1890.6],[-120.86793757975,40.032308427617,1890.6],[-120.86797865108,40.032326281071,1891.2],[-120.86801695637,40.032342122868,1891.2],[-120.86805232801,40.032357461751,1893.0],[-120.86808334105,40.032375399023,1893.0],[-120.86812835187,40.032394342124,1893.7],[-120.86816405877,40.032411776483,1893.7],[-120.86819959804,40.032426528633,1893.7],[-120.86823832244,40.032445555553,1895.1],[-120.86827453226,40.03246055916,1895.1],[-120.86831484921,40.032478328794,1895.6],[-120.86836145259,40.032497607172,1895.6],[-120.86838919669,40.032510347664,1896.2],[-120.86842942983,40.032531302422,1897.1],[-120.86846706457,40.032551083714,1897.1],[-120.86850754917,40.032574385405,1897.7],[-120.86855281144,40.032596513629,1897.7],[-120.86860176176,40.032621324062,1898.5],[-120.86864786223,40.032645547763,1899.4],[-120.86870611645,40.032669771463,1900.2],[-120.86874257773,40.032687205821,1900.9],[-120.86878884584,40.032710507512,1900.9],[-120.86883855052,40.032735485584,1902.5],[-120.86887534708,40.032755266875,1902.5],[-120.86890862323,40.032772365957,1902.5],[-120.86895355023,40.03279466182,1903.2],[-120.86899747141,40.03281544894,1903.2],[-120.86903837509,40.032833218575,1905.1],[-120.8690745011,40.032850401476,1905.1],[-120.86911582388,40.03286129795,1906.2],[-120.86915622465,40.032870182768,1906.2],[-120.86919402704,40.032878983766,1906.2],[-120.86923400871,40.032885186374,1907.3],[-120.86926996708,40.032888958231,1907.3],[-120.86930475198,40.032892227173,1908.3],[-120.86933593266,40.03289247863,1908.3],[-120.86936610751,40.032892394811,1908.3],[-120.86940005422,40.032884432003,1909.6],[-120.86943173781,40.032871775329,1909.6],[-120.86946157739,40.032857526094,1909.6],[-120.86948521435,40.032841684297,1909.6],[-120.86950616911,40.032825255767,1911.0],[-120.86953072809,40.032808994874,1910.4],[-120.86955662817,40.032788459212,1910.4],[-120.86957389489,40.032775131986,1910.4],[-120.86959535256,40.03275568597,1911.9],[-120.86961085908,40.032734731212,1911.9],[-120.86962879635,40.032713692635,1911.2],[-120.86965025403,40.03268728964,1911.2],[-120.86966701783,40.032665580511,1911.2],[-120.86968696676,40.032637920231,1912.8],[-120.86970331147,40.032612439245,1912.8],[-120.8697254397,40.032588550821,1912.8],[-120.86975133978,40.032565416768,1912.8],[-120.86977757514,40.032536583021,1915.0],[-120.86979467422,40.032518394291,1915.0],[-120.86982166395,40.032496182248,1915.0],[-120.86984706111,40.032476149499,1917.3],[-120.86986416019,40.032452847809,1917.3],[-120.86990179494,40.032422086224,1917.4],[-120.8699315507,40.03240339458,1919.6],[-120.86996197701,40.032379589975,1919.6],[-120.86999307387,40.032355701551,1919.6],[-120.87002039887,40.03233239986,1921.9],[-120.87004705332,40.032306835055,1921.9],[-120.87007085793,40.032280934975,1921.9],[-120.87009399198,40.032257298008,1922.3],[-120.87012508884,40.032231900841,1924.3],[-120.87015023455,40.032209353521,1924.3],[-120.87017320096,40.032185381278,1924.3],[-120.87019457482,40.03216275014,1924.3],[-120.87021963671,40.032141879201,1926.9],[-120.87025442161,40.032119499519,1926.9],[-120.87029767223,40.032091671601,1926.9],[-120.87033203803,40.032059988007,1929.0],[-120.87035106495,40.032028472051,1929.0],[-120.87036606856,40.031999303028,1929.0],[-120.87037822232,40.031970469281,1929.4],[-120.87039951235,40.031942725182,1931.0],[-120.87042490952,40.031914059073,1931.0],[-120.87044142187,40.031885225326,1931.1],[-120.87046237662,40.03185630776,1931.1],[-120.87049607188,40.031819762662,1932.6],[-120.87051870301,40.031795622781,1932.6],[-120.87054711767,40.031769219786,1932.6],[-120.87057628669,40.031742230058,1933.7],[-120.87060486898,40.031713563949,1933.7],[-120.87064082734,40.031681796536,1933.3],[-120.87066094391,40.031663775444,1933.3],[-120.87068625726,40.031637875363,1933.8],[-120.87070796639,40.031608873978,1933.0],[-120.87073168717,40.03158188425,1933.0],[-120.87075951509,40.03155070357,1933.3],[-120.87078751065,40.031522959471,1933.0],[-120.87081391364,40.031501753256,1933.0],[-120.87084727362,40.031480044127,1933.5],[-120.87088591419,40.031462190673,1933.5],[-120.87092539296,40.031446684152,1933.5],[-120.87096470408,40.031435368583,1933.5],[-120.87100879289,40.031430255622,1933.5],[-120.87106687948,40.031429082155,1933.6],[-120.87112018839,40.031432267278,1933.6],[-120.87116335519,40.031435368583,1933.6],[-120.87122521363,40.031438721344,1933.6],[-120.87127072737,40.031442996114,1933.6],[-120.8713404648,40.031445510685,1933.6],[-120.87140064687,40.031449198723,1933.6],[-120.87144909427,40.031453389674,1933.6],[-120.87150843814,40.031461687759,1933.6],[-120.87157951668,40.031470991671,1934.2],[-120.87163542397,40.031479625031,1934.3],[-120.87168814614,40.03149362281,1934.2],[-120.87172854692,40.031504100189,1934.2],[-120.87178587914,40.031523546204,1934.0],[-120.87183072232,40.031541986391,1934.0],[-120.87187288329,40.031563276425,1933.7],[-120.87191227823,40.031585991383,1934.5],[-120.87195083499,40.031610131264,1934.5],[-120.87198704481,40.031631421298,1934.3],[-120.87201847695,40.03164768219,1934.3],[-120.87205493823,40.031672660261,1934.8],[-120.87207748555,40.031688669696,1934.8],[-120.8721111808,40.031713228673,1934.8],[-120.87214085273,40.031734183431,1934.8],[-120.87217102759,40.031752539799,1934.7],[-120.87219692767,40.031771650538,1935.4],[-120.87221679278,40.031793359667,1935.4],[-120.87223288603,40.031811799854,1935.1],[-120.87225853465,40.031837113202,1935.1],[-120.87228041142,40.031855553389,1935.8],[-120.8722983487,40.031871730462,1935.8],[-120.87232684717,40.031900396571,1935.4],[-120.87234629318,40.031923195347,1935.4],[-120.87236456573,40.031945575029,1935.9],[-120.87238300592,40.031966278329,1935.9],[-120.8724067267,40.031986813992,1935.9],[-120.87243430316,40.032007684931,1935.4],[-120.87245416827,40.032023778185,1935.4],[-120.87247990072,40.032049007714,1935.8],[-120.8725053817,40.032071974128,1935.3],[-120.87253245525,40.032099718228,1935.3],[-120.87255944498,40.032124863937,1935.9],[-120.87257972918,40.032145148143,1935.6],[-120.87260537781,40.032171970233,1935.6],[-120.87263085879,40.032196277753,1935.6],[-120.87265977636,40.032220669091,1936.1],[-120.87269003503,40.032243467867,1936.1],[-120.87271945551,40.032267188653,1936.1],[-120.8727502171,40.032291663811,1936.1],[-120.87278097868,40.032319491729,1936.5],[-120.8728228882,40.032358551398,1936.5],[-120.87285666727,40.032390234992,1936.3],[-120.87290125899,40.032433066517,1936.9],[-120.87295833975,40.032490147278,1936.6],[-120.87300527841,40.032543707639,1937.3],[-120.8730506245,40.032600453123,1937.4],[-120.87309555151,40.03266046755,1937.4],[-120.87314047851,40.032720481977,1937.9],[-120.87318490259,40.032780328766,1938.6],[-120.87323024869,40.032839756459,1938.4],[-120.87326964363,40.03288728185,1939.0],[-120.87332119234,40.032948385924,1938.8],[-120.87340299971,40.03305693157,1940.6],[-120.87344197556,40.03310370259,1940.5],[-120.87348631583,40.033156257123,1941.5],[-120.87352462113,40.033200848848,1941.4],[-120.87356376462,40.033241584897,1942.3],[-120.87360173464,40.033281482756,1942.0],[-120.87363727391,40.033319368958,1942.0],[-120.87367205881,40.033361865208,1943.1],[-120.87369971909,40.033396985382,1942.8],[-120.87373802438,40.033447863534,1943.9],[-120.87376208045,40.033489186317,1943.9],[-120.87380181067,40.033568730578,1944.7],[-120.87382511236,40.033606030047,1945.8],[-120.87385210209,40.033643916249,1945.8],[-120.87387624197,40.033683143556,1945.8],[-120.87390189059,40.033713569865,1946.9],[-120.87393634021,40.033748690039,1946.9],[-120.87397380732,40.033788252622,1947.9],[-120.87399870157,40.033815661445,1947.9],[-120.8740292117,40.033849691972,1947.9],[-120.87405821308,40.033881543204,1948.9],[-120.87409056723,40.033912556246,1948.7],[-120.87413708679,40.033957567066,1948.7],[-120.87417581119,40.033990591764,1949.7],[-120.87421135046,40.034019006416,1949.7],[-120.8742370829,40.034041972831,1949.7],[-120.87427094579,40.034081116319,1950.9],[-120.8742974326,40.034114811569,1950.9],[-120.87432132103,40.03414590843,1950.9],[-120.87435560301,40.034191925079,1952.4],[-120.87437773123,40.034228889272,1952.4],[-120.87438678369,40.034256549552,1954.2],[-120.87439105846,40.034292088822,1954.2],[-120.8743929863,40.034318827093,1954.2],[-120.87439659052,40.034339278936,1955.9],[-120.87440245785,40.03436576575,1955.9],[-120.87440698408,40.034392420202,1955.9],[-120.87441075593,40.034416560084,1955.9],[-120.87441662326,40.034440951422,1957.5],[-120.8744273521,40.034471713006,1957.5],[-120.87443623692,40.034494092688,1957.5],[-120.87445182726,40.034520244226,1959.3],[-120.87446582504,40.03454329446,1959.3],[-120.87448124774,40.034566679969,1959.3],[-120.87449633516,40.034591238946,1959.3],[-120.87451167405,40.034614372998,1959.3],[-120.87452827021,40.034635663033,1961.3],[-120.87454629131,40.034654773772,1961.3],[-120.87456397712,40.034672878683,1961.3],[-120.87458216585,40.034698359668,1961.3],[-120.87459725328,40.034721074626,1963.2],[-120.8746074792,40.034733563662,1963.6],[-120.87462516502,40.034755188972,1963.6],[-120.87464561686,40.034778658301,1963.6],[-120.87466590106,40.034806821495,1963.6],[-120.87468920276,40.034832302481,1965.7],[-120.87471133098,40.034856945276,1966.1],[-120.87473102845,40.034883180633,1966.1],[-120.87474988773,40.034908410162,1968.2],[-120.87476983666,40.034932885319,1968.2],[-120.87479171343,40.034956103191,1968.4],[-120.87481928989,40.034979823977,1968.4],[-120.87484334596,40.035003628582,1970.6],[-120.87486547418,40.035028690472,1970.6],[-120.87489338592,40.035055261105,1970.8],[-120.87491475977,40.03507127054,1970.8],[-120.8749399893,40.035090716556,1973.1],[-120.87496471591,40.0351094082,1973.1],[-120.87498826906,40.035129105672,1973.4],[-120.87501039729,40.035148467869,1973.4],[-120.87503386661,40.03516824916,1973.4],[-120.87505557574,40.035191467032,1975.6],[-120.87507996708,40.035215103999,1975.6],[-120.87510234676,40.035238154233,1975.7],[-120.87512690574,40.035256426781,1975.7],[-120.87514903396,40.035277046263,1977.8],[-120.87516604923,40.035297749564,1977.8],[-120.87518038228,40.03531887196,1977.8],[-120.87519220077,40.035342508927,1977.7],[-120.87520519271,40.035365978256,1977.7],[-120.8752218727,40.035391040146,1979.9],[-120.87523804978,40.035408809781,1979.9],[-120.87525623851,40.035432698205,1979.9],[-120.87527400814,40.035459017381,1979.9],[-120.87529152632,40.035485420376,1982.2],[-120.87530661374,40.035512326285,1982.2],[-120.87532279082,40.03553965129,1982.2],[-120.87534433231,40.03556471318,1984.3],[-120.87536662817,40.035588853061,1984.3],[-120.87538816966,40.035614585504,1984.3],[-120.87540929206,40.035638893023,1986.3],[-120.8754319232,40.035663787276,1986.3],[-120.87545514107,40.035689268261,1986.3],[-120.8754786104,40.035710642114,1986.0],[-120.87550350465,40.035732351243,1988.1],[-120.87552974001,40.035753306001,1988.1],[-120.87555714883,40.035771410912,1988.2],[-120.87558631785,40.035785827786,1988.2],[-120.8756169118,40.035799657926,1988.2],[-120.87564633228,40.035810638219,1988.2],[-120.87567524984,40.035829748958,1988.5],[-120.87570265867,40.035849111155,1990.8],[-120.87572906166,40.03586939536,1990.8],[-120.87575571612,40.035889092833,1991.1],[-120.87578203529,40.035906024277,1991.1],[-120.87581229396,40.035933768377,1993.4],[-120.8758349251,40.035961596295,1993.6],[-120.87585235946,40.035985987633,1993.6],[-120.87587230839,40.036011049524,1995.8],[-120.87590030394,40.036040134728,1995.8],[-120.87592737749,40.036065615714,1996.1],[-120.87594799697,40.036086235195,1996.1],[-120.87597037666,40.036113141105,1998.4],[-120.87599133141,40.036143567413,1998.4],[-120.87600952014,40.036169551313,1998.8],[-120.87602703832,40.036195283756,2001.1],[-120.87603986263,40.036217160523,2001.1],[-120.87604757398,40.036237696186,2001.1],[-120.87605779991,40.036269966513,2001.1],[-120.87606425397,40.036296034232,2003.3],[-120.87606785819,40.036327969283,2003.3],[-120.87607079186,40.036364514381,2005.2],[-120.87607246824,40.036394102499,2005.2],[-120.87606945075,40.036421511322,2005.2],[-120.87607070804,40.036455038935,2007.0],[-120.8760775812,40.0364874769,2007.0],[-120.87608579546,40.036517735571,2007.0],[-120.8760947641,40.036545814946,2007.1],[-120.87610297836,40.036576408893,2008.9],[-120.87611605413,40.036603985354,2008.9],[-120.87613021955,40.036636004224,2008.9],[-120.87614614516,40.036673890427,2010.3],[-120.87615578435,40.036704232916,2010.3],[-120.87617112324,40.036734826863,2011.1],[-120.87618604302,40.036765504628,2011.9],[-120.87619769387,40.036795511842,2011.9],[-120.87620498613,40.036831973121,2012.4],[-120.87621353567,40.036870529875,2012.4],[-120.876219403,40.036901878193,2012.4],[-120.87623029947,40.036938926205,2012.5],[-120.87624899112,40.036981254816,2012.5],[-120.87626860477,40.037014111876,2013.3],[-120.87628771551,40.037042777985,2013.3],[-120.87631646544,40.037085777149,2013.3],[-120.87634035386,40.037112934515,2013.2],[-120.87636860088,40.037145791575,2013.6],[-120.87640237994,40.037175798789,2013.6],[-120.8764360752,40.037203459069,2013.5],[-120.8764739614,40.037229862064,2013.8],[-120.87651285343,40.037253666669,2013.8],[-120.87655266747,40.03727613017,2014.0],[-120.87659030221,40.037301108241,2013.9],[-120.87662835605,40.037326253951,2013.9],[-120.8766690921,40.037350142375,2014.2],[-120.87671318091,40.037373276427,2014.2],[-120.87675601244,40.037396494299,2014.5],[-120.87679523975,40.037419628352,2014.5],[-120.87683186866,40.037445947528,2014.9],[-120.87687067688,40.037473775446,2014.9],[-120.87690479122,40.037501938641,2015.2],[-120.87693605572,40.037530772388,2015.6],[-120.87696346454,40.037561617792,2015.6],[-120.87699171156,40.03759983927,2016.0],[-120.87701492943,40.037634288892,2016.6],[-120.87703244761,40.037660775706,2016.6],[-120.87705725804,40.037691788748,2017.1],[-120.87708927691,40.037718359381,2017.1],[-120.87712657638,40.037742834538,2017.8],[-120.8771632053,40.037767896429,2018.1],[-120.87719983421,40.03779379651,2018.9],[-120.8772376366,40.037817936391,2018.9],[-120.87728759274,40.037844087929,2019.9],[-120.87733050808,40.037864120677,2019.9],[-120.87737166323,40.037883985788,2019.9],[-120.87741172872,40.037902174518,2020.8],[-120.87744768709,40.037920363247,2020.8],[-120.87748222053,40.037944754586,2021.7],[-120.87751180865,40.037973336875,2021.7],[-120.87754718028,40.037997979671,2021.7],[-120.87758129463,40.038023209199,2022.9],[-120.87761180475,40.03804994747,2023.0],[-120.87762798183,40.038075344637,2023.0],[-120.87763896212,40.03811314702,2022.9],[-120.87765044533,40.038162181154,2022.9],[-120.87766008452,40.038201157004,2024.2],[-120.87767039426,40.038229404017,2024.2],[-120.87768573314,40.038258740678,2024.2],[-120.87770584971,40.038288161159,2024.2],[-120.87773183361,40.038318838924,2023.8],[-120.87776142173,40.038350522518,2025.4],[-120.87778841145,40.038385223597,2025.4],[-120.87781364098,40.038421433419,2025.1],[-120.87785144337,40.038460744545,2026.5],[-120.87788941339,40.03849234432,2026.5],[-120.87792302482,40.038522854447,2027.7],[-120.87795621715,40.038556130603,2027.7],[-120.87799435481,40.038591753691,2027.5],[-120.87803006172,40.038628382608,2028.5],[-120.87807347998,40.038664005697,2028.2],[-120.87811681442,40.038694683462,2029.3],[-120.87815897539,40.038723684847,2029.3],[-120.87820063345,40.038754194975,2028.8],[-120.87823969312,40.038788057864,2029.7],[-120.87828001007,40.038823261857,2029.7],[-120.87832435034,40.038855448365,2030.3],[-120.87836902589,40.038885958493,2030.3],[-120.87841319852,40.03891387023,2031.1],[-120.87845988572,40.038935244083,2030.7],[-120.87850741111,40.038965670392,2031.5],[-120.87855610996,40.038998359814,2031.5],[-120.87859835476,40.039032222703,2032.0],[-120.87863741443,40.039066672325,2031.6],[-120.87867764756,40.039100535214,2032.4],[-120.87871712632,40.039131632075,2032.4],[-120.87874780409,40.039163818583,2032.6],[-120.87878418155,40.039199776947,2033.2],[-120.87882558815,40.039239674807,2033.5],[-120.87886657566,40.039278566837,2034.2],[-120.87890923955,40.039311842993,2034.2],[-120.87894394062,40.039347382262,2034.2],[-120.87897327729,40.039382753894,2035.0],[-120.87900060229,40.03941510804,2034.8],[-120.87903086096,40.039444779977,2034.8],[-120.8790622931,40.039479564875,2035.6],[-120.87910177186,40.039516948164,2035.4],[-120.87914083153,40.039551230147,2036.2],[-120.87917796336,40.039579058066,2036.2],[-120.87921174243,40.039607807994,2036.0],[-120.87924426422,40.039636557922,2037.0],[-120.87927628309,40.039663296193,2037.0],[-120.87929857895,40.039694644511,2036.5],[-120.87931576185,40.039727417752,2036.5],[-120.87933973409,40.039765555412,2037.9],[-120.87937200442,40.039813248441,2037.9],[-120.87940989062,40.03985742107,2037.9],[-120.87943688035,40.039899330586,2039.4],[-120.87947476655,40.039934702218,2039.4],[-120.87950603105,40.039961524308,2039.5],[-120.8795383852,40.039986670017,2041.2],[-120.8795696497,40.040018185973,2041.2],[-120.87960141711,40.040064537898,2041.2],[-120.87963167578,40.040106363595,2042.7],[-120.87965271436,40.040142489597,2042.9],[-120.87967786007,40.040177274495,2042.9],[-120.87972655892,40.040202504024,2044.3],[-120.87976184674,40.040227733552,2044.5],[-120.87979210541,40.040253968909,2046.0],[-120.87981490418,40.040276851505,2046.0],[-120.87983502075,40.040291519836,2046.0],[-120.8798480127,40.040333680809,2046.2],[-120.87985337712,40.040384558961,2046.2],[-120.87986947037,40.040419008583,2046.2],[-120.87988656946,40.040448596701,2048.1],[-120.87990626693,40.040477095172,2048.1],[-120.879922444,40.040506934747,2048.1],[-120.87993526831,40.040530487895,2048.3],[-120.87995295413,40.040551442653,2048.3],[-120.8799779322,40.040574409068,2049.9],[-120.88000223972,40.040599470958,2049.9],[-120.88002386503,40.040621431544,2050.1],[-120.88004859164,40.040644649416,2050.1],[-120.88007641956,40.040667615831,2051.5],[-120.88010374457,40.040687900037,2051.5],[-120.88013006374,40.040710195899,2051.7],[-120.8801594004,40.040737604722,2053.0],[-120.88017825969,40.04077331163,2053.0],[-120.88019737042,40.040804659948,2053.3],[-120.88021505624,40.040838774294,2053.3],[-120.88023182005,40.040869703516,2053.3],[-120.88025931269,40.040892334655,2054.6],[-120.88028160855,40.04091094248,2055.1],[-120.88030264713,40.040929717943,2055.1],[-120.88032703847,40.040949499235,2055.1],[-120.88035235181,40.040969615802,2056.4],[-120.88036953472,40.040990402922,2057.1],[-120.88038822636,40.041007669643,2057.1],[-120.88040934876,40.041026445106,2057.1],[-120.88042695075,40.041044969112,2058.5],[-120.8804469835,40.041067684069,2058.5],[-120.88046483696,40.041088890284,2059.5],[-120.88048378006,40.041109258309,2059.5],[-120.8804993704,40.041131302714,2059.5],[-120.88051739149,40.041151000187,2061.0],[-120.88053951971,40.041168769822,2061.0],[-120.88055921718,40.041191317141,2062.2],[-120.88058595546,40.041218306869,2062.2],[-120.88061705232,40.041241440922,2063.6],[-120.88064622134,40.041257701814,2063.6],[-120.8806737978,40.041273040697,2064.9],[-120.88070866652,40.041291145608,2066.2],[-120.88073825464,40.0413091667,2066.2],[-120.88076910004,40.041323080659,2066.2],[-120.8808019571,40.041331797838,2067.4],[-120.88082819246,40.041344119236,2067.4],[-120.88086079806,40.041359290481,2068.8],[-120.88089172728,40.041373372078,2070.0],[-120.88092215359,40.041383430362,2070.0],[-120.8809508197,40.041393321007,2070.0],[-120.880980324,40.041399020702,2071.1],[-120.88100890629,40.041404468939,2071.1],[-120.88104612194,40.041406145319,2071.1],[-120.88108057156,40.041409749538,2072.2],[-120.88112759404,40.041406815872,2072.2],[-120.88117830455,40.041403044015,2073.3],[-120.88120831177,40.041411761194,2073.3],[-120.88123915717,40.041418131441,2073.3],[-120.88126606308,40.041426932439,2076.4],[-120.88129623793,40.041433135048,2076.4],[-120.88132917881,40.041431626305,2076.4],[-120.88136714883,40.041425256059,2077.6],[-120.88139707223,40.041416957974,2075.5],[-120.88142481633,40.041412934661,2075.5],[-120.88145323098,40.041409917176,2076.5],[-120.88148156181,40.041409246624,2076.5],[-120.88151777163,40.041404552758,2077.5],[-120.8815519698,40.041402205825,2077.5],[-120.88159144856,40.041403798386,2077.5],[-120.88163310662,40.041404552758,2078.6],[-120.88167577051,40.041404552758,2078.6],[-120.88170678355,40.041405810043,2078.6],[-120.88174341246,40.041405055672,2079.5],[-120.88178481907,40.041401199996,2079.5],[-120.88182010688,40.041397679597,2080.3],[-120.88185740635,40.041398014873,2080.3],[-120.88189646602,40.041399775073,2081.1],[-120.88193544187,40.041396925226,2081.1],[-120.88196427561,40.041393321007,2081.1],[-120.88199528866,40.041389549151,2082.0],[-120.88203007355,40.041386280209,2082.0],[-120.88206209242,40.041384268552,2082.0],[-120.88208832778,40.041380245239,2082.8],[-120.88211406022,40.041376724839,2082.8],[-120.88215504773,40.041376389563,2082.8],[-120.88219008408,40.041378568858,2083.6],[-120.88222621009,40.041375132278,2083.6],[-120.88225504383,40.041369097307,2084.4],[-120.88227817789,40.041364403442,2084.4],[-120.8823046647,40.041361302137,2084.4],[-120.8823464904,40.041352165863,2085.1],[-120.88239602745,40.041343281046,2085.1],[-120.88245620951,40.041340095922,2085.7],[-120.88249971159,40.041336910799,2085.7],[-120.88254480623,40.04134118557,2086.3],[-120.88258311152,40.041338670999,2086.3],[-120.88261848316,40.041334312409,2086.8],[-120.88266626,40.041325846687,2086.8],[-120.88271437213,40.041323248297,2087.4],[-120.88275644928,40.041324337944,2087.4],[-120.88279777206,40.041320985183,2087.9],[-120.8828397654,40.041321320459,2087.9],[-120.88289282285,40.041325762868,2088.6],[-120.88296582922,40.041327020153,2088.6],[-120.88303657249,40.041345292702,2089.3],[-120.88313371874,40.041346885264,2090.1],[-120.88322466239,40.041325092316,2091.0],[-120.88326598518,40.041311345994,2092.0],[-120.88330261409,40.041308412328,2092.0],[-120.88333320804,40.041308328509,2092.0],[-120.88336925022,40.041309585795,2093.0],[-120.8834158536,40.04130824469,2093.0],[-120.88347092271,40.041302125901,2094.1],[-120.88352758437,40.041303718463,2095.2],[-120.8835682366,40.041294163093,2095.2],[-120.88360629044,40.041303802282,2095.2],[-120.88367795572,40.041316458955,2096.3],[-120.88373419829,40.04132987,2097.4],[-120.88377694599,40.04134026356,2097.4],[-120.88382128626,40.041340179741,2098.2],[-120.88387627155,40.041332552209,2098.2],[-120.8839201089,40.041332636029,2098.9],[-120.88395380415,40.04133079201,2098.9],[-120.88399713859,40.041317380965,2098.9],[-120.88404969312,40.041322326288,2099.5],[-120.88410367258,40.041336240247,2100.0],[-120.88415111415,40.041337497532,2100.0],[-120.88419687934,40.041338251904,2100.5],[-120.88424063288,40.041337497532,2100.5],[-120.88428421877,40.041335904971,2100.5],[-120.884333672,40.041334060952,2101.0],[-120.88438580744,40.041331714019,2101.4],[-120.88443383574,40.041327858344,2101.4],[-120.8844759129,40.041322242469,2101.6],[-120.88452025317,40.041317548603,2101.6],[-120.88456459343,40.041316207498,2101.6],[-120.88461530395,40.041315285489,2101.8],[-120.88466651738,40.041312435642,2101.8],[-120.8847181499,40.041309418157,2101.8],[-120.88476902805,40.041307238862,2101.9],[-120.88480582461,40.041308831424,2101.9],[-120.88484329171,40.041309921071,2101.9],[-120.88488511741,40.041307909414,2101.9],[-120.88491889648,40.041310340166,2101.9],[-120.88495753706,40.04131084308,2101.9],[-120.8850022126,40.041309585795,2101.9],[-120.88505719788,40.041331127286,2101.9],[-120.88511578739,40.041345711797,2101.9],[-120.88518116623,40.041350070387,2101.8],[-120.88525299914,40.041341017932,2101.7],[-120.88532273658,40.041336575523,2101.7],[-120.88536992669,40.041337413713,2101.5],[-120.88541711681,40.041342778131,2101.3],[-120.88547193445,40.041350070387,2101.3],[-120.88553622365,40.041359625757,2101.2],[-120.88559690863,40.041372114792,2105.0],[-120.88567662053,40.041382005438,2104.7],[-120.88575247675,40.041384603828,2104.5],[-120.88582187891,40.04138963297,2104.3],[-120.88589061052,40.041404468939,2104.1],[-120.88595934212,40.041428860277,2104.1],[-120.88601566851,40.041450150311,2104.0],[-120.88606788777,40.041468674317,2103.8],[-120.8861186821,40.041487365961,2107.3],[-120.88617450558,40.041507733986,2107.1],[-120.88624139316,40.041504632682,2106.9],[-120.88629621081,40.041503207758,2106.9],[-120.88635446504,40.041513852775,2106.6],[-120.88640911505,40.041528269649,2106.6],[-120.88646686636,40.041552577168,2106.4],[-120.88651288301,40.041585182771,2109.9],[-120.88657004759,40.041601527482,2109.7],[-120.88662888855,40.04161728546,2109.4],[-120.88668781333,40.041629103944,2109.4],[-120.8867458161,40.04164326936,2109.2],[-120.88680272922,40.041661625728,2112.4],[-120.88685905561,40.041678389534,2112.4],[-120.88691982441,40.041697919369,2112.1],[-120.88697740808,40.04171510227,2111.7],[-120.88703633286,40.041731363162,2111.7],[-120.88709475473,40.041743265465,2114.6],[-120.88715242222,40.041759693995,2114.0],[-120.88721101172,40.041776122525,2114.0],[-120.88727354072,40.041790707037,2113.4],[-120.88733498007,40.041804034263,2113.4],[-120.8873949945,40.041814763099,2112.7],[-120.88745241053,40.041825659573,2112.0],[-120.88750898838,40.041837813333,2112.0],[-120.88756799698,40.041850553825,2114.3],[-120.88762449101,40.041865138337,2113.4],[-120.88768048212,40.041881818324,2113.4],[-120.88773462921,40.041900677606,2112.4],[-120.88778324425,40.041925152764,2112.4],[-120.88783353567,40.041946107522,2114.4],[-120.88788944297,40.041964882985,2113.2],[-120.88794032112,40.041978042573,2113.2],[-120.8879953064,40.041990866885,2111.9],[-120.88805397972,40.042007379234,2111.9],[-120.8881146647,40.042030094191,2110.6],[-120.88817928918,40.042056916282,2112.2],[-120.88824441656,40.042081391439,2112.2],[-120.88830811903,40.042103184387,2110.8],[-120.88836989366,40.042129419744,2112.1],[-120.88843057863,40.042157163844,2112.1],[-120.88848950341,40.042184656486,2110.4],[-120.88854809292,40.042216842994,2108.8],[-120.88860953227,40.042250035331,2111.4],[-120.8886708878,40.042281802744,2109.8],[-120.88872754946,40.042317844927,2110.4],[-120.88876652531,40.042348103598,2110.4],[-120.88881488889,40.042387666181,2108.6],[-120.88886518031,40.04242840223,2110.8],[-120.88898990303,40.042572487146,2111.2],[-120.88912401348,40.042751608416,2111.5],[-120.88915913366,40.042793937027,2113.3],[-120.88919609785,40.042835175991,2111.4],[-120.88923205622,40.042873229831,2111.4],[-120.88926793076,40.042913546786,2111.1],[-120.88935719803,40.043055200949,2110.9],[-120.88938636705,40.043102558702,2112.5],[-120.88940899819,40.043150000274,2114.1],[-120.88947680779,40.043275980279,2113.4],[-120.88949365541,40.043313279748,2113.4],[-120.88951477781,40.043346388265,2114.9],[-120.8895345591,40.043383017182,2114.9],[-120.88955375366,40.04341956228,2114.1],[-120.88960245252,40.04348712042,2114.1],[-120.88962139562,40.043528275564,2115.6],[-120.88963732123,40.043557528406,2113.2],[-120.88965835981,40.043587284163,2113.2],[-120.88967998512,40.043619051576,2114.5],[-120.88969809003,40.043649142608,2114.5],[-120.88970881887,40.043678227812,2114.5],[-120.88972030208,40.043707564473,2113.3],[-120.88973103091,40.043733464554,2113.3],[-120.88974821381,40.043762298301,2113.3],[-120.88976380415,40.043794317171,2114.8],[-120.88977830485,40.043825330213,2114.8],[-120.8897926379,40.043856007978,2114.8],[-120.88981107809,40.043888026848,2116.8],[-120.88983027264,40.04392247647,2114.3],[-120.88985055685,40.043957512826,2114.3],[-120.88987042196,40.043989447877,2116.1],[-120.88988651522,40.044022221118,2116.1],[-120.88990093209,40.044054742903,2116.1],[-120.88991777971,40.044091036543,2114.6],[-120.88992884383,40.044123139232,2114.6],[-120.88993906975,40.044172173366,2116.0],[-120.8899428416,40.044216429815,2116.0],[-120.88994577527,40.044251717627,2117.2],[-120.88994351216,40.044303685427,2117.2],[-120.88993772864,40.044342074543,2117.2],[-120.88993160985,40.044374931604,2118.2],[-120.88992188685,40.044406028464,2118.2],[-120.88990797289,40.044437125325,2121.6],[-120.8898996748,40.044468976557,2122.2],[-120.88989447802,40.044497475028,2122.2],[-120.88988852687,40.044526895508,2122.2],[-120.88988198899,40.044558076188,2122.6],[-120.88987494819,40.044589173049,2122.6],[-120.88987251744,40.044624879956,2122.9],[-120.88986991905,40.044664274901,2122.9],[-120.88985499926,40.044696964324,2122.9],[-120.88984468952,40.044729989022,2123.1],[-120.88983437978,40.044764354825,2123.1],[-120.88982189074,40.044801319018,2125.4],[-120.88980663568,40.044834511355,2125.1],[-120.8897877764,40.044865859672,2125.1],[-120.88977042586,40.044900812209,2125.1],[-120.88975584134,40.044935429469,2124.8],[-120.88974779472,40.044968370348,2124.8],[-120.88973949663,40.045002400875,2124.8],[-120.88972767815,40.045032827184,2126.6],[-120.88971787132,40.045064678416,2126.6],[-120.88970085606,40.045096613467,2126.6],[-120.88968568482,40.045131230727,2126.2],[-120.88967227377,40.045167943463,2126.2],[-120.88966473006,40.045204488561,2126.2],[-120.88965307921,40.045237010345,2125.9],[-120.88963430375,40.045274477452,2128.1],[-120.88962022215,40.045309597626,2127.8],[-120.88960530236,40.045347316191,2127.8],[-120.8895931486,40.045383861288,2127.8],[-120.88958174922,40.045417305082,2127.4],[-120.88956783526,40.045456280932,2127.4],[-120.88955107145,40.045496514067,2127.0],[-120.88953346945,40.045531382784,2129.0],[-120.88951284997,40.045572286472,2129.0],[-120.88949373923,40.045611597598,2128.5],[-120.88947798125,40.045649902895,2128.5],[-120.8894640673,40.045690722764,2127.8],[-120.88944545947,40.045731794089,2129.8],[-120.88942148723,40.045771859586,2129.1],[-120.88939835317,40.045814691111,2129.1],[-120.88937932625,40.045854840428,2129.1],[-120.88936071843,40.045894403011,2128.4],[-120.8893403504,40.045931367204,2130.3],[-120.88932274841,40.045967744663,2129.6],[-120.88930648752,40.046003786847,2129.6],[-120.88929022662,40.046042175964,2128.9],[-120.88927497156,40.046079810709,2130.6],[-120.88926533237,40.046113254502,2130.6],[-120.88924680836,40.046163126826,2129.9],[-120.8892249316,40.046202940866,2129.9],[-120.88919844478,40.04624241963,2129.1],[-120.88917673565,40.046283826232,2130.8],[-120.88915594853,40.04632037133,2130.0],[-120.88912895881,40.046352557838,2130.0],[-120.88909802958,40.046382732689,2130.0],[-120.88906383142,40.046411063522,2130.1],[-120.88902845979,40.046437969431,2130.1],[-120.8889879752,40.046462947503,2131.4],[-120.88894908316,40.046484405175,2131.4],[-120.88890993968,40.046507706866,2131.8],[-120.88882888667,40.046542156488,2131.8],[-120.88879309595,40.046555316076,2133.3],[-120.88875319809,40.046569397673,2133.3],[-120.88870827109,40.046581299976,2134.7],[-120.88866049424,40.046588256955,2134.7],[-120.88861254975,40.046594962478,2136.2],[-120.88856561109,40.046600326896,2135.1],[-120.88851976208,40.046605942771,2136.7],[-120.88847550564,40.046610804275,2136.7],[-120.88842571713,40.046615749598,2138.1],[-120.88837475516,40.04661901854,2138.1],[-120.8883260563,40.046623377129,2139.4],[-120.88827651925,40.046625472605,2139.4],[-120.88822823949,40.046625304967,2140.4],[-120.88818180375,40.046623041853,2141.7],[-120.88813385926,40.04661809653,2141.7],[-120.88808524422,40.046613905579,2142.9],[-120.88803872466,40.046610636637,2142.9],[-120.8879939653,40.04660426639,2143.7],[-120.88795172051,40.046594627202,2145.1],[-120.88791140355,40.046579288319,2145.1],[-120.88787318207,40.046561602503,2145.8],[-120.88784082793,40.046541485935,2145.8],[-120.88781593367,40.046515837312,2147.6],[-120.88779590093,40.046487255022,2148.5],[-120.8877843339,40.046454900876,2148.5],[-120.88778265752,40.046423049644,2148.5],[-120.88778399862,40.046390108764,2150.1],[-120.8877913747,40.046359682456,2150.1],[-120.88780478574,40.046332608908,2150.1],[-120.88782372884,40.046303439885,2150.3],[-120.88784543797,40.04626924172,2150.3],[-120.88786731474,40.046237474307,2150.3],[-120.88789103553,40.046205036342,2151.7],[-120.88791366667,40.046171592548,2150.4],[-120.88793596253,40.046137813479,2150.4],[-120.88795926422,40.046102274209,2151.8],[-120.88797871023,40.046069249511,2151.8],[-120.88799505495,40.046034380794,2151.8],[-120.888009388,40.045999512076,2151.9],[-120.88802539743,40.045963386074,2151.9],[-120.88803612627,40.045924326405,2153.2],[-120.88803880848,40.045876465738,2153.2],[-120.88807174936,40.045837573707,2154.4],[-120.88810469024,40.045814272016,2154.4],[-120.88811910711,40.045784935355,2153.1],[-120.88813545182,40.045754509047,2154.2],[-120.88814307936,40.045718131587,2154.2],[-120.88814433664,40.045678820461,2154.2],[-120.8881406486,40.045635737479,2155.1],[-120.88815355673,40.045595420524,2155.1],[-120.88816436939,40.045563150197,2156.2],[-120.88815774769,40.045524425805,2156.2],[-120.88815934025,40.045484360307,2156.2],[-120.88816579431,40.045449156314,2157.0],[-120.88816026226,40.045417556539,2157.0],[-120.88815766387,40.04538805224,2157.8],[-120.88815255091,40.045359972864,2157.8],[-120.88814433664,40.045324098319,2157.8],[-120.88813017122,40.045279255137,2158.2],[-120.88811416179,40.045241117477,2160.1],[-120.88809823617,40.04520717077,2160.1],[-120.8880890999,40.045174816623,2161.0],[-120.88808189146,40.045140953735,2161.0],[-120.88807510212,40.045108767226,2161.0],[-120.88806655258,40.045077083632,2161.9],[-120.88805716485,40.045045735314,2161.9],[-120.88805087842,40.045012459159,2161.9],[-120.88804014958,40.044982535765,2162.9],[-120.88802455924,40.04495353438,2164.7],[-120.88800368831,40.044921766967,2164.7],[-120.88797845878,40.044891927391,2165.6],[-120.88794643991,40.044869799167,2167.4],[-120.88791484013,40.044842390344,2167.4],[-120.88787603192,40.044829230756,2167.4],[-120.8878310211,40.044829482213,2169.2],[-120.88780218735,40.044836858287,2169.2],[-120.8877653908,40.044853286818,2170.9],[-120.88773731142,40.044867955148,2170.9],[-120.88770403527,40.044887233526,2170.9],[-120.88766916655,40.044908104464,2171.6],[-120.8876368124,40.044924449176,2171.6],[-120.88760227896,40.044935597107,2171.6],[-120.88756741025,40.044945823029,2173.2],[-120.88754511438,40.044957306236,2173.2],[-120.88751812465,40.044971220195,2173.2],[-120.88748669252,40.044981529936,2173.2],[-120.88745232671,40.044988486916,2174.8],[-120.88742198423,40.044995695353,2173.6],[-120.88738108054,40.045007932931,2175.1],[-120.88735593483,40.045016482472,2175.1],[-120.88732793927,40.045026037842,2175.1],[-120.88729491457,40.045038610697,2175.1],[-120.88726985268,40.045048501343,2176.7],[-120.88723766617,40.045059565455,2176.7],[-120.88719516993,40.045072641224,2178.2],[-120.8871642407,40.045085633174,2178.2],[-120.88712794706,40.045102229342,2176.8],[-120.88708863594,40.045115472749,2178.4],[-120.88705175556,40.045127626508,2178.4],[-120.88702929206,40.045134834945,2178.4],[-120.88699911721,40.045149000362,2180.1],[-120.8869704511,40.04516215995,2180.1],[-120.8869374264,40.045175654814,2180.1],[-120.88690624572,40.045196190476,2181.7],[-120.88687581941,40.045214379206,2180.2],[-120.88685126044,40.045228460804,2180.2],[-120.88681379333,40.045247152448,2181.9],[-120.88678319938,40.045260228217,2181.9],[-120.88675252162,40.045274980366,2181.9],[-120.88672586717,40.045287217945,2183.6],[-120.88668881916,40.045302892104,2182.3],[-120.8866502624,40.045317811891,2182.3],[-120.88661103509,40.045330720022,2184.1],[-120.88657742366,40.04534304142,2184.1],[-120.88654406369,40.045353267342,2185.8],[-120.88650592603,40.045364079997,2185.8],[-120.88646896183,40.045373970643,2185.8],[-120.88643032126,40.045384448022,2187.2],[-120.88639318943,40.04539324902,2187.2],[-120.8863578178,40.045400625095,2188.4],[-120.88631758466,40.04540883936,2187.4],[-120.8862767648,40.045414455235,2188.3],[-120.88623334654,40.045420406386,2188.3],[-120.88619261049,40.045419903472,2188.3],[-120.88615514338,40.045416131616,2188.8],[-120.88611985557,40.045417724177,2188.8],[-120.88609294966,40.045421412215,2188.7],[-120.88606998324,40.045428453013,2188.7],[-120.88604215533,40.045449323952,2188.7],[-120.88602782227,40.045479163527,2188.7],[-120.88603142649,40.045507997274,2185.9],[-120.88604332879,40.045532723889,2185.9],[-120.88606051169,40.045569688082,2185.9],[-120.8860741742,40.045590056106,2183.2],[-120.8860913571,40.045608747751,2183.2],[-120.88610921055,40.045623583719,2184.6],[-120.88611390442,40.045626014471,2184.6],[-120.886127064,40.04562433809,2184.6],[-120.88613921776,40.045619644225,2184.6],[-120.886171069,40.045598605648,2184.6],[-120.88627584279,40.045617884025,2185.5],[-120.8863521181,40.045664403588,2184.2],[-120.88639704511,40.045677311718,2184.2],[-120.88644130155,40.045677730814,2183.2],[-120.88648455217,40.045655015856,2184.3],[-120.88652671315,40.045599108562,2183.0],[-120.88660055771,40.045480420813,2182.9],[-120.88664799929,40.045429207385,2182.9],[-120.88669477031,40.045390818268,2182.3],[-120.88675495237,40.045336335897,2182.3],[-120.88695595041,40.045208344236,2180.2],[-120.88701990433,40.045228628442,2178.6],[-120.88704672642,40.045261569321,2178.6],[-120.88705452159,40.045315548778,2175.5],[-120.88704362512,40.0453482382,2177.1],[-120.88699576445,40.045420574024,2175.6],[-120.8869567886,40.045507578179,2176.0],[-120.88691680692,40.04557589069,2176.0],[-120.88688638061,40.045627020299,2174.9],[-120.8868841175,40.045655267313,2174.9],[-120.88688738644,40.045642862096,2174.9],[-120.88691605255,40.045610172674,2174.9],[-120.8869466465,40.045560467988,2176.0],[-120.88699207641,40.045515038073,2174.2],[-120.88713264093,40.04542786628,2174.0],[-120.88721084408,40.045386124402,2173.9],[-120.88727722876,40.045355530456,2172.4],[-120.88735325262,40.045318147168,2171.1],[-120.88742206804,40.045273723081,2170.9],[-120.8874989301,40.045237177983,2170.9],[-120.8875852637,40.045202476904,2170.8],[-120.88768693618,40.045146653429,2167.7],[-120.88775373995,40.045108515769,2168.9],[-120.88780495338,40.045104324818,2167.2],[-120.88782607578,40.045135756955,2166.2],[-120.88783160783,40.045194011182,2166.2],[-120.88784677908,40.045256959274,2165.0],[-120.88787762448,40.045314123854,2162.8],[-120.88792380877,40.045372964814,2162.8],[-120.88796060532,40.045493999496,2159.1],[-120.88793730363,40.045569604263,2160.5],[-120.88789933361,40.045646298677,2159.2],[-120.88785189204,40.045728692785,2159.5],[-120.8878050372,40.045827347785,2158.2],[-120.88777335361,40.045997248963,2155.7],[-120.88777922094,40.046061119065,2154.4],[-120.88777176104,40.046158600599,2153.0],[-120.88774804026,40.046218782663,2154.2],[-120.88770420291,40.046289693564,2152.8],[-120.88764863089,40.046355994418,2152.0],[-120.88759079576,40.046430341899,2150.3],[-120.8875923045,40.046478873119,2150.3],[-120.88762088679,40.046517429873,2148.5],[-120.88775147684,40.04663804546,2145.3],[-120.88782590814,40.04666746594,2144.6],[-120.88790008798,40.046705268323,2143.2],[-120.8879570011,40.046760421246,2142.5],[-120.88799119927,40.046798726544,2141.7],[-120.88804031722,40.046844240278,2141.7],[-120.88808490895,40.046896710992,2140.4],[-120.88810435496,40.046949768439,2140.4],[-120.88812019676,40.047024618834,2139.2],[-120.88812991977,40.04711237736,2137.9],[-120.88814224117,40.047169961035,2136.5],[-120.88816512376,40.047256629914,2136.6],[-120.88817275129,40.047328630462,2135.6],[-120.88816244155,40.04745611921,2134.6],[-120.88816847652,40.047512529418,2133.6],[-120.88816964999,40.047549493611,2133.6],[-120.88817610405,40.047574974597,2133.6],[-120.88818121701,40.047582769766,2133.6],[-120.88818582706,40.04761705175,2132.6],[-120.88819052093,40.047666756436,2132.6],[-120.88819839992,40.047702044249,2131.9],[-120.88820074685,40.04774697125,2131.9],[-120.88821583427,40.047894576564,2131.0],[-120.8882150799,40.047948556021,2131.0],[-120.88820912875,40.047997757792,2130.6],[-120.88821114041,40.048041846603,2130.6],[-120.88822589256,40.048085097224,2130.0],[-120.88824315928,40.048130359501,2130.5],[-120.88824399747,40.048178136349,2130.1],[-120.88822823949,40.04827067256,2129.3],[-120.88823989034,40.048307217658,2129.3],[-120.88826964609,40.048354743049,2130.5],[-120.88829236105,40.048411572352,2130.5],[-120.88830342516,40.048534031957,2130.5],[-120.88839319535,40.048634447157,2130.3],[-120.88846947066,40.048666549847,2130.2],[-120.88854775764,40.048694964498,2130.1],[-120.88860391639,40.048736203462,2129.8],[-120.88864683174,40.048777442425,2129.7],[-120.88868329301,40.048811808228,2129.6],[-120.88870869018,40.048833768815,2129.6],[-120.88871866465,40.048841228709,2129.6],[-120.88872696273,40.048843324184,2129.6],[-120.88872998022,40.04884541966,2129.6],[-120.88872914203,40.048844832927,2129.6],[-120.88872662745,40.04884198308,2129.6],[-120.88871941902,40.04884282127,2129.6],[-120.8887136355,40.048835529014,2129.6],[-120.88870835491,40.048842905089,2129.6],[-120.88870533742,40.048846006393,2129.6],[-120.88870625943,40.048847682774,2129.6],[-120.8887074329,40.048851622269,2129.6],[-120.888699973,40.048842905089,2129.6],[-120.88870424777,40.04884374328,2129.6],[-120.88871908374,40.048826979473,2129.6],[-120.88871866465,40.048829577863,2129.6],[-120.88871656917,40.048832260072,2129.6],[-120.88872704655,40.048866458237,2129.6],[-120.88873534463,40.048886742443,2129.6],[-120.88874163106,40.048914067447,2129.7],[-120.88873383589,40.048940973356,2129.7],[-120.88871849701,40.048967041075,2129.7],[-120.88870424777,40.04899344407,2129.4],[-120.88869460858,40.049028899521,2128.9],[-120.88868781924,40.049121938646,2128.3],[-120.88868740015,40.049153370783,2128.3],[-120.88867809623,40.049195280299,2127.5],[-120.88863291778,40.049310531467,2126.6],[-120.88863601908,40.049414886162,2125.5],[-120.88865689002,40.049472721294,2124.2],[-120.88868488558,40.049523347989,2124.2],[-120.88871723972,40.049575986341,2123.0],[-120.88875420392,40.049633989111,2124.8],[-120.88879292831,40.049701714888,2124.0],[-120.88894053362,40.049877651036,2125.9],[-120.88899258524,40.049933390692,2124.3],[-120.88904329576,40.049988375977,2126.1],[-120.88909216225,40.050045540556,2125.3],[-120.8891852852,40.050152912736,2123.8],[-120.88927430101,40.050254920498,2120.4],[-120.88932015002,40.050306972116,2119.0],[-120.88936658576,40.05035164766,2120.7],[-120.88941578753,40.050393640995,2117.7],[-120.88946959935,40.050432281569,2119.5],[-120.88952735066,40.050466144457,2119.5],[-120.8895918075,40.050491122529,2117.9],[-120.88965986855,40.050517525524,2118.4],[-120.88973438367,40.050539402291,2118.4],[-120.88993362151,40.050563625991,2117.2],[-120.89020217769,40.050542922691,2114.8],[-120.89028440416,40.050526829436,2114.8],[-120.89035539888,40.050512161106,2114.3],[-120.8904087916,40.050510149449,2113.2],[-120.89044013992,40.050518782809,2113.2],[-120.89045405388,40.050534540787,2113.2],[-120.89044785127,40.050546526909,2113.2],[-120.89043091983,40.050555998459,2113.2],[-120.89034332894,40.05057242699,2110.0],[-120.89020888321,40.050596315414,2111.8],[-120.89004761539,40.050659934059,2113.0],[-120.88996639475,40.050718439743,2110.0],[-120.88986933231,40.050783315673,2107.9],[-120.88978509419,40.050820112228,2110.1],[-120.88971300982,40.050833607092,2110.7],[-120.88961184025,40.050834529102,2109.9],[-120.88951461017,40.050832517445,2108.3],[-120.88942064904,40.050838217139,2106.3],[-120.88920339011,40.050859674811,2101.3],[-120.88911445811,40.050843749195,2100.3],[-120.88903550059,40.050807539374,2097.9],[-120.88897456415,40.050776191056,2095.2],[-120.88889501989,40.050732018426,2093.9],[-120.88878463022,40.050662951544,2093.8],[-120.88856292889,40.050542922691,2092.3],[-120.8884630166,40.050503024831,2090.2],[-120.88832798414,40.050447452813,2089.4],[-120.8881908562,40.050386013463,2090.5],[-120.88791660033,40.050237737596,2087.9],[-120.88780587539,40.05017336458,2088.1],[-120.88770009577,40.050108237192,2090.2],[-120.88759356178,40.050049144775,2089.6],[-120.88748577051,40.05000539124,2091.5],[-120.88736934587,40.049976641312,2090.6],[-120.8872514125,40.049964068457,2088.8],[-120.88713733479,40.049966834486,2088.5],[-120.88703356683,40.049991812557,2088.3],[-120.88693373837,40.05003137514,2087.2],[-120.88683198206,40.050071608275,2086.7],[-120.88673299178,40.050115194172,2085.9],[-120.88664297014,40.050155678764,2085.4],[-120.88655102067,40.050189122558,2084.9],[-120.88645907119,40.05021225661,2084.4],[-120.88635806926,40.05022005178,2083.7],[-120.88625983335,40.050212172791,2082.8],[-120.88618414477,40.050189541653,2082.0],[-120.88611952029,40.050145369023,2081.8],[-120.88598339818,40.050006816164,2076.1],[-120.88592673652,40.049958452582,2076.9],[-120.88584459387,40.04988511093,2075.5],[-120.88572523557,40.049774050713,2075.1],[-120.88568550535,40.049727112055,2074.9],[-120.88567058556,40.049681598321,2074.9],[-120.88568123057,40.049639604986,2072.9],[-120.88572179899,40.049603981897,2071.7],[-120.88577167131,40.04958470352,2071.7],[-120.88584182784,40.049563162029,2067.1],[-120.88599965908,40.049525359645,2065.6],[-120.88609336875,40.049503985792,2066.3],[-120.88619009592,40.049478756264,2064.4],[-120.88627542369,40.04944883287,2065.7],[-120.88635412976,40.049413880333,2066.9],[-120.88642118499,40.049356548116,2066.4],[-120.88643736206,40.049297204241,2065.3],[-120.88642839342,40.049245320261,2065.3],[-120.88639955968,40.049191089347,2058.5],[-120.88635748252,40.049147000536,2058.5],[-120.8863216918,40.049109281972,2057.7],[-120.88627978228,40.049064606428,2053.1],[-120.88623552583,40.049028815702,2053.1],[-120.88619596325,40.049012387171,2048.8],[-120.88616126217,40.049008280039,2048.8],[-120.88611197658,40.049011046067,2046.2],[-120.88607568294,40.049013057724,2046.2],[-120.8860495314,40.049014734104,2046.2],[-120.88603687473,40.049014566466,2044.2],[-120.88602371514,40.049017081037,2044.2],[-120.88600980118,40.049015656114,2044.2],[-120.88599873707,40.049011465162,2044.2],[-120.88599069044,40.04901079461,2044.2],[-120.88599035516,40.049016913399,2044.2],[-120.88598926552,40.049020098522,2044.2],[-120.88598105125,40.049027726054,2046.6],[-120.88597702794,40.049024457112,2046.6],[-120.88596680202,40.049018422142,2044.2],[-120.88596009649,40.049016745761,2044.2],[-120.88595406152,40.049012722448,2044.2],[-120.88594852947,40.049014398828,2044.2],[-120.8859178517,40.049009118229,2043.9],[-120.88588641956,40.049010878429,2043.9],[-120.88584786281,40.048991851509,2044.0],[-120.88583998382,40.048976512626,2044.0],[-120.88584233075,40.048966202885,2044.0],[-120.88584073819,40.048960084096,2044.0],[-120.88583897799,40.048957485706,2044.0],[-120.88583545759,40.048950444907,2044.0],[-120.88582883589,40.048942901194,2044.0],[-120.88582539931,40.048938877881,2044.0],[-120.88582078926,40.048934686929,2044.0],[-120.88580922224,40.048929490149,2040.5],[-120.8858051151,40.048929071054,2040.5],[-120.88580109179,40.048924544826,2040.5],[-120.88579564355,40.04891817458,2040.5],[-120.88578944094,40.048914318904,2040.5],[-120.88579941541,40.048918677494,2040.5],[-120.88581550866,40.04892420955,2040.5],[-120.88581559248,40.048917168751,2040.5],[-120.88581232354,40.048915157095,2040.5],[-120.88581894524,40.048916162923,2040.5],[-120.88581802323,40.048917504027,2040.5],[-120.88582078926,40.048919096589,2040.5],[-120.88582514785,40.048909541219,2040.5],[-120.88582824916,40.04891037941,2040.5],[-120.88581014425,40.048898141831,2040.5],[-120.88581115007,40.048886071891,2040.5],[-120.88581752032,40.048885066062,2040.5],[-120.88581995107,40.048884730786,2040.5],[-120.88582229801,40.048882300034,2040.5],[-120.88581944816,40.048875678331,2040.5],[-120.88580964133,40.04887056537,2040.5],[-120.8858090546,40.04887056537,2040.5],[-120.88581198826,40.048872325569,2040.5],[-120.88581508957,40.048865033314,2040.5],[-120.88581416756,40.048858998343,2040.5],[-120.88581726886,40.048859417439,2040.5],[-120.88579949923,40.048862183467,2040.5],[-120.88579949923,40.048858998343,2040.5],[-120.88579866104,40.048857405782,2040.5],[-120.88579421863,40.048857405782,2040.5],[-120.8857844118,40.04886017181,2040.5],[-120.88577066548,40.048863356933,2040.5],[-120.8857377246,40.048860926181,2040.6],[-120.88572439738,40.04886017181,2040.6],[-120.88570939377,40.048861345276,2040.6],[-120.88569212705,40.048862518743,2040.6],[-120.88567653671,40.048863273114,2040.6],[-120.88566279039,40.048865703866,2040.4],[-120.88564041071,40.048866793513,2040.4],[-120.88563328609,40.048866039142,2040.4],[-120.88562373072,40.04887056537,2040.4],[-120.88561643846,40.048876013607,2040.4],[-120.88560973294,40.048879953101,2040.4],[-120.88560679927,40.048881210387,2040.4],[-120.88560755365,40.048886742443,2040.4],[-120.88560570963,40.048894453794,2040.4],[-120.88560126722,40.048901159316,2040.4],[-120.88558601215,40.048907026649,2040.4],[-120.88556706905,40.048912391067,2039.8],[-120.88554586284,40.048920102417,2039.8],[-120.88553270325,40.048924712464,2039.8],[-120.88552800938,40.048925299197,2039.8],[-120.88553706184,40.048933094367,2039.8],[-120.88556195609,40.048957150429,2041.9],[-120.88557042181,40.048959162086,2043.4],[-120.88557377458,40.048957737163,2043.4],[-120.88559716009,40.048969304189,2043.4],[-120.88560914621,40.048968885094,2043.4],[-120.88563471101,40.048976764083,2043.4],[-120.88563806377,40.048978189006,2043.4],[-120.88564032689,40.048986990005,2043.4],[-120.88565222919,40.048989085481,2043.4],[-120.88566170074,40.048991683871,2043.4],[-120.88566832244,40.048993611708,2043.4],[-120.88566882536,40.048994952813,2043.4],[-120.88566471823,40.04900216125,2043.4],[-120.88566714898,40.049008447677,2043.4],[-120.88568902574,40.049029905349,2043.8],[-120.88569154032,40.04904197529,2043.8],[-120.88569816202,40.04905228503,2047.9],[-120.88570813648,40.049060415477,2047.9],[-120.88571551256,40.049061253667,2047.9],[-120.88572481647,40.049062091857,2047.9],[-120.88573236018,40.049062427133,2047.9],[-120.88574250229,40.049063349143,2047.9],[-120.88575473987,40.049067204818,2047.9],[-120.88576572016,40.049071647227,2047.7],[-120.88577988558,40.049075921997,2047.7],[-120.88578550145,40.049077346921,2047.7],[-120.88578918949,40.049076257274,2047.7],[-120.88579815812,40.049071563408,2047.7],[-120.88580519892,40.049069887027,2047.7],[-120.88581576012,40.049069803208,2047.7],[-120.88582456112,40.049068462104,2047.7],[-120.88582925498,40.049067288637,2047.7],[-120.88583721779,40.049068629742,2047.7],[-120.88585892692,40.049068713561,2047.1],[-120.88587099686,40.049068713561,2047.1],[-120.88588055223,40.049068126827,2047.1],[-120.88588734157,40.049062846228,2047.1],[-120.88589496911,40.049057397991,2043.9],[-120.88590159081,40.049056392163,2043.9],[-120.88591039181,40.049058068544,2043.9],[-120.88592103682,40.049061505124,2043.9],[-120.88592455722,40.049063181505,2043.9],[-120.88592858054,40.049064354971,2043.9],[-120.88593604043,40.049069719389,2047.1],[-120.88594081812,40.04907826893,2047.1],[-120.88593763299,40.049080699682,2047.1],[-120.88593469933,40.04908346571,2047.1],[-120.88593109511,40.049080448225,2047.1],[-120.88592195883,40.04908002913,2047.1],[-120.88593796827,40.049064354971,2044.2],[-120.88596085086,40.049063181505,2044.2],[-120.88597283699,40.04905840382,2044.2],[-120.8859975636,40.049056224525,2044.2],[-120.88602036238,40.049055051059,2044.2],[-120.88604525663,40.049051698297,2044.2],[-120.88614416309,40.049037868157,2048.8],[-120.88625228964,40.049026804045,2052.8],[-120.88629512116,40.049033677205,2052.8],[-120.88633175008,40.049040550366,2057.7],[-120.88637030683,40.049047674984,2057.7],[-120.88639327325,40.049043903127,2057.7],[-120.88642470539,40.049072904512,2062.3],[-120.88645085692,40.049104504287,2062.3],[-120.88646552525,40.049130152911,2063.0],[-120.8864842169,40.049142893404,2063.0],[-120.88650399819,40.04915362224,2063.0],[-120.88652302511,40.049163931981,2067.1],[-120.88653651997,40.049174493179,2067.1],[-120.88655278087,40.049188323319,2067.1],[-120.88656979613,40.049203997478,2067.1],[-120.88658538647,40.049228807911,2068.3],[-120.88658806868,40.049254707992,2068.3],[-120.88658404537,40.049290498719,2068.3],[-120.88658303954,40.049326457083,2068.4],[-120.88657985441,40.049361241981,2068.4],[-120.88657901622,40.049389824271,2068.4],[-120.88656828739,40.049415640533,2069.6],[-120.88655001484,40.049432404339,2069.6],[-120.88651606813,40.049450425431,2069.6],[-120.88648622856,40.049464255571,2068.2],[-120.88646510616,40.049478420988,2068.2],[-120.88643333875,40.049498202279,2070.0],[-120.88640752248,40.04951027222,2070.0],[-120.88637156412,40.049525694922,2069.4],[-120.88633594103,40.049543548375,2069.4],[-120.88630199432,40.049561066553,2068.7],[-120.8862402197,40.049559390172,2068.7],[-120.88619504124,40.04955871962,2067.5],[-120.88615950197,40.049569448456,2067.5],[-120.88613930158,40.049589145929,2070.0],[-120.8861134015,40.049596186727,2068.9],[-120.88608104736,40.049599874765,2068.9],[-120.88604743592,40.049604820088,2068.9],[-120.88600778952,40.049614543095,2068.1],[-120.88597166352,40.049621164799,2068.1],[-120.88594718836,40.049625523388,2068.1],[-120.88591634296,40.049632396549,2068.5],[-120.88588784449,40.049647148699,2068.5],[-120.88586144149,40.049657709897,2068.5],[-120.88583772071,40.049669696018,2069.9],[-120.88582112454,40.049673803151,2069.9],[-120.88580075651,40.049681430683,2072.2],[-120.88578918949,40.049707163125,2072.2],[-120.88578223251,40.049734571949,2072.2],[-120.88578633964,40.049759214744,2072.2],[-120.88579882868,40.049779918045,2073.8],[-120.88581777178,40.049802884459,2073.8],[-120.88583671488,40.049825012684,2073.8],[-120.88585716672,40.049843620509,2073.8],[-120.88588063605,40.049863988534,2072.6],[-120.88590393774,40.049879830331,2074.3],[-120.8859217912,40.049892067909,2074.3],[-120.88594861329,40.049913106486,2074.3],[-120.88598423637,40.049940682948,2073.8],[-120.8860094659,40.049955602735,2073.8],[-120.88602103293,40.049980077893,2076.1],[-120.88604978286,40.050005810335,2076.1],[-120.88607207872,40.050025172532,2076.1],[-120.88609127328,40.050042523071,2076.1],[-120.88610795327,40.050056017935,2078.9],[-120.88613192551,40.050076972693,2078.9],[-120.88615405373,40.050094742328,2079.4],[-120.88617752306,40.050110500306,2079.4],[-120.88620266877,40.05013003014,2079.4],[-120.88622680865,40.050148386508,2082.0],[-120.88624851778,40.050164395943,2082.8],[-120.88627374731,40.050179315731,2082.8],[-120.8862992283,40.05019498989,2082.8],[-120.88632596657,40.050201192498,2083.7],[-120.88635530323,40.050205634907,2083.7],[-120.8863908425,40.050205718726,2083.7],[-120.88642395101,40.050202617422,2084.4],[-120.88646376505,40.050200270489,2084.4],[-120.88649754412,40.050195157528,2084.4],[-120.88654582389,40.050187865272,2084.9],[-120.88658689521,40.050177890807,2084.9],[-120.88663031347,40.050164898857,2085.4],[-120.88666970842,40.050145117566,2085.4],[-120.88670943864,40.050124917179,2085.9],[-120.8867528569,40.050103040412,2085.9],[-120.88679627515,40.050080157816,2086.7],[-120.8868370112,40.050059203058,2086.7],[-120.88686643168,40.050045792013,2086.7],[-120.88691194542,40.05002534017,2087.7],[-120.88695410639,40.050009163097,2087.7],[-120.886987634,40.049997428432,2088.3],[-120.88702602312,40.049985107034,2088.3],[-120.88706198148,40.049979323521,2088.5],[-120.88710707612,40.049979826435,2088.5],[-120.88717086241,40.049975886941,2088.8],[-120.88721285574,40.04997421056,2088.8],[-120.88726826012,40.049972450361,2089.6],[-120.88730455376,40.049973204732,2089.6],[-120.88736875914,40.049973456189,2090.6],[-120.88741762564,40.049976222217,2090.6],[-120.88747219183,40.049983095378,2091.5],[-120.88751929812,40.049997679889,2091.5],[-120.88755022734,40.050010085106,2092.0],[-120.88759046048,40.050029195845,2092.0],[-120.88764024898,40.050055012107,2090.2],[-120.88767587207,40.050075044855,2090.2],[-120.88771987706,40.050104297698,2090.9],[-120.88777041994,40.050132712349,2088.1],[-120.88781492785,40.050164312124,2089.3],[-120.88785650209,40.050194738433,2089.3],[-120.88789891452,40.050224745646,2086.7],[-120.8879578393,40.050256848335,2087.9],[-120.8880076278,40.050266403705,2089.6],[-120.88805842213,40.050287274644,2089.6],[-120.88811072521,40.050307977945,2091.2],[-120.88817258365,40.050335973501,2088.9],[-120.8882295806,40.050361035392,2090.5],[-120.88827425614,40.050382576883,2090.5],[-120.8884885814,40.05047544837,2093.1],[-120.88852873072,40.05049279891,2093.1],[-120.88856921531,40.050506126136,2092.3],[-120.88860643096,40.050519285724,2092.3],[-120.88863928802,40.050532696769,2092.3],[-120.88867214508,40.050544515252,2094.4],[-120.88870248757,40.050556669012,2094.4],[-120.88873232715,40.050570331514,2094.4],[-120.88876375929,40.050582736731,2096.6],[-120.88878613897,40.0505958125,2096.6],[-120.88881363161,40.050611989573,2093.8],[-120.88883752003,40.050628501922,2093.8],[-120.88886911981,40.050650211051,2096.0],[-120.88890482672,40.050671836361,2096.0],[-120.88894070126,40.050693796948,2098.3],[-120.88897674344,40.05071433261,2096.2],[-120.88900960051,40.050728917122,2096.2],[-120.889040865,40.050744339824,2098.8],[-120.8890637476,40.050763618201,2098.8],[-120.88908822276,40.050784405321,2098.8],[-120.88911630213,40.050802174956,2097.9],[-120.88915569708,40.050827236846,2100.3],[-120.88918478228,40.0508450903,2100.3],[-120.88921403512,40.050857830793,2102.3],[-120.88924144395,40.050866547972,2102.3],[-120.88927086443,40.05086847581,2102.3],[-120.88929877616,40.050866631791,2102.3],[-120.88931889273,40.050859926268,2104.2],[-120.88934504427,40.050851628184,2104.2],[-120.88938251138,40.050841234624,2104.2],[-120.88941754773,40.050831595436,2106.3],[-120.88945040479,40.050826817751,2106.3],[-120.88948016055,40.050824973732,2108.3],[-120.88951301761,40.05082514137,2108.3],[-120.88955115527,40.050826314837,2108.3],[-120.88958820328,40.050828326494,2109.9],[-120.88961334899,40.050828913227,2109.9],[-120.88963170536,40.050828913227,2109.9],[-120.88963589631,40.050828326494,2109.9],[-120.88964679278,40.050832517445,2109.9],[-120.8896891214,40.050835032016,2110.7],[-120.88971854188,40.050830170512,2110.7],[-120.88974997401,40.050821956247,2110.7],[-120.88978266343,40.050808042288,2110.1],[-120.88981526904,40.050793625414,2110.1],[-120.88988676667,40.050758002326,2111.1],[-120.88991350494,40.05073687993,2111.1],[-120.88994175196,40.050713326782,2111.1],[-120.88997016661,40.050691366196,2110.0],[-120.89002992958,40.050652138889,2113.9],[-120.89006362483,40.050636129454,2113.0],[-120.89009815827,40.050624059513,2113.0],[-120.89013679884,40.050616096705,2111.8],[-120.89016982354,40.050608552992,2111.8],[-120.89019756764,40.050602350384,2115.3],[-120.89022807777,40.050597907975,2114.8],[-120.89025967754,40.050592711195,2114.8],[-120.89029211551,40.050588604063,2114.8],[-120.89031944051,40.05058022216,2114.8],[-120.89034710079,40.050578126684,2114.3],[-120.89037861675,40.050573013723,2114.3],[-120.8904021699,40.050565553829,2114.3],[-120.89043863118,40.050556501374,2113.2],[-120.89048590511,40.05055423826,2113.2],[-120.8905338496,40.050551472232,2112.2],[-120.89057299308,40.050549292937,2112.2],[-120.89060266502,40.050556417555,2111.4],[-120.8906268049,40.050564380363,2111.4],[-120.89064340107,40.0505663082,2111.4],[-120.89066050015,40.050561781973,2111.4],[-120.89067416266,40.050560608506,2111.4],[-120.89067910798,40.050560021773,2111.4],[-120.89067416266,40.050562368706,2111.4],[-120.89067013934,40.050561446697,2111.4],[-120.89066921733,40.05056463182,2111.4],[-120.8906655293,40.050564799458,2111.4],[-120.89067106135,40.050565805286,2111.4],[-120.89068497531,40.050568236038,2109.7],[-120.89069193229,40.050570080057,2109.7],[-120.8906862326,40.050568487495,2109.7],[-120.89069075882,40.050543760881,2109.7],[-120.89067080989,40.050537390634,2111.4],[-120.89052588679,40.050543928519,2112.2],[-120.89048531838,40.050545772538,2113.2],[-120.89030250907,40.050533199683,2114.8],[-120.89025925845,40.050538312644,2114.8],[-120.89021734893,40.050545185804,2114.8],[-120.89017787017,40.050549292937,2115.3],[-120.89014501311,40.050553651527,2115.3],[-120.8901212085,40.050558848307,2115.3],[-120.89011014439,40.05056111142,2115.3],[-120.8901057858,40.050563542172,2115.3],[-120.8900366351,40.05056547001,2116.3],[-120.88983152993,40.0505680684,2117.7],[-120.88978542946,40.050564128906,2118.2],[-120.88969507255,40.050548622385,2118.4],[-120.88960739784,40.05053169094,2117.9],[-120.88956465013,40.050521548837,2117.9],[-120.88948854245,40.050493469462,2119.5],[-120.88941377588,40.050452649593,2117.7],[-120.88937723078,40.050435466692,2117.7],[-120.8893376682,40.050413673744,2119.0],[-120.88929651305,40.050383079797,2119.0],[-120.88925544173,40.050346283242,2116.9],[-120.88921663351,40.050312587991,2120.4],[-120.88917807676,40.050273444504,2118.6],[-120.8891399391,40.050229104236,2122.7],[-120.88909836486,40.050188703462,2122.7],[-120.88905444369,40.05015081726,2120.6],[-120.88901295327,40.050119049847,2123.8],[-120.88897515088,40.050082756206,2121.6],[-120.88893391192,40.050036320463,2124.3],[-120.88888999075,40.049987034872,2122.4],[-120.88884648867,40.04994479008,2124.2],[-120.88880139403,40.049898857251,2121.5],[-120.88875009678,40.049848146737,2123.2],[-120.88869938627,40.049800453708,2120.3],[-120.88866082951,40.049760304391,2121.7],[-120.88863291778,40.049718227237,2121.7],[-120.88860609569,40.049673384055,2120.8],[-120.8885863144,40.049633653834,2120.8],[-120.88857416064,40.049598617479,2120.8],[-120.8885665331,40.049566179514,2122.9],[-120.88856100105,40.049535082653,2122.9],[-120.88855647482,40.049505578354,2122.9],[-120.88855211623,40.049474146217,2124.2],[-120.88855211623,40.049436511472,2124.2],[-120.88855563663,40.049394182861,2125.4],[-120.8885599114,40.04935612902,2125.4],[-120.88857818395,40.049280608073,2126.4],[-120.88858706877,40.049244984984,2126.4],[-120.88859243318,40.049212547019,2127.4],[-120.88860316202,40.049176253378,2127.4],[-120.88861472905,40.049140378833,2128.3],[-120.88862311095,40.049103917554,2128.3],[-120.88863333687,40.049078604206,2128.9],[-120.88865236379,40.049047004431,2129.4],[-120.88866753504,40.049012554809,2129.4],[-120.88867960498,40.048983888701,2129.4],[-120.8886951115,40.048947762698,2129.6],[-120.88871564716,40.04891381599,2129.6],[-120.88874146342,40.048884730786,2129.6],[-120.88876518421,40.048857321963,2129.5],[-120.88879167102,40.048828823492,2129.5],[-120.88881891221,40.048799319193,2129.0],[-120.8888404537,40.048768892884,2128.3],[-120.88886023499,40.04873553291,2128.3],[-120.88887942955,40.048695970327,2128.3],[-120.88890625164,40.048650205135,2126.5],[-120.88894028217,40.048597063869,2126.5],[-120.88897841983,40.048538725823,2126.2],[-120.88901362382,40.048482399434,2124.5],[-120.88904187083,40.048428587615,2124.5],[-120.88904723525,40.048372680321,2124.1],[-120.88902862743,40.048313587904,2124.1],[-120.88899719529,40.048249298707,2124.1],[-120.88895268738,40.048184674233,2125.1],[-120.88890491053,40.048130694777,2125.1],[-120.888861157,40.048086186871,2126.4],[-120.88882553391,40.048046708107,2126.4],[-120.88880181313,40.048008486629,2126.3],[-120.88878722861,40.04796850495,2126.3],[-120.88877515867,40.047925673425,2126.3],[-120.88876929134,40.047892229632,2127.6],[-120.88876635768,40.047849733382,2127.6],[-120.88874984533,40.047746887431,2127.6],[-120.88875143789,40.047633228824,2128.1],[-120.88878110982,40.047586876899,2126.7],[-120.88881664909,40.047543039545,2126.8],[-120.88884757832,40.047498028725,2126.8],[-120.88885386474,40.047457208857,2126.3],[-120.88884699158,40.047403229401,2126.3],[-120.88883483782,40.047365427017,2126.3],[-120.88882293552,40.047323182225,2126.3],[-120.8888113685,40.047278674319,2126.3],[-120.88880281895,40.047234585509,2126.4],[-120.88880332187,40.047185886651,2126.4],[-120.88882427663,40.047134002671,2126.9],[-120.88885746896,40.047086225823,2126.9],[-120.88889317587,40.04703970626,2126.2],[-120.88892008178,40.046994276345,2126.8],[-120.88893994689,40.046952199191,2126.8],[-120.88895922527,40.046911295503,2126.1],[-120.88897925802,40.046868380159,2127.3],[-120.88901119307,40.046832505614,2127.3],[-120.88905586861,40.046799564734,2126.9],[-120.88910238817,40.046755895019,2126.9],[-120.88913935237,40.046701747924,2126.4],[-120.88917153887,40.046640727669,2126.4],[-120.88922090828,40.046585658565,2127.5],[-120.88927740231,40.046538971364,2126.4],[-120.88933188468,40.046489099041,2125.7],[-120.88938418776,40.046436712146,2125.7],[-120.88943188079,40.046380553395,2125.0],[-120.88947236538,40.046321125701,2125.7],[-120.88951511309,40.046259351075,2123.9],[-120.88955140673,40.046193553135,2124.6],[-120.8895658236,40.046138064936,2125.2],[-120.88959088549,40.046060448512,2125.9],[-120.88962139562,40.045995907858,2123.9],[-120.88965651579,40.045928265899,2124.6],[-120.88974737562,40.045719388872,2124.0],[-120.88976304978,40.045649316162,2124.5],[-120.88979163207,40.045578991994,2122.6],[-120.88987570256,40.045456364751,2123.0],[-120.88989229873,40.045328373089,2121.3],[-120.88988391683,40.045267185196,2121.3],[-120.8898776304,40.045213373378,2124.1],[-120.88987000287,40.045163333416,2124.1],[-120.88986748829,40.045113796368,2124.4],[-120.88987436146,40.045067025349,2124.4],[-120.889882911,40.045024193823,2122.3],[-120.88993613608,40.044856471941,2123.1],[-120.88997033425,40.044795367867,2123.1],[-120.89001324959,40.044734934345,2119.8],[-120.89009681717,40.04458037205,2115.4],[-120.89012288488,40.04450770095,2115.4],[-120.89013059624,40.044437041506,2114.6],[-120.89011752047,40.044303853065,2113.7],[-120.89011307806,40.044243587181,2112.4],[-120.89011207223,40.044195726514,2111.1],[-120.89010612108,40.04413546063,2111.1],[-120.89005080052,40.04400478676,2111.1],[-120.8899846673,40.043849637732,2109.5],[-120.8899692446,40.043779397383,2110.8],[-120.88995189406,40.043712006882,2109.4],[-120.8899168577,40.043648220599,2108.2],[-120.88985977694,40.043589547276,2110.7],[-120.88981292211,40.043551493436,2109.2],[-120.88976145722,40.043506817892,2111.7],[-120.88970647193,40.043454514816,2112.5],[-120.88968442753,40.043417634442,2112.5],[-120.88968886994,40.043389974162,2112.5],[-120.88973639533,40.043374802917,2108.8],[-120.88978978805,40.04338754341,2108.8],[-120.89003780857,40.043497262523,2104.4],[-120.89011517353,40.043553672731,2102.0],[-120.89020050131,40.043613687158,2100.5],[-120.89036336169,40.043736901134,2095.4],[-120.89044936001,40.043814266101,2093.2],[-120.89052647352,40.043892301619,2094.3],[-120.89068790898,40.044042589143,2089.7],[-120.89076803997,40.044130766764,2087.3],[-120.89084138162,40.044248616323,2084.6],[-120.89090399444,40.044447770342,2085.9],[-120.89092478156,40.04455271177,2083.0],[-120.8909438923,40.044653462246,2083.4],[-120.89094892144,40.044742478058,2083.8],[-120.89094690979,40.044831996784,2084.2],[-120.89091019705,40.045015728101,2084.6],[-120.89089385234,40.045096278191,2088.0],[-120.89088446461,40.045169200748,2088.0],[-120.89087901637,40.045242374763,2088.0],[-120.89087331668,40.04531362094,2088.0],[-120.89086568914,40.045382520184,2088.0],[-120.89085948654,40.045448401943,2087.7],[-120.89085814543,40.045578237623,2087.4],[-120.890869461,40.045642107725,2086.8],[-120.89089318179,40.045704133809,2086.8],[-120.89092176408,40.045771440491,2086.4],[-120.89096744545,40.045911837369,2082.1],[-120.89097398333,40.046053994447,2081.2],[-120.89097607881,40.046126162633,2080.3],[-120.89094975963,40.046249795705,2079.7],[-120.89095059782,40.046316348016,2079.2],[-120.8909804374,40.04633763805,2079.2],[-120.89101430029,40.046322131529,2079.2],[-120.89103642851,40.046280808747,2076.2],[-120.8910478279,40.046222135425,2076.8],[-120.891049169,40.04616371356,2077.4],[-120.89106760919,40.046067908406,2078.2],[-120.89110784233,40.045994985849,2078.9],[-120.89114975184,40.045931199566,2075.6],[-120.89120607823,40.045857857913,2076.3],[-120.89134085923,40.045700110495,2071.1],[-120.89137740433,40.045618135482,2071.8],[-120.89139802381,40.0455473084,2071.8],[-120.89144881815,40.045442031696,2068.9],[-120.89149005711,40.045341365039,2068.8],[-120.89151889086,40.045253522694,2065.3],[-120.89154202491,40.045182611793,2065.3],[-120.89158334769,40.045107258484,2065.2],[-120.89165895246,40.045090410858,2062.0],[-120.89172952808,40.045156292617,2058.7],[-120.89177872986,40.045224605128,2055.6],[-120.89181795716,40.045342957601,2055.6],[-120.89186397381,40.045444462448,2052.2],[-120.89186992496,40.045530544594,2052.0],[-120.89186632074,40.045597683638,2051.7],[-120.89189557359,40.045637413859,2051.4],[-120.89193589054,40.045643784106,2051.4],[-120.8919515647,40.04562785849,2048.4],[-120.89194226079,40.045580752194,2048.6],[-120.89192926884,40.045532304794,2052.0],[-120.89195223525,40.045445887372,2049.1],[-120.89205533266,40.045301718637,2046.2],[-120.8921000082,40.045202560723,2046.2],[-120.8921647165,40.045006843284,2042.6],[-120.89220704511,40.044902153313,2042.6],[-120.89224208146,40.044800732285,2039.4],[-120.89226219803,40.044711045921,2039.1],[-120.89227234013,40.044637955725,2038.7],[-120.89228600264,40.044601075351,2038.3],[-120.89231919497,40.04460987635,2038.7],[-120.89236076921,40.044643487781,2035.8],[-120.89239345863,40.044700065628,2036.1],[-120.89242774062,40.044783717021,2036.1],[-120.89244643226,40.044850772247,2033.6],[-120.89246889576,40.044911373407,2033.8],[-120.8924989868,40.044938111678,2033.8],[-120.89253217913,40.044933669269,2031.0],[-120.89255900122,40.044903997332,2031.0],[-120.89258079417,40.044852951542,2030.8],[-120.89261155576,40.044735185802,2030.5],[-120.89264416136,40.044656060636,2027.2],[-120.89269160293,40.044552795589,2026.4],[-120.89280777611,40.044313659891,2018.5],[-120.89284423739,40.044232690707,2018.5],[-120.89287147857,40.044154152274,2017.8],[-120.89288396761,40.044069075957,2017.2],[-120.89289125986,40.043978886679,2013.6],[-120.89289486408,40.043880902231,2013.2],[-120.89289863594,40.043780319393,2012.7],[-120.89289855212,40.043676719069,2011.5],[-120.8928843867,40.043592564762,2014.5],[-120.89286167175,40.043500028551,2013.8],[-120.89284348302,40.04341009073,2012.9],[-120.89283074252,40.04332518205,2011.9],[-120.89282722212,40.043238094077,2010.8],[-120.8928209357,40.043158549815,2009.8],[-120.89280249551,40.043076826259,2008.8],[-120.89278916828,40.043005412444,2010.7],[-120.89278271422,40.042930142954,2009.6],[-120.89276628569,40.042858393863,2009.6],[-120.892742984,40.042781196535,2008.5],[-120.89272948913,40.042696623132,2007.4],[-120.89271767065,40.04261364229,2006.3],[-120.89270493016,40.042533595115,2004.9],[-120.89267131872,40.042460002005,2007.3],[-120.89262890629,40.042392443866,2005.7],[-120.89258976281,40.042326813564,2006.2],[-120.89254978113,40.042266128585,2004.2],[-120.89247065596,40.042109973729,2004.7],[-120.89244869538,40.042042834684,2002.9],[-120.89242271148,40.041961027309,2001.3],[-120.89239806868,40.041903778911,2002.5],[-120.89236604981,40.041853236035,2002.5],[-120.89233461767,40.041810153052,2001.1],[-120.89230335318,40.041770339012,2003.8],[-120.89226722717,40.041730273515,2003.8],[-120.89222389273,40.041689788923,2002.3],[-120.89218768291,40.041658440605,2004.8],[-120.89215029962,40.041626924649,2003.0],[-120.89212205261,40.041598174721,2005.4],[-120.89208014309,40.041559366509,2005.4],[-120.89200495742,40.041499268264,2005.6],[-120.89196983725,40.0414580293,2005.6],[-120.8919396624,40.041421316564,2006.0],[-120.89191066101,40.041379407048,2006.0],[-120.89187755249,40.041337246075,2003.8],[-120.89176707901,40.041219312698,2007.8],[-120.89173145592,40.041190898046,2007.8],[-120.89170413092,40.041175642982,2006.2],[-120.89166909456,40.041154269129,2008.7],[-120.89163296856,40.041137253866,2008.7],[-120.89159818366,40.041124094278,2008.7],[-120.89155920781,40.041108252481,2011.2],[-120.89152500965,40.041093165055,2011.2],[-120.8914944157,40.041082520038,2011.9],[-120.89146683924,40.041072210297,2011.9],[-120.89144588448,40.041058715433,2011.9],[-120.89142015204,40.041039185598,2011.9],[-120.8913834393,40.041016303003,2014.4],[-120.89134085923,40.040984954685,2012.3],[-120.89130666107,40.040961401537,2014.7],[-120.8912777435,40.04093256779,2014.7],[-120.8912556991,40.040896860883,2012.7],[-120.89123114012,40.040859980509,2012.7],[-120.89120892808,40.04082351923,2015.0],[-120.89117766358,40.04079317674,2012.9],[-120.89114061557,40.040765600279,2012.9],[-120.89110708795,40.040739364922,2015.1],[-120.89107590728,40.040710195899,2013.1],[-120.89103885926,40.040680943057,2013.1],[-120.89099619538,40.040652779862,2015.2],[-120.89094858617,40.040620760992,2012.9],[-120.89090231806,40.04058714956,2015.0],[-120.89085613377,40.040551358834,2015.0],[-120.89080927894,40.040517747402,2014.5],[-120.89075814933,40.040476843715,2016.4],[-120.89070416987,40.040435856208,2013.7],[-120.89065128006,40.040408615023,2015.4],[-120.89060618542,40.040385564789,2015.4],[-120.89056528173,40.040367040783,2017.0],[-120.8905263897,40.040358575061,2017.0],[-120.8904885035,40.040352791548,2014.2],[-120.89044994675,40.040344325826,2015.7],[-120.89040962979,40.040335608646,2015.7],[-120.89037953876,40.040325969458,2017.0],[-120.89033184573,40.040322616696,2017.0],[-120.89029664174,40.040314821526,2018.5],[-120.89026110247,40.040307696909,2018.5],[-120.89022112079,40.040303086862,2018.5],[-120.89018122293,40.04029981792,2019.9],[-120.89014031924,40.040292525664,2019.9],[-120.89009488933,40.040277019143,2021.3],[-120.89005189016,40.040257740766,2018.5],[-120.89001157321,40.040237875655,2020.0],[-120.88996832259,40.040211975574,2020.0],[-120.88992733508,40.040184902027,2018.6],[-120.88987461291,40.040149698034,2018.6],[-120.88981484994,40.040111644194,2020.1],[-120.88976765983,40.040077697486,2017.3],[-120.88972575031,40.040055317804,2018.8],[-120.8896869421,40.040055317804,2018.8],[-120.88965727016,40.040053473786,2020.3],[-120.88961318135,40.040042242035,2020.3],[-120.88957278058,40.040017096326,2020.3],[-120.88954260573,40.04001416266,2021.9],[-120.88950220495,40.039998488501,2018.7],[-120.88945250027,40.039972756058,2020.1],[-120.88939432986,40.039943251759,2020.1],[-120.88934697211,40.039912657812,2018.1],[-120.88926340453,40.039858929813,2019.3],[-120.88918059133,40.039804363623,2017.3],[-120.88910347782,40.039742840454,2017.3],[-120.88901856914,40.039668828249,2015.3],[-120.88895612396,40.039629600942,2016.4],[-120.88884288445,40.039549637586,2014.2],[-120.88873769157,40.039472524077,2011.7],[-120.88862847537,40.039416113868,2010.2],[-120.88853677735,40.039367750287,2011.1],[-120.88844264857,40.039284769446,2007.6],[-120.88838607073,40.039208326489,2005.0],[-120.88832153007,40.039159879088,2002.4],[-120.88823519647,40.039136661217,2003.2],[-120.88812606409,40.039106151089,2004.0],[-120.88802757673,40.039061307907,2001.4],[-120.88792506605,40.039016213268,2002.1],[-120.88772021234,40.0389494095,2003.9],[-120.88761895895,40.038919318467,2004.4],[-120.88752642274,40.038883527741,2001.4],[-120.88745031506,40.038854945451,2001.9],[-120.88722668588,40.038763834164,1999.4],[-120.88710414246,40.038699377328,1996.6],[-120.88687648997,40.038622012362,1997.0],[-120.88677372783,40.038609942421,1993.6],[-120.88667163625,40.0385979563,1993.8],[-120.88645848446,40.038570547476,1994.7],[-120.88635580614,40.038555879146,1995.1],[-120.88625547476,40.038537187502,1995.6],[-120.88614952751,40.038523944095,1996.0],[-120.88605690747,40.03851656802,1996.6],[-120.88569682091,40.038456050679,1995.1],[-120.885346625,40.038307523355,1989.3],[-120.88522944599,40.038238624111,1986.4],[-120.8850453794,40.038138963282,1984.1],[-120.88494705968,40.0380923599,1984.5],[-120.88485108688,40.038042319939,1981.7],[-120.88478386402,40.037974594161,1982.2],[-120.88471873663,40.037906365469,1979.5],[-120.88463525288,40.037854900584,1976.5],[-120.88453634642,40.037830341607,1977.4],[-120.88443358429,40.037808716297,1979.0],[-120.8843354322,40.037786588073,1979.6],[-120.88424063288,40.037761358544,1977.6],[-120.88415153325,40.037724981084,1978.1],[-120.88406628929,40.037685753778,1975.8],[-120.88397827931,40.037646191195,1976.0],[-120.88388817385,40.037616100162,1976.0],[-120.8838007506,40.037594307214,1973.0],[-120.88371877559,40.037583997473,1973.0],[-120.88364224881,40.037586344406,1973.0],[-120.88356144726,40.037591289729,1972.8],[-120.88347720914,40.037603192031,1972.4],[-120.88339682668,40.0376197882,1974.6],[-120.88332633488,40.037640910596,1973.7],[-120.88326422498,40.037671923637,1973.7],[-120.88320211507,40.037700170651,1976.0],[-120.88313983753,40.037729088217,1976.0],[-120.88307990693,40.037753228098,1975.1],[-120.88302701712,40.037763956934,1974.4],[-120.88297571987,40.037765465677,1974.4],[-120.88291319087,40.037763118744,1973.5],[-120.88284177706,40.037756748497,1973.2],[-120.88277111761,40.037742583081,1973.2],[-120.88270188309,40.037705954164,1973.9],[-120.88262904435,40.037681898102,1974.4],[-120.88256693445,40.037659686059,1976.7],[-120.88251932524,40.037644263357,1976.7],[-120.88247791864,40.03762238659,1979.1],[-120.88243475184,40.037611238658,1979.1],[-120.8823843766,40.037598414347,1976.5],[-120.88233928196,40.037580225617,1978.6],[-120.88229695335,40.037550805137,1978.6],[-120.8822368551,40.037484252825,1977.8],[-120.88217357174,40.037403199822,1977.2],[-120.88211917318,40.037312675267,1974.4],[-120.88206301443,40.037255845964,1976.5],[-120.88200551458,40.037204800174,1975.9],[-120.88194449432,40.037175295874,1975.9],[-120.88190576993,40.037138331681,1974.2],[-120.88185589761,40.037080831826,1974.2],[-120.88178934529,40.037007573992,1971.5],[-120.88170602918,40.036926940084,1968.3],[-120.88153151795,40.036832811311,1965.2],[-120.88143512607,40.036800708622,1965.8],[-120.88135139085,40.036784196272,1966.1],[-120.88122683577,40.03676190041,1961.8],[-120.88112139143,40.036739939824,1961.9],[-120.88101829402,40.036722505465,1962.5],[-120.88091947138,40.036701802164,1963.3],[-120.88082282804,40.036671543494,1960.0],[-120.88066223077,40.036578252912,1963.8],[-120.8806204889,40.036527039483,1963.8],[-120.88058260269,40.036462498829,1965.1],[-120.88055293076,40.036408519372,1965.1],[-120.88051211089,40.036339703947,1966.6],[-120.88047279976,40.036276001483,1964.2],[-120.8804417029,40.03621137701,1964.2],[-120.88041823357,40.036150859669,1964.5],[-120.8803862147,40.036095790565,1962.0],[-120.88034581393,40.036040637642,1962.0],[-120.88025512174,40.035942737013,1961.2],[-120.88020717725,40.035896385089,1959.9],[-120.88015311398,40.035860510543,1959.9],[-120.88002218865,40.035795550793,1958.2],[-120.87994046509,40.03575950861,1958.1],[-120.87984541431,40.035733273253,1955.5],[-120.87974307127,40.035716593266,1955.5],[-120.87955623865,40.035682059824,1955.4],[-120.8794512134,40.035654818639,1952.1],[-120.879124403,40.035564377904,1948.3],[-120.87900345214,40.035534203053,1948.3],[-120.87888057344,40.035523641855,1948.2],[-120.87876004167,40.035514337942,1948.2],[-120.87864269502,40.035492544994,1948.6],[-120.87853750214,40.03546513617,1947.5],[-120.87844496593,40.035420963541,1948.9],[-120.87835947052,40.035365223885,1948.5],[-120.87827632204,40.03529808484,1950.7],[-120.87821320631,40.035223485902,1949.8],[-120.87816618383,40.035145366564,1947.3],[-120.87812008336,40.03506699577,1946.6],[-120.8780801855,40.034979823977,1944.2],[-120.87800055742,40.034786285833,1940.8],[-120.87794330902,40.034683775157,1939.7],[-120.8779092785,40.034585790709,1937.4],[-120.87787876837,40.03450255841,1935.5],[-120.87783887051,40.034428210929,1934.1],[-120.87779201567,40.034359898418,1931.8],[-120.87773451582,40.03429829143,1932.2],[-120.87765580975,40.034245150164,1929.9],[-120.87756671011,40.034191757441,1930.2],[-120.87747090496,40.034137526527,1927.5],[-120.87737543508,40.034078266472,1927.7],[-120.87730368599,40.034025795758,1925.4],[-120.87719664909,40.033950945362,1923.5],[-120.87709941901,40.033888584003,1924.4],[-120.87691409513,40.033788587898,1923.9],[-120.87674452923,40.033676354215,1920.4],[-120.87666791864,40.033617597073,1921.5],[-120.87653322145,40.033488683403,1916.9],[-120.87646977045,40.033419784158,1917.8],[-120.87639274076,40.033358763903,1915.3],[-120.8763043955,40.033305454999,1913.9],[-120.87621571496,40.033260192722,1914.8],[-120.87613902055,40.03321358934,1913.1],[-120.8759837877,40.033103115857,1912.3],[-120.87590835057,40.033050142229,1913.3],[-120.87584397756,40.032997839153,1911.2],[-120.87578798644,40.032941345125,1908.4],[-120.87572637945,40.032887449488,1909.4],[-120.87566426955,40.032832631841,1906.5],[-120.87561934255,40.032778484747,1908.0],[-120.87560274638,40.032745543867,1905.8],[-120.87559117936,40.032717380673,1905.8],[-120.87558539584,40.032695168629,1905.8],[-120.87558656931,40.032682009041,1905.8],[-120.87558497675,40.032666418701,1905.8],[-120.87558296509,40.032646050677,1903.9],[-120.87557986379,40.032616546378,1903.9],[-120.87558455765,40.032541695982,1902.5],[-120.8755909279,40.032507665455,1902.5],[-120.87560048327,40.032475730404,1902.5],[-120.87560358457,40.032384283841,1901.2],[-120.87560442276,40.032313456759,1899.8],[-120.87560861371,40.032223602757,1898.5],[-120.87560584769,40.032127462327,1897.5],[-120.87560920045,40.032043894753,1896.7],[-120.87563023902,40.031864857301,1895.3],[-120.8756428957,40.031694285572,1893.9],[-120.87564700283,40.031620441005,1893.1],[-120.87564624846,40.031554810703,1893.1],[-120.87564742193,40.031492114067,1892.2],[-120.87564893067,40.031437380239,1891.3],[-120.87564574555,40.031393710524,1891.3],[-120.8756309934,40.031355237588,1891.3],[-120.87560626678,40.031307879835,1890.3],[-120.87554432452,40.031208219007,1891.3],[-120.87546838447,40.031100930646,1892.1],[-120.87542178109,40.030969753861,1888.6],[-120.87538892403,40.030903033912,1890.8],[-120.87529337034,40.030763810501,1889.0],[-120.87523033842,40.03071192652,1889.0],[-120.8751804661,40.030661132187,1888.9],[-120.87513537146,40.030609918758,1888.9],[-120.8750888519,40.030551413074,1888.4],[-120.87503193878,40.030497768894,1887.8],[-120.87496479973,40.030454518273,1887.8],[-120.87489891797,40.030411602929,1886.8],[-120.87484418415,40.030362904072,1888.1],[-120.87470202707,40.03023843281,1886.4],[-120.87463103235,40.030185207725,1884.3],[-120.87446641177,40.030075991526,1883.3],[-120.87436851114,40.030028298497,1881.5],[-120.87428452447,40.029980102554,1881.5],[-120.87421939708,40.029923440889,1880.7],[-120.87415686809,40.029866276309,1883.2],[-120.87410573848,40.029813135043,1880.9],[-120.87406307459,40.029762173072,1881.1],[-120.87400792167,40.029702410102,1883.2],[-120.87396970019,40.029653040692,1881.3],[-120.8739283774,40.029603419825,1881.3],[-120.87387808599,40.029551452026,1881.5],[-120.87383064441,40.029502250254,1881.5],[-120.87377649732,40.029452629387,1881.4],[-120.87371832691,40.029404265806,1882.9],[-120.87365621701,40.029360596091,1881.0],[-120.87359041907,40.029330169782,1882.2],[-120.87352470495,40.029310304672,1883.3],[-120.87345924228,40.029292954132,1881.9],[-120.8733958751,40.029281387106,1881.9],[-120.87332856841,40.029274011031,1882.3],[-120.87319563143,40.029258923605,1882.7],[-120.87298600003,40.029234448448,1883.7],[-120.87291332893,40.029230508953,1883.7],[-120.87283973582,40.029227742925,1884.5],[-120.87269397452,40.029211314395,1887.4],[-120.87262758985,40.029181307182,1886.6],[-120.87256246246,40.029145264998,1886.6],[-120.87249959819,40.029102182016,1886.3],[-120.87244058959,40.029057757929,1888.2],[-120.87238786742,40.029015345499,1886.0],[-120.872337576,40.028972933069,1887.7],[-120.87222224101,40.028897915035,1886.9],[-120.87216750719,40.028869332746,1886.9],[-120.87212291546,40.028853239492,1888.6],[-120.87208528072,40.028830273077,1885.9],[-120.87204907089,40.028800014406,1887.5],[-120.87201311253,40.028761960566,1887.5],[-120.87197153829,40.028721392155,1886.4],[-120.87186869234,40.028635896742,1885.5],[-120.87181529962,40.028606057167,1885.5],[-120.87150625885,40.028444956988,1886.3],[-120.87143928744,40.028408244252,1886.3],[-120.87132663466,40.028322329745,1885.8],[-120.8712629322,40.02827170305,1883.2],[-120.87119839154,40.028229877353,1884.3],[-120.87113628164,40.028197355568,1882.8],[-120.87107014842,40.02815217711,1882.8],[-120.87092665024,40.028087217361,1882.7],[-120.87060746737,40.027888398618,1883.4],[-120.87054963224,40.027851350605,1885.2],[-120.87049330585,40.027819080278,1885.5],[-120.8704406675,40.027777254581,1885.5],[-120.87039574049,40.027736434713,1887.0],[-120.8703622967,40.027692429721,1885.6],[-120.87033329532,40.027638450265,1885.6],[-120.87029532529,40.02758430317,1885.7],[-120.87020765059,40.027493527159,1885.6],[-120.87015392259,40.027451366186,1885.6],[-120.87010480464,40.02741725184,1885.3],[-120.87007261813,40.027373749763,1885.3],[-120.87005241774,40.027322703972,1884.0],[-120.87003045715,40.027258330956,1884.0],[-120.87000338361,40.027186917141,1883.6],[-120.8699628152,40.027119359002,1882.2],[-120.86990942247,40.027051214129,1881.9],[-120.86985209025,40.026992289349,1881.9],[-120.8697963506,40.026939483359,1881.5],[-120.86973801255,40.02688919194,1882.2],[-120.86968478747,40.026829848066,1881.1],[-120.86964698508,40.026759020984,1880.6],[-120.86961530149,40.026681823656,1879.3],[-120.86957900785,40.026607224718,1879.3],[-120.86949175224,40.026427768171,1876.7],[-120.86942704394,40.026363143697,1875.4],[-120.86934464984,40.026316037402,1876.1],[-120.86925211363,40.026289047673,1874.9],[-120.86915924214,40.026265243068,1875.3],[-120.86906419136,40.026255100965,1875.6],[-120.86897266097,40.026255520061,1875.6],[-120.86888942868,40.026247138157,1875.3],[-120.86880954914,40.026246383786,1874.8],[-120.86873947643,40.026254430413,1874.8],[-120.86868080311,40.026280162856,1874.2],[-120.86862347089,40.026322826743,1874.3],[-120.86855599657,40.026364317164,1874.3],[-120.86847142316,40.026395665482,1873.3],[-120.8683821559,40.026427935809,1872.6],[-120.86829263717,40.026475209743,1871.3],[-120.86813966744,40.026611583307,1868.9],[-120.86809029803,40.026706885546,1868.8],[-120.86803933606,40.026771426201,1867.2],[-120.86797747761,40.026821633801,1865.0],[-120.86791637354,40.026859520003,1865.0],[-120.86786708795,40.026894556358,1862.3],[-120.86782517843,40.02695071511,1861.7],[-120.86778067052,40.027016764507,1859.4],[-120.86772652343,40.027089770883,1859.0],[-120.86768922396,40.027248524129,1856.5],[-120.86770204827,40.027321614325,1859.2],[-120.86768570356,40.027399398386,1856.7],[-120.86765293032,40.027471734211,1857.0],[-120.86757162586,40.027628978714,1854.6],[-120.8675286267,40.027713803574,1854.6],[-120.8674938418,40.027796197683,1850.8],[-120.86746593006,40.027875909582,1850.8],[-120.86744237691,40.027958052233,1850.2],[-120.86741714738,40.028043463826,1849.4],[-120.86739585735,40.028130887076,1843.8],[-120.8673877269,40.028211353347,1842.4],[-120.86739460006,40.028293495998,1840.8],[-120.86742561311,40.02836516127,1843.1],[-120.86748269387,40.028421739116,1843.1],[-120.86762594059,40.028543276712,1847.7],[-120.86767757311,40.028614941984,1847.7],[-120.86778377183,40.028764307499,1852.0],[-120.8678307943,40.02884301357,1851.0],[-120.86788368411,40.028916271403,1853.8],[-120.86796658114,40.029046274722,1853.2],[-120.86798803881,40.029112407938,1855.7],[-120.86801435798,40.029249200597,1855.1],[-120.86797596887,40.029314160347,1854.6],[-120.86790589616,40.029388004914,1851.8],[-120.86776499636,40.029532341287,1847.6],[-120.86767095141,40.029578190297,1846.7],[-120.86757422425,40.029587745667,1844.9],[-120.86748437025,40.02958313562,1843.0],[-120.86740826257,40.029563941061,1841.4],[-120.86735302582,40.029539465904,1841.4],[-120.86732712574,40.029487665743,1837.7],[-120.86732611991,40.02942555584,1835.5],[-120.86733693257,40.029360596091,1837.1],[-120.86732989177,40.029271245003,1833.4],[-120.8673013933,40.029210476205,1831.5],[-120.86724070832,40.029184324667,1830.4],[-120.86712026037,40.029173092917,1829.9],[-120.86699159816,40.029169991612,1829.9],[-120.86687156931,40.029186001047,1830.2],[-120.86674676277,40.029197651893,1830.5],[-120.86664014496,40.029213326052,1830.8],[-120.86646554992,40.029272167012,1833.4],[-120.86640813388,40.029287338257,1833.4],[-120.86637108587,40.029286332428,1833.8],[-120.86634409614,40.029255570844,1833.8],[-120.86632783525,40.02920829691,1832.0],[-120.86630495265,40.029127998278,1830.7],[-120.86613764986,40.028907973319,1828.6],[-120.86610957049,40.028845276684,1827.2],[-120.86608693935,40.028778389096,1827.2],[-120.86604519747,40.028679566458,1824.4],[-120.86599708535,40.02859457396,1824.7],[-120.8658986818,40.028425846249,1822.3],[-120.86576339789,40.028256615624,1820.5],[-120.86572308093,40.028171706945,1819.4],[-120.86569223553,40.028097778559,1818.4],[-120.86565309204,40.028015216812,1817.7],[-120.8655489888,40.027830563486,1815.4],[-120.86547371931,40.027630990371,1812.9],[-120.86542719975,40.027547674254,1811.4],[-120.86536886171,40.027474835515,1812.0],[-120.86531647481,40.027396129444,1810.6],[-120.86524891667,40.027316333726,1809.7],[-120.86518353783,40.027232263237,1808.9],[-120.86509762332,40.027086418122,1806.4],[-120.86504456587,40.027014082298,1806.8],[-120.86497616954,40.02695415169,1805.2],[-120.86488874629,40.026903608814,1805.7],[-120.86480031721,40.026816856116,1804.4],[-120.86472823285,40.02676111646,1803.1],[-120.8646558132,40.026718117297,1801.8],[-120.8645725809,40.026667490602,1802.2],[-120.86430603638,40.026526339352,1799.2],[-120.86412557401,40.02644168213,1800.0],[-120.86396715604,40.026356438175,1799.1],[-120.86388677359,40.026314780116,1798.0],[-120.86380312219,40.02627806738,1798.5],[-120.86372659542,40.026246970519,1797.3],[-120.86368619464,40.026202462614,1797.3],[-120.86364218965,40.02613088116,1796.2],[-120.86359550245,40.026055108756,1794.6],[-120.86354143918,40.025972379372,1793.4],[-120.86347782053,40.025898367167,1793.4],[-120.86339618079,40.025832066312,1792.2],[-120.86330641061,40.025759311393,1791.3],[-120.86321043782,40.025683287531,1790.3],[-120.86312133819,40.025619752705,1791.0],[-120.86304849945,40.025554122403,1790.1],[-120.86299577728,40.025480613112,1789.2],[-120.86294280365,40.025373911485,1787.5],[-120.86288287304,40.025312388316,1786.7],[-120.86282889359,40.025247847661,1786.7],[-120.86277483031,40.025190431625,1786.0],[-120.86271523498,40.025154389441,1786.0],[-120.86265580729,40.025113988668,1785.3],[-120.86260534823,40.025052716956,1786.0],[-120.86255673319,40.024966131896,1784.6],[-120.86251390167,40.024882312864,1784.0],[-120.86247744039,40.02482900396,1782.5],[-120.86244190112,40.024765050039,1782.5],[-120.86240820587,40.024693803862,1782.6],[-120.86234894581,40.024497332051,1780.2],[-120.86235741153,40.024321228266,1777.9],[-120.8623621054,40.024231122807,1776.6],[-120.86234475486,40.024116877466,1776.9],[-120.86230259389,40.02404646948,1775.5],[-120.86228541099,40.023995507509,1774.2],[-120.86230016313,40.023919651285,1772.7],[-120.86233234964,40.02380406484,1771.3],[-120.86229370907,40.023758886382,1771.3],[-120.86224786006,40.023709516972,1771.7],[-120.86221290752,40.023647742346,1770.3],[-120.86217787117,40.023575993255,1770.3],[-120.86213436909,40.023504411802,1770.7],[-120.86201760918,40.023423610255,1771.3],[-120.86195793003,40.023396536708,1773.3],[-120.8619137574,40.023375498131,1772.1],[-120.86186463945,40.023344988003,1774.0],[-120.86178023368,40.023218169808,1774.6],[-120.86175693199,40.02316695638,1773.9],[-120.86174301803,40.023128818721,1773.9],[-120.86173731834,40.023091183975,1773.9],[-120.86173002608,40.023036198691,1773.9],[-120.86172734387,40.022825393826,1775.5],[-120.86174142547,40.022774515674,1775.5],[-120.8617644757,40.022727828473,1776.0],[-120.86180596612,40.022678291425,1773.5],[-120.86186690256,40.022627413273,1773.9],[-120.86193412542,40.022561782971,1771.2],[-120.86197989061,40.022487603128,1771.5],[-120.86203076877,40.02229699865,1768.9],[-120.86204736494,40.022224495187,1769.2],[-120.86206630804,40.022171270102,1769.3],[-120.86208055727,40.022103795782,1766.7],[-120.8620819822,40.022037578747,1766.9],[-120.86208843626,40.021998938173,1766.9],[-120.86208147928,40.021961722523,1766.6],[-120.86206463166,40.021898187697,1769.3],[-120.86206538603,40.021796179935,1768.9],[-120.86208122782,40.021660896018,1766.0],[-120.86210997775,40.021586548537,1765.6],[-120.86211274378,40.021456209943,1766.0],[-120.86213788949,40.021419832483,1766.3],[-120.86215708405,40.021394435316,1766.3],[-120.86216412485,40.021363925189,1763.9],[-120.86217116565,40.02132662572,1763.8],[-120.86216848344,40.021261414513,1764.8],[-120.86218650453,40.021215481684,1764.8],[-120.86220938712,40.021127974615,1765.5],[-120.86220167577,40.021085646003,1765.6],[-120.8621753566,40.02105044201,1765.6],[-120.86206731386,40.020989421755,1765.5],[-120.86201651953,40.020954972133,1765.5],[-120.86197997443,40.020892862231,1764.5],[-120.86195977405,40.020819436759,1764.5],[-120.86198517121,40.020784484223,1763.1],[-120.86203848012,40.020765457302,1763.1],[-120.86209447123,40.020751124248,1763.2],[-120.86214325391,40.020731175318,1763.2],[-120.86216756143,40.020684069023,1761.8],[-120.86221097969,40.020637381822,1761.8],[-120.8621661365,40.020574936643,1760.7],[-120.86212506518,40.020514922217,1759.8],[-120.86207033135,40.020452644676,1759.8],[-120.86202657782,40.020397156477,1758.9],[-120.86198533885,40.020331861451,1758.2],[-120.86193722673,40.020286431536,1758.7],[-120.8618895337,40.020240833983,1758.4],[-120.86185910739,40.020182412118,1759.3],[-120.86185013875,40.020131701604,1759.2],[-120.86183672771,40.020053079352,1759.0],[-120.86182717234,40.019985185936,1758.5],[-120.8618428465,40.019912347198,1758.5],[-120.86185751483,40.019844118506,1758.2],[-120.86185810156,40.019779158756,1757.9],[-120.86186824366,40.019682683051,1757.4],[-120.86186128668,40.01964462921,1757.4],[-120.86183706298,40.019572293386,1756.9],[-120.86184469052,40.019490905106,1755.8],[-120.86185944267,40.019412366673,1754.5],[-120.86191501468,40.019349250942,1754.1],[-120.86200101301,40.019237101078,1750.7],[-120.86207762361,40.019136434421,1748.5],[-120.86211324669,40.019081868231,1748.5],[-120.86209673434,40.019063260406,1748.5],[-120.86205624975,40.019082957879,1748.5],[-120.86203856394,40.019109025598,1749.3],[-120.86202749982,40.019122939557,1749.3],[-120.86202280596,40.019123777747,1749.3],[-120.86202875711,40.019125621766,1749.3],[-120.86203915067,40.019131656736,1749.3],[-120.86204920895,40.019138194621,1749.9],[-120.8620502986,40.019134506583,1749.9],[-120.86204946041,40.019138194621,1749.9],[-120.8620432578,40.019139200449,1750.7],[-120.86202104576,40.019139368087,1750.7],[-120.86198173463,40.019114725292,1749.3],[-120.86198123172,40.019072899595,1749.3],[-120.86206228472,40.01898413524,1747.1],[-120.86211115122,40.018919594586,1745.3],[-120.86216990836,40.018864525482,1744.7],[-120.86222992279,40.018820436671,1743.2],[-120.86228918284,40.018773917109,1742.8],[-120.8623480238,40.018733348697,1741.1],[-120.86238582619,40.018690517172,1741.1],[-120.86238909513,40.018607536331,1739.7],[-120.86234542541,40.018551293761,1738.4],[-120.86227459833,40.018507456407,1738.6],[-120.8620674815,40.018438221887,1737.6],[-120.86195910349,40.018408801407,1737.8],[-120.86185818538,40.018393378705,1738.6],[-120.86177947931,40.018368819728,1737.5],[-120.86166129448,40.018334370106,1738.2],[-120.86156163365,40.018302602693,1738.2],[-120.86147496477,40.018260944635,1737.3],[-120.8613011241,40.018147369847,1736.3],[-120.86122116074,40.018087774515,1735.4],[-120.86115024984,40.018031615764,1735.4],[-120.86107967421,40.01797830686,1734.5],[-120.86103139445,40.017912928015,1733.5],[-120.86100189015,40.017840843648,1733.5],[-120.86100038141,40.017794156447,1732.5],[-120.86101940833,40.017727939412,1731.3],[-120.86106173694,40.017659123987,1731.3],[-120.86111831479,40.017626266927,1730.0],[-120.8611897286,40.017604809254,1730.0],[-120.86126734503,40.017573041841,1729.8],[-120.86135711521,40.017545884475,1728.3],[-120.86147789843,40.017513949424,1728.0],[-120.86157982238,40.017414540052,1726.3],[-120.86162340827,40.017352597788,1724.2],[-120.86166523397,40.01727623865,1724.2],[-120.86171024479,40.017211697996,1721.8],[-120.8617574349,40.017177499831,1721.8],[-120.8617631346,40.017140032724,1719.4],[-120.86176422425,40.017096865922,1719.4],[-120.86177562363,40.017035761848,1717.8],[-120.86179632694,40.016979100183,1716.5],[-120.86181401275,40.016934592277,1716.5],[-120.86184678599,40.016864687204,1715.6],[-120.86183253676,40.016775168478,1715.0],[-120.86180772632,40.016721608117,1715.0],[-120.86180839688,40.016663521528,1714.3],[-120.86182449013,40.016606356949,1713.4],[-120.8618080616,40.016424385831,1711.3],[-120.86175852455,40.016368478537,1711.3],[-120.86169314571,40.016335537657,1711.0],[-120.86162634194,40.016304440796,1711.5],[-120.86157747544,40.016269823536,1711.9],[-120.86155534722,40.016232607886,1711.2],[-120.86153824814,40.01617946662,1711.2],[-120.86155953817,40.016124648973,1710.7],[-120.86157085374,40.016076955944,1710.7],[-120.8615640644,40.015989113599,1710.2],[-120.86155341938,40.015947790816,1709.8],[-120.86153992452,40.015920465812,1709.8],[-120.86148954928,40.015882411972,1710.5],[-120.86144797504,40.015862295404,1710.0],[-120.86139726453,40.015838658437,1710.0],[-120.86134680547,40.015802532434,1710.6],[-120.86131227203,40.015755174682,1710.0],[-120.86129207164,40.0157068111,1710.6],[-120.86126608774,40.015666577965,1710.0],[-120.86121864617,40.015604300424,1710.0],[-120.86117480882,40.015556104481,1709.9],[-120.86112703197,40.015513440594,1709.9],[-120.86108210497,40.015478236601,1710.1],[-120.86105293594,40.015452755615,1710.1],[-120.8610241022,40.015414366499,1709.5],[-120.8610113617,40.015369104221,1710.4],[-120.86099233478,40.015306659043,1709.9],[-120.86095905863,40.015259133652,1709.9],[-120.86091807112,40.015215547755,1710.2],[-120.86089133285,40.015188725665,1710.2],[-120.86079946719,40.015017399564,1709.7],[-120.86076669395,40.014969035983,1709.7],[-120.86073811166,40.01492603682,1709.6],[-120.86071648635,40.014886641875,1709.6],[-120.86070558988,40.014842385426,1708.6],[-120.86065622047,40.014638872817,1706.0],[-120.86057282053,40.0145035889,1705.4],[-120.86052529514,40.014440221712,1704.1],[-120.86051029153,40.01438414678,1701.4],[-120.86049193516,40.01429580152,1698.3],[-120.86045237258,40.014213994145,1696.1],[-120.86040409282,40.01413998194,1696.1],[-120.86036494933,40.01407074742,1694.3],[-120.8603018336,40.013957591727,1692.7],[-120.86025137454,40.01390369609,1691.6],[-120.8602098003,40.01385784708,1691.6],[-120.86016847752,40.013812165707,1690.9],[-120.86006403901,40.013734549284,1690.4],[-120.86001986638,40.013697165996,1690.4],[-120.85997560993,40.013636983931,1689.9],[-120.85990444757,40.013458030298,1689.0],[-120.85990109481,40.013388544321,1689.0],[-120.85989145562,40.013310424984,1688.4],[-120.85986605845,40.013118898496,1688.3],[-120.85986346006,40.013055866584,1688.9],[-120.85985968821,40.012991409749,1690.0],[-120.85985440761,40.012939861044,1690.0],[-120.85984485224,40.012881439179,1690.7],[-120.85983345285,40.012838188559,1690.7],[-120.85981526412,40.012797201052,1691.4],[-120.85980260745,40.012768032029,1691.4],[-120.859803278,40.0127463229,1691.4],[-120.85980378091,40.012726373971,1692.0],[-120.85978089832,40.012696702033,1693.1],[-120.85978467017,40.012648086995,1693.1],[-120.85978584364,40.012607015669,1694.4],[-120.85978651419,40.012584635988,1694.4],[-120.85979179479,40.012574326247,1694.4],[-120.85980369709,40.012543983757,1693.1],[-120.85990453139,40.012369221076,1692.9],[-120.85997837596,40.012240055948,1694.3],[-120.85999052972,40.01215682365,1694.5],[-120.85998876952,40.012077363208,1694.5],[-120.86000134237,40.012027071789,1693.0],[-120.86002766155,40.011981725693,1693.0],[-120.86004031822,40.011941995472,1693.3],[-120.86006772704,40.011790115386,1694.0],[-120.86009865627,40.011579897255,1692.7],[-120.86008826271,40.011508818716,1693.2],[-120.86009371094,40.011363644153,1693.9],[-120.86012782529,40.011307317764,1694.8],[-120.86015439592,40.01125484705,1694.8],[-120.86016462184,40.011190641671,1695.5],[-120.86019295268,40.011121323332,1694.2],[-120.86025271565,40.01103758812,1695.5],[-120.86029202677,40.011022668332,1694.4],[-120.86034491658,40.010995175689,1694.4],[-120.8604264725,40.010948991403,1693.6],[-120.86052445695,40.010940190405,1692.0],[-120.86059377529,40.010902555659,1690.3],[-120.86073207669,40.010803565383,1689.2],[-120.86075068451,40.01078738831,1689.2],[-120.8607748244,40.010759560391,1690.6],[-120.86079695262,40.010704072192,1690.6],[-120.86082695983,40.010662581772,1690.8],[-120.86089619435,40.010580606759,1692.6],[-120.86094556376,40.010492932051,1691.6],[-120.86095193401,40.010446244851,1691.6],[-120.86096760817,40.010409867391,1692.9],[-120.86098177359,40.010376339778,1692.9],[-120.86099099368,40.010331831872,1692.9],[-120.8610033989,40.010288581252,1690.7],[-120.86100088432,40.010246671736,1690.7],[-120.86100130342,40.010206690058,1691.7],[-120.86099862121,40.010157823563,1691.7],[-120.86099786684,40.01011390239,1693.4],[-120.86101639085,40.010070400313,1693.4],[-120.86103927344,40.010016672313,1694.2],[-120.86104807444,40.009973254055,1694.2],[-120.86105134338,40.009927907959,1694.4],[-120.86103508249,40.009854901582,1694.4],[-120.86099090986,40.009787511081,1697.2],[-120.86093097925,40.009717857465,1695.6],[-120.86088630371,40.009630518034,1695.5],[-120.86081237532,40.009491126984,1692.2],[-120.86080935784,40.009452905506,1688.8],[-120.86082746275,40.009418036789,1688.8],[-120.86085185409,40.009394818917,1688.8],[-120.86094405502,40.009406218305,1687.2],[-120.86100985296,40.009366907179,1682.9],[-120.86106760427,40.00932533294,1682.9],[-120.86111839861,40.009249225259,1679.5],[-120.86115963757,40.009165573865,1679.0],[-120.86118939333,40.009124334902,1677.4],[-120.86123130284,40.009083515033,1678.2],[-120.86130078882,40.009003719315,1677.1],[-120.86134009995,40.0090049766,1677.1],[-120.86135510355,40.009006233886,1674.5],[-120.8613667544,40.009029200301,1673.6],[-120.86137563922,40.009070942178,1673.6],[-120.86141117848,40.009179404005,1673.3],[-120.86142291315,40.009201616049,1673.3],[-120.86142274551,40.009205639362,1673.3],[-120.86141268723,40.009199520573,1673.3],[-120.86141386069,40.009198514745,1673.3],[-120.86141570471,40.009196838364,1673.3],[-120.86141612381,40.009199101478,1673.3],[-120.86142123677,40.009214356542,1673.9],[-120.86142090149,40.009218631312,1673.9],[-120.86140958592,40.009233886376,1673.9],[-120.86139357649,40.009293565527,1673.9],[-120.86140179075,40.009326674044,1675.1],[-120.86141562089,40.009350562468,1675.1],[-120.86143288761,40.009373947978,1675.1],[-120.86146029644,40.00939624384,1672.4],[-120.8614949137,40.009407224134,1674.0],[-120.86152014323,40.009404541925,1674.0],[-120.86153531447,40.009400267154,1672.5],[-120.86154830642,40.009388113394,1670.9],[-120.86155149154,40.00937034376,1670.9],[-120.86155333556,40.009353160858,1670.9],[-120.86155283265,40.009335139766,1670.9],[-120.86156020872,40.009314771742,1670.9],[-120.86157236248,40.009278142825,1670.7],[-120.86158351041,40.009253500029,1670.7],[-120.86160454899,40.009237239137,1670.7],[-120.8616296947,40.009227180853,1671.9],[-120.86165534332,40.009218212217,1671.4],[-120.86169029586,40.009211506695,1671.4],[-120.86171326227,40.009199520573,1671.4],[-120.86172784679,40.00917118974,1672.9],[-120.8617389109,40.009150989354,1672.9],[-120.86175190285,40.009129950777,1672.9],[-120.86176179349,40.009109666571,1672.2],[-120.86178794503,40.009091142565,1672.2],[-120.8618239034,40.009082844481,1674.0],[-120.86184829473,40.009057279676,1674.0],[-120.86190353148,40.008949069306,1672.1],[-120.86192331277,40.008938843384,1674.2],[-120.86193840019,40.008911853656,1674.2],[-120.86194929667,40.008880421519,1674.2],[-120.86198969744,40.008813282475,1672.7],[-120.8620190341,40.008779000491,1674.9],[-120.86216211319,40.008655954152,1673.0],[-120.86228650063,40.008552102372,1675.0],[-120.86233754642,40.008529303595,1675.0],[-120.86238088086,40.008509773761,1677.5],[-120.86244081147,40.008491585031,1677.5],[-120.86249110289,40.008478257805,1675.9],[-120.86253963411,40.008455542848,1675.9],[-120.86258590221,40.008429475129,1678.1],[-120.86263636127,40.008407765999,1678.1],[-120.86271716282,40.008385637775,1680.0],[-120.86276435293,40.008396701887,1681.9],[-120.8628055919,40.00839737244,1681.9],[-120.86286527105,40.008398294449,1683.7],[-120.86294313893,40.008419165388,1684.7],[-120.86298597045,40.008429810405,1684.7],[-120.8629923407,40.008429810405,1684.7],[-120.86299024522,40.008424948901,1684.7],[-120.86300172843,40.008415225893,1684.7],[-120.86300508119,40.008412124589,1684.7],[-120.86301019415,40.008411118761,1684.7],[-120.86301706731,40.008392846212,1685.7],[-120.86302326992,40.008366359398,1682.9],[-120.8630619105,40.008309613913,1682.9],[-120.86311387829,40.008288323879,1680.6],[-120.86317146197,40.008277092129,1680.6],[-120.86322426796,40.008257143199,1681.8],[-120.86329132318,40.008242642507,1683.1],[-120.86341621354,40.008213976398,1684.1],[-120.86345636286,40.008192434907,1680.9],[-120.86348620243,40.008163433522,1682.2],[-120.8635292016,40.008132671937,1682.2],[-120.86358846165,40.008109370247,1683.3],[-120.86366431788,40.00808833167,1681.2],[-120.86372165009,40.008076345548,1681.2],[-120.86377428845,40.008057905361,1682.4],[-120.86398827843,40.007961345837,1682.1],[-120.86403823458,40.007933769375,1683.6],[-120.86408391595,40.007905270904,1681.0],[-120.86431190372,40.007755402476,1682.5],[-120.86439572275,40.007722713053,1680.0],[-120.86442799307,40.007697315887,1680.9],[-120.8644708246,40.007668146864,1680.9],[-120.86458641104,40.007577706128,1680.4],[-120.86475354619,40.00746765174,1679.6],[-120.86479721591,40.007449546829,1680.3],[-120.86484750733,40.007432783023,1680.3],[-120.86487466469,40.0073741097,1682.3],[-120.86488740519,40.007330439985,1681.7],[-120.86493794806,40.007268832996,1681.0],[-120.86500936188,40.007226672024,1683.2],[-120.86503802799,40.007182164118,1683.2],[-120.86505152285,40.007150564343,1682.3],[-120.86506920867,40.007110331208,1684.3],[-120.86509024724,40.007062638178,1682.6],[-120.86510759778,40.007028607652,1682.6],[-120.86513358168,40.007001701742,1682.6],[-120.86516627111,40.006983513013,1682.6],[-120.86520214565,40.006973287091,1682.6],[-120.86523483507,40.006966916844,1683.9],[-120.86527355947,40.006958451122,1683.9],[-120.86533499882,40.006946297362,1684.7],[-120.86538990028,40.00694302842,1684.7],[-120.86562576704,40.00688938424,1684.2],[-120.86564169265,40.006883516908,1684.2],[-120.86566474289,40.006870273501,1684.2],[-120.86569894105,40.00684697181,1684.2],[-120.86580513977,40.006788633764,1681.0],[-120.86585350335,40.006767092273,1681.0],[-120.86590027437,40.00675342977,1681.2],[-120.86594235152,40.006732475013,1681.2],[-120.86600027047,40.006708251312,1681.5],[-120.86607076228,40.006683859974,1677.8],[-120.86612834595,40.006662737578,1677.8],[-120.8661726024,40.006646476686,1678.1],[-120.86620328017,40.00662619248,1678.1],[-120.86623957381,40.006594425067,1674.5],[-120.86630084552,40.006553437561,1675.4],[-120.86644241586,40.006474312395,1674.5],[-120.8666971419,40.006384039298,1673.9],[-120.866787415,40.006361743435,1675.1],[-120.86687919684,40.006342465058,1676.2],[-120.8669512812,40.006331149489,1677.1],[-120.86700526066,40.006319163367,1674.1],[-120.86710391566,40.006297118962,1674.9],[-120.86718983017,40.006267782301,1675.6],[-120.86736467667,40.006200727075,1672.4],[-120.8675717935,40.006147166714,1674.2],[-120.86766106077,40.006115986034,1671.2],[-120.86775309406,40.006107939407,1672.2],[-120.86782760918,40.006101317704,1672.2],[-120.86796808988,40.006079943851,1674.1],[-120.86800178513,40.006056558341,1674.1],[-120.86801880039,40.006011966616,1671.0],[-120.86803774349,40.00597089529,1672.0],[-120.86806951091,40.005915742368,1669.0],[-120.86809448898,40.005876095966,1669.0],[-120.86811251007,40.005847513676,1665.8],[-120.86813975126,40.005796803162,1666.8],[-120.8681602031,40.005760677159,1663.7],[-120.86818886921,40.005735950544,1663.7],[-120.86823094636,40.005718432367,1664.6],[-120.86830546148,40.005690352991,1664.6],[-120.86835952476,40.005682054907,1665.6],[-120.86849723943,40.005658166483,1664.5],[-120.86855490692,40.00564022921,1664.5],[-120.86861651391,40.005612652749,1665.6],[-120.86866806261,40.005589099601,1665.6],[-120.86875841953,40.005524475127,1664.1],[-120.86874702014,40.005489690229,1664.1],[-120.86863461882,40.005385000259,1659.8],[-120.86859891191,40.005359519273,1658.0],[-120.8685777057,40.00533035025,1656.3],[-120.86857787333,40.005300007761,1656.3],[-120.86857913062,40.005260445178,1655.7],[-120.86859069765,40.005222056061,1655.7],[-120.86861500517,40.005188947544,1659.0],[-120.86863973178,40.005143601447,1659.0],[-120.86866211146,40.005097165704,1660.0],[-120.86868558079,40.005074869841,1660.0],[-120.8687279094,40.005044611171,1662.3],[-120.86877778172,40.005015945062,1662.5],[-120.86881767958,40.004984680563,1664.1],[-120.86888146587,40.004947967827,1664.1],[-120.86906486191,40.004867920652,1665.3],[-120.86913300678,40.00484822318,1665.9],[-120.86928203702,40.004822909832,1665.3],[-120.86935873143,40.004819221795,1665.5],[-120.86944062263,40.004812264815,1665.5],[-120.8695919998,40.004794746637,1666.1],[-120.86967045441,40.004784185439,1666.4],[-120.86981445551,40.004790388048,1666.6],[-120.86988913827,40.004802374169,1666.6],[-120.86996247992,40.004814863205,1666.5],[-120.87001780048,40.004826011136,1666.4],[-120.87013774551,40.004867417738,1667.0],[-120.87018510327,40.004897341132,1667.0],[-120.87023321539,40.00494084321,1665.7],[-120.87029867806,40.004987278953,1664.4],[-120.87045701221,40.005129771307,1668.0],[-120.87066144682,40.005244016647,1664.3],[-120.87076186202,40.00527494587,1661.9],[-120.87083076127,40.005282238126,1661.9],[-120.8709176816,40.005290787667,1659.7],[-120.87100518867,40.00530520454,1658.1],[-120.87118003517,40.005328506231,1662.0],[-120.87124776095,40.005320878699,1659.5],[-120.87129084393,40.005295565352,1659.5],[-120.87134717032,40.00525935553,1660.9],[-120.87143350393,40.005231024697,1659.1],[-120.87158286944,40.005203783512,1661.2],[-120.87164229713,40.005202107131,1661.2],[-120.87170415558,40.005195988342,1661.5],[-120.87175520137,40.00519012101,1661.4],[-120.87179811671,40.005186432973,1661.4],[-120.87182678282,40.005179392174,1661.4],[-120.87187154219,40.005160365254,1661.1],[-120.8719099313,40.005144774914,1657.5],[-120.87197095156,40.005115438253,1657.3],[-120.87210338563,40.00505165197,1654.2],[-120.87215024047,40.005026003346,1654.9],[-120.87218653411,40.004998259246,1654.9],[-120.87221587077,40.004977891222,1651.5],[-120.87225836702,40.004949560389,1652.2],[-120.87239733897,40.004878565669,1648.9],[-120.87246338837,40.004857275635,1649.6],[-120.87253916077,40.004834644496,1650.5],[-120.87256849743,40.004812851548,1650.5],[-120.87260738946,40.004771612585,1648.1],[-120.87269665673,40.004704305902,1649.7],[-120.872749798,40.00467161648,1646.0],[-120.87282448076,40.004631970078,1648.1],[-120.87300888263,40.004572793841,1649.8],[-120.87306478992,40.004545887932,1652.9],[-120.87312564254,40.004518143833,1652.9],[-120.87324273773,40.004443712533,1655.4],[-120.87329261005,40.004395013675,1652.9],[-120.87331800722,40.004365425557,1652.9],[-120.87333795615,40.004332652315,1656.3],[-120.87334558368,40.004287557676,1655.1],[-120.87336544879,40.004242379218,1654.1],[-120.87339771912,40.004200553522,1654.1],[-120.87343418039,40.004163673148,1657.3],[-120.87352780625,40.004028053954,1656.3],[-120.87358145043,40.003977594897,1656.3],[-120.87361045182,40.003968877718,1655.2],[-120.87367189117,40.003965776414,1655.2],[-120.87375118397,40.003956137225,1656.3],[-120.87383936159,40.00394096598,1657.2],[-120.8739754837,40.003932081163,1658.0],[-120.87408897467,40.003941720352,1657.5],[-120.87420313619,40.00394792296,1656.3],[-120.87432014756,40.003959657624,1654.2],[-120.87443112396,40.003981031477,1652.7],[-120.87453388609,40.004027383402,1645.9],[-120.87460689247,40.004073064774,1646.8],[-120.87465215474,40.004119668156,1643.4],[-120.87467587553,40.004178090021,1644.5],[-120.87468727492,40.004237769172,1644.5],[-120.8746973332,40.004288898781,1646.2],[-120.8747127559,40.004338519648,1647.9],[-120.87474980392,40.004375735298,1646.5],[-120.87479582056,40.004407502711,1646.5],[-120.87484510615,40.004438683391,1649.2],[-120.87488374673,40.004458548501,1649.2],[-120.87490939535,40.004460979253,1648.3],[-120.8749712538,40.004447065294,1648.3],[-120.87504803203,40.004433654249,1647.8],[-120.87511450052,40.004413202405,1642.5],[-120.87521030568,40.004393672571,1642.2],[-120.87531893514,40.004389313981,1641.9],[-120.87541189045,40.004380345345,1641.7],[-120.87550174445,40.004361234605,1641.3],[-120.87559134699,40.004339944571,1640.9],[-120.87568840943,40.004328461364,1640.7],[-120.87578857318,40.004322677851,1636.0],[-120.8758816123,40.004330305383,1639.8],[-120.87597037666,40.004352768883,1639.1],[-120.87605788372,40.004383530468,1638.4],[-120.87615226395,40.004425272346,1640.7],[-120.87624127977,40.004478078336,1639.6],[-120.87633021176,40.004530381411,1641.3],[-120.87649005465,40.004615038633,1638.7],[-120.87656716816,40.004651332274,1639.8],[-120.87665249594,40.004679914564,1638.2],[-120.87674142793,40.004705647007,1639.4],[-120.87683765218,40.004742946476,1637.8],[-120.87698777206,40.004851324484,1639.1],[-120.87705843151,40.004898598418,1643.3],[-120.87713881396,40.00492173247,1644.0],[-120.87722288445,40.004914607853,1644.8],[-120.87733872235,40.00483171083,1641.5],[-120.87742245756,40.004761554301,1638.8],[-120.87749722414,40.004706820473,1639.6],[-120.87758464739,40.004664994776,1636.5],[-120.87767994963,40.004638424143,1636.9],[-120.87777131237,40.004621660337,1637.1],[-120.87786829099,40.004605483264,1633.7],[-120.87796870619,40.004589557648,1633.4],[-120.878066523,40.004579164088,1633.1],[-120.87826433592,40.004563322291,1632.4],[-120.8783629071,40.004555527121,1632.1],[-120.87846432813,40.00455561094,1631.7],[-120.87865510024,40.004595676437,1631.1],[-120.87873891927,40.004623755813,1634.0],[-120.87880345993,40.004638088867,1633.5],[-120.87888652459,40.004651164636,1632.8],[-120.87896984071,40.004663318396,1631.9],[-120.87922280654,40.004698690027,1630.0],[-120.87927745655,40.004699444398,1629.0],[-120.87934342213,40.00469324179,1628.1],[-120.87940385565,40.004670359194,1628.1],[-120.8794133272,40.004641525447,1628.1],[-120.87936772965,40.004619481042,1625.1],[-120.87929665111,40.004603639245,1626.1],[-120.87919581681,40.004586959258,1627.1],[-120.87898383848,40.004573632032,1628.8],[-120.87878745049,40.004562400281,1630.2],[-120.87858812883,40.004521328956,1628.1],[-120.87849148549,40.004494758323,1628.5],[-120.87839702144,40.004472211003,1628.8],[-120.87817816995,40.004425188527,1625.7],[-120.87809552439,40.004415884614,1625.8],[-120.87777986191,40.004375819117,1625.1],[-120.87749856524,40.004361569881,1623.1],[-120.87738968432,40.004337262362,1618.8],[-120.87730972096,40.004296526313,1619.4],[-120.87724316865,40.004231315106,1618.1],[-120.87719874457,40.004155542701,1617.6],[-120.87718265131,40.004087649286,1617.6],[-120.87717955001,40.004013888538,1616.4],[-120.87717091665,40.003944989294,1615.5],[-120.87711945176,40.003793528304,1614.9],[-120.87706756778,40.003615077585,1612.4],[-120.87706957944,40.003431430086,1608.8],[-120.87710587308,40.003343923017,1605.6],[-120.87717234157,40.003275945783,1602.2],[-120.87726755999,40.003231773153,1599.5],[-120.87736152112,40.00321475789,1600.0],[-120.87747610174,40.003209142014,1600.9],[-120.87758271955,40.003211153671,1603.9],[-120.8779330831,40.003219619393,1604.9],[-120.87836827151,40.00321207568,1598.2],[-120.87863163091,40.003178799525,1593.6],[-120.8787782304,40.003161448985,1590.4],[-120.87888845243,40.003133201972,1590.2],[-120.87904385291,40.00308140181,1587.3],[-120.87913504802,40.003027673811,1588.2],[-120.87929187343,40.00296883285,1586.9],[-120.87941810489,40.002926168963,1586.0],[-120.87951650843,40.002894736826,1584.1],[-120.8796106372,40.002856850624,1583.7],[-120.87970686145,40.002816114575,1581.8],[-120.87981163524,40.002780575305,1581.3],[-120.87992705405,40.002755681053,1579.4],[-120.88004549034,40.00273338519,1577.7],[-120.8802148886,40.00265115872,1574.8],[-120.88029870763,40.002565998584,1573.6],[-120.8803606499,40.002484358847,1571.9],[-120.88041278534,40.002394840121,1572.6],[-120.88046290912,40.002297442406,1570.0],[-120.8805130329,40.002195183188,1571.1],[-120.88065007702,40.002030059695,1566.5],[-120.88071847335,40.001939032227,1565.5],[-120.88078670204,40.001856302842,1565.5],[-120.88086674921,40.001783631742,1564.9],[-120.88094545528,40.001714397222,1564.4],[-120.88100253604,40.001644156873,1563.5],[-120.88102357462,40.001573581249,1563.5],[-120.88101284578,40.001497389749,1563.7],[-120.88099147193,40.001413067803,1563.6],[-120.88098317385,40.001338636503,1562.6],[-120.88098191656,40.001275520772,1561.0],[-120.88099817745,40.001221876591,1561.0],[-120.88103656657,40.001172926277,1559.9],[-120.88108082302,40.001129759476,1558.1],[-120.88112834841,40.001089861616,1559.3],[-120.88118216023,40.001049544662,1557.6],[-120.88124007918,40.001009730622,1557.6],[-120.88130679913,40.000971341506,1556.9],[-120.88138760068,40.000927587971,1554.6],[-120.88158918545,40.000814180821,1551.4],[-120.88171164505,40.000744443387,1548.2],[-120.88192689233,40.000641681254,1544.6],[-120.88202705607,40.000584600493,1544.8],[-120.88210986927,40.000520143658,1545.6],[-120.88218413293,40.000451663509,1544.0],[-120.88232385926,40.000320235267,1544.9],[-120.8824966941,40.000208001584,1540.7],[-120.88258001022,40.000174054876,1538.0],[-120.88266734965,40.000155279413,1535.9],[-120.88273708709,40.000155782327,1534.8],[-120.88282467797,40.000181347132,1534.8],[-120.88290464133,40.000217221677,1534.5],[-120.88301662356,40.00025158748,1532.0],[-120.88311175816,40.000276314095,1532.0],[-120.88322080672,40.000293077901,1531.9],[-120.88332264684,40.000307746232,1531.6],[-120.88351719081,40.000346386805,1527.1],[-120.88374325074,40.000397432595,1525.7],[-120.88385523297,40.000408915803,1523.9],[-120.88394500315,40.000393074006,1522.6],[-120.88402513415,40.000374214724,1522.6],[-120.88411163539,40.000350074843,1521.0],[-120.88420324959,40.000312775373,1521.4],[-120.88429243304,40.000270865858,1519.3],[-120.88446778245,40.000162152573,1517.2],[-120.88465620764,40.000041369349,1515.5],[-120.88474891149,39.999990407377,1512.9],[-120.88483884931,39.999939026311,1512.0],[-120.88491822593,39.999876329675,1509.5],[-120.88498343714,39.99980751425,1508.8],[-120.88502677158,39.999734759331,1510.1],[-120.8850608021,39.999672565609,1509.9],[-120.88508712128,39.999632751569,1509.9],[-120.8851321321,39.9995972123,1510.1],[-120.8851872012,39.999601067975,1510.1],[-120.88525341824,39.999596793205,1508.8],[-120.88531544432,39.99957206659,1507.4],[-120.88537160307,39.999543903396,1507.4],[-120.88542474434,39.999526385218,1506.1],[-120.8855021093,39.999503502622,1504.8],[-120.88559137657,39.99945782125,1504.3],[-120.88567058556,39.99941540882,1504.3],[-120.88576655835,39.999389760196,1500.8],[-120.88593570516,39.999322453514,1499.1],[-120.88598272763,39.999267635867,1497.7],[-120.88604081422,39.999220361933,1496.3],[-120.88610904291,39.999180128798,1496.3],[-120.88618330657,39.9991418235,1495.0],[-120.8862327598,39.999012490734,1492.5],[-120.88623133488,39.998944010586,1491.8],[-120.88626075536,39.998882822692,1491.8],[-120.8863089513,39.998816940933,1489.6],[-120.88635086082,39.998742677271,1489.2],[-120.88636812754,39.998667575419,1488.7],[-120.88637969457,39.998590797186,1487.5],[-120.88640953414,39.998514186591,1486.0],[-120.88643627241,39.998440258205,1484.8],[-120.88644901291,39.99836280942,1483.8],[-120.88643191382,39.998279074207,1483.0],[-120.88643526658,39.998132809997,1482.3],[-120.88646401651,39.998073130846,1482.3],[-120.88650366291,39.998009009287,1480.1],[-120.88655001484,39.997942205518,1479.8],[-120.88660977781,39.997874060646,1477.9],[-120.88665923104,39.997797366232,1477.2],[-120.88671036065,39.99772913754,1474.5],[-120.88676492684,39.997667614371,1473.6],[-120.88680113666,39.997606510296,1472.0],[-120.88681840338,39.997540041804,1471.4],[-120.88682888076,39.997468292713,1471.0],[-120.88684472255,39.997325465083,1471.0],[-120.88687565178,39.99726427719,1469.4],[-120.88692451827,39.997206777334,1468.9],[-120.88696609251,39.997149528936,1467.6],[-120.88698528707,39.997089346871,1467.1],[-120.88698620908,39.997026734054,1467.1],[-120.88700087741,39.996982729062,1466.1],[-120.88703524321,39.996927743778,1466.1],[-120.88710246608,39.996913829818,1463.8],[-120.88719676249,39.996911315247,1462.5],[-120.88729550131,39.996921541169,1462.2],[-120.88738535531,39.996950458735,1460.6],[-120.8874694258,39.996978370473,1459.0],[-120.88755844161,39.99699421227,1457.6],[-120.8876473736,39.997018603608,1456.6],[-120.8877169434,39.997059842572,1455.4],[-120.88776622899,39.997106613591,1455.5],[-120.88788349181,39.997208705172,1453.7],[-120.88791173883,39.997279113159,1452.5],[-120.88793395087,39.997343318537,1450.6],[-120.88795297779,39.997408362105,1448.4],[-120.88795800693,39.997483799234,1446.4],[-120.88795943186,39.9975646846,1445.3],[-120.88796890341,39.997650682926,1444.9],[-120.88799270801,39.997731652111,1443.3],[-120.88804014958,39.997794432566,1443.2],[-120.88811558671,39.997841957957,1441.6],[-120.88819135912,39.997872970998,1440.0],[-120.8883211948,39.997910773382,1438.6],[-120.88841297664,39.997924519703,1437.7],[-120.88854842819,39.997950084507,1437.2],[-120.88866267353,39.997982522473,1436.7],[-120.88876987807,39.998011775315,1436.2],[-120.8888664376,39.998025521636,1436.9],[-120.88896215893,39.998014960438,1434.8],[-120.88903742842,39.99801395461,1434.0],[-120.88911646977,39.998027868569,1434.2],[-120.88920221664,39.998064748943,1433.0],[-120.8892628178,39.998106742278,1431.8],[-120.88935032487,39.998171534389,1431.0],[-120.88943305425,39.998237416148,1429.9],[-120.88948602788,39.998305896297,1429.8],[-120.88961795904,39.998476719484,1428.2],[-120.88969607837,39.998522652313,1426.5],[-120.88980169035,39.998576883227,1424.0],[-120.88991870172,39.998644525185,1423.6],[-120.89001920074,39.998696409166,1423.6],[-120.89009539224,39.998728008941,1422.6],[-120.89019446634,39.998765895143,1423.0],[-120.89028465562,39.998801853508,1421.9],[-120.8903814666,39.998835129663,1420.9],[-120.89049219154,39.998872932047,1420.9],[-120.89056033641,39.998899586499,1419.8],[-120.89065882377,39.998936047778,1418.7],[-120.89072076604,39.998955996707,1418.0],[-120.89081665501,39.998983992264,1416.9],[-120.89088362642,39.998995978385,1416.9],[-120.89096769691,39.999007796869,1415.4],[-120.89105495252,39.998999834061,1412.4],[-120.89108864777,39.998963456601,1408.5],[-120.89110163972,39.998894473538,1410.1],[-120.89107079431,39.998846026137,1413.7],[-120.89100047015,39.998798249289,1413.7],[-120.89089494199,39.998762123287,1415.1],[-120.8907932695,39.998727506027,1415.9],[-120.89073040523,39.998674867675,1415.9],[-120.89066108689,39.998583756387,1415.3],[-120.89060107246,39.998510666192,1415.2],[-120.89052789845,39.998439922929,1413.8],[-120.89047257788,39.998378232121,1413.9],[-120.89042681269,39.998286115006,1414.0],[-120.89041683823,39.998215790838,1414.0],[-120.89043075219,39.998137168586,1412.6],[-120.89047936723,39.998072879389,1409.7],[-120.89054675773,39.998014625162,1407.6],[-120.89062068611,39.997956957668,1407.6],[-120.89071447961,39.997901888564,1406.6],[-120.89080114849,39.997873641551,1405.3],[-120.89092972688,39.99783391133,1402.1],[-120.89103215374,39.997796108946,1398.9],[-120.89113701135,39.997760485858,1395.6],[-120.89124195278,39.997725030407,1394.8],[-120.89135183953,39.997689742595,1392.5],[-120.89145007543,39.997647413984,1391.6],[-120.89151243679,39.997576251626,1388.1],[-120.8915380016,39.997504753992,1390.1],[-120.89155443013,39.997408697382,1391.5],[-120.89158158749,39.99730492942,1389.2],[-120.89162349701,39.997225720435,1389.8],[-120.891667502,39.997141985223,1386.4],[-120.89169809595,39.997069984674,1385.7],[-120.89171259664,39.996971581131,1384.1],[-120.89171553031,39.996881810948,1382.6],[-120.89169725776,39.996803691611,1381.4],[-120.8916551806,39.996724063531,1381.3],[-120.89158963412,39.996629096568,1379.0],[-120.89152249508,39.996551983058,1380.0],[-120.8914543502,39.996475121006,1378.0],[-120.89138863608,39.996394151822,1376.0],[-120.89127606712,39.99624713324,1372.1],[-120.89121630415,39.996177982539,1369.9],[-120.89114765637,39.996098941192,1371.6],[-120.89109342545,39.996025767177,1371.8],[-120.8910632506,39.99595108442,1370.5],[-120.89104732499,39.995877910405,1369.8],[-120.89104380459,39.995812112466,1369.8],[-120.89104673825,39.99574245885,1369.6],[-120.89107464999,39.99558320269,1369.7],[-120.89115033858,39.995454037562,1367.9],[-120.89117632248,39.995381617919,1367.2],[-120.8911878895,39.995292183012,1366.4],[-120.89120842516,39.995199562982,1363.6],[-120.89121513069,39.995140554383,1363.2],[-120.89121974073,39.995064781979,1363.0],[-120.89122066274,39.995005270466,1363.0],[-120.89121923782,39.994956823066,1363.0],[-120.89123214595,39.994898904115,1363.0],[-120.89126156643,39.994828244671,1363.0],[-120.89127833024,39.994774768129,1363.0],[-120.89132032357,39.994676448405,1361.5],[-120.89133960195,39.994626240805,1361.5],[-120.89134060778,39.994570501149,1361.0],[-120.89131236076,39.99453663826,1361.0],[-120.89126064442,39.994505206123,1359.2],[-120.89118981734,39.994477462023,1360.8],[-120.89111060835,39.994456674904,1362.3],[-120.89102938771,39.99443186447,1362.3],[-120.89094766416,39.994391296059,1359.8],[-120.89077239856,39.99432021752,1356.3],[-120.89066796005,39.994311667979,1357.0],[-120.89059797116,39.994310075417,1357.6],[-120.89054591954,39.994311919436,1358.2],[-120.89049017988,39.994304375723,1358.2],[-120.89035690762,39.99428124167,1358.7],[-120.89028465562,39.994278894737,1358.7],[-120.89021625929,39.994282331318,1358.8],[-120.89016269892,39.994296077639,1358.8],[-120.89011517353,39.99431158416,1358.8],[-120.89006873779,39.994329102337,1362.7],[-120.89003554545,39.99434360303,1362.7],[-120.88998743333,39.994347961619,1362.9],[-120.88992088102,39.994338154793,1362.9],[-120.889865309,39.994336143136,1363.3],[-120.88982046582,39.994347710162,1363.3],[-120.88977268897,39.994353577495,1364.2],[-120.88967252523,39.994330359623,1365.5],[-120.88963204063,39.99433580786,1366.7],[-120.88959633373,39.994329689071,1366.7],[-120.88955936953,39.994304124266,1361.5],[-120.8895204775,39.994265232235,1363.4],[-120.88948527351,39.994220975786,1357.2],[-120.88940002955,39.994179820642,1359.3],[-120.88935057633,39.994174456224,1361.1],[-120.88929399848,39.994165319949,1361.1],[-120.8892434556,39.994144868106,1362.4],[-120.88919584639,39.994119554758,1356.1],[-120.8891465608,39.994096755981,1356.0],[-120.88904539123,39.994075046852,1355.7],[-120.88900968432,39.994062306359,1356.4],[-120.88898940012,39.994045626372,1352.2],[-120.88898068294,39.994007488713,1352.2],[-120.88897682726,39.993961304426,1350.0],[-120.88896366768,39.993924340233,1350.0],[-120.88894858025,39.993886034936,1350.0],[-120.8889492508,39.993857787922,1347.4],[-120.88895394467,39.993827445433,1347.4],[-120.88890583254,39.993660310283,1345.8],[-120.88889141567,39.993585543707,1342.6],[-120.88885973208,39.99352469109,1342.6],[-120.88881623,39.993470711634,1343.4],[-120.88872201741,39.993368368596,1343.4],[-120.88866745122,39.993323944509,1343.4],[-120.88860400021,39.993269629776,1342.6],[-120.88853543624,39.993227049708,1346.7],[-120.88847567327,39.993190672249,1341.8],[-120.8884211909,39.993151025847,1345.4],[-120.88835991919,39.99311179854,1341.0],[-120.88830191642,39.993063770235,1343.8],[-120.88825263083,39.993025548756,1341.3],[-120.88820284232,39.992983723059,1341.3],[-120.88815598749,39.992951117456,1343.6],[-120.88810234331,39.992933096364,1338.9],[-120.88805590756,39.992926474661,1340.7],[-120.8879851643,39.992913147435,1340.7],[-120.88793545961,39.992895545438,1342.3],[-120.88785977103,39.992876602337,1344.3],[-120.88779766113,39.992866124958,1346.8],[-120.88774234056,39.992853133008,1346.8],[-120.88769037277,39.99283041805,1342.5],[-120.88763111271,39.992797141895,1342.5],[-120.88757168502,39.992763949558,1344.6],[-120.8875178732,39.992728745565,1340.9],[-120.88747160509,39.99269974418,1340.9],[-120.88742382824,39.992681471631,1342.7],[-120.88737437502,39.992666300386,1342.7],[-120.88733606972,39.992651883513,1339.3],[-120.88729256764,39.992635119706,1339.3],[-120.88724353351,39.992615254596,1340.9],[-120.88719072752,39.992600502446,1340.9],[-120.88713641278,39.992579044774,1342.7],[-120.88708419353,39.992551049218,1337.9],[-120.88696852326,39.992506625131,1339.1],[-120.88686701842,39.992477539927,1340.4],[-120.88683231734,39.99247033149,1335.5],[-120.88672377169,39.992478294298,1340.8],[-120.88664548472,39.992488687858,1341.2],[-120.88650265709,39.992482652888,1341.5],[-120.88643786497,39.99247988686,1341.5],[-120.88637567125,39.992482904345,1340.8],[-120.88631087914,39.992490531877,1340.8],[-120.88624441065,39.992501679808,1340.0],[-120.88610569015,39.992517270148,1338.1],[-120.88602379896,39.992503775284,1337.0],[-120.88594945148,39.99250235036,1337.0],[-120.88587979786,39.992509474978,1335.7],[-120.88580494747,39.992509474978,1334.3],[-120.88573512621,39.992488939315,1333.2],[-120.88566237129,39.992450717837,1327.7],[-120.88559003547,39.992400845513,1327.4],[-120.88551803492,39.992287606001,1325.0],[-120.88551468216,39.992254078388,1322.5],[-120.88551417924,39.992236308753,1322.5],[-120.88551359251,39.992230609059,1322.5],[-120.88551996276,39.99222792685,1322.5],[-120.88553094305,39.992238488048,1322.5],[-120.88553287089,39.992249719799,1322.5],[-120.88553194888,39.992265813053,1322.5],[-120.88553890586,39.992267908528,1321.8],[-120.88554142043,39.992277966812,1324.8],[-120.88554343209,39.992287103087,1324.8],[-120.88554209098,39.992304285988,1324.8],[-120.88553974405,39.992305459455,1324.8],[-120.88554267772,39.992312164977,1324.8],[-120.88554527611,39.992319624871,1324.8],[-120.88554795831,39.992324570194,1324.8],[-120.88554594666,39.992329347879,1324.8],[-120.88555223309,39.99232750386,1324.8],[-120.88556237519,39.992330269888,1324.8],[-120.88556732051,39.992334544659,1324.8],[-120.88555952534,39.992325156927,1324.8],[-120.8855663985,39.992291629314,1324.8],[-120.88556882925,39.992285175249,1324.8],[-120.8855663985,39.992279307917,1321.8],[-120.88555910625,39.992268411443,1321.8],[-120.88555022143,39.99225223437,1321.8],[-120.8855443541,39.992241086438,1322.5],[-120.88554510847,39.992231279612,1322.5],[-120.88554183953,39.992219125852,1322.5],[-120.88553437963,39.992202697322,1322.5],[-120.88553211652,39.992185598239,1320.0],[-120.8855320327,39.992176545784,1320.0],[-120.88553287089,39.992172857746,1320.0],[-120.88553010486,39.992167577147,1320.0],[-120.88553781621,39.992173109204,1320.0],[-120.88554125279,39.992168834433,1320.0],[-120.88553312235,39.992156010121,1320.0],[-120.88552700356,39.992140838876,1320.0],[-120.8855218906,39.992123991251,1320.0],[-120.88551275432,39.99212231487,1320.0],[-120.88551401161,39.992120219395,1320.0],[-120.88553186506,39.992106053978,1320.0],[-120.8855474554,39.992094067857,1318.3],[-120.88565122336,39.991990635172,1315.8],[-120.88579514064,39.991856105626,1309.5],[-120.88587099686,39.991765078157,1308.9],[-120.88603452779,39.991607414559,1308.0],[-120.88609068654,39.991562403738,1308.0],[-120.88622739539,39.991481853649,1302.9],[-120.88630300015,39.991443296894,1302.6],[-120.8863732405,39.991398872808,1302.6],[-120.88653207757,39.991306588054,1299.7],[-120.88659837842,39.991245148703,1299.8],[-120.88666828349,39.991196282208,1297.1],[-120.8867334947,39.991159653291,1299.7],[-120.88681949303,39.991093855351,1296.4],[-120.88688747026,39.991037864238,1295.1],[-120.8870343212,39.990927893668,1291.4],[-120.88709986769,39.990880787373,1293.1],[-120.88717387989,39.990826388821,1292.1],[-120.88724881411,39.990787999704,1295.4],[-120.8873060625,39.990750951692,1295.3],[-120.88733095676,39.990728069097,1295.3],[-120.8873412665,39.990703007206,1298.6],[-120.88733975776,39.990689763799,1298.6],[-120.88733472861,39.990679705516,1298.6],[-120.88733045384,39.990673335269,1298.6],[-120.88733816519,39.990672161803,1298.6],[-120.88734336197,39.990662522614,1298.6],[-120.88735392317,39.99064902775,1298.6],[-120.88736398146,39.990628324449,1298.6],[-120.88736817241,39.990596305579,1302.5],[-120.88743522763,39.990499746054,1303.6],[-120.88747168891,39.990464961156,1303.6],[-120.88751737028,39.990440653637,1301.3],[-120.88757235557,39.990424895659,1300.8],[-120.8876350522,39.990408048034,1300.8],[-120.88770017959,39.990387512371,1298.3],[-120.88793328032,39.990288186818,1293.9],[-120.88800737634,39.990243678913,1294.4],[-120.88806361891,39.990197829902,1291.7],[-120.88810125366,39.990147035569,1296.3],[-120.88814651594,39.990102946758,1293.5],[-120.88821575046,39.99006472528,1290.9],[-120.88838665746,39.989979816601,1291.6],[-120.88846712373,39.989930614829,1291.0],[-120.88854423724,39.989887196571,1286.1],[-120.88861456141,39.98984226957,1283.2],[-120.88866292499,39.989790888503,1283.2],[-120.88869838044,39.989742022008,1282.1],[-120.88872495107,39.989689635113,1282.1],[-120.88873819448,39.989638002589,1288.3],[-120.88876174763,39.989579329267,1293.5],[-120.88880994357,39.989528199658,1293.5],[-120.88886501268,39.989488050342,1293.1],[-120.88893164881,39.989468352869,1298.0],[-120.88900851086,39.98947262764,1296.6],[-120.88907221332,39.989486206323,1294.9],[-120.88917355053,39.98950380832,1288.2],[-120.88933347724,39.989513531327,1283.3],[-120.88939399458,39.989515710622,1283.3],[-120.88945107535,39.989506239071,1279.6],[-120.88949281722,39.989470699802,1278.0],[-120.88954428211,39.989421246573,1278.0],[-120.88957152329,39.989357544109,1280.9],[-120.88958887383,39.989307168871,1280.7],[-120.88961049914,39.98926140368,1280.7],[-120.88964872062,39.989191833884,1285.3],[-120.88970018551,39.989144811407,1281.0],[-120.88976363651,39.989102063701,1285.4],[-120.8898252435,39.989058561623,1281.1],[-120.88988081552,39.98901556246,1280.2],[-120.88994041085,39.988974491134,1280.2],[-120.89000461623,39.988929312676,1278.7],[-120.89006647468,39.988874746487,1273.0],[-120.89011819102,39.988815486431,1276.0],[-120.89015699923,39.988753460348,1270.8],[-120.89018558152,39.988690344617,1273.1],[-120.89020058513,39.98861993663,1275.8],[-120.89021382853,39.988552629948,1278.7],[-120.89025012217,39.988489178941,1276.2],[-120.89038431644,39.98839144595,1279.3],[-120.89056553319,39.988322462887,1282.2],[-120.89066033252,39.988301089033,1280.7],[-120.89075295255,39.988280134276,1284.1],[-120.89083853178,39.988266471773,1282.2],[-120.89095185511,39.988241745159,1280.5],[-120.89128419757,39.988174941391,1275.6],[-120.89138134383,39.988171001896,1272.2],[-120.89148217812,39.988187681884,1265.7],[-120.89155644178,39.988196147606,1261.4],[-120.89162517339,39.988191537559,1261.4],[-120.89168367907,39.988158429042,1260.8],[-120.89173899963,39.98810227029,1257.0],[-120.89178250171,39.987976625562,1260.6],[-120.89179155417,39.987941673025,1260.6],[-120.89181418531,39.987890627235,1262.1],[-120.89186154306,39.98776121065,1261.1],[-120.89188434184,39.987700441852,1265.5],[-120.89193010703,39.987651742995,1262.3],[-120.89198224247,39.987605474889,1268.0],[-120.89203664102,39.987573539838,1264.7],[-120.89208919555,39.987551663071,1264.7],[-120.89217368513,39.987513860688,1266.3],[-120.89225180447,39.987473962829,1261.9],[-120.89232087135,39.987426353619,1259.9],[-120.89242044836,39.987335577607,1256.9],[-120.89245380834,39.987272042781,1256.9],[-120.89247015305,39.987215297297,1258.4],[-120.8924725838,39.987158551812,1258.8],[-120.89247987606,39.98710071668,1253.0],[-120.89248507284,39.987036008388,1253.4],[-120.89247736149,39.986967360601,1253.7],[-120.89247057214,39.986899467185,1259.7],[-120.89247828349,39.986832579598,1254.2],[-120.89249705896,39.986760243773,1254.9],[-120.89255154133,39.986610962078,1255.8],[-120.89259571396,39.986529238522,1250.9],[-120.89264969341,39.986443407834,1252.7],[-120.89273812249,39.986269483343,1251.3],[-120.89277659543,39.986179377884,1248.7],[-120.89281599037,39.986101845279,1251.7],[-120.89286460541,39.986037807539,1250.2],[-120.8929209318,39.98597712256,1250.2],[-120.89296753518,39.985912162811,1248.4],[-120.89299410582,39.985846281052,1250.3],[-120.89300173335,39.985787272453,1250.3],[-120.89298983105,39.985701777041,1250.4],[-120.89295077138,39.985613767058,1249.1],[-120.89290743694,39.985545454547,1250.7],[-120.89286996983,39.985474627465,1248.3],[-120.89284272864,39.985399441794,1247.1],[-120.89285572059,39.985251920298,1247.1],[-120.89288606308,39.985169358552,1247.8],[-120.89292436838,39.98509333469,1248.5],[-120.89298094623,39.985022842884,1245.2],[-120.89304875582,39.984956877306,1242.7],[-120.89320926927,39.98483014293,1240.2],[-120.89331253432,39.984791334718,1237.5],[-120.89341043495,39.984751855955,1238.7],[-120.89360347018,39.984681615606,1237.5],[-120.89369349182,39.984632330015,1234.8],[-120.89379013516,39.984595365822,1236.1],[-120.89389490895,39.984576338902,1233.3],[-120.89400630444,39.984552785754,1230.7],[-120.89409423061,39.98453065753,1228.1],[-120.89419079013,39.984489502385,1228.3],[-120.89423923753,39.984451783821,1225.3],[-120.89428156614,39.984421273693,1225.3],[-120.89433018118,39.984385818243,1224.9],[-120.89437636547,39.984334856272,1224.9],[-120.89441777207,39.984271405265,1224.2],[-120.89445163496,39.984205607325,1226.3],[-120.89452698827,39.984069485217,1224.5],[-120.89459504932,39.9839099776,1220.9],[-120.89461726137,39.983808808029,1219.7],[-120.894724885,39.983526086435,1215.4],[-120.89474407956,39.983446290717,1215.3],[-120.89476042427,39.983334224671,1215.8],[-120.89475145563,39.983256272972,1216.3],[-120.89471315034,39.983189469203,1216.6],[-120.89466227219,39.983140099794,1218.1],[-120.89460225776,39.983107578009,1218.0],[-120.89455012232,39.983092574403,1220.6],[-120.8945139125,39.983086958528,1220.6],[-120.89449874125,39.983084863052,1220.6],[-120.8944998309,39.983077822253,1220.6],[-120.89450963773,39.98306508176,1220.6],[-120.89462706819,39.983003977686,1217.4],[-120.89473527856,39.982991572469,1216.9],[-120.89485220611,39.982989309356,1216.9],[-120.89497894049,39.982980005443,1217.6],[-120.89524229988,39.98296558857,1218.8],[-120.89536157437,39.982969611883,1219.3],[-120.89548093267,39.982960140333,1219.6],[-120.89560205117,39.982958799228,1219.7],[-120.89582936838,39.982953518629,1220.1],[-120.895935148,39.98296299018,1220.1],[-120.89603413828,39.982988471165,1219.7],[-120.89613916352,39.983022501692,1219.3],[-120.89638777077,39.983117133379,1213.7],[-120.89659111574,39.983202796429,1208.3],[-120.89682245627,39.983237497509,1200.1],[-120.89692370966,39.98323213309,1198.4],[-120.89702311903,39.98321486637,1200.7],[-120.89709889144,39.983209334314,1198.9],[-120.89720844291,39.983206316829,1197.0],[-120.8973030746,39.983223667368,1195.2],[-120.89738546871,39.983239173889,1190.0],[-120.89746836573,39.983244705945,1188.3],[-120.89755687863,39.983245879412,1186.7],[-120.89774513617,39.983233641833,1183.6],[-120.89780624025,39.983224757016,1183.6],[-120.89782417752,39.983218554407,1186.6],[-120.89782702737,39.983214698732,1186.6],[-120.89784370735,39.983212184161,1186.6],[-120.89792182669,39.983196845278,1185.2],[-120.89798167348,39.983181422576,1185.2],[-120.89813145809,39.983141021803,1183.4],[-120.89822340757,39.98311621137,1188.1],[-120.89831653051,39.983103051782,1187.9],[-120.89841652662,39.983114870265,1187.6],[-120.89853060432,39.983133058995,1182.7],[-120.89865247719,39.983144206926,1182.3],[-120.8987758588,39.983143284917,1180.8],[-120.89899814688,39.983122581616,1184.6],[-120.89910032228,39.983128951862,1178.2],[-120.89919931255,39.983133394271,1176.9],[-120.899413554,39.983139429241,1173.1],[-120.89952377602,39.983136663213,1170.5],[-120.89972024783,39.983101375401,1169.0],[-120.89979660697,39.983055694029,1167.6],[-120.89988201857,39.983003726229,1170.7],[-120.89996416122,39.982947232202,1168.8],[-120.90002627112,39.982891492546,1172.3],[-120.90010514483,39.982816306874,1172.7],[-120.90015635826,39.982762914151,1172.5],[-120.90020924807,39.982741037384,1172.5],[-120.9002547618,39.982742881402,1170.6],[-120.90028292499,39.98277163133,1168.7],[-120.90023129247,39.982904568315,1168.2],[-120.90016541071,39.982975898311,1164.7],[-120.90007706545,39.983051670715,1162.6],[-120.89998821728,39.983119480312,1164.2],[-120.89990934357,39.983174800873,1161.3],[-120.89985393919,39.983241353184,1157.7],[-120.89980096556,39.98329793103,1157.7],[-120.89973801747,39.983336571604,1155.3],[-120.89967481792,39.983384180814,1159.4],[-120.89959418401,39.983415110037,1154.4],[-120.89949276298,39.983438411728,1157.2],[-120.89938145131,39.983457857743,1160.1],[-120.89927064255,39.983472777531,1160.6],[-120.89914399199,39.983486775309,1161.1],[-120.89903117158,39.983507059515,1156.3],[-120.89892933145,39.983540000394,1157.0],[-120.89872104116,39.983606887981,1152.9],[-120.89859405532,39.983646450564,1153.4],[-120.89848659933,39.983670841902,1153.8],[-120.89842490852,39.983717864379,1150.7],[-120.89840269648,39.983782069758,1147.0],[-120.89837268926,39.983853315935,1148.0],[-120.89832348749,39.983918778598,1144.6],[-120.89825090021,39.983992623165,1142.6],[-120.89817470871,39.984051631764,1143.7],[-120.89808418415,39.984109885991,1141.5],[-120.89799307287,39.984168643132,1138.8],[-120.8978998661,39.984203847125,1139.9],[-120.89780590497,39.984245505184,1136.9],[-120.89770440012,39.984308537096,1138.3],[-120.89759878814,39.984364612028,1135.2],[-120.89737214148,39.984474498779,1133.4],[-120.89720651507,39.984578937292,1129.6],[-120.89711674489,39.984642220661,1124.3],[-120.89701976627,39.984714472666,1120.2],[-120.89691784233,39.984699971974,1125.1],[-120.89681801386,39.984647585079,1126.3],[-120.89675825089,39.984645238146,1128.1],[-120.89678750373,39.98464406468,1128.1],[-120.89682488702,39.984678849578,1126.3],[-120.89684835635,39.984725872055,1121.9],[-120.89685413986,39.984779600054,1121.9],[-120.89684877545,39.984837435186,1119.2],[-120.89681097306,39.984978670254,1119.4],[-120.8967798762,39.985070200637,1118.3],[-120.89674073271,39.985170867294,1115.0],[-120.89667912573,39.985262230039,1118.3],[-120.89664123952,39.985350910574,1116.9],[-120.89663486928,39.985442105681,1115.4],[-120.89664492756,39.985530870035,1114.1],[-120.89667510241,39.985600858927,1113.0],[-120.89672396891,39.985649725422,1112.8],[-120.89677132666,39.985677469522,1112.5],[-120.89683829807,39.985686019063,1113.1],[-120.89690535329,39.985660873353,1114.0],[-120.89703829028,39.985584011301,1111.5],[-120.89709025808,39.985536821187,1109.6],[-120.89711682871,39.985469933599,1110.6],[-120.89715387672,39.985371027142,1108.9],[-120.89719729498,39.985291734338,1108.1],[-120.89724163525,39.985230211169,1106.6],[-120.89727994055,39.985168855637,1105.3],[-120.89732394554,39.98511236161,1105.3],[-120.89743148535,39.985001217574,1104.3],[-120.89749803767,39.98493919149,1104.3],[-120.89758579619,39.984903400764,1102.9],[-120.89769392274,39.984868951142,1105.4],[-120.89779903181,39.984830562025,1103.3],[-120.89788704179,39.984791502357,1108.6],[-120.89795476757,39.984748587012,1106.1],[-120.89802190661,39.984712125733,1110.9],[-120.89811058715,39.984676167369,1108.1],[-120.89817638509,39.984642639756,1108.1],[-120.89835047722,39.98456871137,1110.3],[-120.89848936535,39.984482461587,1112.2],[-120.89855499566,39.984465194866,1109.9],[-120.89877032675,39.98445010744,1104.1],[-120.89888423681,39.984455974773,1100.8],[-120.8990083728,39.984455136582,1098.0],[-120.89913745411,39.984454130754,1095.8],[-120.89926276356,39.984455807135,1095.2],[-120.89937943965,39.984475504607,1094.8],[-120.89949494228,39.984502494335,1094.8],[-120.89961128309,39.984517246485,1094.8],[-120.89971949346,39.984539709985,1091.4],[-120.8998046536,39.984577009454,1090.9],[-120.8999037277,39.984629144892,1090.3],[-120.89998880401,39.984645824879,1086.5],[-120.90009257197,39.984654374421,1085.8],[-120.90020044707,39.98466652818,1084.2],[-120.90032869019,39.984665941447,1082.7],[-120.90042617172,39.98463794589,1081.2],[-120.90051149949,39.984614811838,1082.7],[-120.90063655749,39.984580362216,1081.3],[-120.90070160106,39.984548762441,1080.0],[-120.90077661909,39.984473660588,1080.7],[-120.90084023774,39.984410377219,1081.5],[-120.90093688108,39.98438263312,1080.5],[-120.90104492381,39.984384896234,1079.3],[-120.90113494545,39.984389925376,1078.1],[-120.90124776587,39.984379447997,1076.8],[-120.90133979917,39.984342986718,1077.1],[-120.90145069174,39.984288588166,1075.5],[-120.90156334452,39.984249360859,1074.0],[-120.90165914968,39.984234105796,1072.4],[-120.90179149993,39.98421465978,1071.0],[-120.90193072334,39.984173085541,1068.5],[-120.90204446577,39.984125643969,1068.9],[-120.90215535834,39.984079459682,1067.6],[-120.90224269778,39.98403025791,1068.5],[-120.90230656788,39.984000334516,1068.5],[-120.90238753706,39.983967225999,1070.1],[-120.90243556537,39.983952054754,1069.3],[-120.90249155648,39.983950462192,1068.5],[-120.90252441354,39.983963202685,1068.5],[-120.90256774798,39.983980637044,1068.5],[-120.90260379016,39.98400343582,1063.7],[-120.90265877545,39.984044004232,1063.7],[-120.90267126448,39.984110724181,1061.6],[-120.90262650512,39.984149532393,1061.6],[-120.90258954093,39.984193285927,1062.1],[-120.90251125395,39.984321529046,1064.0],[-120.90248510242,39.984345082194,1064.3],[-120.90248560533,39.984344746917,1064.3],[-120.90251645073,39.984320523217,1064.0],[-120.90254788287,39.984312225133,1064.0],[-120.90260337107,39.984303424135,1063.5],[-120.90262985788,39.984304765239,1063.5],[-120.90266204439,39.984315913171,1063.5],[-120.90267411433,39.984320774674,1063.5],[-120.90269347653,39.98432287015,1062.8],[-120.90271325782,39.984322115779,1062.8],[-120.90272063389,39.984320607036,1062.8],[-120.90271686204,39.984319014475,1062.8],[-120.9027135931,39.984319014475,1062.8],[-120.90271040797,39.984316248447,1062.8],[-120.90271191671,39.984316499904,1062.8],[-120.90274075046,39.984305854887,1062.8],[-120.90279447846,39.984281798825,1062.0],[-120.90283613652,39.984266795218,1061.0],[-120.90298600495,39.984229328111,1060.5],[-120.90304752812,39.984213653952,1060.5],[-120.90327786282,39.984175013378,1059.7],[-120.90336679481,39.984160596505,1059.1],[-120.90345581062,39.984144335613,1058.5],[-120.90363007039,39.984100330621,1057.5],[-120.90372822247,39.984082644805,1055.5],[-120.90394707397,39.984060935676,1054.7],[-120.90404715389,39.984051296487,1054.4],[-120.90413918719,39.984046351165,1054.0],[-120.90421311557,39.984035119414,1053.8],[-120.90428109281,39.984017936513,1053.6],[-120.90436063707,39.984004776925,1053.4],[-120.9044413548,39.98399304226,1053.4],[-120.90451905504,39.983976529911,1052.5],[-120.90458828956,39.9839619454,1052.5],[-120.90467034839,39.983955239877,1052.5],[-120.90488467366,39.983954904601,1052.3],[-120.90498525649,39.983942415565,1052.1],[-120.905079972,39.983928333968,1052.0],[-120.90516932309,39.983904026449,1051.9],[-120.90532799251,39.983862703666,1050.4],[-120.90540770441,39.98384074308,1049.8],[-120.90546411462,39.983846191317,1049.6],[-120.90549387038,39.983869073913,1049.6],[-120.90549789369,39.983868319541,1049.6],[-120.90550619178,39.983869995922,1049.6],[-120.90552530251,39.983872175217,1049.6],[-120.90553267859,39.983872342855,1049.6],[-120.90554097667,39.983869493008,1049.6],[-120.90554231778,39.983866391703,1049.6],[-120.90554156341,39.983866140246,1049.6],[-120.90555631556,39.983854657039,1049.6],[-120.90555153787,39.983802521601,1049.6],[-120.90555924922,39.983796151355,1050.0],[-120.90556696057,39.983786931261,1050.0],[-120.90558699332,39.983785003424,1050.0],[-120.90560694225,39.983787350357,1050.0],[-120.90562311932,39.983794307336,1050.0],[-120.90562798083,39.983794558793,1050.0],[-120.90563912876,39.983789948747,1050.0],[-120.90566502884,39.983786093071,1050.5],[-120.90566754341,39.98377670534,1050.5],[-120.90570618398,39.983742674813,1049.6],[-120.90572521091,39.983678301796,1049.6],[-120.90567776933,39.983545448631,1047.3],[-120.90566921979,39.983468251303,1045.8],[-120.90570727363,39.983343947679,1043.9],[-120.90573350899,39.983265157789,1040.6],[-120.90575907379,39.983203886077,1038.0],[-120.9057934396,39.983156193048,1038.0],[-120.90583191253,39.98311445117,1036.2],[-120.90587583371,39.983067177236,1036.2],[-120.90590852313,39.983018059283,1034.4],[-120.90594490059,39.982990985736,1034.5],[-120.90597264469,39.982990482822,1034.5],[-120.90599183924,39.982986208051,1034.5],[-120.90597633272,39.982935581356,1034.5],[-120.90594020672,39.982878332958,1033.0],[-120.90587885119,39.982778085396,1033.1],[-120.9058881551,39.982723435387,1032.7],[-120.90591665357,39.982680184767,1032.7],[-120.9059198387,39.982637688518,1032.3],[-120.90592277236,39.982606926933,1032.3],[-120.90592763387,39.982565101236,1032.3],[-120.90593735687,39.982520341873,1031.3],[-120.90595797636,39.982408443466,1030.8],[-120.90596401133,39.982276763767,1030.0],[-120.90595311485,39.982215324417,1029.1],[-120.90593123809,39.982154555619,1028.3],[-120.90581598692,39.981928998604,1028.6],[-120.9057652764,39.981852974743,1027.5],[-120.90571305715,39.981764126569,1027.5],[-120.90567022562,39.981670500711,1025.9],[-120.90559311211,39.981411332265,1024.3],[-120.90557425283,39.981352239847,1024.3],[-120.90549487621,39.981219470501,1024.4],[-120.90545288287,39.981152750552,1024.5],[-120.90541801415,39.981086365879,1024.5],[-120.90535431169,39.980865838006,1024.6],[-120.90533344075,39.980789897963,1024.8],[-120.90527895838,39.980662828311,1024.9],[-120.90522740968,39.980531819165,1024.9],[-120.90516018681,39.980390584096,1027.5],[-120.90513738804,39.980317912996,1027.0],[-120.90509246103,39.980181204155,1026.5],[-120.9050751105,39.980105347931,1026.2],[-120.90503202751,39.979908457026,1027.0],[-120.90500478633,39.979763701558,1026.1],[-120.90498751961,39.979692120105,1026.1],[-120.90491434559,39.97950210236,1027.2],[-120.90488685295,39.979447452351,1028.7],[-120.90487360954,39.979385845363,1028.4],[-120.90488609858,39.979250812903,1028.1],[-120.90490018018,39.979189373553,1026.0],[-120.90490579605,39.979128940031,1026.0],[-120.90490537696,39.979072194546,1025.9],[-120.90489825234,39.979010839015,1025.7],[-120.90488291346,39.978973791003,1027.0],[-120.90486790985,39.978935234249,1026.6],[-120.90483790264,39.978827107698,1026.3],[-120.90484024957,39.978742366657,1026.2],[-120.90483924374,39.978587469086,1026.1],[-120.90479289182,39.97835596092,1027.6],[-120.90477051213,39.978295024484,1027.6],[-120.90475140139,39.978234171867,1027.4],[-120.90467512608,39.977956311777,1028.6],[-120.90465425514,39.977885233238,1028.3],[-120.90461888351,39.977811137214,1029.7],[-120.90458812192,39.977752212435,1029.7],[-120.90456800535,39.977702172473,1029.3],[-120.90453917161,39.977660430595,1030.6],[-120.90450103395,39.977617263794,1030.0],[-120.90447404422,39.977571163327,1030.0],[-120.90445694514,39.977524392307,1029.6],[-120.90439793654,39.977378631011,1030.1],[-120.90433641337,39.977224152535,1030.1],[-120.90432442725,39.977180650458,1030.1],[-120.90430514887,39.977125665173,1029.8],[-120.9042836912,39.977067494765,1029.6],[-120.90425980277,39.977009408176,1030.5],[-120.9042365849,39.976952243596,1030.3],[-120.90420917608,39.97688963078,1030.1],[-120.90417682193,39.976822659373,1030.1],[-120.90415142477,39.976761806756,1031.0],[-120.90412326157,39.976700283587,1031.0],[-120.90409627184,39.976631468162,1031.0],[-120.90407573618,39.976566592231,1032.2],[-120.90406307951,39.976503811777,1032.2],[-120.90405754745,39.976449329406,1032.2],[-120.90405168012,39.97639962472,1032.6],[-120.90405184776,39.976341119036,1032.6],[-120.90406198986,39.976295689121,1032.8],[-120.90408872813,39.976241374388,1031.7],[-120.90414446779,39.976191502064,1032.3],[-120.90421621688,39.976144814864,1031.8],[-120.90429978445,39.976100726053,1030.8],[-120.90438603424,39.976042807102,1030.8],[-120.90449080803,39.975974997506,1030.1],[-120.90458879247,39.975926214829,1030.8],[-120.90465350077,39.975896794349,1030.2],[-120.90473153628,39.975849436596,1031.5],[-120.90480705723,39.975778860971,1032.3],[-120.90484955348,39.97577894479,1031.7],[-120.90488391928,39.975774753839,1031.7],[-120.90489188209,39.975775843486,1031.7],[-120.90490210801,39.975769640878,1031.7],[-120.90491736308,39.975775089115,1031.7],[-120.90492297895,39.975779196247,1031.1],[-120.9049311094,39.975780369714,1031.1],[-120.90492817573,39.975777938962,1031.1],[-120.90493722819,39.9757798668,1031.1],[-120.9049469512,39.975783387199,1031.1],[-120.90494326316,39.975780537352,1031.1],[-120.90496690013,39.975786823779,1030.1],[-120.90496161953,39.97578766197,1030.1],[-120.90498198755,39.975800821558,1030.1],[-120.90498240665,39.975803922862,1030.1],[-120.90498433448,39.975799145177,1030.1],[-120.90500637889,39.9758040905,1030.1],[-120.90500428341,39.975807778537,1030.1],[-120.90501283295,39.975810712203,1029.6],[-120.90501643717,39.975813059136,1029.6],[-120.90502129868,39.975802581757,1029.6],[-120.90502305888,39.975799480453,1029.6],[-120.90503630228,39.975797468796,1029.6],[-120.90504040942,39.975796882063,1029.6]]}}
