{"type":"Feature","properties":{"name":"Indian Falls + Acorn Grotto","sourceLabel":"Trailforks ride log","sourceUrl":"https://www.trailforks.com/ridelog/view/89050236/","retrievedAt":"2026-09-28","gpxSha256":"cd4248e7dee040a869bca05d9b3d2e1b3113965334d6f577b8016516bb181351","dataUsePolicy":"https://www.trailforks.com/about/data/","licenseNote":"Downloaded through the source page export. No agreement checkbox was presented for this ride-log or route-plan export. Trailforks attribution retained; commercial permission has not been established.","elevationSource":"Original GPX recording"},"geometry":{"type":"LineString","coordinates":[[-120.97035530023,40.04460375756,1158.4],[-120.97036737017,40.044665113091,1159.1],[-120.97038832493,40.044655306265,1156.8],[-120.97041388974,40.044651618227,1156.8],[-120.97042797133,40.044646253809,1156.8],[-120.97043484449,40.044641224667,1156.8],[-120.97044138238,40.044638542458,1156.8],[-120.97044817172,40.044629154727,1156.2],[-120.97045035101,40.044629406184,1156.2],[-120.9704551287,40.044608870521,1156.2],[-120.97049226053,40.044610630721,1154.2],[-120.97050793469,40.044614821672,1154.2],[-120.97051966935,40.044617839158,1154.2],[-120.97050097771,40.044636530802,1154.2],[-120.97049963661,40.044638793916,1154.2],[-120.97049837932,40.044642481953,1154.2],[-120.97049745731,40.044644158334,1154.2],[-120.97049720585,40.044629154727,1154.2],[-120.97048806958,40.044618761167,1154.2],[-120.9704969544,40.044618090615,1154.2],[-120.97050592303,40.044611636549,1154.2],[-120.970511958,40.044612055644,1154.2],[-120.97051220946,40.044610211626,1154.2],[-120.97051313147,40.044590933248,1154.2],[-120.97051832825,40.044583640993,1154.2],[-120.9705229383,40.044583473355,1154.2],[-120.97054925747,40.044587580487,1152.6],[-120.97057180479,40.044586909935,1152.6],[-120.97056048922,40.044590262696,1152.6],[-120.97056183033,40.044591436163,1152.6],[-120.97056317143,40.044587245211,1152.6],[-120.97056342289,40.044592106715,1152.6],[-120.97057498991,40.044593699276,1152.6],[-120.97056937404,40.04458389245,1152.6],[-120.97055411898,40.044581210241,1152.6],[-120.97051405348,40.044585485011,1154.2],[-120.97051497549,40.044586993754,1154.2],[-120.97052729689,40.044578947127,1153.3],[-120.9705282189,40.044570313767,1153.3],[-120.97052629106,40.044540390372,1153.3],[-120.97052201629,40.044522201642,1153.3],[-120.97052084282,40.044515160844,1153.3],[-120.97052369267,40.044504767284,1153.3],[-120.97052352503,40.044506778941,1153.3],[-120.97052134573,40.044511556625,1153.3],[-120.97053886391,40.044510969892,1153.3],[-120.97054313868,40.044511724263,1153.3],[-120.97052712925,40.044513233006,1153.3],[-120.97054070793,40.044494038448,1151.6],[-120.97055403516,40.044484818354,1151.6],[-120.97056250088,40.044479705393,1149.7],[-120.9705709666,40.044476939365,1149.7],[-120.97056543455,40.044495463371,1149.7],[-120.97056820057,40.044505605474,1149.7],[-120.97057155333,40.044519687071,1151.6],[-120.97057406791,40.044533098117,1151.6],[-120.97057498991,40.044543324038,1151.6],[-120.97057700157,40.044543491676,1151.6],[-120.97057163715,40.044544329867,1153.3],[-120.97058236599,40.044564446434,1151.6],[-120.97059669904,40.044572744519,1151.6],[-120.97058597021,40.044570146129,1151.6],[-120.9705797676,40.044568218291,1153.3],[-120.9705780074,40.04456830211,1153.3],[-120.97055470571,40.044553298503,1153.3],[-120.97054732963,40.044537875801,1153.3],[-120.97054808401,40.044528068975,1153.3],[-120.9705436416,40.044500827789,1151.6],[-120.97054246813,40.044504096732,1151.6],[-120.97056979313,40.044477023184,1151.6],[-120.97057633102,40.044474424794,1149.7],[-120.97056945786,40.044481633231,1151.6],[-120.97055604681,40.044490601867,1151.6],[-120.97055504099,40.044489260763,1151.6],[-120.97055445425,40.044488171116,1151.6],[-120.97055386752,40.044489260763,1151.6],[-120.97054984421,40.044554639608,1153.3],[-120.97053878009,40.044634770602,1154.2],[-120.97052142955,40.044658239931,1154.2],[-120.97050131299,40.044676093385,1154.2],[-120.97047457471,40.044689336792,1156.2],[-120.97044364549,40.044704759493,1156.8],[-120.97041221336,40.04471808672,1156.8],[-120.97039050423,40.044732587412,1156.8],[-120.97038178705,40.044753374532,1159.1],[-120.9703842178,40.04477256909,1159.1],[-120.97038874403,40.044789668173,1159.1],[-120.97039310262,40.044807018712,1159.8],[-120.97039938904,40.044830823317,1157.5],[-120.97040542401,40.044863931835,1157.5],[-120.97040911205,40.044894525781,1157.5],[-120.97040953115,40.044921683148,1157.8],[-120.97040408291,40.044951187447,1157.8],[-120.97039570101,40.044968705624,1160.4],[-120.97037625499,40.044985888526,1160.3],[-120.9703560546,40.045003825799,1160.3],[-120.97032579593,40.045005502179,1160.3],[-120.97030266188,40.044995108619,1160.3],[-120.97027659416,40.044985469431,1163.5],[-120.97024750896,40.044966023415,1163.1],[-120.97022588365,40.044947164133,1163.1],[-120.97020576708,40.044931070879,1165.8],[-120.97018271685,40.044922521338,1165.8],[-120.97015857697,40.044914139435,1165.8],[-120.97014315426,40.044912043959,1165.8],[-120.97011708654,40.044894274324,1167.2],[-120.97009328194,40.044882372022,1167.2],[-120.97007081844,40.044869715348,1167.2],[-120.97005380318,40.044860159978,1167.2],[-120.97002287395,40.044843228534,1169.6],[-120.97000133246,40.044824453071,1169.6],[-120.9699843172,40.044803917408,1167.9],[-120.96997249871,40.044779442251,1167.9],[-120.96996235661,40.044757984579,1167.9],[-120.96994911321,40.044739628211,1167.9],[-120.96993922256,40.044719930738,1167.9],[-120.96992757171,40.044700903818,1166.1],[-120.96991759725,40.044681541622,1167.6],[-120.96990854479,40.044664777815,1167.6],[-120.96989907324,40.044647175819,1167.6],[-120.96989396028,40.044626388699,1167.6],[-120.96988272853,40.044604511932,1166.7],[-120.9698684793,40.04458389245,1166.7],[-120.96985707991,40.044565116987,1166.7],[-120.96984928474,40.044541060925,1166.7],[-120.96984098665,40.044521950185,1166.7],[-120.96982757561,40.044504432008,1168.9],[-120.96981374547,40.04448775202,1168.9],[-120.96980050206,40.044473586604,1168.9],[-120.96978927031,40.044457577169,1168.9],[-120.96978021786,40.044441400096,1169.1],[-120.9697746858,40.044418433681,1169.1],[-120.96977099776,40.044390773401,1169.1],[-120.9697694052,40.04436747171,1169.1],[-120.96976663917,40.044336542487,1169.4],[-120.96975540742,40.044318689033,1169.4],[-120.96974015236,40.044306283817,1169.4],[-120.96971869469,40.044303014874,1172.1],[-120.96969463862,40.04430863075,1172.1],[-120.96967988648,40.044322293252,1172.1],[-120.96967058256,40.044340565801,1171.7],[-120.96967234276,40.044363532215,1171.7],[-120.96967720427,40.044389516115,1171.7],[-120.9696795512,40.044415332377,1171.7],[-120.96968072467,40.044437712058,1171.2],[-120.96968650818,40.044456403702,1171.2],[-120.96969421953,40.044469311833,1171.2],[-120.96969757229,40.044475346804,1171.2],[-120.96969882958,40.04447911866,1171.2],[-120.96969556063,40.04447735846,1171.2],[-120.9696918726,40.044483058155,1171.2],[-120.96968583763,40.044482974336,1171.2],[-120.9696844127,40.04448515363,1171.2],[-120.96968458034,40.044489093125,1171.2],[-120.969686592,40.044491020963,1171.2],[-120.9696896933,40.044494289905,1171.2],[-120.96969271079,40.044499486685,1171.2],[-120.96970100887,40.044494625181,1171.2],[-120.9697055351,40.044497894123,1171.2],[-120.96971291117,40.044500073418,1171.2],[-120.96971802413,40.044506024569,1171.2],[-120.96972296946,40.044515999034,1171.2],[-120.96973311156,40.044523878023,1170.6],[-120.96972883679,40.044530667365,1170.6],[-120.96972992644,40.044534355402,1170.6],[-120.96973772161,40.044557573274,1168.5],[-120.96973478794,40.044579282403,1168.5],[-120.96972724423,40.04459772259,1170.6],[-120.96971852705,40.044615240768,1170.4],[-120.96969950013,40.044630831107,1170.4],[-120.96968583763,40.044642817229,1170.4],[-120.9696658887,40.044657234102,1170.4],[-120.9695808962,40.044701742008,1172.9],[-120.96956756897,40.044718421996,1174.2],[-120.96955893561,40.044734682888,1174.2],[-120.96955633722,40.044745411724,1174.2],[-120.96954946406,40.044762091711,1174.2],[-120.96953898668,40.044771060348,1174.2],[-120.96952356398,40.044781789184,1177.2],[-120.96950545907,40.044795284048,1177.2],[-120.96947888844,40.044809365645,1178.8],[-120.96945877187,40.044820429757,1178.8],[-120.9694390744,40.044835517183,1181.4],[-120.96941376105,40.044851107523,1181.4],[-120.96937637776,40.044863177463,1181.4],[-120.96934033558,40.044862339273,1184.3],[-120.96931954846,40.04485915415,1184.3],[-120.96929750405,40.044858483598,1184.3],[-120.96927286126,40.044853035361,1184.3],[-120.96925710328,40.044840630144,1186.7],[-120.96923170611,40.044818250462,1186.7],[-120.96920429729,40.044790087268,1186.6],[-120.96919239499,40.04476309754,1186.6],[-120.96917831339,40.044742813334,1189.0],[-120.96916900948,40.044723283499,1189.0],[-120.96916188486,40.044694198295,1189.1],[-120.96915174276,40.044670896605,1189.1],[-120.96914545633,40.044650360942,1189.1],[-120.96913053654,40.044628232718,1189.1],[-120.96912433393,40.044602835551,1189.8],[-120.96911704168,40.044569643214,1189.8],[-120.96912357956,40.04453452304,1189.8],[-120.96913330257,40.044506108388,1191.0],[-120.96914520487,40.04447911866,1191.0],[-120.96915140748,40.044452128932,1191.0],[-120.96914771944,40.04442287609,1192.7],[-120.96914595924,40.044394209981,1192.7],[-120.96915006638,40.044373925775,1192.7],[-120.9691602923,40.044346014038,1192.7],[-120.96918216906,40.044316677377,1194.6],[-120.96919893287,40.044294381514,1191.1],[-120.9692100808,40.044273678213,1191.1],[-120.96922298893,40.044254316017,1191.1],[-120.96923447214,40.044237049296,1192.9],[-120.96924914047,40.044211400673,1192.9],[-120.96925668418,40.044190697372,1192.9],[-120.96925995313,40.044174939394,1192.9],[-120.9692585282,40.044159349054,1194.3],[-120.96925634891,40.044138729572,1194.3],[-120.96925643273,40.044117355719,1194.3],[-120.96925727092,40.044100088999,1194.3],[-120.96926372498,40.044077038765,1195.8],[-120.9692757111,40.044052815065,1195.8],[-120.96928300336,40.044028004631,1192.3],[-120.96928233281,40.044003278017,1192.3],[-120.96928484738,40.043978635222,1192.3],[-120.96928476356,40.043957512826,1194.5],[-120.96928250045,40.043927924708,1194.5],[-120.96928409301,40.043902024627,1194.5],[-120.96928987652,40.04387486726,1196.7],[-120.96929272637,40.043846452609,1196.7],[-120.96929767169,40.043819798157,1196.7],[-120.96930588596,40.043796496466,1196.7],[-120.96931066364,40.043778978288,1197.9],[-120.96932063811,40.043754838407,1197.9],[-120.96933036111,40.043728100136,1197.9],[-120.9693435207,40.043699685484,1196.7],[-120.96935969777,40.043678479269,1196.7],[-120.9693677444,40.043659284711,1196.7],[-120.96936606802,40.043642772362,1196.7],[-120.96936179325,40.043612346053,1196.7],[-120.96935575828,40.043596755713,1193.3],[-120.96934620291,40.043582757935,1193.3],[-120.96933698282,40.043570604175,1193.3],[-120.96932432614,40.043559288606,1193.3],[-120.96930932254,40.043553840369,1193.3],[-120.96929339692,40.043552247807,1193.3],[-120.96927143633,40.043553002179,1193.7],[-120.96925450489,40.043552247807,1193.7],[-120.96922776662,40.043552163988,1193.7],[-120.9691981785,40.043553672731,1193.8],[-120.96916800365,40.04355199635,1193.8],[-120.96914914437,40.043551744893,1193.8],[-120.96912181936,40.043550822884,1193.8],[-120.96909868531,40.043551577255,1193.9],[-120.96907236613,40.043547134846,1193.9],[-120.96904428676,40.043541854247,1193.9],[-120.96901394427,40.043536657467,1194.0],[-120.96898477525,40.043531628326,1194.0],[-120.96895367838,40.043530706316,1194.0],[-120.96892149188,40.043530706316,1194.1],[-120.96888863482,40.043531879783,1194.1],[-120.96885569394,40.04353296943,1194.1],[-120.96882484853,40.04353640601,1194.2],[-120.96879685298,40.043538920581,1194.2],[-120.96876994707,40.043540010229,1194.2],[-120.96874237061,40.04353732802,1194.1],[-120.96871378832,40.043536322191,1194.1],[-120.96868562512,40.043533556163,1194.1],[-120.96865871921,40.043530203402,1193.7],[-120.96863063984,40.043531125411,1193.7],[-120.96859996207,40.043533891439,1193.7],[-120.96857079305,40.04353732802,1193.7],[-120.96854673699,40.043540596962,1193.2],[-120.96853173338,40.04354679957,1193.2],[-120.96851899289,40.043552750722,1193.2],[-120.96850289963,40.043559456244,1193.2],[-120.9684847109,40.043566832319,1193.2],[-120.96846057102,40.043576555327,1192.8],[-120.96843517385,40.043587787077,1192.8],[-120.96841623075,40.043599018827,1192.8],[-120.96839695238,40.043608909473,1192.8],[-120.96837775782,40.043619135395,1197.5],[-120.96835789271,40.043626930565,1197.5],[-120.96833970398,40.04363598302,1197.5],[-120.96832143143,40.043644784018,1197.5],[-120.96829888411,40.043651405722,1197.0],[-120.96827264875,40.043661547825,1197.0],[-120.96824389882,40.043670348823,1197.0],[-120.96821565181,40.043681161478,1197.0],[-120.96819151193,40.043694321066,1196.5],[-120.96817240119,40.043706223369,1196.5],[-120.9681526199,40.043717706576,1202.3],[-120.96813200042,40.04372600466,1202.3],[-120.968109034,40.043737487867,1201.8],[-120.96808548085,40.043746707961,1201.8],[-120.96805857494,40.043757520616,1201.8],[-120.96803242341,40.04376674071,1201.8],[-120.96800384112,40.043774619699,1201.3],[-120.96797442064,40.043786689639,1201.3],[-120.96794868819,40.043797753751,1201.3],[-120.96792194992,40.043807728216,1206.6],[-120.96789076924,40.043816193938,1206.6],[-120.96785606816,40.043826168403,1206.6],[-120.96782187,40.043838825077,1206.0],[-120.96779529937,40.043850559741,1206.0],[-120.96777141094,40.043857516721,1206.0],[-120.9677474387,40.043866317719,1206.0],[-120.96771852113,40.043874615803,1205.7],[-120.96768977121,40.043881740421,1205.7],[-120.96765909344,40.043888194486,1211.0],[-120.96762338653,40.043895235285,1210.9],[-120.9675866738,40.04390177317,1210.9],[-120.96755130216,40.043902443722,1210.9],[-120.96752104349,40.043903281912,1210.9],[-120.96748961136,40.043908059597,1210.9],[-120.96746052615,40.043917195871,1211.1],[-120.96743697301,40.043930858374,1211.1],[-120.96741258167,40.043942090124,1211.1],[-120.96739020199,40.04394938238,1211.1],[-120.96737201326,40.043954662979,1211.7],[-120.96735885367,40.043952735141,1211.7],[-120.96734493971,40.043950891122,1211.7],[-120.96732867882,40.04395541735,1211.7],[-120.96730764024,40.043954830617,1211.7],[-120.96728635021,40.04396061413,1211.7],[-120.96727025695,40.043964888901,1212.4],[-120.96726036631,40.043968660757,1212.4],[-120.96725709736,40.043969163671,1212.4],[-120.96725625917,40.043968074024,1212.4],[-120.96724293195,40.043972264975,1212.4],[-120.96724259667,40.043974779546,1212.4],[-120.96723672934,40.043979138136,1212.4],[-120.96722885035,40.043982993811,1212.4],[-120.96721694805,40.043987687677,1212.4],[-120.96720982343,40.043987687677,1212.4],[-120.96719942987,40.043986514211,1212.4],[-120.9671964962,40.043986765668,1212.4],[-120.96718300134,40.043992130086,1216.5],[-120.96717009321,40.043991124257,1217.1],[-120.96716363914,40.043986346573,1217.1],[-120.96713111736,40.04397964105,1212.8],[-120.96712466329,40.043979808688,1212.8],[-120.9671167843,40.043979221955,1212.8],[-120.96708501689,40.043971929699,1213.4],[-120.96706490032,40.043970253319,1213.4],[-120.96704193391,40.043972348794,1213.4],[-120.96701888368,40.043977629393,1213.4],[-120.9669894632,40.043984167278,1218.3],[-120.96696146764,40.043991543353,1218.3],[-120.96684076823,40.044006379321,1218.9],[-120.966781592,40.044020712376,1219.4],[-120.96674446017,40.04402205348,1219.4],[-120.96670313738,40.044020125642,1220.1],[-120.96667212434,40.04402121529,1220.1],[-120.96664723009,40.044025741518,1220.1],[-120.96662669443,40.044030603021,1220.1],[-120.96660749987,40.044039236382,1220.8],[-120.96659157425,40.044045271352,1220.8],[-120.96657279879,40.044046109542,1220.8],[-120.96655067056,40.044053401798,1220.8],[-120.96652921289,40.044056251645,1221.6],[-120.96649937332,40.044061113149,1221.6],[-120.96646886319,40.044076871127,1221.6],[-120.96642452292,40.044089527801,1222.4],[-120.96639485098,40.044096987695,1226.4],[-120.96637280658,40.044101094827,1226.4],[-120.96634623595,40.044106375426,1226.4],[-120.96630516462,40.044095227495,1227.2],[-120.96627892926,40.044079888612,1223.2],[-120.96625043079,40.044075194746,1224.0],[-120.96621531062,40.044076284394,1224.0],[-120.96617281437,40.044049127027,1224.0],[-120.96613031812,40.043998500332,1224.9],[-120.96607742831,40.043990202248,1220.8],[-120.96605806611,40.04398659803,1221.8],[-120.96602194011,40.043997075409,1225.9],[-120.96600324847,40.044014006853,1225.9],[-120.96597634256,40.044038146734,1227.0],[-120.96594256349,40.044075194746,1227.0],[-120.96591230482,40.044078379869,1227.0],[-120.96588414162,40.044073015451,1228.2],[-120.96586746164,40.04406538792,1228.2],[-120.96584592015,40.044066896662,1228.2],[-120.96581574529,40.04406538792,1228.2],[-120.96578297205,40.04405407235,1229.6],[-120.96576260403,40.044050468132,1229.6],[-120.96573863178,40.044044097885,1229.6],[-120.96571675502,40.044033788145,1229.6],[-120.96569462679,40.044026076794,1229.6],[-120.96567333676,40.044021466747,1231.3],[-120.96565531567,40.044017359614,1231.3],[-120.96565078944,40.044019287452,1231.3],[-120.96564835869,40.044023646042,1231.3],[-120.96563352272,40.044028759003,1231.3],[-120.9656175971,40.044015431777,1231.3],[-120.96560594626,40.044011911377,1231.3],[-120.96560142003,40.044009732082,1231.3],[-120.96559052356,40.043996153399,1231.3],[-120.96560066566,40.044002858922,1231.3],[-120.96560385078,40.044000595808,1231.3],[-120.96558138728,40.043987352401,1233.0],[-120.96552925184,40.043954914436,1229.4],[-120.96536463127,40.043789455667,1227.9],[-120.96532423049,40.043757855892,1227.9],[-120.96528324299,40.043738661334,1230.4],[-120.96524996683,40.043720724061,1230.4],[-120.96523026936,40.043697170913,1227.7],[-120.96520721912,40.043666660786,1227.7],[-120.96517017111,40.043632462621,1230.3],[-120.96510462463,40.043537076563,1230.0],[-120.9650622122,40.04348360002,1226.9],[-120.96501812339,40.043444959447,1229.2],[-120.96497856081,40.043417466804,1225.8],[-120.96493849531,40.043404977769,1225.8],[-120.96490178257,40.043373964727,1227.9],[-120.96485970542,40.04334596917,1227.9],[-120.96481536515,40.043326187879,1226.0],[-120.96478234045,40.043297605589,1226.0],[-120.96473749727,40.043287547305,1226.0],[-120.96470053308,40.043270364404,1228.1],[-120.96467304043,40.043247817084,1228.1],[-120.96463557333,40.043221497908,1226.2],[-120.96457304433,40.043205488473,1226.2],[-120.96453733742,40.043201968074,1228.3],[-120.96450657584,40.043208003044,1228.3],[-120.96448369324,40.043219234794,1228.3],[-120.96446701325,40.043220408261,1228.3],[-120.96445804462,40.043210349977,1230.5],[-120.96443541348,40.043189981952,1230.5],[-120.96439911984,40.043172966689,1230.5],[-120.96437045373,40.043159136549,1232.8],[-120.96433198079,40.043146312237,1232.8],[-120.96427992918,40.043127536774,1228.7],[-120.9642452281,40.043118987232,1231.1],[-120.96421387978,40.043107252568,1231.1],[-120.96416627057,40.043095182627,1233.5],[-120.96413366497,40.043092835695,1233.5],[-120.96410139464,40.043088644743,1233.5],[-120.96407373436,40.043080346659,1236.0],[-120.96404322423,40.043072216213,1236.0],[-120.96401288174,40.043055536225,1236.0],[-120.96397767775,40.043044891208,1234.9],[-120.96394280903,40.04303265363,1234.9],[-120.96390634775,40.043014045805,1234.9],[-120.96387055703,40.042990492657,1237.4],[-120.96384390257,40.04296861589,1237.4],[-120.96381976269,40.042950762436,1233.9],[-120.96378816292,40.042943302542,1236.5],[-120.96376310103,40.042942883447,1236.5],[-120.9637290705,40.042920168489,1236.5],[-120.9636964649,40.042911618948,1239.0],[-120.96365765668,40.042893346399,1239.0],[-120.96362790093,40.042881695554,1241.5],[-120.96359093674,40.042874906212,1241.5],[-120.96353896894,40.042854622006,1238.0],[-120.96350996755,40.042845485732,1240.5],[-120.96348188818,40.042831487954,1240.5],[-120.96344576217,40.042827297002,1242.9],[-120.96342723817,40.042811203748,1242.9],[-120.96339639276,40.042806258425,1242.9],[-120.96337242052,40.042801816016,1242.9],[-120.96334417351,40.042798127979,1245.3],[-120.96331894398,40.042791590095,1245.3],[-120.96329807304,40.042783962563,1245.3],[-120.96327778883,40.042773988098,1245.3],[-120.9632498771,40.042756386101,1244.3],[-120.96322104335,40.042731659487,1244.3],[-120.96319028176,40.042709950358,1244.3],[-120.96315088682,40.042683295906,1246.6],[-120.96312163398,40.042672650889,1246.6],[-120.96308852546,40.042666113004,1243.4],[-120.96305466257,40.042657563463,1245.7],[-120.96301887184,40.042651444674,1245.7],[-120.96298903227,40.042649768293,1248.0],[-120.96296044998,40.042643900961,1248.0],[-120.96293597482,40.042636776343,1248.0],[-120.96290705726,40.042620850727,1248.0],[-120.9628839232,40.042605511844,1250.3],[-120.96285634674,40.04258338362,1247.1],[-120.96282592043,40.042557651177,1247.1],[-120.96279851161,40.042535187677,1249.5],[-120.96276716329,40.042518172413,1249.5],[-120.96273941919,40.042508617043,1249.5],[-120.96271821298,40.04250115715,1246.3],[-120.9627037961,40.042492020875,1248.7],[-120.96270044334,40.04249420017,1248.7],[-120.96269600093,40.042493864894,1248.7],[-120.962693654,40.042491015047,1248.7],[-120.96268904395,40.042490176857,1248.7],[-120.96267906949,40.042486991733,1248.7],[-120.96266875975,40.042479950935,1248.7],[-120.96265425906,40.042467210442,1248.7],[-120.9626346454,40.042454721406,1248.7],[-120.96261201426,40.042446674779,1248.7],[-120.96259298734,40.042436532676,1251.2],[-120.96257404424,40.042425133288,1251.2],[-120.96255032346,40.042413482442,1251.2],[-120.96252182499,40.042404094711,1248.2],[-120.96250003204,40.042394036427,1250.9],[-120.96248561516,40.042383894324,1250.9],[-120.96246927045,40.042372746393,1250.9],[-120.96244378947,40.042354390025,1250.9],[-120.96241277643,40.042325807735,1250.9],[-120.96239517443,40.042313234881,1251.0],[-120.96237782389,40.042298985645,1251.0],[-120.96236432903,40.042279288173,1251.0],[-120.96234932542,40.042264703661,1251.0],[-120.96233080141,40.04225531593,1251.0],[-120.96230632626,40.042245844379,1254.0],[-120.96228478476,40.042237713933,1254.0],[-120.96226399764,40.042228661478,1254.0],[-120.9622439649,40.042223380879,1254.0],[-120.96222896129,40.042218603194,1256.8],[-120.96221521497,40.042222039774,1256.8],[-120.96219426021,40.042223464698,1256.8],[-120.96217498183,40.042221453041,1256.8],[-120.96215486526,40.042214747518,1254.5],[-120.96213248558,40.042193206027,1254.5],[-120.96210465766,40.042154062539,1257.1],[-120.96206760965,40.042117601261,1254.7],[-120.96204112284,40.042071500793,1257.1],[-120.96202444285,40.042049456388,1257.1],[-120.96199611202,40.042031435296,1254.4],[-120.96197783947,40.042020455003,1254.4],[-120.96196107566,40.042018359527,1256.4],[-120.96193794161,40.04201634787,1256.4],[-120.96190164797,40.041990280151,1256.4],[-120.96188597381,40.04197569564,1256.4],[-120.96187340096,40.041959183291,1258.4],[-120.96185546368,40.041942419484,1254.6],[-120.96183450893,40.041921967641,1254.6],[-120.96181196161,40.041909813881,1254.6],[-120.96179285087,40.041898079216,1254.6],[-120.96177499741,40.04188827239,1256.0],[-120.96175010316,40.04187184386,1256.0],[-120.96172495745,40.041856588796,1252.4],[-120.96169352531,40.041846865788,1252.4],[-120.96166226082,40.04184066318,1253.4],[-120.96163359471,40.041836639866,1253.4],[-120.96160878427,40.041832616553,1253.4],[-120.96158782952,40.04182247445,1254.5],[-120.96157156862,40.04181643948,1254.5],[-120.96155011095,40.041814092547,1254.5],[-120.96152672544,40.041817026213,1254.5],[-120.96150359139,40.04181551747,1254.5],[-120.96147920005,40.041818199679,1255.8],[-120.96145145595,40.041822306812,1255.8],[-120.96141935326,40.041822139174,1255.8],[-120.96138674766,40.041821971536,1257.3],[-120.9613468498,40.041822642088,1257.3],[-120.96129588783,40.041817948222,1258.7],[-120.9612495359,40.041815349832,1258.7],[-120.96121248789,40.041815014556,1260.1],[-120.96118826419,40.041812583804,1260.1],[-120.96117384732,40.041813589633,1260.1],[-120.96115540713,40.041812416166,1260.1],[-120.96113755368,40.041814930737,1260.1],[-120.9611094743,40.041816607118,1261.6],[-120.96108315513,40.041817445308,1261.6],[-120.96103571355,40.04183110781,1261.6],[-120.96099388786,40.041838400066,1263.2],[-120.96094636247,40.041823647916,1263.2],[-120.96090956591,40.041812751442,1264.8],[-120.96087000333,40.041790120304,1264.8],[-120.96082432196,40.041769333184,1266.7],[-120.96078559756,40.041753826663,1262.8],[-120.96075114794,40.04174712114,1265.0],[-120.96071720123,40.041747288778,1265.0],[-120.96068040468,40.041757347062,1265.0],[-120.96065190621,40.041756508872,1267.1],[-120.96061988734,40.041743181646,1267.1],[-120.96058602445,40.041724070907,1267.1],[-120.96056012437,40.041712420061,1269.2],[-120.96053807996,40.041703199968,1269.2],[-120.96051285043,40.041694818065,1269.2],[-120.96048460342,40.041682999581,1271.1],[-120.96045652404,40.041664559394,1267.6],[-120.96042844467,40.041647544131,1267.6],[-120.9604034666,40.041632121429,1267.6],[-120.96037781797,40.041610496119,1269.6],[-120.96035024151,40.041588200256,1266.0],[-120.96032325178,40.041568251327,1266.0],[-120.96029290929,40.041553834453,1268.1],[-120.96026214771,40.041547380388,1268.1],[-120.96023851074,40.041535729542,1268.1],[-120.96020699479,40.041518043727,1269.8],[-120.96017430536,40.041506225243,1269.8],[-120.96014513634,40.041495915502,1269.8],[-120.96011688933,40.041483510286,1267.6],[-120.96008981578,40.041472194716,1267.6],[-120.96005972475,40.041466830298,1267.6],[-120.96003097482,40.041466495022,1268.5],[-120.9599930048,40.041461382061,1268.5],[-120.95995076001,40.041442774236,1268.5],[-120.9599128738,40.041427435353,1268.9],[-120.95988328569,40.041420310736,1268.9],[-120.95987004228,40.041416371241,1268.9],[-120.95986727625,40.041416035965,1268.9],[-120.95986568369,40.04141905345,1268.9],[-120.95986258239,40.041422992945,1268.9],[-120.95985344611,40.041421400383,1268.9],[-120.95983332954,40.041423663497,1269.1],[-120.95968899317,40.041457526386,1269.3],[-120.9596609138,40.041466243565,1269.3],[-120.95963526517,40.041479738429,1269.2],[-120.95961774699,40.041495831683,1269.2],[-120.95961095765,40.041512846947,1272.1],[-120.95960978419,40.041526844725,1272.1],[-120.9596173279,40.041536483914,1272.1],[-120.95963266678,40.041543189436,1272.1],[-120.95964984968,40.041547967121,1272.2],[-120.95966795459,40.041550230235,1272.2],[-120.95968941227,40.041551571339,1272.2],[-120.95971296541,40.041555762291,1272.2],[-120.95974573866,40.041556265205,1272.2],[-120.95977616496,40.041555929929,1272.2],[-120.9598075971,40.041555762291,1272.2],[-120.95982771367,40.041558779776,1272.2],[-120.95984439366,40.041565485299,1272.1],[-120.95986383967,40.041570262983,1272.1],[-120.95988454297,40.041573531926,1272.1],[-120.95990155824,40.041581913829,1272.1],[-120.95991882496,40.041588200256,1272.1],[-120.9599494189,40.04159389995,1271.7],[-120.95998034813,40.041604712605,1271.7],[-120.960013289,40.041609657928,1271.7],[-120.96005368978,40.041616363451,1271.0],[-120.96009383909,40.041624410078,1273.8],[-120.96012493595,40.041634552181,1272.8],[-120.96015150659,40.04165190272,1272.8],[-120.96018645912,40.041659865528,1272.8],[-120.96021856181,40.041676880792,1271.3],[-120.96025058068,40.041691632941,1271.3],[-120.96028503031,40.04169783555,1271.3],[-120.96032040194,40.041706636548,1272.9],[-120.96035753377,40.041717365384,1272.9],[-120.96039198339,40.041733123362,1272.9],[-120.96042869613,40.041787102818,1271.1],[-120.96046063118,40.041803028435,1274.6],[-120.96049658954,40.04183110781,1272.6],[-120.96052860841,40.041858181357,1272.6],[-120.9605642315,40.041857678443,1272.6],[-120.96058133058,40.041877962649,1274.3],[-120.960613098,40.041896738112,1274.3],[-120.96063388512,40.041916687042,1274.3],[-120.96065534279,40.041940743104,1274.3],[-120.96068233252,40.041962452233,1272.3],[-120.9607042931,40.041981311515,1275.7],[-120.96071929671,40.041992710903,1275.7],[-120.96073740162,40.042000338435,1275.7],[-120.96076481044,40.042013246566,1274.0],[-120.96079423092,40.042029926553,1274.0],[-120.96082264557,40.042051384225,1274.0],[-120.96085365862,40.042071333155,1276.0],[-120.96088768914,40.042085163295,1276.0],[-120.96092088148,40.042097903788,1276.0],[-120.96094753593,40.042108297348,1274.5],[-120.96097368747,40.042113494128,1274.5],[-120.96104057506,40.042119110003,1273.2],[-120.96106731333,40.042123636231,1273.2],[-120.96109882928,40.042130844668,1273.2],[-120.96114367247,40.042165210471,1275.2],[-120.96117124893,40.042195720598,1275.2],[-120.96119262278,40.042230421677,1275.2],[-120.96120796166,40.042263614014,1278.3],[-120.96121978015,40.042302673683,1276.9],[-120.9612217918,40.042322203517,1276.9],[-120.96121810377,40.042334022,1276.9],[-120.96121106297,40.042346008122,1278.3],[-120.96119279042,40.042360173538,1278.3],[-120.96113042906,40.042398562655,1281.4],[-120.9610870108,40.042409291491,1282.9],[-120.96103915013,40.042426055297,1282.9],[-120.96098667942,40.042450530455,1284.4],[-120.96095449291,40.042444327846,1284.4],[-120.96093420871,40.042432928458,1284.4],[-120.96091182902,40.042429994792,1285.9],[-120.96088542603,40.042433431372,1285.9],[-120.96085600555,40.042442651466,1285.9],[-120.96082591452,40.042441310361,1287.4],[-120.96078861505,40.042429659516,1287.4],[-120.96074737608,40.042432341725,1288.9],[-120.96071401611,40.0424361974,1288.9],[-120.96066799946,40.042446674779,1288.9],[-120.96062474884,40.042446339503,1290.4],[-120.96058233641,40.042441813275,1290.4],[-120.96054755151,40.042436867952,1292.1],[-120.96050949767,40.042414488271,1292.1],[-120.96047236584,40.042378781363,1292.1],[-120.96044043079,40.042344499379,1291.1],[-120.9604276903,40.042321365327,1291.1],[-120.96041109413,40.042309295386,1291.1],[-120.96038519405,40.042292447761,1291.1],[-120.96037278883,40.042285826057,1292.9],[-120.96035585739,40.042281383649,1292.9],[-120.96034940332,40.042269062251,1292.9],[-120.96033850685,40.042252382264,1290.1],[-120.96033054404,40.042251124978,1290.1],[-120.96032442525,40.042250370607,1290.1],[-120.96032149158,40.042237797752,1290.1],[-120.96032149158,40.042234444991,1290.1],[-120.96030925401,40.042223632336,1290.1],[-120.96030313522,40.042221872136,1290.1],[-120.96030506305,40.042222794145,1290.1],[-120.96030556597,40.042221704498,1290.1],[-120.96030171029,40.042218267918,1290.1],[-120.96024462953,40.042203264311,1291.8],[-120.96022040583,40.042193960398,1291.8],[-120.96019551158,40.042179375887,1291.8],[-120.96016583964,40.04215749912,1293.6],[-120.96006902866,40.042122378945,1292.6],[-120.95999627374,40.042099412531,1293.6],[-120.95996165648,40.04209773615,1293.6],[-120.95992184244,40.042103435844,1293.6],[-120.9598802682,40.042116930708,1294.2],[-120.95983559266,40.042121876031,1294.2],[-120.95979661681,40.04212891683,1294.6],[-120.95976082608,40.04213931039,1294.6],[-120.95972813666,40.042146351188,1294.6],[-120.95970064402,40.042153559625,1296.9],[-120.95968438312,40.042158756405,1296.9],[-120.9596706368,40.042159762233,1296.9],[-120.95965806395,40.042161354795,1296.9],[-120.95965077169,40.042167557403,1296.9],[-120.9596481733,40.04217568785,1296.9],[-120.9596464131,40.04219035618,1296.9],[-120.95963241532,40.042205443606,1296.9],[-120.95960307866,40.042237211019,1298.7],[-120.95957105979,40.042275013402,1298.7],[-120.95955672674,40.042306026444,1298.7],[-120.95953887329,40.04232882522,1298.7],[-120.95951875672,40.042345169932,1300.4],[-120.95950484276,40.042365789413,1300.4],[-120.95949562266,40.042381547391,1300.4],[-120.95948154107,40.042395880446,1300.4],[-120.9594680462,40.042411303148,1300.4],[-120.95945178531,40.042425217107,1303.3],[-120.95943393186,40.042444160208,1303.3],[-120.95941574313,40.0424639415,1301.9],[-120.95939596184,40.042489757761,1301.9],[-120.95938364044,40.042504426092,1301.9],[-120.95936511643,40.042523033917,1304.9],[-120.95935329795,40.042536780238,1304.9],[-120.95933267847,40.042548431084,1303.1],[-120.95930803567,40.042563350871,1303.1],[-120.95927811228,40.042586987838,1303.1],[-120.95925606787,40.042611211538,1303.1],[-120.95923142508,40.042633507401,1306.9],[-120.95919831656,40.042652031407,1305.0],[-120.95915297046,40.042676087469,1305.0],[-120.95913033932,40.042696623132,1302.9],[-120.95911852084,40.042710704729,1302.9],[-120.95909488387,40.042727971449,1306.9],[-120.95907250419,40.042731575668,1306.9],[-120.95904735848,40.042747333646,1306.9],[-120.95901383087,40.042758984491,1304.9],[-120.95897292718,40.042776586488,1304.9],[-120.95891836099,40.04279108718,1302.8],[-120.95885918476,40.042812461033,1302.8],[-120.95880981535,40.042829727754,1305.5],[-120.95876782201,40.042847832665,1305.5],[-120.95872666687,40.042867446318,1303.7],[-120.95869699493,40.042883455753,1303.7],[-120.95867201686,40.042896280065,1303.7],[-120.95864963718,40.042907008901,1307.1],[-120.95862164162,40.042916815728,1307.1],[-120.95858518034,40.042925532907,1307.1],[-120.95854159445,40.042936345562,1305.8],[-120.95850127749,40.042950930074,1305.8],[-120.95846833661,40.042966688052,1305.8],[-120.95843950287,40.042981272563,1304.6],[-120.95841083676,40.042992085218,1304.6],[-120.9583797399,40.043005160987,1304.6],[-120.95834763721,40.043021505699,1308.1],[-120.95832240768,40.043037431315,1308.1],[-120.95830103382,40.043052434921,1308.1],[-120.95827773213,40.043063163757,1306.8],[-120.95824537799,40.043075820431,1306.8],[-120.9582062345,40.0430906564,1306.8],[-120.95817027614,40.043103396893,1309.9],[-120.95813062973,40.043109515682,1309.9],[-120.95809274353,40.043114544824,1308.8],[-120.95805309713,40.043123932555,1308.8],[-120.95801831223,40.043135834858,1308.8],[-120.95798453316,40.043147904798,1307.6],[-120.957950335,40.043158046901,1307.6],[-120.9579137899,40.043176487088,1307.6],[-120.95788721927,40.04319190979,1310.4],[-120.9578600619,40.043206159025,1310.4],[-120.9578323178,40.043216887861,1310.4],[-120.95780373551,40.043231472373,1309.0],[-120.95777649432,40.043243709952,1309.0],[-120.95774573274,40.043256953359,1309.0],[-120.95771178603,40.043268771842,1307.3],[-120.95767582767,40.043278830126,1307.3],[-120.95763316378,40.043289307505,1309.3],[-120.95759695396,40.043299784884,1309.3],[-120.95756744966,40.043314704672,1309.3],[-120.9575416334,40.043324176222,1307.2],[-120.95753266476,40.043334821239,1307.2],[-120.95752554014,40.043340018019,1307.2],[-120.95752118155,40.0433399342,1307.2],[-120.95751489513,40.043341442943,1307.2],[-120.95749033615,40.043382598087,1307.2],[-120.95747675747,40.04340397194,1310.7],[-120.9574562218,40.043447893113,1308.3],[-120.95743652433,40.043489383534,1311.5],[-120.9573958721,40.043557528406,1311.5],[-120.95734247938,40.0436394196,1311.7],[-120.95732479356,40.043669342995,1314.4],[-120.95729026012,40.043730195612,1314.4],[-120.95726846717,40.043764896691,1314.4],[-120.95724441111,40.043808734044,1314.0],[-120.95722018741,40.04385416396,1314.0],[-120.95719847828,40.04389917478,1316.8],[-120.957179619,40.0439424254,1316.8],[-120.9571553953,40.043985508382,1316.5],[-120.95713351853,40.04403068684,1316.5],[-120.95711365342,40.044075110927,1319.4],[-120.95709118992,40.044117188081,1319.4],[-120.95706839114,40.044161947444,1322.1],[-120.95704752021,40.044215423986,1318.3],[-120.957036037,40.044254735112,1320.9],[-120.95702203922,40.044291028753,1320.9],[-120.9569994919,40.044332267717,1323.6],[-120.95697761513,40.044376021251,1323.6],[-120.95695858821,40.044418098405,1323.6],[-120.95694978721,40.044457828626,1322.2],[-120.9569514636,40.044490601867,1322.2],[-120.95695221797,40.044519184157,1322.2],[-120.95694568008,40.044548772275,1324.8],[-120.95694039948,40.044580539688,1324.8],[-120.95692925155,40.044610379264,1324.8],[-120.95690754242,40.044641979039,1327.3],[-120.95688164234,40.044676931575,1327.3],[-120.95685297623,40.044715655968,1326.1],[-120.9568259865,40.044758319855,1326.1],[-120.95680318773,40.044799726456,1326.1],[-120.95678248443,40.044839372858,1324.7],[-120.9567568358,40.044878851622,1324.7],[-120.95673227683,40.044918498024,1327.0],[-120.95671249554,40.044957976788,1327.0],[-120.95669087023,40.044994605705,1329.4],[-120.95667410642,40.045032743365,1325.7],[-120.95666823909,40.04507037811,1325.7],[-120.9566656407,40.045101894066,1328.1],[-120.95666044392,40.045134248212,1328.1],[-120.95665600151,40.045169452205,1330.3],[-120.95665474422,40.045200632885,1330.3],[-120.95664518885,40.045226616785,1330.3],[-120.95663144253,40.045255450532,1330.3],[-120.95662415028,40.045292247087,1332.4],[-120.95661635511,40.045323763043,1332.4],[-120.95660193823,40.045347483829,1332.4],[-120.9565806482,40.045372294262,1331.1],[-120.95655483194,40.045402972028,1331.1],[-120.95653261989,40.045438511297,1331.1],[-120.95651334152,40.045472206548,1333.4],[-120.95649532042,40.045502884313,1330.1],[-120.95646816306,40.045532304794,1330.1],[-120.95643924549,40.045561641455,1332.7],[-120.9564243257,40.045591732487,1332.7],[-120.95641493797,40.045618386939,1329.6],[-120.9564053826,40.0456477236,1332.6],[-120.95639767125,40.04567630589,1332.6],[-120.95639415085,40.045703714713,1332.6],[-120.95639549196,40.045735817403,1335.7],[-120.95639641397,40.045765573159,1335.7],[-120.95639012754,40.045793317258,1335.7],[-120.95637202263,40.045824665576,1338.9],[-120.95634394325,40.045854002237,1338.9],[-120.95631653443,40.045876465738,1336.5],[-120.95628904179,40.045896582305,1336.5],[-120.9562670812,40.045921476558,1339.8],[-120.95624528825,40.045945867896,1339.8],[-120.95623615198,40.045968079939,1337.3],[-120.95622617751,40.045987442136,1337.3],[-120.95621452667,40.046012336388,1337.3],[-120.95620773733,40.046039326116,1340.3],[-120.9561996907,40.04606673494,1340.3],[-120.95618695021,40.046090791002,1340.3],[-120.95617186278,40.046111829579,1342.3],[-120.95615987666,40.046138484031,1342.3],[-120.95614059828,40.046168742701,1339.5],[-120.95611880533,40.046200091019,1341.3],[-120.95609826967,40.046229511499,1341.3],[-120.95608091913,40.04625281319,1341.3],[-120.95607086085,40.046271421015,1341.3],[-120.95606281422,40.046292543411,1338.4],[-120.95605443232,40.04631517455,1340.4],[-120.95604462549,40.046337135136,1340.4],[-120.9560385067,40.046349624172,1340.4],[-120.95603523776,40.046363538131,1340.4],[-120.95602241345,40.046382229775,1340.4],[-120.9560107626,40.046404944733,1342.5],[-120.95600053668,40.046428497881,1342.5],[-120.95598536544,40.046453140676,1342.5],[-120.95596734434,40.046472838148,1340.2],[-120.95594915561,40.046490188688,1340.2],[-120.95593490638,40.046506198123,1342.4],[-120.95592308789,40.046524135396,1342.4],[-120.95591101795,40.046545341611,1342.4],[-120.95589576289,40.046571325511,1342.4],[-120.95588587224,40.046589346603,1344.6],[-120.95587271266,40.04660602659,1343.1],[-120.95586064272,40.046619689092,1343.1],[-120.9558447171,40.046642152593,1343.1],[-120.95582837239,40.046663945541,1343.1],[-120.95581269823,40.046687079594,1345.4],[-120.95579082146,40.046712225303,1344.1],[-120.95577724278,40.046725217253,1344.1],[-120.95575679094,40.046745585278,1344.1],[-120.95574446954,40.046762600541,1344.1],[-120.95573164523,40.046785483137,1346.3],[-120.95572292805,40.046810209751,1346.3],[-120.95571513288,40.046836445108,1346.3],[-120.95569971018,40.046857986599,1345.1],[-120.95567950979,40.04688388668,1347.3],[-120.95566534437,40.046898303553,1347.3],[-120.95565520227,40.046920599416,1347.3],[-120.95564288087,40.046944739297,1347.3],[-120.95562938601,40.046968460083,1349.1],[-120.9556165617,40.046993438154,1349.1],[-120.95561027527,40.047019254416,1349.1],[-120.95560264774,40.047040460631,1349.1],[-120.95559275709,40.04706049338,1348.0],[-120.95558077097,40.047079185024,1348.9],[-120.95556576736,40.04710030742,1348.9],[-120.95555478707,40.047123441473,1348.9],[-120.95554539934,40.047141714022,1348.9],[-120.95553358085,40.047162333503,1348.9],[-120.95552067272,40.047187563032,1348.9],[-120.95550315455,40.04721455276,1348.9],[-120.95547867939,40.047243218869,1349.8],[-120.95545286313,40.047270711511,1349.8],[-120.95542838797,40.047301054001,1349.8],[-120.95540936105,40.047331899405,1350.9],[-120.95539301634,40.047357296571,1350.9],[-120.95537474379,40.047377580777,1350.9],[-120.95535311848,40.047407336533,1350.9],[-120.95533266664,40.04742661491,1350.7],[-120.9553153161,40.047447318211,1353.2],[-120.95530282706,40.047471961007,1353.2],[-120.95529268496,40.047496687621,1353.2],[-120.95527592115,40.047523342073,1353.0],[-120.95524993725,40.047555109486,1353.0],[-120.95522973686,40.047581177205,1357.1],[-120.95521230251,40.047607412562,1358.3],[-120.95519838855,40.047633647919,1358.3],[-120.95518288203,40.047660553828,1358.3],[-120.95516938716,40.047687124461,1359.0],[-120.95516100526,40.047708163038,1359.0],[-120.95515421592,40.047729033977,1359.0],[-120.95514608547,40.047743618488,1362.5],[-120.95513963141,40.047755353153,1362.5],[-120.9551330097,40.047766584903,1362.5],[-120.95512236468,40.047779576853,1362.5],[-120.95511515625,40.047793909907,1362.5],[-120.95511557534,40.04781528376,1361.5],[-120.95512001775,40.047837495804,1361.5],[-120.95512211323,40.0478586182,1361.5],[-120.95512320288,40.047879824415,1361.5],[-120.95512026921,40.047901785001,1360.7],[-120.95511163585,40.047921482474,1360.7],[-120.95510233194,40.047944113612,1360.7],[-120.95509269275,40.047966325656,1360.7],[-120.95508565195,40.047988872975,1360.7],[-120.95507567748,40.048014353961,1364.6],[-120.95506905578,40.048038242385,1364.6],[-120.95506503247,40.048057353124,1364.6],[-120.95506469719,40.048078307882,1364.6],[-120.95506134443,40.048099095002,1364.3],[-120.95505665056,40.048120301217,1364.3],[-120.95505698584,40.048144105822,1364.3],[-120.95506067388,40.048166653141,1364.3],[-120.95506302081,40.048187607899,1364.3],[-120.95506620593,40.048212083057,1364.0],[-120.95506838523,40.048233959824,1364.0],[-120.95507659949,40.048255752772,1364.0],[-120.95508221537,40.048279222101,1359.5],[-120.95508422703,40.048301266506,1359.2],[-120.95508783124,40.048316437751,1359.2],[-120.95508732833,40.048326663673,1359.2],[-120.95508741215,40.048337895423,1359.2],[-120.95508439466,40.04834946245,1359.2],[-120.95508238301,40.048362202942,1359.2],[-120.95508623868,40.048365723342,1359.2],[-120.95508917235,40.048369076103,1359.2],[-120.9550898429,40.048363627866,1359.2],[-120.95509110019,40.048366561532,1359.2],[-120.95509185456,40.048371339217,1359.2],[-120.9550951235,40.048377038911,1359.2],[-120.95510023646,40.048385001719,1359.2],[-120.9551035054,40.048392210156,1359.2],[-120.95510501415,40.048396904022,1359.2],[-120.95509369858,40.048404363915,1358.9],[-120.95508975908,40.0484091416,1358.9],[-120.95508640632,40.048415428028,1358.9],[-120.95508523285,40.048417523503,1358.9],[-120.95508313738,40.04841869697,1358.9],[-120.95507802442,40.048421714455,1363.4],[-120.95507450402,40.04842297174,1363.4],[-120.95506972633,40.048422636464,1363.4],[-120.95506369136,40.048423558474,1363.4],[-120.95505497418,40.048422552645,1363.4],[-120.95503837802,40.048418864608,1363.4],[-120.95501448959,40.048388438299,1363.7],[-120.95501105301,40.048418110237,1363.4],[-120.95500426367,40.048440825194,1363.4],[-120.95499437302,40.04846798256,1363.4],[-120.95492958091,40.048559010029,1367.0],[-120.95478264615,40.048688258976,1371.5],[-120.95475875773,40.048717092723,1371.5],[-120.95473269001,40.048741400242,1371.5],[-120.95471131615,40.048771575093,1371.5],[-120.95468717627,40.048808371648,1373.2],[-120.95464115962,40.048872409388,1373.2],[-120.95461752266,40.04890426062,1371.9],[-120.95460176468,40.048929909244,1375.9],[-120.95459078439,40.048958659172,1375.9],[-120.95458122902,40.048988331109,1375.3],[-120.9545622021,40.049016494304,1375.3],[-120.95453764312,40.049044070765,1375.3],[-120.95451777801,40.049064522609,1374.8],[-120.95450344495,40.04908438772,1378.4],[-120.95448349603,40.049113975838,1378.4],[-120.95446547493,40.049136606976,1378.4],[-120.95444410108,40.049149850383,1377.5],[-120.95442440361,40.049167284742,1377.5],[-120.95440923236,40.049184132367,1380.9],[-120.95439691097,40.049197711051,1380.9],[-120.95438676886,40.04920902662,1380.9],[-120.95438542776,40.049221180379,1380.9],[-120.95438148826,40.04923149012,1380.9],[-120.95437671058,40.049230903387,1380.9],[-120.95437193289,40.049230735749,1380.9],[-120.95436983742,40.049231071025,1380.9],[-120.9543693345,40.049229729921,1380.9],[-120.95436723903,40.049231238663,1380.9],[-120.95435525291,40.049252780154,1379.9],[-120.95434402116,40.049273567274,1379.9],[-120.95433396287,40.049290582538,1379.9],[-120.95432817936,40.049305586144,1379.9],[-120.95432432368,40.049316901714,1379.9],[-120.95432197675,40.049323942512,1379.9],[-120.95431066118,40.049333078787,1378.7],[-120.95429867506,40.049339449033,1382.0],[-120.95429414883,40.04934489727,1382.0],[-120.95427721739,40.049347076565,1382.0],[-120.95427000895,40.049349172041,1382.0],[-120.95427361317,40.049351183698,1382.0],[-120.95425936393,40.049362834543,1382.0],[-120.95423614606,40.049354704097,1382.0],[-120.95424578525,40.049343556166,1382.0],[-120.95425073057,40.049339951947,1382.0],[-120.95425316133,40.049340035766,1382.0],[-120.95426648855,40.049338191748,1382.0],[-120.95426850021,40.049332743511,1382.0],[-120.95426833257,40.049328720197,1382.0],[-120.95426640473,40.049326959997,1382.0],[-120.9542468749,40.04935529083,1382.0],[-120.95423581079,40.049364091828,1382.0],[-120.95422592014,40.049370629713,1382.0],[-120.95421720296,40.049375407398,1382.0],[-120.95421309583,40.049379011616,1382.0],[-120.95420446247,40.049389991909,1385.2],[-120.95420211554,40.049392338842,1385.2],[-120.95418359153,40.049409773201,1385.2],[-120.95417227596,40.049423351884,1383.9],[-120.95412198454,40.049480348825,1383.9],[-120.95409021713,40.049518989399,1385.6],[-120.95401729457,40.049602137879,1388.6],[-120.95399223268,40.049619991332,1386.4],[-120.95395476557,40.049639353529,1386.4],[-120.95392199233,40.049660475925,1389.3],[-120.95388997346,40.049678748474,1389.3],[-120.95386742614,40.049697943032,1386.9],[-120.95384798013,40.049714120105,1386.9],[-120.95382107422,40.049724178389,1389.6],[-120.95379349776,40.049734991044,1389.6],[-120.9537743032,40.049752090126,1389.6],[-120.95374370925,40.049766758457,1392.0],[-120.9537069127,40.049787797034,1389.0],[-120.95367782749,40.049807243049,1389.0],[-120.95366659574,40.049829371274,1389.0],[-120.95364388078,40.049850577489,1391.3],[-120.95361303538,40.049869604409,1391.3],[-120.95358872786,40.049873376265,1391.3],[-120.95357866958,40.04987639375,1391.3],[-120.95354958437,40.049892151728,1390.6],[-120.95352795906,40.049906987697,1390.6],[-120.9535122849,40.0499153696,1390.6],[-120.95349786803,40.049916040152,1390.6],[-120.9534920007,40.049919812009,1390.6],[-120.95348789357,40.049917045981,1390.6],[-120.95348202623,40.049918554723,1390.6],[-120.95348085277,40.049924254417,1390.6],[-120.95348043367,40.049929535016,1390.6],[-120.95347775146,40.049935067073,1390.6],[-120.95346584916,40.049944035709,1390.6],[-120.95346274786,40.049950573593,1390.6],[-120.95345973037,40.049955602735,1390.6],[-120.95345419832,40.049959123135,1393.0],[-120.95344724134,40.049961637706,1393.0],[-120.95343634486,40.049963565543,1393.0],[-120.95342821442,40.049968594685,1390.2],[-120.9534193296,40.049980748445,1390.2],[-120.95341706648,40.049982843921,1390.2],[-120.95340818167,40.049991309643,1390.2],[-120.95337783918,40.050045540556,1390.2],[-120.95336199738,40.050071524456,1390.7],[-120.95334850252,40.050093987957,1390.7],[-120.95331111923,40.050146123394,1390.7],[-120.95329376869,40.050167161971,1388.5],[-120.9532718081,40.050187613815,1391.4],[-120.95323970541,40.050239330158,1391.4],[-120.95321841538,40.050262296572,1390.2],[-120.95313761383,40.050346869975,1393.8],[-120.95310785808,40.050405040383,1392.1],[-120.95309025608,40.05043479614,1396.3],[-120.95307650976,40.050468575209,1394.7],[-120.95306368545,40.050507299602,1394.7],[-120.95305086114,40.050542000681,1393.1],[-120.95302906819,40.050577037036,1393.1],[-120.95300995745,40.05061567761,1393.1],[-120.9530040063,40.050649540499,1391.5],[-120.95299411565,40.050674350932,1395.3],[-120.95296561718,40.050709554926,1395.3],[-120.95295547508,40.050735287368,1393.6],[-120.95295237377,40.050758756697,1393.6],[-120.95295262523,40.050777448341,1393.6],[-120.95294776373,40.050794212148,1393.6],[-120.95294969156,40.050810975954,1392.2],[-120.95295304433,40.050816340372,1392.2],[-120.95295815729,40.050827153027,1392.2],[-120.9529604204,40.050839809701,1392.2],[-120.95296310261,40.050853220746,1392.2],[-120.95296377316,40.050860764459,1392.2],[-120.95295497216,40.050860345364,1392.2],[-120.95295371488,40.050861854106,1392.2],[-120.95295069739,40.050867637619,1392.2],[-120.95293778926,40.050868391991,1392.2],[-120.95293343067,40.050863446668,1392.2],[-120.95291557722,40.050877025351,1392.2],[-120.95291096717,40.050888089463,1392.2],[-120.95290308818,40.050912983716,1391.0],[-120.95290107653,40.050929412246,1391.0],[-120.95289546065,40.050950199366,1394.2],[-120.95283175819,40.051042400301,1392.5],[-120.95278280787,40.051083723083,1395.5],[-120.95270502381,40.05112119019,1396.2],[-120.95265615731,40.051131080836,1396.2],[-120.95260678791,40.051139043644,1398.4],[-120.9525636211,40.051136612892,1398.4],[-120.95252531581,40.051129404455,1400.2],[-120.95249229111,40.0511185918,1400.2],[-120.95246178098,40.051111886278,1400.2],[-120.95242858864,40.051105013117,1401.4],[-120.9523958154,40.051102750003,1401.4],[-120.9522870183,40.051067965105,1406.7],[-120.95225499943,40.051062433049,1406.7],[-120.95221367665,40.051055559888,1407.3],[-120.95217872411,40.051042232662,1407.3],[-120.95214092173,40.051024630666,1407.6],[-120.95210194588,40.051015326753,1407.6],[-120.95206188038,40.05101297982,1407.6],[-120.9520254191,40.051013734192,1407.8],[-120.95198585652,40.05100954324,1407.8],[-120.95194587484,40.051004681736,1408.2],[-120.9519043006,40.050976518542,1413.9],[-120.95186364837,40.050958413631,1414.3],[-120.95180966891,40.050945840776,1414.3],[-120.9517677594,40.050942990929,1414.8],[-120.95173758455,40.050955396146,1414.8],[-120.95169659704,40.050958413631,1414.8],[-120.95165560953,40.050960425287,1415.4],[-120.95160741359,40.050963526592,1415.4],[-120.95157103613,40.050961012021,1415.9],[-120.95153675415,40.050962688401,1415.9],[-120.95149970613,40.050968807191,1415.9],[-120.95146106556,40.050975596532,1416.4],[-120.95142024569,40.050978446379,1416.4],[-120.95138252713,40.05098012276,1416.8],[-120.95134153962,40.050979955122,1416.8],[-120.95128923655,40.050979536027,1417.6],[-120.95124900341,40.050977189094,1417.6],[-120.95121438615,40.050975345075,1417.6],[-120.95117918216,40.050979116932,1418.8],[-120.95114272088,40.05098531954,1418.8],[-120.95110123046,40.050991773605,1414.8],[-120.95106258988,40.050994455814,1414.8],[-120.95102713443,40.050999736413,1416.0],[-120.95099343918,40.051009124145,1416.0],[-120.95096737146,40.051015913486,1416.0],[-120.95094298013,40.051016332582,1416.0],[-120.95092395321,40.05101130344,1417.2],[-120.95090710558,40.051009291783,1417.2],[-120.95088439062,40.051011806354,1417.2],[-120.95085966401,40.051016081125,1417.2],[-120.95084063709,40.051018008962,1418.4],[-120.95081624575,40.051025217399,1418.4],[-120.9507926926,40.051029073074,1418.4],[-120.95077265985,40.051032258198,1418.4],[-120.95075229183,40.051041897386,1418.4],[-120.95073167235,40.05105715245,1419.6],[-120.95071356744,40.051072239876,1419.6],[-120.95069730654,40.05108657293,1414.6],[-120.95068205148,40.051107276231,1414.6],[-120.95067576505,40.051124794409,1414.6],[-120.95067006536,40.051146671176,1415.6],[-120.95066528767,40.051173912361,1412.3],[-120.95066361129,40.051204087213,1412.3],[-120.9506627731,40.051237866282,1412.3],[-120.95065640286,40.051256557927,1412.3],[-120.95065455884,40.051277764142,1410.4],[-120.95065531321,40.05130215548,1410.4],[-120.95065539703,40.051327971742,1410.4],[-120.95065807924,40.051352027804,1410.4],[-120.95066294074,40.051375832409,1409.8],[-120.95066034235,40.051397122443,1409.8],[-120.95065874979,40.051417574286,1409.8],[-120.95066595823,40.051445905119,1409.8],[-120.95067350194,40.051474990323,1407.3],[-120.9506786149,40.051500471309,1407.3],[-120.95068817027,40.051525365561,1407.3],[-120.95069345087,40.05155319348,1406.5],[-120.95068867318,40.051582362503,1406.5],[-120.95066034235,40.051617063582,1406.5],[-120.95064542256,40.051652938128,1410.4],[-120.95063419081,40.051684202626,1410.4],[-120.95062455162,40.051715467125,1410.4],[-120.95062153414,40.051745139062,1410.6],[-120.95061575063,40.051779253408,1410.6],[-120.95060762018,40.051803980023,1410.6],[-120.9506024234,40.051839351654,1410.6],[-120.95060460269,40.051871538162,1410.6],[-120.95059295185,40.051897438243,1410.6],[-120.95056973398,40.051917722449,1410.6],[-120.9505588375,40.051952591166,1410.6],[-120.95053536817,40.051994919777,1414.2],[-120.95052723773,40.052024675533,1414.3],[-120.95052170567,40.05205694586,1414.3],[-120.95051147975,40.052092904225,1414.3],[-120.95049153082,40.052121654153,1414.4],[-120.95047267154,40.052151661366,1414.4],[-120.95044978894,40.052180076018,1418.3],[-120.95045272261,40.052218465135,1418.4],[-120.95046085306,40.052253082395,1418.4],[-120.95045607537,40.052276300266,1418.4],[-120.95043176785,40.052303792909,1418.4],[-120.95042112283,40.052330195904,1418.4],[-120.95041332766,40.052350312471,1418.4],[-120.95040494576,40.052370261401,1418.4],[-120.95040125772,40.052388282493,1418.4],[-120.95040318556,40.052400436252,1418.4],[-120.95040796325,40.052412254736,1418.4],[-120.95041232184,40.052424995229,1418.4],[-120.95041659661,40.052434466779,1418.4],[-120.95041894354,40.05243790336,1418.4],[-120.95042238012,40.052437065169,1418.4],[-120.9504240565,40.05243614316,1418.4],[-120.9504209552,40.052436059341,1418.4],[-120.9504187759,40.052453493699,1418.4],[-120.95043101348,40.052453996614,1418.4],[-120.95043352805,40.052460450679,1418.4],[-120.95043201931,40.052467742935,1418.4],[-120.95042606816,40.052477298304,1418.4],[-120.95042481087,40.052484087646,1418.4],[-120.95042288303,40.052491044626,1418.4],[-120.95042355359,40.052499007434,1418.4],[-120.95042489469,40.05250453949,1418.4],[-120.95042841509,40.052509652451,1418.4],[-120.95042984001,40.052518285811,1418.4],[-120.95043017529,40.05252532661,1418.4],[-120.95042849891,40.05253136158,1418.4],[-120.95042916946,40.052531864494,1418.4],[-120.95042984001,40.052531696856,1418.4],[-120.95041508786,40.052537648007,1418.4],[-120.95040259883,40.052566146478,1418.5],[-120.95039698295,40.052574444562,1418.5],[-120.95039136708,40.052580311894,1422.7],[-120.95038642175,40.052582155913,1422.7],[-120.95036739483,40.052628591657,1422.7],[-120.95032414421,40.052684331313,1422.7],[-120.95028365962,40.052730180323,1426.9],[-120.95026723109,40.052756164223,1426.9],[-120.95024770126,40.052843503654,1426.8],[-120.95025507733,40.052867308259,1426.8],[-120.9502685722,40.052894968539,1426.7],[-120.95028080977,40.052916677669,1426.7],[-120.95028961077,40.052929501981,1426.7],[-120.95029338263,40.052936961874,1426.7],[-120.95029262826,40.052938051522,1426.7],[-120.95028835349,40.052946684882,1426.7],[-120.95028935932,40.052948696539,1426.7],[-120.95031048171,40.052972920239,1422.6],[-120.95031458884,40.052978368476,1422.6],[-120.95032699406,40.053013572469,1422.6],[-120.95032489859,40.053022708744,1422.6],[-120.95032758079,40.053026732057,1422.6],[-120.95031970181,40.053037125617,1422.6],[-120.9503236413,40.05305590108,1422.6],[-120.9503271617,40.053070401773,1422.6],[-120.95032867044,40.053088674322,1422.5],[-120.95031643286,40.053152628243,1426.5],[-120.95029606484,40.05318833515,1426.3],[-120.95028826967,40.053197471425,1426.3],[-120.95028189942,40.053204260767,1426.3],[-120.95027460717,40.053209373727,1426.3],[-120.95026597381,40.053211133927,1426.3],[-120.95025516115,40.053217252716,1426.3],[-120.95027687028,40.053218426183,1426.3],[-120.95028290525,40.053223203868,1426.3],[-120.95027712174,40.05326285027,1426.0],[-120.95026765019,40.053279781714,1426.0],[-120.95026362687,40.053291600198,1426.0],[-120.95026060939,40.053301909938,1426.0],[-120.95026211813,40.053315404803,1426.0],[-120.95026069321,40.053370306268,1425.5],[-120.95025734045,40.053386399522,1425.5],[-120.95025046729,40.053400313482,1425.5],[-120.95023856498,40.053417328745,1425.5],[-120.95021450892,40.053455801681,1428.5],[-120.95011736266,40.053564598784,1431.6],[-120.95011107624,40.053589744493,1431.6],[-120.95011183061,40.053616231307,1431.6],[-120.95010722056,40.053640622646,1430.8],[-120.95005634241,40.05374841392,1430.1],[-120.95001803711,40.053784372285,1433.8],[-120.94997964799,40.053809182718,1433.8],[-120.94994570129,40.053834831342,1436.1],[-120.94990764745,40.053856289014,1436.1],[-120.94986833632,40.053873220459,1436.1],[-120.94983262941,40.053892666474,1438.9],[-120.94979683869,40.053910771385,1435.4],[-120.94975777902,40.053930720314,1437.2],[-120.94971519895,40.05395276472,1437.2],[-120.94967504963,40.053966175765,1438.6],[-120.9496498201,40.053974557668,1438.6],[-120.94962836243,40.053973803297,1438.6],[-120.94960405491,40.053972965106,1438.6],[-120.94958368689,40.053975731134,1438.6],[-120.94957740046,40.053976066411,1439.9],[-120.94957337715,40.053980173543,1439.9],[-120.9495603852,40.053976653144,1439.9],[-120.94953733496,40.053972797468,1439.9],[-120.94951143488,40.053973887116,1439.9],[-120.94950355589,40.05397355184,1439.9],[-120.94950255007,40.053966008127,1439.9],[-120.94949534163,40.053965253755,1439.9],[-120.94949249178,40.053965924308,1439.9],[-120.94948478043,40.053967181593,1440.8],[-120.94947455451,40.053968941793,1440.8],[-120.94945980236,40.053970450535,1440.8],[-120.94944295473,40.053972965106,1440.8],[-120.9494234249,40.053978329524,1440.8],[-120.94939827919,40.053985035047,1441.6],[-120.94937464222,40.053989728913,1441.6],[-120.94934983179,40.053998949006,1436.7],[-120.94932158478,40.054010013118,1436.7],[-120.94929241575,40.054015712813,1437.2],[-120.94925863668,40.054025268182,1437.2],[-120.94922016375,40.054041193798,1437.2],[-120.94918403774,40.054046642035,1437.6],[-120.94910373911,40.054063489661,1438.0],[-120.94901304692,40.054078912362,1434.2],[-120.94873661175,40.054074889049,1436.1],[-120.94867701642,40.054080672562,1436.1],[-120.9486236237,40.054090898484,1436.8],[-120.94857542776,40.054098106921,1436.8],[-120.94852798618,40.054108751938,1437.6],[-120.94847400673,40.054123755544,1437.6],[-120.94843938947,40.054132808,1438.4],[-120.94839722849,40.054138926789,1438.4],[-120.94832271338,40.054139597341,1439.3],[-120.94828843139,40.054137753323,1439.3],[-120.94803387299,40.054110679775,1441.8],[-120.9479969088,40.054094754159,1441.8],[-120.94796103425,40.054082851857,1442.7],[-120.94793588854,40.054071871564,1442.7],[-120.94792759046,40.054070949554,1442.7],[-120.94792641699,40.054069776088,1442.7],[-120.94791426323,40.054070530459,1442.7],[-120.94789917581,40.054072039202,1443.5],[-120.94783639535,40.054090898484,1443.5],[-120.9477718547,40.054124845192,1444.2],[-120.94775743783,40.054132053629,1444.2],[-120.94774159603,40.054139010608,1444.2],[-120.94772919081,40.054142950103,1444.2],[-120.94771494158,40.054144794121,1444.2],[-120.94770295545,40.054148063064,1444.7],[-120.94769155607,40.054154098034,1439.8],[-120.94765174203,40.05416566506,1439.8],[-120.94757957384,40.054169353098,1440.4],[-120.94753347337,40.054167006165,1440.4],[-120.94748443924,40.054173711687,1440.9],[-120.94741260633,40.054205227643,1441.4],[-120.94737782143,40.054222326726,1441.4],[-120.94734370708,40.054236492142,1441.4],[-120.94729894772,40.054249567911,1437.8],[-120.94719434157,40.054262308404,1438.3],[-120.9471451398,40.054269516841,1438.3],[-120.94706433825,40.05427479744,1438.6],[-120.94702335075,40.054278569296,1438.5],[-120.94685194083,40.054295584559,1438.1],[-120.9467954468,40.054297596216,1438.1],[-120.94670802355,40.054230876267,1441.6],[-120.9466637671,40.054201791063,1441.3],[-120.94662110321,40.054178992286,1441.3],[-120.94658874907,40.054170526564,1441.3],[-120.94654667191,40.054174549878,1441.0],[-120.94650031999,40.054178489372,1441.0],[-120.94646922313,40.054156361148,1445.3],[-120.94644516706,40.054132221267,1445.3],[-120.94642572105,40.054105734453,1445.3],[-120.94641222619,40.054063824937,1445.3],[-120.94641641714,40.054025184363,1449.9],[-120.94644164667,40.053992075846,1449.9],[-120.94647291116,40.053970534354,1449.9],[-120.9465113841,40.053949160501,1454.7],[-120.94655740075,40.053942538798,1454.7],[-120.94659059308,40.05396399647,1454.8],[-120.94661833718,40.053981766105,1450.1],[-120.94665471464,40.053982771933,1450.4],[-120.94668958336,40.053985035047,1450.4],[-120.94671229832,40.05398478359,1450.4],[-120.94673442654,40.053972713649,1450.4],[-120.94674590975,40.053964080289,1455.1],[-120.94674943015,40.053949663416,1455.1],[-120.94674725085,40.053935162723,1455.1],[-120.94674088061,40.053921667859,1455.1],[-120.94673668966,40.053912699223,1455.1],[-120.94673585147,40.053909011185,1455.1],[-120.94673844986,40.053902976215,1455.1],[-120.94673660584,40.053903143853,1455.1],[-120.94673275016,40.053899204358,1455.1],[-120.94672814012,40.053889146075,1455.1],[-120.94672830775,40.053886882961,1455.1],[-120.94672730193,40.053885458037,1455.1],[-120.9467188362,40.05387657322,1455.1],[-120.94671556726,40.053871460259,1455.1],[-120.94670534134,40.053862994537,1459.7],[-120.94670198858,40.053861569613,1459.7],[-120.94669394195,40.05383759737,1459.7],[-120.94668916427,40.053832819685,1459.7],[-120.94668614678,40.053830137476,1459.7],[-120.94666770659,40.053811529651,1459.7],[-120.94665052369,40.053793843836,1459.7],[-120.9466289822,40.053779846057,1459.3],[-120.94660509378,40.053769620135,1459.3],[-120.94657709822,40.053750677034,1463.5],[-120.9465602506,40.053736008704,1463.5],[-120.94653217122,40.053715053946,1463.0],[-120.94650409184,40.053700469434,1463.0],[-120.94648632221,40.053692674264,1463.0],[-120.94646561891,40.053691500798,1462.5],[-120.94644483179,40.053691668436,1462.5],[-120.94642446376,40.05369300954,1462.5],[-120.94640233554,40.053693093359,1462.5],[-120.94637568109,40.053696446121,1462.3],[-120.94634550624,40.053703906015,1462.3],[-120.94632497057,40.053704157472,1462.3],[-120.94631030224,40.05369820632,1462.3],[-120.94629546627,40.05369652994,1462.3],[-120.94626763836,40.053699882701,1462.2],[-120.94624928199,40.053701475263,1462.2],[-120.94623184763,40.053706588224,1462.2],[-120.94620619901,40.053712371737,1462.2],[-120.94618096948,40.05370432511,1462.1],[-120.94615716487,40.053707510233,1462.1],[-120.94614299946,40.053714383394,1462.1],[-120.94611911103,40.053726620972,1462.1],[-120.94610285014,40.053737936541,1462.1],[-120.94608365558,40.053740534931,1462.2],[-120.94605834223,40.053741624579,1462.2],[-120.94603051431,40.053738439456,1462.2],[-120.94599765725,40.053736092523,1462.6],[-120.94597821124,40.053734164685,1462.6],[-120.94595407136,40.053735924885,1462.6],[-120.94593412243,40.053735254332,1462.6],[-120.94590646215,40.053734332323,1463.2],[-120.94587083906,40.053734416142,1463.2],[-120.94583638944,40.053738523275,1463.2],[-120.94580881298,40.053744809702,1464.1],[-120.94578509219,40.053749084473,1464.1],[-120.94575709663,40.053758556023,1464.1],[-120.94573329203,40.053762830794,1464.1],[-120.94569758512,40.053764171898,1465.0],[-120.94565282576,40.053764842451,1465.0],[-120.94561443664,40.053766686469,1465.8],[-120.94556598924,40.053773056716,1462.5],[-120.94552257098,40.053782109171,1463.4],[-120.94549625181,40.053788647056,1463.4],[-120.9454654064,40.05378998816,1463.4],[-120.94542978331,40.053793927655,1464.2],[-120.94540321268,40.053796106949,1464.2],[-120.94536792487,40.05379434675,1465.0],[-120.94532643445,40.053782947361,1465.0],[-120.94529366121,40.053774062544,1465.0],[-120.9452337306,40.053772889078,1465.8],[-120.94519475475,40.053762076423,1469.0],[-120.94516726211,40.053744558245,1469.7],[-120.94513541088,40.053726453334,1469.7],[-120.94510104507,40.053701810539,1469.7],[-120.94507480972,40.053678760305,1470.4],[-120.94505419023,40.053656464443,1473.5],[-120.94503533095,40.053644981235,1473.5],[-120.94502242282,40.053640874103,1473.5],[-120.94500289299,40.053635258228,1473.5],[-120.94499124214,40.053627463058,1474.3],[-120.94499778003,40.053617153317,1473.5],[-120.94499954022,40.053612124175,1473.5],[-120.9449967742,40.053607430309,1473.5],[-120.94498738647,40.0536029879,1474.3],[-120.94497690909,40.053597958758,1474.3],[-120.94496944919,40.053595276549,1474.3],[-120.94495704398,40.053592426702,1474.3],[-120.94495394267,40.053590582684,1474.3],[-120.94495201483,40.053577339277,1474.3],[-120.94495369121,40.053577423096,1474.3],[-120.94496651553,40.053580105305,1474.3],[-120.94497104175,40.053584044799,1474.3],[-120.94497523271,40.053583625704,1474.3],[-120.94496676698,40.053581027314,1474.3],[-120.94493508339,40.053570047021,1474.3],[-120.94489032403,40.053552361205,1478.0],[-120.94487280585,40.053542805836,1478.0],[-120.94485377893,40.053530400619,1478.0],[-120.94481321052,40.053504668176,1478.0],[-120.94478663988,40.053492933512,1478.8],[-120.94475336373,40.053468206897,1481.7],[-120.94474783167,40.053461585194,1481.7],[-120.94474808313,40.053459489718,1481.7],[-120.94474095851,40.053459741175,1481.7],[-120.94473743811,40.053453370929,1481.7],[-120.94473215751,40.053449347615,1481.7],[-120.94471313059,40.053450185806,1482.4],[-120.9446937684,40.053443983197,1482.4],[-120.94467759132,40.053443061188,1482.4],[-120.9446589835,40.053443647921,1482.4],[-120.94464104623,40.05344289355,1483.2],[-120.94461707398,40.053442809731,1483.2],[-120.94459578395,40.053439121693,1483.2],[-120.94458078034,40.053440127522,1483.2],[-120.94456460327,40.053446916863,1483.2],[-120.9445497673,40.053454041481,1483.2],[-120.94453828409,40.053459405899,1483.7],[-120.94452344812,40.05345756188,1483.7],[-120.94451238401,40.053459489718,1483.7],[-120.94450525939,40.05346016027,1483.7],[-120.94449595548,40.053463429213,1483.7],[-120.94448816031,40.053466362879,1483.7],[-120.94446946867,40.053464183584,1483.7],[-120.94446427189,40.053465943784,1483.7],[-120.94445362687,40.053468123078,1484.1],[-120.94444725662,40.053469212726,1484.1],[-120.94444088638,40.053469128907,1484.1],[-120.94441724941,40.05347407423,1484.1],[-120.94440325163,40.053472984582,1484.1],[-120.9442903474,40.053484132513,1481.6],[-120.94426444732,40.053491927683,1482.1],[-120.9442419,40.053496118635,1482.1],[-120.94418297522,40.053512547165,1482.1],[-120.94416436739,40.053518498316,1482.6],[-120.94414961524,40.053526293486,1482.6],[-120.94413125888,40.053530735895,1482.6],[-120.94411315396,40.053535932675,1482.6],[-120.94409714453,40.053543811664,1482.6],[-120.94408616424,40.053550768644,1483.1],[-120.94408088364,40.053554624319,1483.1],[-120.94407149591,40.053558731452,1483.1],[-120.94406479038,40.053559234366,1483.1],[-120.94406244345,40.053558815271,1483.1],[-120.94405406155,40.053559066728,1483.1],[-120.94405020587,40.05355889909,1483.1],[-120.9440393094,40.053546912968,1483.1],[-120.9440406505,40.053552864119,1483.1],[-120.94403863885,40.053551187739,1483.1],[-120.94400695525,40.053552528843,1483.1],[-120.94400485978,40.053550433367,1483.1],[-120.94399890862,40.053551858291,1483.7],[-120.94399413094,40.053551858291,1483.7],[-120.94397284091,40.053547415882,1483.7],[-120.94394987449,40.05353727378,1483.7],[-120.94392447732,40.053527969867,1483.7],[-120.94389799051,40.053528221324,1484.3],[-120.94386924058,40.053524198011,1484.3],[-120.94378793612,40.053511122242,1484.8],[-120.94363647513,40.053492430598,1485.3],[-120.94358509406,40.053484635428,1485.8],[-120.94356170855,40.053487736732,1485.8],[-120.94354687259,40.05349393934,1485.8],[-120.94353890978,40.053501147777,1485.8],[-120.94351527281,40.053510535508,1486.2],[-120.94348233193,40.053516151384,1486.2],[-120.94344754703,40.053523192182,1486.2],[-120.94341561198,40.053529646248,1486.7],[-120.94338719733,40.053545571864,1483.8],[-120.94327429309,40.053601646796,1484.3],[-120.94321159646,40.053624613211,1481.8],[-120.94312350266,40.053665181622,1482.1],[-120.94305954874,40.053649423644,1482.1],[-120.94299911521,40.053621595725,1485.0],[-120.94295393676,40.053604664281,1485.1],[-120.94291596673,40.053586391732,1485.1],[-120.94288185239,40.053568622097,1485.1],[-120.94284866005,40.053534926847,1487.9],[-120.94282854348,40.053514055908,1487.9],[-120.94280465506,40.05347927101,1487.9],[-120.94279241748,40.053459573537,1487.9],[-120.94278613105,40.053441049531,1490.6],[-120.94277498312,40.053414646536,1490.6],[-120.94275696203,40.053394446149,1490.7],[-120.94275000505,40.053376927972,1490.7],[-120.94274137169,40.05336494185,1490.7],[-120.94273106195,40.053365109488,1490.7],[-120.94271723181,40.053382040933,1490.7],[-120.94270809554,40.053381035104,1490.7],[-120.94269879162,40.053369970992,1490.7],[-120.94268755987,40.053354380652,1493.3],[-120.94267808832,40.053336946294,1493.3],[-120.94266694039,40.053326971829,1493.4],[-120.94265017658,40.053321523592,1493.4],[-120.94263140112,40.053317081183,1493.4],[-120.94261128455,40.053311800584,1493.4],[-120.94259183854,40.053305681795,1493.4],[-120.94257457182,40.053303586319,1493.6],[-120.94255680218,40.0533035025,1493.6],[-120.94253827818,40.053302412853,1493.6],[-120.94252050854,40.053300987929,1493.6],[-120.94250307418,40.053300568834,1493.8],[-120.94248446636,40.053295791149,1493.8],[-120.94246787019,40.053289253265,1493.8],[-120.94245127402,40.053285481408,1493.8],[-120.94244113192,40.053279781714,1493.8],[-120.94243333675,40.053280200809,1493.8],[-120.94243207946,40.053282128647,1493.8],[-120.94243241474,40.053285984322,1493.8],[-120.94243409112,40.053279362619,1493.8],[-120.94243451022,40.05328363739,1493.8],[-120.94243182801,40.053288666531,1493.8],[-120.94242596067,40.053291432559,1494.2],[-120.94241657294,40.053290426731,1494.2],[-120.94240441918,40.053292354569,1494.2],[-120.94239234924,40.053295036778,1494.2],[-120.94238958322,40.053297383711,1494.2],[-120.94238933176,40.053299227729,1494.2],[-120.94237751327,40.053303251043,1494.2],[-120.94235924073,40.053303586319,1494.2],[-120.94233350828,40.053302077577,1494.2],[-120.94230685383,40.053302580491,1494.6],[-120.94228045084,40.053305346519,1494.6],[-120.94225153327,40.053307525814,1494.6],[-120.9422195144,40.053301909938,1495.1],[-120.94218447804,40.053296629339,1498.0],[-120.94215405174,40.053299814463,1498.6],[-120.94212555327,40.053302245215,1498.6],[-120.94209956937,40.053302496672,1498.6],[-120.94206998125,40.053298138082,1498.6],[-120.94203662127,40.05329654552,1499.2],[-120.94200761989,40.053294785321,1499.2],[-120.94198632985,40.053289923817,1499.2],[-120.94196998514,40.05328531377,1499.8],[-120.9419455938,40.053279111162,1499.8],[-120.94192145392,40.053269639611,1499.8],[-120.94191776589,40.053268801421,1499.8],[-120.94191382639,40.053270477802,1499.8],[-120.94189379364,40.053264191374,1499.8],[-120.94186118804,40.053249439225,1500.4],[-120.94184928574,40.053242146969,1500.4],[-120.94184802845,40.053243571892,1500.4],[-120.94184316695,40.053242817521,1500.4],[-120.94182581641,40.053247008473,1500.4],[-120.94180385582,40.053248349577,1500.4],[-120.94179354608,40.053243320435,1500.4],[-120.94178508036,40.053234016523,1500.4],[-120.94178088941,40.053220773116,1500.4],[-120.94178047031,40.053217252716,1500.4],[-120.94177410007,40.053213145584,1500.4],[-120.94178030267,40.053208870813,1500.4],[-120.94178021885,40.053217504174,1500.4],[-120.94175775535,40.053217923269,1501.1],[-120.94174182974,40.053217923269,1501.1],[-120.94172389247,40.053217336535,1501.1],[-120.94170955941,40.053217923269,1501.1],[-120.94169514254,40.053222030401,1501.1],[-120.9416844137,40.053224461153,1501.1],[-120.94167293049,40.053227897733,1501.1],[-120.94164426439,40.053224125877,1501.8],[-120.94162976369,40.053221108392,1501.8],[-120.94161107205,40.053225886077,1501.8],[-120.94159916975,40.053226556629,1501.8],[-120.94160218723,40.053225466982,1501.8],[-120.94158810563,40.053223371506,1501.8],[-120.94158609398,40.053221108392,1501.8],[-120.94153580256,40.05321607925,1502.2],[-120.94150395133,40.053211385384,1502.2],[-120.94142859802,40.053217252716,1502.2],[-120.94140227884,40.053215576336,1502.2],[-120.94137738459,40.053212055936,1502.7],[-120.94134905376,40.053208367899,1502.7],[-120.94132156111,40.053205769509,1502.7],[-120.9412796516,40.053197806701,1503.5],[-120.94122969545,40.053167967126,1505.5],[-120.94123405404,40.053141145036,1505.5],[-120.94125299715,40.053118010983,1505.5],[-120.94132273458,40.053068725392,1507.6],[-120.94134628773,40.053053637967,1507.6],[-120.94136673957,40.053044753149,1507.6],[-120.94139481895,40.053048692644,1507.3],[-120.94142080285,40.053049363196,1507.3],[-120.94143748283,40.053045758978,1507.3],[-120.94145365991,40.05304039456,1507.3],[-120.94147377647,40.053045423701,1506.7],[-120.94150437042,40.053046010435,1506.7],[-120.94152758829,40.053038969636,1506.7],[-120.9415492136,40.053030587733,1506.7],[-120.94156404957,40.053018350154,1509.3],[-120.94158517197,40.053001251072,1508.8],[-120.94160277396,40.052991276607,1508.8],[-120.94161928631,40.052982056513,1508.8],[-120.94163185917,40.052961688489,1508.8],[-120.94164250419,40.052951462567,1508.8],[-120.94165197574,40.052951378748,1508.8],[-120.94166027382,40.052947187796,1508.3],[-120.94166932628,40.052937464789,1508.3],[-120.94167276286,40.052932770923,1508.3],[-120.94167921692,40.052927993238,1508.3],[-120.9416830726,40.052929753438,1508.3],[-120.94168139622,40.052927741781,1508.3],[-120.94167594798,40.052924640477,1508.3],[-120.94167225994,40.052922377363,1508.3],[-120.94167234376,40.052916845307,1508.3],[-120.9416725114,40.052909469232,1510.8],[-120.94167293049,40.052906535566,1510.8],[-120.94166027382,40.052896225825,1510.8],[-120.94160704874,40.052916174755,1508.8],[-120.9415654745,40.05294341594,1508.8],[-120.94152331352,40.052949031815,1509.3],[-120.94149749726,40.052949367091,1509.3],[-120.94146925025,40.052949115634,1509.7],[-120.9414439369,40.052945427597,1509.7],[-120.94141686335,40.052934866399,1509.7],[-120.94139289111,40.052925981581,1509.7],[-120.94137059525,40.052916929126,1509.8],[-120.94131544232,40.052902260795,1509.8],[-120.94127076678,40.052877534181,1511.9],[-120.94124830328,40.052867727354,1511.9],[-120.94123363495,40.052856411785,1511.9],[-120.94122273847,40.052848951891,1511.9],[-120.94121385366,40.052836462855,1511.9],[-120.94120966271,40.052825063467,1511.9],[-120.9412048012,40.052823806182,1511.9],[-120.9411960002,40.052816513926,1511.9],[-120.94119206071,40.052813412622,1511.9],[-120.94117563218,40.052808132023,1511.8],[-120.94116456807,40.052796816453,1513.8],[-120.94115509652,40.052787763998,1513.8],[-120.94114311039,40.052781896666,1513.8],[-120.94113196246,40.052774269134,1513.8],[-120.94112257473,40.052767144516,1513.8],[-120.94111343846,40.052762534469,1513.8],[-120.9410973452,40.052753901109,1513.8],[-120.94109466299,40.052738059312,1513.8],[-120.94106356613,40.052692545578,1515.3],[-120.94105878845,40.052688186988,1515.3],[-120.94105392694,40.052683409303,1515.3],[-120.94104881398,40.052679469809,1515.3],[-120.94104428776,40.052677793428,1515.3],[-120.94104269519,40.052665891126,1515.3],[-120.94104018062,40.052650636062,1515.3],[-120.94103674404,40.052647534758,1515.3],[-120.94103121199,40.052646528929,1515.3],[-120.94102433883,40.052645104006,1515.3],[-120.94101201743,40.05263613537,1515.3],[-120.94101117924,40.052634961903,1515.3],[-120.94099818729,40.052625071257,1515.3],[-120.94099424779,40.052621047944,1515.3],[-120.94097371213,40.052609648556,1514.7],[-120.94096055254,40.052602272481,1516.3],[-120.94094404019,40.05259715952,1516.3],[-120.94088452868,40.052573857829,1516.3],[-120.94086633995,40.052567403764,1515.5],[-120.94084739685,40.052561452612,1515.5],[-120.94081889838,40.052545946091,1515.5],[-120.94081353396,40.05254259333,1515.5],[-120.94080523588,40.052542006597,1515.5],[-120.94079635106,40.052541084588,1514.6],[-120.94078863971,40.052533205599,1514.6],[-120.94077900052,40.052525494248,1516.2],[-120.94076969661,40.052517866716,1516.2],[-120.94075620174,40.052517866716,1516.2],[-120.94075595029,40.05251577124,1516.2],[-120.94075678848,40.05252096802,1516.2],[-120.94071588479,40.052531613037,1514.6],[-120.94070188701,40.052532115951,1513.7],[-120.94069115818,40.052529098466,1513.7],[-120.94067271799,40.052528260276,1513.7],[-120.94066140242,40.052531613037,1513.7],[-120.94065260142,40.052530439571,1513.7],[-120.94064857811,40.052528511733,1513.7],[-120.94064648263,40.052526080981,1513.7],[-120.94064245932,40.05252012983,1515.3],[-120.94064455479,40.052517866716,1515.3],[-120.94059946015,40.052497247234,1514.6],[-120.94059711322,40.052493391559,1514.6],[-120.94059677795,40.052493140101,1514.6],[-120.9405714646,40.05249322392,1514.6],[-120.94056526199,40.05249498412,1514.6],[-120.94055193476,40.052492637187,1514.6],[-120.94054003246,40.052473526448,1514.6],[-120.94052771106,40.052453242242,1514.6],[-120.94052553177,40.052453745157,1514.6],[-120.94052469358,40.052448296919,1514.6],[-120.94050273299,40.052426923066,1516.3],[-120.94049854204,40.052428012714,1516.3],[-120.94048202969,40.052435137331,1514.1],[-120.94046727754,40.052445195615,1514.1],[-120.94045571052,40.052458019927,1514.1],[-120.94042226672,40.052502527833,1514.1],[-120.9404085204,40.052519794554,1514.1],[-120.94038697891,40.052538067102,1513.1],[-120.94036300667,40.052558518946,1513.1],[-120.94034381211,40.052574779838,1513.1],[-120.94030114822,40.052591627464,1514.1],[-120.94028371386,40.052599338815,1514.1],[-120.94026569277,40.052612917498,1513.6],[-120.94024968334,40.052624149248,1513.6],[-120.94020098448,40.052656419575,1515.0],[-120.94018061645,40.052674524486,1515.0],[-120.94016854651,40.052693132311,1515.0],[-120.94014792703,40.052715092897,1514.3],[-120.94013418071,40.052737221122,1514.3],[-120.9401231166,40.052752895281,1514.3],[-120.9401094541,40.05276245065,1515.8],[-120.94008573331,40.052780136466,1515.8],[-120.94006041996,40.052802348509,1514.7],[-120.9400332626,40.052822884172,1514.7],[-120.94000493176,40.052841491997,1516.1],[-120.93997986987,40.052858339623,1516.1],[-120.9399650339,40.052889855579,1514.9],[-120.93994818628,40.052920617163,1514.9],[-120.93993024901,40.052945259959,1516.6],[-120.93991080299,40.052959090099,1516.6],[-120.93989387155,40.052976189181,1516.6],[-120.93986897729,40.053003430367,1515.5],[-120.93985372223,40.053030252457,1517.8],[-120.93984148465,40.053048441187,1517.8],[-120.93983804807,40.053067803383,1517.8],[-120.9398390539,40.053088925779,1517.1],[-120.93983000144,40.053112981841,1517.1],[-120.93978834338,40.053139636293,1517.1],[-120.93976713717,40.053159920499,1517.1],[-120.93975883909,40.053174002096,1516.6],[-120.93973310664,40.053184479475,1518.4],[-120.93970796093,40.053199902177,1518.4],[-120.93967367895,40.053219348192,1518.4],[-120.93963755295,40.053232759237,1520.0],[-120.93960251659,40.053241727874,1520.0],[-120.93957510777,40.053246840835,1521.5],[-120.93954535201,40.053254719824,1520.2],[-120.93952397816,40.053254636005,1520.2],[-120.93951014802,40.053249774501,1520.2],[-120.93949187547,40.0532532949,1520.2],[-120.93947301619,40.053254719824,1521.1],[-120.93945030123,40.053253211081,1521.1],[-120.93942993321,40.053249690682,1521.1],[-120.93939171173,40.053255222738,1522.1],[-120.93935508281,40.053255222738,1522.1],[-120.93932348303,40.053232088685,1524.6],[-120.93930185772,40.053203757852,1526.2],[-120.93928492628,40.053183725104,1526.2],[-120.93927922659,40.053159082308,1526.2],[-120.93927201815,40.053139468655,1528.4],[-120.93926631846,40.053115077317,1528.4],[-120.93927017413,40.05309571512,1528.4],[-120.93927629292,40.053076855838,1528.4],[-120.93928216025,40.05306025967,1528.4],[-120.93928685412,40.053040981293,1529.9],[-120.93929741532,40.053016170859,1529.9],[-120.93931878917,40.052996557206,1529.9],[-120.93934024684,40.052978787571,1528.0],[-120.93936036341,40.052950540558,1529.2],[-120.93937612139,40.052919862792,1529.2],[-120.93938282691,40.052897566929,1529.2],[-120.93938467093,40.052871499211,1529.2],[-120.93938332982,40.052846353501,1530.4],[-120.93938768841,40.052827913314,1530.4],[-120.93939146027,40.052809808403,1530.4],[-120.9393995069,40.052789608017,1530.4],[-120.93940202147,40.052780387923,1531.3],[-120.93940118328,40.052772341296,1531.3],[-120.93940696679,40.052765635774,1531.3],[-120.93941425905,40.052755326033,1529.3],[-120.93941534869,40.052744764835,1529.3],[-120.93941794708,40.052743339911,1529.3],[-120.93941970728,40.052739651874,1529.3],[-120.93941920437,40.05273655057,1529.3],[-120.93942104839,40.052735377103,1529.3],[-120.93942641281,40.052729090676,1529.3],[-120.93942523934,40.052715847269,1529.3],[-120.93942180276,40.052699837834,1529.3],[-120.9394237306,40.052602775395,1530.1],[-120.93941853382,40.052573103458,1531.0],[-120.93942515552,40.05250713788,1531.7],[-120.93942792155,40.052460199222,1531.7],[-120.93942540698,40.052442261949,1531.7],[-120.93942071311,40.052425917238,1532.8],[-120.9394109901,40.052399514243,1532.8],[-120.93940177001,40.052391299978,1534.6],[-120.93939104117,40.052382331342,1534.6],[-120.9393766243,40.05236858502,1534.6],[-120.93935650773,40.052355006337,1534.6],[-120.93933940865,40.052339415997,1534.8],[-120.93932650052,40.052322400734,1534.8],[-120.93930990435,40.052306475118,1536.5],[-120.93929003924,40.052290381864,1536.5],[-120.93926950358,40.052278060466,1536.5],[-120.93924838118,40.052266996354,1536.5],[-120.93922759406,40.052255932242,1536.5],[-120.93920756131,40.052247298881,1537.2],[-120.93918291852,40.052234139293,1537.2],[-120.93915735371,40.052219303325,1537.2],[-120.9391326271,40.052206227556,1537.2],[-120.93910714611,40.052196420729,1538.4],[-120.939087281,40.05219114013,1538.4],[-120.93907655217,40.052185021341,1538.4],[-120.93906674534,40.052173621953,1538.4],[-120.93906087801,40.052173202857,1538.4],[-120.93905517831,40.052165072411,1538.4],[-120.93905081972,40.052163228393,1538.4],[-120.93904444948,40.052157863975,1537.6],[-120.93904017471,40.052153337747,1537.6],[-120.93903615139,40.052137663588,1537.6],[-120.9390339721,40.052126348019,1537.6],[-120.93903472647,40.052121821791,1537.6],[-120.93902575783,40.052113942802,1538.7],[-120.93901846558,40.052110757679,1538.7],[-120.93901167624,40.05211067386,1538.7],[-120.93899424188,40.052113188431,1538.7],[-120.93898611143,40.052107069641,1538.7],[-120.93896741979,40.05208292976,1538.7],[-120.93890639953,40.05202668719,1538.6],[-120.938889971,40.052021574229,1538.6],[-120.93887446448,40.052018556744,1538.6],[-120.93886239454,40.052011180669,1540.1],[-120.93884219415,40.05199466832,1540.1],[-120.93883590773,40.051991818473,1540.1],[-120.93883582391,40.051994752139,1540.1],[-120.9388313815,40.051997937262,1540.1],[-120.9388084989,40.051997434348,1540.1],[-120.93879332766,40.051986286417,1538.2],[-120.93878502958,40.051984190941,1538.2],[-120.93876566738,40.051987878978,1539.4],[-120.93872694299,40.051987459883,1539.4],[-120.93871219084,40.051984107122,1539.4],[-120.93868587166,40.051986789331,1539.4],[-120.93867816031,40.051989387721,1540.8],[-120.93867254443,40.051993075758,1540.8],[-120.93866969459,40.051997853443,1540.8],[-120.93866759911,40.052003804594,1542.5],[-120.93867187388,40.052007911727,1542.5],[-120.93867044896,40.052013443783,1542.5],[-120.93866818585,40.052017886192,1542.5],[-120.93866826966,40.052017718554,1542.5],[-120.93866961077,40.052016125992,1542.5],[-120.93866558746,40.052011599764,1542.5],[-120.93866282143,40.05200849846,1542.5],[-120.93865946867,40.05201285705,1542.5],[-120.93865821138,40.052020819858,1542.5],[-120.93866307288,40.052036745474,1542.5],[-120.93866776675,40.052061472088,1542.5],[-120.93867648393,40.052073793486,1542.5],[-120.93867924996,40.052077397704,1542.5],[-120.93868788332,40.052094999701,1543.1],[-120.93869416974,40.052105896175,1543.1],[-120.93869685195,40.052116457373,1543.1],[-120.93870213255,40.052129952237,1543.1],[-120.93870732933,40.052159791812,1543.1],[-120.93871990219,40.052173957229,1543.1],[-120.93873113394,40.052188960835,1543.5],[-120.93873289414,40.052206311375,1543.5],[-120.93873356469,40.052223410457,1543.5],[-120.93873247504,40.052228020504,1543.5],[-120.93873188831,40.05223615095,1543.5],[-120.93872350641,40.052260709926,1543.5],[-120.93871604651,40.052278144285,1543.8],[-120.93869626522,40.052310246974,1543.8],[-120.93868461438,40.052323155105,1545.9],[-120.93866818585,40.052335979417,1545.9],[-120.93864974566,40.05234612152,1545.9],[-120.93863063492,40.052357101813,1545.9],[-120.93861328438,40.052372021601,1546.9],[-120.93859534711,40.05239113234,1546.9],[-120.93857958913,40.05241191946,1546.9],[-120.93856022693,40.052432958037,1546.4],[-120.93851932324,40.052474867553,1547.4],[-120.93850172125,40.052498085424,1547.4],[-120.93847615644,40.052521051839,1546.5],[-120.93844003044,40.052537731826,1547.5],[-120.93841446564,40.052552232519,1547.5],[-120.93837792054,40.052568409592,1547.5],[-120.93834506348,40.052575953305,1548.8],[-120.93831053004,40.052580228075,1548.8],[-120.9382790979,40.052586179227,1548.8],[-120.93823718838,40.052585760131,1550.1],[-120.93820190057,40.052587101236,1550.1],[-120.93816133216,40.052580563352,1551.4],[-120.93812369741,40.052569080144,1551.4],[-120.93809167854,40.052557596937,1551.4],[-120.93806368299,40.052543850616,1552.7],[-120.93803568743,40.052531110123,1552.7],[-120.93801557086,40.052514597774,1552.7],[-120.93799000606,40.052471514791,1556.1],[-120.93796326779,40.052421810105,1556.1],[-120.93793510459,40.052372189239,1557.5],[-120.93791264109,40.052335225046,1559.1],[-120.93788615428,40.052317371592,1560.0],[-120.9378633555,40.052293064073,1560.0],[-120.93784055673,40.052264230326,1560.0],[-120.93782144599,40.052234977484,1560.5],[-120.93780493364,40.052194995806,1562.0],[-120.93778221868,40.052156019956,1562.0],[-120.93776277266,40.052135484293,1562.0],[-120.93774827197,40.0521227438,1562.0],[-120.937733436,40.052116205916,1562.0],[-120.93771524727,40.052110757679,1563.4],[-120.93769110739,40.052107237279,1563.4],[-120.9376594238,40.052100028843,1563.4],[-120.93762673438,40.052088294178,1563.4],[-120.93759454787,40.052072452381,1564.6],[-120.93756688759,40.052052503452,1564.4],[-120.93754501082,40.052033811808,1564.4],[-120.9375246428,40.052013443783,1565.8],[-120.93750284985,40.051989387721,1565.8],[-120.93748273328,40.051968516782,1565.8],[-120.93746596947,40.051953680813,1565.3],[-120.93745180406,40.051942784339,1565.3],[-120.93743897974,40.051929876208,1565.3],[-120.93742716126,40.051915459335,1565.3],[-120.93741911463,40.051905401051,1566.4],[-120.93740813434,40.051895594224,1566.4],[-120.93740453012,40.051891990006,1566.4],[-120.93740578741,40.051891570911,1566.4],[-120.93740696087,40.051891570911,1566.4],[-120.93741123565,40.05189073272,1566.4],[-120.93741098419,40.051887882873,1566.4],[-120.93738608994,40.051859132946,1566.4],[-120.93736915849,40.051841782406,1565.4],[-120.93732221983,40.051779923961,1566.7],[-120.93731375411,40.051768524572,1566.7],[-120.93731216155,40.051763076335,1566.7],[-120.93729807995,40.051732566208,1566.6],[-120.93730319291,40.051727117971,1566.6],[-120.9373097308,40.051713874564,1566.6],[-120.93730109744,40.051695266739,1566.6],[-120.93729841523,40.05168822594,1566.6],[-120.93729321845,40.051680263132,1566.6],[-120.93728307635,40.051643466577,1566.8],[-120.93727880158,40.051620751619,1566.8],[-120.9372903686,40.051542129368,1567.0],[-120.93728777021,40.05153240636,1567.0],[-120.93728668056,40.051526203752,1567.0],[-120.93729129061,40.051517905667,1567.0],[-120.93729238026,40.051515139639,1567.0],[-120.93730009161,40.051516229287,1567.0],[-120.93731341884,40.051460741088,1567.9],[-120.93732113019,40.051438612863,1567.9],[-120.93732398003,40.051424279809,1567.9],[-120.93735801056,40.051385052502,1567.3],[-120.93738449737,40.051366528496,1567.3],[-120.93741358258,40.051344232634,1567.3],[-120.93744484708,40.051319170743,1565.5],[-120.93751651235,40.051251109689,1567.5],[-120.93753067777,40.051228143275,1566.2],[-120.93755037524,40.05120861344,1568.1],[-120.93758465722,40.051196040586,1568.1],[-120.93760846183,40.051175672561,1568.1],[-120.9376144968,40.051156561822,1568.1],[-120.93761508353,40.051143402234,1568.1],[-120.93761608936,40.051137870178,1568.1],[-120.93761642464,40.051135690883,1568.1],[-120.93762145378,40.051128650084,1568.3],[-120.93762740493,40.051121106371,1568.3],[-120.93763059005,40.051112975925,1568.3],[-120.93763821758,40.051101576537,1568.3],[-120.93764383346,40.051089590415,1568.3],[-120.93765179627,40.051075927913,1568.3],[-120.93765950762,40.051062181592,1568.3],[-120.93766679987,40.051046675071,1568.3],[-120.93767233193,40.051024463028,1570.0],[-120.93767945655,40.05099655129,1570.0],[-120.93768264167,40.05097056739,1570.0],[-120.93769345433,40.050941566005,1570.2],[-120.9377043508,40.050912145525,1570.2],[-120.93771692365,40.050879204646,1570.2],[-120.93773008324,40.050844922662,1572.4],[-120.93774332665,40.050812065601,1572.4],[-120.93775782734,40.050779208541,1572.4],[-120.93777341768,40.050747189671,1574.8],[-120.93780283816,40.050716176629,1573.2],[-120.93782840297,40.05069362931,1573.2],[-120.93785874546,40.050671584904,1573.2],[-120.93788204715,40.050647109747,1573.2],[-120.93790149316,40.050618611276,1574.0],[-120.93792253174,40.050589609891,1574.0],[-120.93794122338,40.050571337342,1574.0],[-120.9379505273,40.050548454747,1576.3],[-120.93796502799,40.050507131964,1576.3],[-120.93798212707,40.050470419228,1574.6],[-120.93799159862,40.050443932414,1577.0],[-120.93799872324,40.0504156854,1577.0],[-120.93800961971,40.050382995978,1577.0],[-120.93802445568,40.05034821108,1579.4],[-120.93803568743,40.05031183362,1579.4],[-120.93805622309,40.050279730931,1579.4],[-120.93807449564,40.050245532766,1579.2],[-120.93808731996,40.050211334601,1579.2],[-120.93809779733,40.050176382065,1579.2],[-120.93810860999,40.050153750926,1581.3],[-120.93816803768,40.05011703819,1579.1],[-120.93821204267,40.050082337111,1579.1],[-120.93823341653,40.050049982965,1581.3],[-120.93825646676,40.05001662299,1581.3],[-120.93828932382,40.049992147833,1579.2],[-120.93830600381,40.049971025437,1579.2],[-120.93832142651,40.049946131185,1581.7],[-120.93834280036,40.049923751503,1581.7],[-120.93835193664,40.049901707098,1581.7],[-120.93835805543,40.049880165607,1579.5],[-120.93835931271,40.049859629944,1581.8],[-120.93835872598,40.049838842824,1581.8],[-120.93836174347,40.049821492285,1581.8],[-120.9383671917,40.049806656316,1581.8],[-120.93836425804,40.049787210301,1581.8],[-120.93835922889,40.049763657153,1583.9],[-120.93835964799,40.049738343805,1583.9],[-120.93835981563,40.049716215581,1583.9],[-120.93836417422,40.049698194489,1583.9],[-120.93837305903,40.049676401541,1585.4],[-120.93837481923,40.049658967182,1585.4],[-120.93837792054,40.049642957747,1585.4],[-120.93838253058,40.049630049616,1585.4],[-120.93838563189,40.04961932078,1585.4],[-120.93838563189,40.049604400992,1585.4],[-120.93838747591,40.049585709348,1585.4],[-120.93838739209,40.04957254976,1586.7],[-120.93838940375,40.049553774297,1586.7],[-120.93839619309,40.049536339939,1586.7],[-120.93840440735,40.049528377131,1586.7],[-120.93841555528,40.049513289705,1586.7],[-120.93842511065,40.04950767383,1586.7],[-120.93843181618,40.049503482878,1586.7],[-120.9384310618,40.049499459565,1586.7],[-120.93843391165,40.049492418766,1587.4],[-120.93843625858,40.049486719072,1587.4],[-120.93843651004,40.049481606111,1587.4],[-120.93843391165,40.049472972751,1587.4],[-120.93843349256,40.049468614161,1587.4],[-120.93843349256,40.049461741,1587.4],[-120.93843449838,40.04945226945,1587.4],[-120.93843625858,40.049444558099,1587.4],[-120.93844053335,40.049438187853,1587.4],[-120.93844120391,40.049432488158,1587.4],[-120.93844179064,40.049430392683,1587.4],[-120.93844019808,40.049429889768,1587.4],[-120.93843768351,40.04942804575,1587.4],[-120.93844262883,40.049424190074,1587.4],[-120.93844195828,40.04942025058,1587.4],[-120.93844480813,40.049405582249,1587.9],[-120.93844614923,40.049398457631,1587.9],[-120.93844740652,40.049393596128,1587.9],[-120.93844749033,40.049390494823,1587.9],[-120.93845427968,40.049373982474,1587.9],[-120.93846090138,40.049354620278,1587.9],[-120.9385142941,40.04927826114,1587.0],[-120.9385283757,40.04925923422,1587.0],[-120.93854564242,40.049238363281,1587.0],[-120.93860347755,40.049112131819,1587.3],[-120.93860574067,40.049060750753,1587.3],[-120.93860791996,40.049036443233,1588.3],[-120.93860507011,40.04898137413,1588.3],[-120.93859543093,40.04895706661,1588.3],[-120.93858252279,40.048935022205,1589.5],[-120.9385697823,40.048920437694,1589.5],[-120.93856324442,40.048910044134,1589.5],[-120.93855880201,40.048895543441,1589.5],[-120.93855796382,40.04887660034,1589.5],[-120.9385561198,40.048860339448,1589.5],[-120.93855343759,40.048858076334,1589.5],[-120.9385494981,40.048856986687,1589.5],[-120.93855528161,40.04884634167,1589.5],[-120.93855427578,40.048841815442,1589.5],[-120.93854572624,40.04883762449,1589.5],[-120.93853709288,40.048829745501,1590.8],[-120.93853256665,40.048824800178,1590.8],[-120.93853197992,40.048820273951,1590.8],[-120.93852871098,40.048818681389,1590.8],[-120.93852636404,40.04881859757,1590.8],[-120.93852032907,40.048813316971,1590.8],[-120.93851161189,40.048810550943,1590.8],[-120.93848093413,40.048807198182,1590.8],[-120.93848202378,40.048804013059,1590.8],[-120.93846517615,40.04876755178,1590.8],[-120.93841656111,40.048755146563,1591.5],[-120.93840147369,40.04874240607,1591.5],[-120.93839401379,40.048698652536,1590.9],[-120.93842335045,40.048648696393,1590.9],[-120.93844229355,40.048616761342,1589.4],[-120.93845930882,40.048581808805,1589.4],[-120.93850012869,40.048497989774,1587.9],[-120.93858470209,40.048389779404,1587.0],[-120.93856659718,40.048379050568,1587.0],[-120.9385283757,40.048386510462,1586.4],[-120.93849417754,40.048403274268,1586.4],[-120.9383931756,40.04842816852,1586.0],[-120.93824422918,40.048437891528,1587.9],[-120.93816736713,40.048424396664,1586.2],[-120.93808933161,40.048387767747,1586.8],[-120.93801230192,40.048347031698,1586.8],[-120.93793686479,40.04831735976,1585.4],[-120.93786151148,40.048304870725,1586.2],[-120.9377911035,40.04829145968,1587.2],[-120.93773201108,40.048265978694,1588.2],[-120.93768180348,40.04822214134,1586.3],[-120.93763788231,40.048174196854,1587.2],[-120.93759463169,40.048121223226,1585.2],[-120.93754920177,40.04806632176,1586.2],[-120.93749698251,40.048005972058,1583.8],[-120.93742825091,40.047942018136,1581.8],[-120.93734719791,40.0478828419,1582.6],[-120.93726555817,40.047827521339,1580.3],[-120.93718232587,40.047785108909,1580.3],[-120.93709741719,40.047748899087,1578.0],[-120.93701066449,40.047719897702,1579.0],[-120.93691879883,40.047701206058,1579.9],[-120.93683548272,40.047680083662,1578.3],[-120.93677027151,40.047642448917,1579.5],[-120.93671461567,40.04759375006,1576.7],[-120.93665954657,40.04754521884,1578.0],[-120.93659894541,40.047504231334,1576.5],[-120.93654211611,40.047469278798,1576.5],[-120.93648830429,40.047438349575,1577.7],[-120.93643340282,40.047399625182,1574.2],[-120.93637238257,40.047362493351,1575.2],[-120.93630298041,40.047328295186,1576.1],[-120.93623491935,40.04728730768,1573.1],[-120.93618144281,40.04724489525,1573.1],[-120.93598254025,40.047082789242,1568.0],[-120.93590014614,40.047031408176,1568.0],[-120.93581532128,40.047002322972,1565.2],[-120.93573586084,40.046982709318,1564.8],[-120.93568540178,40.046965526417,1564.8],[-120.93566939235,40.046956306323,1564.3],[-120.93566528521,40.04696007818,1564.3],[-120.93566017225,40.046966280788,1564.3],[-120.93565656804,40.046965442598,1564.3],[-120.93565539457,40.046964939684,1564.3],[-120.93564977869,40.046963011846,1564.3],[-120.93561071903,40.04695228301,1564.3],[-120.93560158275,40.046950019896,1564.3],[-120.93558968045,40.046946583316,1563.8],[-120.9355745092,40.046944990754,1563.8],[-120.93555095606,40.046945409849,1563.8],[-120.93551231548,40.046940883622,1563.8],[-120.9354049433,40.046935519204,1562.7],[-120.93534995802,40.046941135079,1562.7],[-120.93530016951,40.046943565831,1562.4],[-120.9352455195,40.04694884643,1562.4],[-120.93519958667,40.046958401799,1562.5],[-120.93515943736,40.046967118979,1562.5],[-120.93512037769,40.046965945512,1563.1],[-120.9350851737,40.046925293282,1563.1],[-120.93508265913,40.046881036833,1560.5],[-120.93520662747,40.046779196709,1557.5],[-120.93526915647,40.046740053222,1557.4],[-120.93533596024,40.046692863107,1555.3],[-120.93539957888,40.046654976904,1555.3],[-120.93546202406,40.046616084874,1553.1],[-120.93553075567,40.046562273055,1553.3],[-120.93566017225,40.046460181475,1550.7],[-120.93569378369,40.046430341899,1547.4],[-120.93572127633,40.046406621113,1547.6],[-120.93573854305,40.046395557001,1547.6],[-120.93574055471,40.046392707154,1547.6],[-120.93574373983,40.046392036602,1547.6],[-120.93577416614,40.046389102936,1547.6],[-120.93577693217,40.046390276402,1547.6],[-120.935787661,40.046380469576,1547.6],[-120.93579377979,40.046365717426,1547.6],[-120.93582328409,40.046313246712,1544.6],[-120.93585991301,40.046283407137,1544.6],[-120.93591389246,40.0462537352,1544.6],[-120.93597901985,40.046222973615,1541.9],[-120.93605076894,40.046201180667,1541.9],[-120.93612939119,40.046194894239,1541.9],[-120.93621103093,40.046194223687,1541.7],[-120.93630155548,40.046197995543,1541.3],[-120.9364020545,40.046195648611,1540.7],[-120.9364954289,40.046171844006,1540.0],[-120.93659576029,40.046138651669,1536.5],[-120.93670036644,40.046116104349,1535.9],[-120.93680111691,40.046112248674,1535.1],[-120.93688300811,40.046147452667,1536.7],[-120.93693816103,40.046187182888,1535.1],[-120.93698216602,40.046213585883,1535.1],[-120.9369908832,40.046220039949,1535.1],[-120.93699465506,40.046221464872,1535.1],[-120.93700638972,40.046222889796,1535.1],[-120.93702114187,40.046223057434,1533.5],[-120.93703706749,40.046218531206,1533.5],[-120.93706087209,40.046204281971,1533.5],[-120.93706539832,40.046200174838,1533.5],[-120.93706430867,40.046198498458,1533.5],[-120.93707076274,40.04618701525,1533.5],[-120.93707746826,40.04617058672,1533.5],[-120.9370824974,40.046150386333,1533.5],[-120.9370860178,40.046120546758,1531.0],[-120.93708719127,40.04609095864,1531.0],[-120.93706606887,40.046022729948,1528.2],[-120.93703664839,40.045973611996,1528.2],[-120.93698476441,40.045923655853,1527.1],[-120.9369234927,40.04587537609,1527.1],[-120.93685534783,40.045828940347,1525.4],[-120.93677395955,40.04577848129,1526.3],[-120.93650917523,40.045610088855,1522.2],[-120.93643130735,40.045552588999,1520.0],[-120.93636659905,40.045488132164,1520.0],[-120.93631178141,40.045421998948,1517.9],[-120.93626752496,40.045356787741,1515.3],[-120.93624087051,40.045297862962,1513.2],[-120.93624430709,40.045259641483,1513.2],[-120.93627071008,40.045235836878,1513.0],[-120.93631035648,40.045224605128,1513.0],[-120.93636844307,40.045219995081,1512.6],[-120.93644547276,40.045215217397,1512.2],[-120.9365359135,40.045223766938,1511.6],[-120.93662660569,40.045245643705,1511.0],[-120.93671176583,40.045283194631,1510.5],[-120.93679868616,40.045308340341,1511.7],[-120.93689147383,40.045322589576,1511.7],[-120.93696984462,40.045325439423,1511.5],[-120.93703086488,40.045320913196,1511.3],[-120.93708442524,40.045311274007,1511.0],[-120.93713714741,40.045298952609,1511.0],[-120.93719783239,40.045283194631,1509.0],[-120.93727276661,40.045278333127,1509.0],[-120.93734845519,40.045292917639,1508.4],[-120.93739815988,40.045307250693,1509.3],[-120.93742758036,40.04531362094,1509.3],[-120.93743529171,40.045315129682,1509.3],[-120.93744509853,40.04532745108,1509.3],[-120.93744291924,40.045331642032,1509.3],[-120.93745096587,40.045333066955,1508.5],[-120.93747116625,40.045341113582,1508.5],[-120.93747694977,40.045340862125,1508.5],[-120.93749773689,40.045339772478,1508.5],[-120.93750494532,40.045335330069,1508.5],[-120.93753017485,40.045321080834,1508.5],[-120.93754165806,40.04529283382,1506.4],[-120.93754207715,40.045258300379,1506.4],[-120.93748969026,40.045189484954,1505.6],[-120.9374673944,40.04516559653,1505.6],[-120.93745104969,40.045145479962,1505.6],[-120.93743344769,40.045122848824,1506.3],[-120.93742020428,40.045102564618,1506.3],[-120.93741291203,40.045091668144,1505.1],[-120.9374083858,40.045086387545,1505.1],[-120.93740461394,40.04507817328,1505.1],[-120.93740595505,40.045068953186,1505.1],[-120.93740846962,40.045058811083,1505.1],[-120.93741022982,40.045047160238,1505.1],[-120.93741299585,40.045044226572,1505.1],[-120.93741735443,40.045037521049,1505.1],[-120.93742087483,40.045025534928,1505.1],[-120.9374378901,40.045002400875,1504.1],[-120.93746538274,40.044987061992,1503.4],[-120.93753067777,40.044968705624,1503.4],[-120.93755565584,40.044965939596,1502.8],[-120.93756613322,40.044963341206,1502.8],[-120.93757149763,40.044958228245,1502.8],[-120.93757334165,40.044955629855,1502.8],[-120.93757912517,40.044951941818,1502.8],[-120.93758549541,40.044936854392,1502.8],[-120.93760753982,40.044861333445,1502.0],[-120.9376457613,40.044813556597,1500.6],[-120.93767400831,40.0447959546,1500.6],[-120.93770275824,40.044780112803,1500.6],[-120.93772958033,40.044758822769,1500.1],[-120.93775388785,40.044734179974,1499.2],[-120.93781951815,40.044675003737,1498.9],[-120.93783745542,40.044664610177,1498.9],[-120.93785447069,40.044652121142,1498.9],[-120.937867295,40.044639548287,1497.6],[-120.93787358142,40.04463410005,1497.6],[-120.93787777238,40.044619934633,1497.6],[-120.93788925558,40.044608367607,1497.6],[-120.93788908795,40.044604428113,1497.6],[-120.93789210543,40.044600153342,1497.6],[-120.93789185397,40.044589005411,1497.6],[-120.9379047621,40.044554639608,1497.1],[-120.93793451786,40.04453016445,1495.7],[-120.93794767745,40.044521950185,1495.7],[-120.93795605935,40.044515160844,1495.7],[-120.93796745874,40.044508287683,1495.7],[-120.93797240406,40.044496972114,1495.7],[-120.93797483481,40.044482387602,1495.7],[-120.93797642738,40.044469814748,1495.7],[-120.93797542155,40.044467551634,1495.7],[-120.93797458336,40.044463360682,1495.7],[-120.9379879944,40.044458918273,1495.7],[-120.9380055964,40.044449111447,1495.2],[-120.93801582232,40.044427737594,1495.2],[-120.93802546151,40.044411309063,1493.8],[-120.9380769264,40.044369315729,1493.8],[-120.93813937157,40.044344589114,1493.4],[-120.93820550479,40.044317012653,1491.9],[-120.93827331439,40.044290106744,1491.9],[-120.93834766187,40.044264206663,1492.0],[-120.9384935908,40.044183321297,1491.1],[-120.93860222027,40.044073769823,1490.0],[-120.93864262104,40.044035632163,1488.6],[-120.93866969459,40.044006630778,1488.9],[-120.93869199045,40.043987017125,1488.9],[-120.93870355748,40.043969415128,1487.2],[-120.93871596269,40.043956004083,1487.2],[-120.93871621415,40.043942173943,1487.2],[-120.93872032128,40.0439199619,1487.2],[-120.93872677535,40.043877800927,1487.2],[-120.93874496408,40.043867072091,1485.6],[-120.93875711784,40.043864892796,1485.6],[-120.93879248947,40.043859528378,1485.6],[-120.93883456662,40.043848631904,1485.5],[-120.93886675313,40.043837400153,1485.5],[-120.93891679309,40.043801944703,1485.5],[-120.93897965737,40.043774871156,1483.5],[-120.93899415806,40.043756514788,1483.5],[-120.93907386996,40.043614609167,1481.7],[-120.93911485747,40.043570101261,1482.1],[-120.93912759796,40.043552834541,1479.9],[-120.93913313001,40.043546464294,1479.9],[-120.93914813362,40.043517043814,1479.9],[-120.93914553523,40.043497765437,1480.7],[-120.93910169788,40.043423334137,1483.2],[-120.939077558,40.04339274019,1484.4],[-120.93905165792,40.043367510661,1484.4],[-120.93881394714,40.043251169845,1489.0],[-120.93875401653,40.043218228966,1488.4],[-120.93861429021,40.043112784624,1488.3],[-120.93856056221,40.043063079938,1488.3],[-120.93851018697,40.043014632538,1487.5],[-120.93845109455,40.04297632724,1487.9],[-120.93838596717,40.042939279228,1486.2],[-120.93830558471,40.042901728302,1486.8],[-120.93815496191,40.04282922484,1485.8],[-120.9379364457,40.04267600365,1482.1],[-120.93786595389,40.042636441067,1482.4],[-120.93780116178,40.042600985616,1482.5],[-120.93773310073,40.042572654784,1479.5],[-120.93766445294,40.04255136475,1479.5],[-120.937589854,40.042543234304,1479.5],[-120.93752313405,40.042545497417,1479.5],[-120.93744643964,40.042552622035,1479.5],[-120.9373634588,40.042566284537,1479.3],[-120.93728299253,40.042577600107,1479.2],[-120.93720202334,40.042589837685,1479.0],[-120.9371243231,40.042597632855,1478.8],[-120.93704452738,40.042595956475,1479.0],[-120.9368926473,40.04257726483,1479.4],[-120.93683179468,40.04255044274,1479.9],[-120.93677454628,40.042508784682,1478.5],[-120.93671520241,40.04245698452,1478.5],[-120.93666390516,40.042410716414,1477.0],[-120.93661051244,40.042370231822,1477.0],[-120.93647589907,40.042308541015,1477.0],[-120.93632108532,40.042263781652,1478.2],[-120.93616610393,40.042252633721,1480.4],[-120.93596720137,40.042218603194,1479.1],[-120.93590240926,40.042202090845,1479.6],[-120.93582839705,40.042177615687,1480.0],[-120.93565715477,40.042151631787,1480.2],[-120.93558523804,40.042152721435,1480.1],[-120.93551893719,40.042162360623,1479.7],[-120.93546403572,40.042180130258,1479.0],[-120.93541122973,40.042200330645,1479.0],[-120.93536336906,40.04222497344,1478.1],[-120.93531534076,40.04224835895,1481.1],[-120.93522666022,40.042307954282,1479.9],[-120.9351803083,40.042338799685,1480.6],[-120.93513756059,40.04236780107,1480.6],[-120.93510562554,40.042392695323,1480.6],[-120.93507586978,40.042412979528,1478.8],[-120.93505122699,40.042432844639,1480.1],[-120.9350292664,40.042457403615,1480.1],[-120.93500479124,40.042489506304,1480.1],[-120.9349843394,40.042522698641,1477.9],[-120.93497084454,40.04255823791,1478.4],[-120.93495885842,40.042593190446,1478.4],[-120.93493572436,40.04262319766,1478.6],[-120.93491393141,40.04265957512,1478.6],[-120.93489381485,40.04270106554,1478.6],[-120.93488124199,40.042741550133,1476.0],[-120.93487135135,40.042778514326,1476.0],[-120.93486858532,40.042808940634,1475.4],[-120.93487361446,40.042824530974,1475.4],[-120.93487286009,40.042837187648,1475.4],[-120.93488425948,40.042857890949,1477.5],[-120.93490278348,40.042885132134,1477.5],[-120.93491493724,40.042915055528,1476.5],[-120.93492197804,40.042944978923,1476.5],[-120.93492650427,40.042978003621,1476.5],[-120.93492658809,40.043022008613,1475.3],[-120.93493471853,40.043068695813,1475.3],[-120.93494988978,40.0431148801,1474.0],[-120.93497662805,40.043155616149,1476.0],[-120.93501719646,40.043191993609,1474.7],[-120.93505298719,40.043221414089,1474.7],[-120.93509213068,40.043254019693,1476.7],[-120.93512272462,40.043291319162,1475.3],[-120.9351539053,40.043335910887,1477.2],[-120.9351917915,40.043364409357,1475.7],[-120.93522246927,40.043392572552,1475.7],[-120.93524954282,40.043424256146,1477.7],[-120.935285585,40.043442612514,1477.7],[-120.93532506377,40.04346373491,1476.4],[-120.9353701584,40.043498938903,1478.4],[-120.93540410511,40.043540848419,1477.5],[-120.93543905765,40.043585607782,1479.8],[-120.93547292054,40.0436169561,1479.8],[-120.93552656472,40.043663810939,1481.3],[-120.93556009233,40.043701361865,1481.3],[-120.93559982255,40.043726759031,1480.9],[-120.93562429771,40.043754084036,1482.6],[-120.93566453084,40.043792221695,1482.6],[-120.93570853584,40.043831365183,1482.3],[-120.93577601016,40.043876124546,1483.8],[-120.93580425717,40.043949298561,1484.1],[-120.93580501154,40.044004200026,1484.7],[-120.93584247865,40.044070752338,1486.0],[-120.93588137068,40.044128922746,1486.5],[-120.93593761325,40.044175526127,1487.4],[-120.93596108258,40.044212741777,1488.0],[-120.93595680781,40.044253729284,1488.0],[-120.93595203012,40.044301589951,1488.7],[-120.93595789745,40.044354815036,1488.7],[-120.93596762046,40.044397059828,1489.8],[-120.93597055413,40.044446010143,1489.8],[-120.93596275896,40.044488590211,1491.3],[-120.93592696823,40.044534020126,1491.3],[-120.93588380143,40.044573834166,1492.5],[-120.93582169153,40.044612726197,1492.5],[-120.93573804013,40.044649019837,1494.5],[-120.93565472402,40.04466352053,1494.0],[-120.93556663021,40.044667376205,1493.9],[-120.93547367491,40.044660335407,1494.3],[-120.9353705775,40.04463753663,1491.9],[-120.93528592028,40.044624293223,1492.8],[-120.93520704657,40.044588251039,1493.5],[-120.93512188643,40.044577103108,1493.9],[-120.93505575322,40.044562937692,1493.9],[-120.9349843394,40.044550700113,1494.1],[-120.93491971493,40.044535696507,1491.5],[-120.9346764721,40.044489679858,1491.1],[-120.9346227441,40.044499989599,1490.7],[-120.93455585651,40.044496133924,1490.1],[-120.93448922038,40.044507617131,1490.1],[-120.93441420235,40.044526895508,1489.6],[-120.9343316406,40.044544497505,1488.5],[-120.93424036168,40.044562183321,1489.5],[-120.93414581381,40.04458816722,1487.9],[-120.93397046439,40.044611049816,1486.7],[-120.93388354406,40.044606272131,1486.8],[-120.93380031176,40.044604595751,1486.5],[-120.93369377777,40.044596549124,1485.7],[-120.9336273931,40.044579198584,1484.9],[-120.93357936479,40.044543407857,1482.4],[-120.93353795819,40.044501163065,1482.1],[-120.93348984607,40.044448440894,1482.1],[-120.93344265595,40.044405190274,1479.1],[-120.93340678141,40.044378116727,1479.1],[-120.93337618746,40.044353557751,1479.2],[-120.93334576115,40.044344840571,1476.2],[-120.93331214972,40.044343080372,1476.2],[-120.93328457326,40.044360263273,1479.1],[-120.93325925991,40.044374261051,1479.1],[-120.93323143199,40.044388007373,1479.1],[-120.93320301734,40.044398317114,1478.8],[-120.93314576894,40.04445145838,1482.4],[-120.93313654885,40.044471910223,1482.4],[-120.93313562684,40.044494373724,1482.4],[-120.93313906342,40.044515160844,1482.4],[-120.93313562684,40.044537037611,1482.4],[-120.93312238343,40.044561261311,1486.1],[-120.93310117722,40.044587580487,1485.4],[-120.93300109729,40.044681625441,1486.1],[-120.93297276646,40.044733509421,1486.1],[-120.93291166238,40.044810790569,1485.2],[-120.93287964351,40.044956048951,1487.8],[-120.93288073316,40.044989241287,1487.8],[-120.93285935931,40.045025534928,1488.9],[-120.93284812756,40.045051518828,1488.9],[-120.93280663714,40.0450712163,1485.7],[-120.93279247172,40.045084292069,1485.7],[-120.93278945424,40.045087812468,1485.7],[-120.93278459273,40.045092171058,1485.7],[-120.93278232962,40.045093512163,1485.7],[-120.9327703435,40.045090410858,1485.7],[-120.93276179396,40.045122597367,1487.1],[-120.93276196159,40.045143552125,1487.1],[-120.93274989165,40.045165847987,1487.1],[-120.93268635683,40.045239357278,1486.1],[-120.93263329938,40.045262658969,1486.1],[-120.93256750144,40.045290822163,1483.8],[-120.93248846009,40.045320242643,1485.2],[-120.93239709735,40.045350752771,1484.2],[-120.93195687979,40.045475978404,1483.4],[-120.93179066665,40.04553004168,1486.4],[-120.93171129003,40.045555690303,1486.4],[-120.93162931502,40.045581422746,1489.4],[-120.93154499307,40.045596510172,1487.3],[-120.93144399114,40.045624505728,1485.1],[-120.93125975691,40.045660631731,1486.1],[-120.93119580299,40.045646382496,1480.1],[-120.93115632422,40.04563565366,1480.1],[-120.93112623319,40.045636575669,1479.1],[-120.93109463342,40.045645209029,1479.1],[-120.93108683825,40.045651411638,1484.4],[-120.93108055182,40.045648980886,1484.4],[-120.9310562443,40.045654345304,1484.4],[-120.93101869337,40.045656105503,1483.6],[-120.93093026429,40.045663397759,1482.8],[-120.93088760041,40.045664319769,1482.8],[-120.93084828928,40.045668594539,1482.1],[-120.93081870116,40.045672617853,1482.1],[-120.93078374863,40.045680077747,1482.1],[-120.93071987852,40.045698937029,1481.2],[-120.93070101924,40.04570924677,1481.2],[-120.93068643473,40.04571268335,1481.2],[-120.93067226931,40.045709582046,1481.2],[-120.93066900037,40.045710839331,1481.2],[-120.9306647256,40.045708492398,1481.2],[-120.93065341003,40.045708911493,1480.2],[-120.93065022491,40.045709749684,1480.2],[-120.93063748442,40.045712934807,1480.2],[-120.93061024323,40.045724250376,1480.2],[-120.93058727682,40.045732883736,1480.2],[-120.93055894598,40.045741852373,1485.8],[-120.93054411002,40.045750988647,1484.8],[-120.93052977696,40.045765237883,1484.8],[-120.93050329015,40.045785270631,1484.8],[-120.9304383304,40.04581913352,1483.3],[-120.93037202954,40.045852325857,1488.2],[-120.9303308744,40.045860791579,1486.3],[-120.93028628267,40.0458727777,1486.3],[-120.93006650917,40.045956429094,1485.5],[-120.930004986,40.045977886766,1485.5],[-120.92987623997,40.046021388844,1481.6],[-120.92974707484,40.046065393835,1484.8],[-120.92957960442,40.046081487089,1481.7],[-120.92948170379,40.04608919844,1480.4],[-120.92937776819,40.046096658334,1479.2],[-120.92927911319,40.046107722446,1477.9],[-120.92919529416,40.046111661941,1476.6],[-120.92910678126,40.046092635021,1475.2],[-120.92902413569,40.046081067994,1473.8],[-120.92895297334,40.046079894528,1472.4],[-120.92888692394,40.046067656949,1472.4],[-120.92881291173,40.046061286703,1471.2],[-120.92873102054,40.046065729111,1470.0],[-120.92864736915,40.046074194834,1469.1],[-120.92856564559,40.046064555645,1468.6],[-120.92830832116,40.046042595059,1467.9],[-120.92815266922,40.046046366915,1467.8],[-120.92808754183,40.046047372743,1468.0],[-120.92802727595,40.046041337773,1463.6],[-120.92796902172,40.046030692756,1463.6],[-120.92791504227,40.046018287539,1464.2],[-120.92787195928,40.045993477106,1464.2],[-120.92784748413,40.045960368589,1464.9],[-120.92783323489,40.045935558155,1460.9],[-120.92782828957,40.045928014442,1460.9],[-120.92780666426,40.045901443809,1460.9],[-120.92780146748,40.045886859298,1460.9],[-120.92780498788,40.045872190967,1460.9],[-120.92782585882,40.045800693333,1457.1],[-120.92788805254,40.045729698613,1453.1],[-120.92793004587,40.045711090788,1453.1],[-120.92797656544,40.045683765784,1453.0],[-120.92818066478,40.045570190996,1449.9],[-120.92823078856,40.04554211162,1446.9],[-120.9282864444,40.04550841637,1446.9],[-120.92839884572,40.045448318124,1443.9],[-120.92844117433,40.045400373638,1443.9],[-120.92847771943,40.045348741114,1442.1],[-120.92851208523,40.045312866569,1441.4],[-120.92853664421,40.045280763879,1443.1],[-120.92855483294,40.045259809121,1443.1],[-120.92857176438,40.04524866119,1443.1],[-120.9285921324,40.045241620392,1443.1],[-120.9286101535,40.045225778595,1440.7],[-120.92864284292,40.045170290396,1444.2],[-120.92866547406,40.045143552125,1444.2],[-120.92869112268,40.045121256262,1441.2],[-120.92870889232,40.045099463314,1444.7],[-120.9287185315,40.045074401423,1444.7],[-120.92872976325,40.045049171895,1444.7],[-120.92874065973,40.045022852719,1448.3],[-120.92875692062,40.044975494966,1448.3],[-120.92876052484,40.044952863827,1448.3],[-120.92876655981,40.044930567965,1451.8],[-120.92877779156,40.044904500246,1448.3],[-120.92879019678,40.044879857451,1448.3],[-120.9288039431,40.044851778075,1448.3],[-120.92881182209,40.044820932671,1451.5],[-120.92881785706,40.044790422544,1451.5],[-120.92882581986,40.044765193015,1451.5],[-120.92884082347,40.044741556048,1454.4],[-120.92886689119,40.044714901596,1450.7],[-120.92890762724,40.044692019001,1450.7],[-120.92894509435,40.044675171375,1450.7],[-120.92898147181,40.044657820836,1451.1],[-120.92901105992,40.044636195526,1451.1],[-120.92904844321,40.044617922977,1448.3],[-120.92909940518,40.044590933248,1448.3],[-120.92913787812,40.044563272968,1450.2],[-120.92916428111,40.044536953792,1450.2],[-120.92918825336,40.04451113753,1450.2],[-120.92921406962,40.044487835839,1450.2],[-120.92923703603,40.04445925355,1451.6],[-120.92925732024,40.044436622411,1451.6],[-120.92927358113,40.044410387054,1451.6],[-120.92929227278,40.044376775622,1455.1],[-120.92930995859,40.044350540265,1452.1],[-120.92934122309,40.044316509739,1452.1],[-120.92937902547,40.044280802831,1455.3],[-120.92940844595,40.044248281047,1452.1],[-120.92942529358,40.044209975749,1455.1],[-120.92943786643,40.044175945222,1455.1],[-120.92945303768,40.044143674895,1455.1],[-120.92947441153,40.044110985473,1455.1],[-120.92949528247,40.044080307707,1454.8],[-120.9295187518,40.044051641598,1454.8],[-120.92954088002,40.044023143128,1454.8],[-120.9295689594,40.043990286067,1458.2],[-120.92960055918,40.043957848102,1454.6],[-120.92962469906,40.043926751241,1454.6],[-120.92964624055,40.043897163123,1457.9],[-120.92967029661,40.043863551691,1457.9],[-120.92969854362,40.04382465966,1457.8],[-120.92972259969,40.043785935268,1457.8],[-120.9297504276,40.043743690476,1457.8],[-120.92978445813,40.043699434027,1457.2],[-120.92983139679,40.043650986627,1457.2],[-120.92986014672,40.043608406559,1459.4],[-120.92987255193,40.043581500649,1459.4],[-120.9298860468,40.043557109311,1456.1],[-120.92989317141,40.043523162603,1457.7],[-120.92989895493,40.043482510373,1457.7],[-120.92989392579,40.043446216732,1458.8],[-120.92988101766,40.043410006911,1458.8],[-120.92986601405,40.043376814574,1462.4],[-120.92984522693,40.043345633894,1462.6],[-120.92983122915,40.043319649994,1462.6],[-120.92982754111,40.043284781277,1462.6],[-120.9297838714,40.043222839013,1462.7],[-120.92970340513,40.043094679713,1466.0],[-120.92968789861,40.043061655015,1465.1],[-120.92966845259,40.043032066897,1468.5],[-120.92963869683,40.042972220108,1466.6],[-120.92962335795,40.042944224551,1466.6],[-120.92961011454,40.042925616726,1466.6],[-120.92960257083,40.042909020558,1466.6],[-120.92959083617,40.042886724696,1468.5],[-120.92958672903,40.042867362499,1468.5],[-120.92956208624,40.04282570444,1468.5],[-120.92955596745,40.042820340022,1468.5],[-120.92952193692,40.042788740247,1466.9],[-120.92949578539,40.042779268697,1466.9],[-120.92946929857,40.042770300061,1470.9],[-120.92941733077,40.042719505727,1470.9],[-120.92938698828,40.042684217915,1472.7],[-120.92931842431,40.042638620362,1472.7],[-120.92928565107,40.042617246509,1474.0],[-120.92926159501,40.042596291751,1474.0],[-120.92923904769,40.042577851564,1474.0],[-120.92922429554,40.042556980625,1474.0],[-120.92921323143,40.042527727783,1471.4],[-120.92919303104,40.042491937056,1474.0],[-120.92913150787,40.042316336185,1468.0],[-120.92912438326,40.042271493003,1468.0],[-120.92912572436,40.042230673134,1464.8],[-120.92912714928,40.042198486626,1464.8],[-120.92914030887,40.042127827182,1462.9],[-120.92914910987,40.042102346197,1462.9],[-120.92914651148,40.042082984,1462.9],[-120.92914257199,40.042038727552,1463.1],[-120.92914852314,40.041972007602,1463.6],[-120.92913385481,40.041924063116,1463.6],[-120.92912186868,40.041902018711,1463.6],[-120.92911013402,40.041860863566,1464.2],[-120.92910845764,40.041790790856,1464.6],[-120.92917417176,40.041617704555,1465.1],[-120.92918959446,40.041581913829,1463.5],[-120.92918649316,40.041561629623,1463.5],[-120.9291880019,40.041541680694,1463.5],[-120.92918045819,40.041517373174,1465.9],[-120.92914500274,40.041497172788,1467.0],[-120.92911918648,40.041466327384,1467.0],[-120.92908331193,40.041439170018,1469.1],[-120.92904157005,40.041413605213,1469.4],[-120.92900452204,40.0413800776,1471.2],[-120.92876153067,40.041267508641,1474.2],[-120.92873034999,40.041244626045,1474.2],[-120.92870721593,40.041204895824,1475.0],[-120.92869481072,40.041152928025,1475.0],[-120.92870470136,40.041031390429,1470.2],[-120.92870336026,40.040973387659,1470.2],[-120.92870537192,40.040932148695,1468.0],[-120.92870344408,40.040899962187,1468.0],[-120.92870453373,40.040869954973,1468.0],[-120.92871316709,40.040847072378,1467.0],[-120.92871735804,40.040827374905,1467.0],[-120.92871953733,40.04080273211,1467.0],[-120.92871869914,40.04078194499,1467.0],[-120.9287462756,40.040686642751,1463.6],[-120.92874359339,40.040667532012,1463.5],[-120.92874560505,40.040641464293,1463.5],[-120.9287550766,40.040618749335,1463.5],[-120.92878701165,40.040487153456,1463.2],[-120.92878717929,40.040454464033,1463.1],[-120.92878994532,40.040425630286,1463.1],[-120.92879044823,40.040410961956,1463.1],[-120.92878977768,40.040407357737,1463.1],[-120.9288057033,40.040395539254,1463.1],[-120.92881022952,40.040349774063,1463.4],[-120.9288145043,40.040339715779,1463.4],[-120.9288140852,40.040331669152,1463.4],[-120.92881190591,40.040318593383,1463.4],[-120.9287757799,40.040283221751,1463.8],[-120.92876806855,40.040277689695,1463.8],[-120.9287590161,40.040270481259,1463.8],[-120.92875214294,40.040260590613,1463.8],[-120.92873118818,40.040239384398,1466.9],[-120.92869841494,40.040195966139,1467.3],[-120.92869204469,40.040173586458,1467.3],[-120.92868726701,40.040128072724,1467.3],[-120.92868483625,40.040105693042,1467.0],[-120.9286753647,40.040058670565,1467.0],[-120.92866379768,40.040038889274,1467.0],[-120.92865088955,40.040023969486,1467.0],[-120.92863823287,40.040009636432,1466.3],[-120.92860369943,40.03998465836,1470.2],[-120.92857754789,40.039979210123,1470.2],[-120.9285542462,40.039967056364,1470.2],[-120.92852977104,40.039954315871,1474.1],[-120.92850420624,40.039940737188,1474.1],[-120.92847579159,40.039927326143,1474.1],[-120.92844419181,40.039913160726,1478.4],[-120.92840957455,40.039898492396,1477.6],[-120.9283793997,40.039883237332,1477.6],[-120.9283498954,40.039867227897,1477.6],[-120.92832106166,40.039851302281,1481.7],[-120.9282860253,40.03984015435,1481.7],[-120.92825911939,40.039830263704,1485.5],[-120.92823523097,40.039816014469,1485.5],[-120.92820765451,40.039793886244,1484.4],[-120.92817831784,40.039775865152,1484.4],[-120.92814621516,40.039756670594,1487.6],[-120.9281080775,40.039738900959,1487.6],[-120.92807706445,40.039719119668,1488.1],[-120.92805032618,40.039697661996,1488.1],[-120.9280191455,40.039676288143,1488.1],[-120.92799282633,40.03966874443,1488.1],[-120.92796885408,40.039663296193,1490.0],[-120.92795091681,40.039662122726,1490.0],[-120.92793557793,40.039650471881,1490.0],[-120.92791051604,40.03962549381,1488.4],[-120.92786919326,40.039630271494,1490.0],[-120.9278407786,40.039638066664,1491.6],[-120.92780339532,40.039645694196,1493.0],[-120.92776064761,40.039642425254,1493.0],[-120.92772703618,40.039632031694,1493.0],[-120.9276936762,40.039618620649,1492.5],[-120.92767439783,40.039601437747,1492.5],[-120.9276540298,40.039593726397,1492.5],[-120.92763575725,40.039592133835,1492.5],[-120.92763181776,40.039589200169,1492.5],[-120.92762645334,40.039586601779,1492.5],[-120.92761865817,40.039581069723,1493.6],[-120.92761388049,40.039569335058,1493.6],[-120.9276139643,40.039565479383,1493.6],[-120.92760440893,40.039543099701,1493.6],[-120.92760893516,40.039531197399,1493.6],[-120.92760759406,40.039517702535,1491.6],[-120.92760625295,40.039514768869,1491.6],[-120.92760164291,40.039512421936,1491.6],[-120.92759535648,40.039504962042,1491.6],[-120.92759217136,40.039494233206,1491.6],[-120.92759493738,40.039478223771,1491.6],[-120.92759694904,40.039459532127,1491.6],[-120.92760164291,40.039417203516,1489.4],[-120.92760549858,40.039392644539,1489.4],[-120.92761153355,40.039366073906,1489.4],[-120.92764656991,40.039301114157,1486.3],[-120.92768093571,40.039261551574,1486.3],[-120.92770541087,40.03923422657,1483.9],[-120.92772636563,40.039207488298,1483.9],[-120.92773575336,40.039171278477,1483.0],[-120.92774463817,40.039147809148,1480.9],[-120.92779258266,40.039102379233,1480.9],[-120.92798536643,40.038930131122,1474.9],[-120.92826062813,40.038817729801,1467.3],[-120.92831938528,40.038797445595,1465.6],[-120.92839121819,40.038782106712,1467.4],[-120.92865021899,40.038744136691,1462.9],[-120.92870956287,40.038740364835,1462.9],[-120.928740995,40.038724523038,1460.7],[-120.9287418332,40.038705328479,1460.7],[-120.92873588204,40.038705496117,1462.9],[-120.9287052881,40.038699042052,1462.9],[-120.92867192812,40.038690743968,1465.2],[-120.9286374785,40.038684792817,1466.9],[-120.92860059813,40.038679763675,1466.9],[-120.92856061645,40.038671130314,1466.9],[-120.92853195034,40.038650678471,1468.8],[-120.92850705609,40.038627125323,1468.8],[-120.92848115601,40.038602398708,1470.6],[-120.92845525593,40.038571720943,1472.8],[-120.92839641497,40.038527380675,1472.8],[-120.92836171389,40.038517238572,1475.4],[-120.92833246104,40.038509778678,1478.0],[-120.92830421403,40.038505755365,1478.0],[-120.92826909386,40.038501145318,1481.4],[-120.9282406792,40.038498546928,1481.4],[-120.92821796425,40.038496116176,1481.4],[-120.92819189653,40.03849234432,1484.4],[-120.9281618055,40.038487231359,1484.4],[-120.9281301219,40.038491338491,1484.4],[-120.92809391208,40.038497038186,1487.4],[-120.92805594206,40.038494188339,1487.4],[-120.92801981606,40.038484632969,1487.4],[-120.92799274251,40.038473485038,1489.2],[-120.92796348967,40.038460576907,1489.2],[-120.92794253491,40.038442723453,1489.2],[-120.92792644165,40.038431407884,1490.2],[-120.92791009694,40.038419505581,1490.2],[-120.92789023183,40.038409447297,1490.2],[-120.92786667868,40.038400059566,1491.2],[-120.92784907669,40.038392432034,1491.2],[-120.92783675529,40.03839109093,1491.8],[-120.92783180997,40.038389414549,1491.8],[-120.92782963067,40.038349097595,1491.8],[-120.92782828957,40.038345828652,1491.8],[-120.9278253559,40.038334513083,1491.8],[-120.92782770284,40.038330657408,1491.8],[-120.92782074586,40.038304002956,1491.8],[-120.92780406587,40.038276510313,1490.7],[-120.92779777944,40.038269134238,1490.7],[-120.92779492959,40.038267625496,1490.7],[-120.92779040337,40.038242731243,1490.7],[-120.9277716279,40.038213059306,1490.7],[-120.92776140198,40.038196630776,1488.6],[-120.92774748802,40.03817986697,1488.6],[-120.92771194875,40.038157152012,1489.9],[-120.92760499567,40.038009127602,1489.7],[-120.9275020659,40.037839813158,1491.0],[-120.92747851275,40.037815673277,1491.0],[-120.92745210975,40.037797484547,1493.0],[-120.92741698958,40.037780469283,1493.0],[-120.92739025131,40.037763370201,1493.0],[-120.92735689133,40.037736380473,1494.3],[-120.92726083472,40.037719532847,1496.3],[-120.92718078755,40.037687849253,1498.5],[-120.92711121775,40.037669576705,1497.3],[-120.92707743868,40.037665385753,1499.4],[-120.92704164796,40.037654824555,1499.4],[-120.92700275593,40.037634121254,1501.7],[-120.92696201988,40.037611406296,1501.7],[-120.92692681588,40.037595983595,1501.7],[-120.9268960543,40.037582824007,1504.0],[-120.92687082477,40.037575783208,1504.0],[-120.92684886418,40.037572765723,1504.0],[-120.92682874762,40.037569664419,1506.0],[-120.92681961134,40.037565054372,1506.0],[-120.92681466602,40.037564467639,1506.0],[-120.92680427246,40.037560444325,1506.0],[-120.92678298242,40.037566311657,1506.0],[-120.92675934546,40.03757041879,1506.0],[-120.92673688196,40.037567149848,1506.0],[-120.92671542428,40.037559019402,1507.8],[-120.92669539154,40.037550050765,1505.7],[-120.92667619698,40.037536388263,1505.7],[-120.92665524222,40.037511745468,1505.7],[-120.92663671821,40.037496909499,1505.7],[-120.92661433853,40.037487940863,1507.7],[-120.92658407986,40.037483079359,1507.7],[-120.92655038461,40.037477631122,1507.7],[-120.92651325278,40.037470255047,1509.1],[-120.92648115009,40.037456005812,1509.1],[-120.92646036297,40.037432620302,1506.5],[-120.92644091696,40.037383502349,1507.7],[-120.92641367577,40.037331869826,1505.0],[-120.92639129609,40.037293313071,1505.0],[-120.9263763763,40.037259953097,1505.0],[-120.92636472546,40.037224330008,1502.4],[-120.92635441571,40.037188455462,1502.4],[-120.92634519562,40.03715752624,1501.4],[-120.92633077875,40.037132715806,1501.4],[-120.92630806379,40.037112012506,1501.4],[-120.92627973296,40.037099774927,1501.4],[-120.92625726946,40.03708049655,1501.4],[-120.92622944154,40.037065828219,1501.4],[-120.92621217482,40.037051076069,1501.4],[-120.92618945986,40.037032719702,1501.4],[-120.92616708018,40.037010256201,1501.4],[-120.92615534551,40.036995923147,1501.4],[-120.92615140602,40.036976728588,1501.4],[-120.92613531277,40.036964910105,1502.0],[-120.92611385509,40.036947811022,1502.0],[-120.92611620203,40.036941524595,1502.0],[-120.92611268163,40.036939764395,1502.0],[-120.9260905534,40.036925012246,1502.0],[-120.92607437633,40.036918641999,1502.0],[-120.92607823201,40.036911936477,1502.0],[-120.92608275823,40.036910008639,1502.0],[-120.92604906298,40.036901962012,1504.0],[-120.9259090852,40.036871200427,1505.0],[-120.92586357147,40.036862818524,1507.2],[-120.92583700083,40.036852005869,1507.2],[-120.92580422759,40.036840606481,1507.2],[-120.92570758425,40.036803390831,1509.5],[-120.92564815655,40.036776401103,1510.7],[-120.92563005164,40.036759385839,1510.7],[-120.92560800724,40.036731893197,1512.9],[-120.92558805831,40.036715297028,1512.9],[-120.92556710355,40.036699455231,1511.1],[-120.92554145493,40.036670453846,1511.1],[-120.92551957816,40.036650337279,1511.1],[-120.92550532892,40.036624772474,1510.8],[-120.92549317516,40.036590239033,1510.8],[-120.92549476773,40.036556795239,1510.8],[-120.9254972823,40.036528129131,1510.8],[-120.92549803667,40.036523099989,1508.7],[-120.92549166642,40.036510443315,1508.7],[-120.92549015768,40.036507258192,1508.7],[-120.92548764311,40.036502396688,1508.7],[-120.92548487708,40.03650046885,1508.7],[-120.9254845418,40.036498121917,1508.7],[-120.9254748188,40.036497786641,1508.7],[-120.92546316795,40.036491919309,1508.7],[-120.92544246465,40.036462163553,1508.7],[-120.92544078827,40.036457804963,1508.7],[-120.92544095591,40.036439364776,1508.7],[-120.92544221319,40.036423774436,1506.4],[-120.92544456013,40.036411536857,1506.4],[-120.92544581741,40.036401143298,1506.4],[-120.92544514686,40.036397706717,1506.4],[-120.92542578466,40.036383792758,1506.4],[-120.92541086487,40.036366609856,1508.2],[-120.9253880661,40.036322101951,1506.4],[-120.92537163757,40.036274492741,1506.4],[-120.92536551878,40.036238953471,1505.3],[-120.92535185628,40.036205090582,1505.3],[-120.92533651739,40.036027226597,1504.2],[-120.92533810996,40.03599839285,1504.2],[-120.92534816824,40.035974923521,1504.2],[-120.92536727898,40.035954387859,1503.5],[-120.92538353987,40.035939216614,1503.5],[-120.92539527453,40.035930415615,1503.5],[-120.92539728619,40.035920273513,1503.5],[-120.92539569363,40.035908203572,1503.5],[-120.92539225705,40.035886075348,1503.5],[-120.92539954931,40.035865791142,1502.6],[-120.92539703473,40.03583393991,1502.6],[-120.92538177967,40.035806447268,1502.6],[-120.92537976801,40.035802591592,1502.6],[-120.92537758872,40.035795131698,1502.6],[-120.9253739845,40.035785073414,1502.6],[-120.92538387515,40.035769315436,1501.9],[-120.92539460398,40.035749869421,1501.9],[-120.92543743551,40.035722963512,1499.2],[-120.92545310967,40.035714413971,1499.2],[-120.92547238804,40.03570150584,1499.2],[-120.92552720569,40.035680886358,1496.0],[-120.92556542717,40.035687256604,1496.9],[-120.92559920624,40.035692369565,1496.9],[-120.92562912963,40.035695135593,1494.2],[-120.9256668482,40.035701422021,1494.2],[-120.9256998729,40.035700332373,1491.5],[-120.92576055788,40.035679964349,1491.5],[-120.92580037192,40.035664541647,1488.6],[-120.92585200444,40.035651046783,1488.6],[-120.92590254731,40.035637384281,1487.2],[-120.92612491921,40.035607041791,1484.4],[-120.92615283094,40.035601845011,1484.4],[-120.92617839575,40.035589104518,1483.0],[-120.92621418647,40.035580974072,1488.1],[-120.92635558918,40.035556498915,1486.3],[-120.92640311457,40.035533951595,1486.3],[-120.9264283441,40.035511152819,1484.3],[-120.92644318007,40.035489527509,1484.3],[-120.92643798329,40.035477541387,1489.5],[-120.92645877041,40.035452479497,1489.5],[-120.92648441903,40.035436889157,1489.5],[-120.92654711567,40.035398164764,1487.5],[-120.92667225748,40.035231029615,1493.0],[-120.92668977566,40.035216780379,1493.0],[-120.92671039514,40.035167830065,1493.7],[-120.92673151754,40.035136397928,1493.7],[-120.92677434906,40.035068420693,1496.9],[-120.92679530382,40.035062888637,1496.9],[-120.92680703849,40.035053668544,1493.8],[-120.92681173235,40.035042017698,1493.8],[-120.92682698742,40.035032043234,1493.8],[-120.9268458467,40.035021398216,1496.4],[-120.92686797492,40.035001365468,1496.4],[-120.92693008482,40.034954091534,1492.9],[-120.92695833184,40.034925257787,1495.7],[-120.92705740593,40.034821406007,1494.6],[-120.92708716169,40.034795003012,1491.0],[-120.92711440288,40.034765247256,1491.0],[-120.92714767903,40.034739179537,1495.4],[-120.92718095519,40.03471638076,1492.6],[-120.92722269706,40.034698694944,1492.6],[-120.92726008035,40.034679248929,1492.6],[-120.92729603872,40.03466357477,1495.5],[-120.92733325437,40.034648235887,1495.5],[-120.92737415805,40.034636165947,1493.7],[-120.92741942033,40.034629628062,1493.7],[-120.92747381888,40.03460641019,1492.1],[-120.92751732096,40.034588221461,1492.1],[-120.92756140977,40.034568607807,1495.3],[-120.92760801315,40.034562405199,1495.3],[-120.92765067704,40.03456232138,1493.8],[-120.92767959461,40.034552346915,1493.8],[-120.92769753188,40.034540193155,1493.8],[-120.92771270312,40.034532146528,1493.8],[-120.92774136923,40.034515466541,1492.3],[-120.92781202868,40.034508761019,1492.3],[-120.92785787769,40.034489650279,1495.2],[-120.92788620852,40.034464169294,1495.2],[-120.92790339142,40.034443046898,1493.6],[-120.92792627402,40.034419996664,1493.6],[-120.9279587958,40.034389067441,1497.3],[-120.92799550854,40.034361071885,1495.1],[-120.92802962288,40.034339362755,1495.1],[-120.92805359513,40.034311870113,1498.6],[-120.92807228677,40.034278929234,1498.6],[-120.92808050103,40.034255124629,1498.6],[-120.92809122987,40.034228553995,1498.6],[-120.92809651047,40.034204078838,1499.3],[-120.92810246162,40.034174239263,1499.3],[-120.92812341638,40.034101232886,1502.7],[-120.92815216631,40.033857570961,1509.4],[-120.92815627344,40.03381784074,1511.9],[-120.9281701874,40.033783055842,1511.9],[-120.92818569392,40.033748857677,1508.6],[-120.928193992,40.033715078607,1510.1],[-120.92819818296,40.033686663955,1510.1],[-120.92820614576,40.033654645085,1510.1],[-120.92821427621,40.033531179652,1511.8],[-120.92821016908,40.03350016661,1511.8],[-120.92821402475,40.033465130255,1511.8],[-120.92821922153,40.033441241831,1512.2],[-120.92821938917,40.033429088071,1512.2],[-120.92821234837,40.03340838477,1512.2],[-120.92820346355,40.033388771117,1512.2],[-120.92820287682,40.033384663984,1512.2],[-120.92820564285,40.033379215747,1512.2],[-120.92821486294,40.033367648721,1512.2],[-120.92822634615,40.03335901536,1512.6],[-120.92823774554,40.033348286524,1512.6],[-120.92824478634,40.033338898793,1512.6],[-120.92825233005,40.03333051689,1512.6],[-120.92825375497,40.033328337595,1512.6],[-120.92826280743,40.033292463049,1512.6],[-120.92826121487,40.033284751698,1512.6],[-120.92825593427,40.033277543262,1512.6],[-120.9282530006,40.033273687586,1512.6],[-120.92825325206,40.033269496635,1512.6],[-120.92825735919,40.033264467493,1512.5],[-120.92825140804,40.033251140267,1512.5],[-120.92825987376,40.033227419481,1512.5],[-120.92826599255,40.033207722008,1512.5],[-120.928265322,40.033203111961,1512.5],[-120.92826641165,40.033198250458,1512.5],[-120.92827253044,40.033160364255,1508.6],[-120.92826523818,40.033071851358,1512.3],[-120.92825576663,40.033045448363,1512.3],[-120.92824889347,40.033014435321,1512.3],[-120.92819323763,40.032828105614,1510.3],[-120.9281631466,40.032793320715,1512.8],[-120.92813800089,40.032764151692,1512.8],[-120.92811319046,40.032732049003,1512.8],[-120.92808293179,40.032701371238,1515.5],[-120.92806591652,40.032672286034,1515.5],[-120.92801839113,40.03249777481,1513.1],[-120.92800992541,40.032450752333,1513.1],[-120.92800405808,40.032397108153,1515.7],[-120.9279570356,40.032188901678,1513.4],[-120.92793993652,40.032112123445,1512.3],[-120.92786961235,40.031959153712,1515.4],[-120.92785938643,40.031912717968,1515.4],[-120.92785100453,40.031878184527,1515.4],[-120.92783390544,40.031850021333,1518.8],[-120.92781228013,40.0318181701,1518.8],[-120.92779736035,40.031784977764,1518.8],[-120.92778311111,40.031749019399,1518.5],[-120.92776869424,40.031712222844,1518.5],[-120.92774849385,40.031675091013,1518.1],[-120.92772871256,40.031647430733,1521.8],[-120.92770960182,40.031628487632,1521.8],[-120.92769602314,40.031605688855,1521.8],[-120.92769325711,40.031568976119,1521.2],[-120.92768780887,40.031538130715,1521.2],[-120.92768185772,40.031515164301,1521.2],[-120.92767330818,40.031500998884,1521.2],[-120.92767054215,40.031497394666,1521.2],[-120.92766920105,40.031487587839,1520.4],[-120.92766827904,40.031478200108,1520.4],[-120.92766299844,40.031470572576,1520.4],[-120.92766056769,40.031467471272,1520.4],[-120.92765956186,40.031451880932,1520.4],[-120.92766383663,40.031430926174,1520.4],[-120.9276579693,40.031368397176,1519.5],[-120.92766182497,40.031330594793,1519.5],[-120.92767288908,40.031308131292,1518.6],[-120.92768462375,40.031257672235,1518.6],[-120.92770063318,40.031127920374,1517.6],[-120.92772452161,40.031069498509,1516.7],[-120.92774145305,40.031035803258,1516.7],[-120.92777565122,40.030968328938,1512.3],[-120.92779149301,40.03093874082,1512.6],[-120.92780297622,40.030907727778,1512.6],[-120.92781647108,40.030870595947,1512.6],[-120.92783499509,40.030841175467,1513.5],[-120.92786139809,40.030808234587,1510.3],[-120.92788930982,40.03078116104,1510.3],[-120.92791596428,40.030746459961,1511.8],[-120.92794328928,40.030702203512,1508.3],[-120.92797270976,40.030660042539,1508.3],[-120.92798461206,40.030639255419,1510.0],[-120.92802166007,40.030603632331,1506.6],[-120.9280490689,40.030569685623,1506.6],[-120.92811587267,40.030543198809,1505.6],[-120.92819533311,40.030518807471,1502.9],[-120.92826850712,40.030492153019,1502.9],[-120.92832575552,40.030458457768,1505.8],[-120.92839121819,40.030439095572,1504.5],[-120.92846740969,40.030432976782,1502.9],[-120.92852926813,40.030455188826,1502.9],[-120.9285819903,40.030471701175,1501.5],[-120.92863077298,40.030478574336,1495.4],[-120.92867695726,40.030476395041,1493.6],[-120.92872465029,40.030484609306,1493.6],[-120.9287912026,40.030475724488,1491.7],[-120.92886135913,40.030475640669,1489.9],[-120.92899437994,40.030427528545,1493.0],[-120.92901206575,40.030416212976,1491.2],[-120.92901826836,40.030416632071,1491.2],[-120.92902128585,40.030413782224,1491.2],[-120.92902866192,40.030411100015,1491.2],[-120.92904986814,40.030401377007,1491.2],[-120.92910309322,40.030366256833,1496.0],[-120.92913578264,40.030351001769,1496.0],[-120.92931339517,40.030283695087,1501.8],[-120.92934164219,40.030255950987,1501.8],[-120.92935790308,40.030224937946,1501.8],[-120.92936452478,40.030193254352,1505.9],[-120.92936519533,40.030161067843,1505.9],[-120.92936318368,40.030129384249,1505.9],[-120.92936469242,40.030100047588,1509.3],[-120.92936829664,40.030063921586,1509.3],[-120.92940844595,40.029967864975,1510.6],[-120.92945144512,40.029805842787,1513.3],[-120.92944457196,40.02974582836,1513.3],[-120.92942219228,40.029685646296,1513.7],[-120.92940945178,40.029628565535,1513.7],[-120.92942923307,40.029573412612,1513.7],[-120.92945848592,40.029513146728,1513.2],[-120.92948136851,40.029452461749,1510.3],[-120.92945890501,40.029354142025,1511.9],[-120.92944725417,40.02932078205,1511.9],[-120.92943677679,40.029303012416,1511.9],[-120.92943300493,40.029290691018,1511.9],[-120.92943468131,40.029281051829,1511.9],[-120.92943476513,40.029278872535,1511.9],[-120.9294372797,40.029272837564,1511.0],[-120.92945815064,40.029280213639,1511.9],[-120.92949310318,40.029294379056,1509.9],[-120.92949662358,40.029294295236,1509.9],[-120.92949855141,40.029275184497,1509.1],[-120.92949997634,40.029266718775,1509.1],[-120.92950399965,40.029260599986,1509.1],[-120.92950735241,40.029255738482,1509.1],[-120.92950877734,40.029250793159,1509.1],[-120.92950969934,40.029247943312,1509.1],[-120.92951070517,40.029245764017,1509.1],[-120.92951506376,40.029239309952,1509.1],[-120.92952746898,40.029229167849,1509.1],[-120.92954196967,40.029222713783,1509.1],[-120.92955186032,40.029221791774,1509.1],[-120.92956661247,40.029218271375,1509.1],[-120.92958689667,40.029221372679,1509.1],[-120.92960944399,40.029228832573,1507.3],[-120.92963886447,40.029234029353,1507.3],[-120.92968907207,40.029231933877,1507.3],[-120.92970256694,40.029228078201,1505.3],[-120.92970700935,40.029226820916,1505.3],[-120.92978898436,40.029201759025,1505.3],[-120.92981002294,40.029182145372,1502.6],[-120.92982720584,40.029163369909,1503.0],[-120.92983399518,40.029154149815,1503.0],[-120.9298323188,40.029158424586,1503.0],[-120.92984447256,40.029148785397,1503.0],[-120.92984656803,40.029145684093,1503.0],[-120.92984346673,40.029144929722,1503.0],[-120.9298508428,40.029166806489,1503.0],[-120.92987489887,40.029153563082,1503.0],[-120.92990683392,40.029087178409,1501.5],[-120.92991144396,40.029054656625,1501.5],[-120.92991605401,40.029021380469,1501.5],[-120.92995586805,40.028940914199,1503.0],[-120.92996031046,40.028916690499,1503.0],[-120.92996609397,40.028896071017,1503.0],[-120.92996827327,40.028875786811,1505.1],[-120.92996525578,40.02885164693,1505.1],[-120.92995218001,40.028829434887,1505.1],[-120.92993306927,40.028806971386,1505.1],[-120.92989141122,40.028788950294,1509.2],[-120.92980356887,40.028783082962,1509.2],[-120.92976073734,40.028781322762,1510.6],[-120.92971757054,40.02877981402,1510.6],[-120.92967348173,40.028778305277,1511.7],[-120.92962956056,40.02877545543,1511.7],[-120.92958823778,40.028762798756,1512.5],[-120.92953710817,40.028749639168,1512.5],[-120.92948488891,40.02873907797,1513.2],[-120.92943367548,40.02872700803,1513.2],[-120.92938464135,40.028717871755,1514.1],[-120.92933703214,40.028714602813,1514.1],[-120.9292919375,40.028716111556,1515.5],[-120.92924189754,40.028718290851,1515.5],[-120.92920149677,40.028718542308,1517.5],[-120.92916830443,40.028718626127,1517.5],[-120.92913435772,40.028720637783,1517.5],[-120.92909378931,40.028724325821,1519.7],[-120.92905690894,40.028727510944,1519.7],[-120.92902044766,40.028723152354,1522.4],[-120.92898884788,40.028713261709,1522.4],[-120.92896747403,40.028688199818,1522.9],[-120.92895666137,40.028654672205,1522.9],[-120.9289475251,40.028613684699,1525.8],[-120.92894190922,40.02856775187,1524.7],[-120.92895012349,40.028520058841,1524.7],[-120.9289651271,40.028479490429,1520.5],[-120.92898599803,40.028432970867,1520.5],[-120.92900049873,40.028387289494,1517.7],[-120.92900619842,40.028347307816,1517.7],[-120.92900401913,40.028319647536,1514.3],[-120.9289959725,40.028297184035,1514.3],[-120.92898683622,40.028277151287,1514.3],[-120.92897769995,40.028258375823,1514.3],[-120.92896278016,40.028238343075,1511.9],[-120.92894861475,40.028211856261,1511.9],[-120.92894123867,40.028195930645,1514.5],[-120.92893897556,40.02819199115,1514.5],[-120.92894350179,40.028188889846,1514.5],[-120.92894433998,40.028178747743,1514.5],[-120.92893822119,40.028136922047,1513.8],[-120.92894660309,40.028064670041,1513.8],[-120.92894727364,40.028046481311,1514.2],[-120.92895003967,40.028037009761,1514.2],[-120.92894668691,40.028027286753,1514.2],[-120.92894115485,40.028018318117,1514.2],[-120.92891877517,40.027940534055,1514.5],[-120.92890092172,40.027925698087,1514.5],[-120.9288885165,40.027908682823,1514.5],[-120.9288695734,40.027869790792,1514.4],[-120.92885599472,40.027851015329,1516.9],[-120.92883612961,40.027792593464,1516.9],[-120.92881266028,40.027766441926,1516.5],[-120.92878575437,40.027745235711,1516.5],[-120.92875985429,40.027732579038,1518.9],[-120.92873722315,40.027725622058,1518.9],[-120.92871668749,40.027712797746,1518.9],[-120.92863689177,40.027643060312,1520.2],[-120.92861417681,40.027618752792,1520.2],[-120.92858911492,40.027591763064,1519.0],[-120.92856807634,40.027562174946,1521.0],[-120.92849733308,40.027359416708,1517.5],[-120.92848828062,40.027315411717,1517.5],[-120.92846841551,40.027278615162,1517.5],[-120.92844402418,40.02725020051,1517.5],[-120.9284093231,40.027231676504,1517.5],[-120.92837302946,40.027221534401,1517.8],[-120.92833329923,40.027211140841,1517.8],[-120.92826171778,40.02718959935,1519.5],[-120.92824369669,40.027175517753,1519.5],[-120.92824914493,40.02714634873,1519.5],[-120.92825325206,40.027104355395,1517.4],[-120.92827990651,40.027028080076,1514.9],[-120.92829281464,40.027003102005,1514.9],[-120.92830739915,40.026943255216,1511.2],[-120.92831100337,40.026872679591,1511.2],[-120.92831041664,40.026845689863,1510.0],[-120.92831603251,40.026821466163,1510.0],[-120.92831443995,40.026804115623,1510.0],[-120.92830647714,40.026792632416,1510.0],[-120.92830463313,40.026780897751,1510.0],[-120.92829952016,40.026770085096,1510.9],[-120.92829851434,40.026766648516,1510.9],[-120.92829591595,40.026758015156,1510.9],[-120.92829373665,40.026745861396,1511.0],[-120.92829700559,40.026736222208,1511.0],[-120.92829775997,40.02673085779,1511.0],[-120.92830555514,40.026714010164,1509.6],[-120.92833480798,40.026665143669,1510.2],[-120.92833732255,40.026614349335,1510.2],[-120.92833036557,40.026587694883,1510.2],[-120.92832298949,40.026564896107,1511.5],[-120.92831594869,40.026543270797,1511.5],[-120.92830664478,40.026523992419,1513.3],[-120.92830094509,40.026498595253,1513.3],[-120.92830480076,40.026473030448,1514.5],[-120.92830413021,40.026446459815,1514.5],[-120.9283036273,40.026419134811,1514.5],[-120.9282913059,40.026385607198,1514.9],[-120.92828082852,40.026377057657,1514.9],[-120.92827538028,40.026370519772,1514.9],[-120.92827311717,40.026365574449,1514.9],[-120.92827227898,40.026358366013,1514.9],[-120.92826909386,40.026346631348,1514.9],[-120.92826674692,40.026331376284,1514.9],[-120.92826171778,40.026316875592,1514.9],[-120.92824436724,40.026256106794,1514.7],[-120.92823179439,40.026239259169,1514.7],[-120.92821561731,40.026227775961,1516.5],[-120.9282084927,40.026222663,1515.5],[-120.92819768004,40.026219394058,1515.5],[-120.92817119323,40.026200534776,1515.5],[-120.928149065,40.026186788455,1515.5],[-120.92812852934,40.026173209772,1517.0],[-120.92810992151,40.026157535613,1517.0],[-120.92808594927,40.026126774028,1517.0],[-120.92808125541,40.026114704087,1515.6],[-120.92807429843,40.026104142889,1515.6],[-120.92806784436,40.02609718591,1515.6],[-120.92805560678,40.026086289436,1515.6],[-120.92804286629,40.026061311364,1515.6],[-120.92802576721,40.026025688276,1515.3],[-120.92801319435,40.025981515646,1515.3],[-120.92800967395,40.025934660807,1513.3],[-120.92800338753,40.025878837332,1513.3],[-120.92799089849,40.025824606419,1511.6],[-120.92796533369,40.02574313432,1510.1],[-120.92794739641,40.025693597272,1510.7],[-120.92796416022,40.025555966422,1507.7],[-120.92797296122,40.025526294485,1507.7],[-120.92798712663,40.025500310585,1507.7],[-120.92799659818,40.025483965874,1507.2],[-120.92800573446,40.025469297543,1507.2],[-120.9280209057,40.025449516252,1507.2],[-120.92805133201,40.025423364714,1506.2],[-120.92812844552,40.02533367835,1505.6],[-120.92812936753,40.025327391922,1505.6],[-120.92816172168,40.025268634781,1503.3],[-120.92812241055,40.025188587606,1503.5],[-120.9281178005,40.025185570121,1503.5],[-120.92812576331,40.025181127712,1503.5],[-120.92813380994,40.025169141591,1502.4],[-120.92812752351,40.0251683034,1503.5],[-120.92813355848,40.025158999488,1502.4],[-120.92812852934,40.025158999488,1503.5],[-120.92812366784,40.02516143024,1503.5],[-120.92811511829,40.025174589828,1503.5],[-120.92810581438,40.025187162682,1503.5],[-120.92810506001,40.025186156854,1503.5],[-120.9281010367,40.025185067207,1503.5],[-120.92812978663,40.025184396654,1502.4],[-120.92813221738,40.025184899569,1502.4],[-120.9281494841,40.025173164904,1502.4],[-120.92815199867,40.025176852942,1502.4],[-120.92814914882,40.025181462988,1502.4],[-120.92813481577,40.025187246501,1502.4],[-120.92812567949,40.025192443281,1502.4],[-120.92809952796,40.025175092742,1503.5],[-120.92808946967,40.025173164904,1503.5],[-120.92809148133,40.02518909052,1503.5],[-120.92808963731,40.025192024186,1503.5],[-120.92809257098,40.025192862377,1503.5],[-120.92809139751,40.025198142976,1503.5],[-120.92809089459,40.025200657547,1503.5],[-120.92809148133,40.025199400261,1503.5],[-120.92810371891,40.025172159076,1503.5],[-120.9281094186,40.025169141591,1503.5],[-120.92812676914,40.02515790984,1502.4],[-120.92811059207,40.025138463825,1503.5],[-120.92809097841,40.025133518502,1503.5],[-120.92803783715,40.025123879313,1503.5],[-120.92801663093,40.025112479925,1504.8],[-120.92799458653,40.025088256225,1504.1],[-120.92797413468,40.025060595945,1504.1],[-120.92782133259,40.024941656739,1505.9],[-120.92774539255,40.024879295379,1506.4],[-120.92766643502,40.024791704491,1504.7],[-120.92762326822,40.024732528254,1506.3],[-120.92758563347,40.024687517434,1504.8],[-120.92754120938,40.024642255157,1504.5],[-120.92749393545,40.024602441117,1504.5],[-120.92744749971,40.024570589885,1505.8],[-120.92740609311,40.024542091414,1504.0],[-120.92731263489,40.024448214099,1503.4],[-120.92728631571,40.024404712021,1503.4],[-120.92727558687,40.024363389239,1504.8],[-120.92724951915,40.024320557714,1502.6],[-120.9272418078,40.024298513308,1502.6],[-120.92724340037,40.024280827492,1502.6],[-120.92725153081,40.024256603792,1500.5],[-120.92726024799,40.024231290445,1500.5],[-120.92725731432,40.02421352081,1500.5],[-120.92725262046,40.024198852479,1500.5],[-120.92723300681,40.02418929711,1500.5],[-120.92723049223,40.024186111987,1500.5],[-120.92722219415,40.024171024561,1498.3],[-120.92721842229,40.024162726477,1498.3],[-120.92721322551,40.024157613516,1498.3],[-120.92715404928,40.024117128924,1499.8],[-120.92712035403,40.024101706222,1499.8],[-120.92697274871,40.023993328214,1498.4],[-120.92695095576,40.023941947147,1498.4],[-120.92693142593,40.023887716234,1496.7],[-120.92691365629,40.023838263005,1496.7],[-120.92689798214,40.02379283309,1496.1],[-120.92688708566,40.023762993515,1496.1],[-120.92688532546,40.023748325184,1496.1],[-120.92688214034,40.023733740672,1496.1],[-120.92688105069,40.023719156161,1496.1],[-120.92687635683,40.023699542508,1494.3],[-120.92685506679,40.023677498102,1494.3],[-120.9267780371,40.023585297167,1493.5],[-120.92669011094,40.023495191708,1492.7],[-120.92659195885,40.023430818692,1493.4],[-120.926561784,40.023403828964,1491.6],[-120.92653546482,40.02337818034,1492.2],[-120.92653077096,40.023374576122,1492.2],[-120.92652683146,40.023376671597,1492.2],[-120.92652121559,40.023370888084,1492.2],[-120.9265076369,40.023358901963,1492.2],[-120.92649858445,40.023353789002,1492.2],[-120.92649179511,40.023348256946,1490.2],[-120.92647268437,40.0233401265,1490.2],[-120.92645240016,40.023327888921,1490.2],[-120.92642272823,40.023310789838,1490.6],[-120.92638668604,40.02330115065,1490.6],[-120.92635885812,40.023298887536,1490.9],[-120.92631300911,40.023307520896,1490.9],[-120.92626078986,40.023312885314,1491.2],[-120.92621678486,40.023306934163,1491.2],[-120.92618359253,40.023288493976,1491.2],[-120.92616029084,40.02327080816,1491.8],[-120.92615098692,40.023261252791,1491.8],[-120.92614830472,40.023259911686,1491.8],[-120.92614176683,40.023256475106,1491.8],[-120.92612139881,40.023243483156,1488.8],[-120.92607521452,40.02319210209,1490.0],[-120.92603649013,40.023156814277,1487.8],[-120.92598728836,40.023124795407,1489.6],[-120.92588963918,40.023046927527,1488.9],[-120.9258522559,40.022988757119,1488.9],[-120.92580590397,40.022933688015,1487.4],[-120.92568126507,40.022850539535,1484.8],[-120.92561647296,40.02282589674,1485.7],[-120.92554765753,40.022813826799,1485.7],[-120.92548169196,40.02280770801,1486.8],[-120.92542821541,40.022805025801,1488.1],[-120.925378846,40.022801421583,1488.1],[-120.92534406111,40.022790106013,1488.1],[-120.92532411218,40.022779041901,1485.9],[-120.92531061731,40.022772755474,1485.9],[-120.92529745772,40.022773761302,1485.9],[-120.92528136447,40.022774096578,1485.9],[-120.92524792068,40.022762278095,1485.9],[-120.92521581799,40.02273327671,1486.3],[-120.9251854755,40.022719278932,1486.3],[-120.92515622266,40.022702515125,1486.3],[-120.92510852963,40.022662868723,1483.6],[-120.92511959374,40.022639315575,1483.6],[-120.92514180578,40.022620037198,1483.6],[-120.9251625929,40.02260511741,1483.2],[-120.9251868166,40.022593801841,1480.4],[-120.92520785518,40.022588856518,1480.4],[-120.92522445135,40.022575529292,1480.4],[-120.92522797175,40.022561531514,1480.4],[-120.92522269115,40.022540912032,1480.4],[-120.92520534061,40.022525824606,1480.4],[-120.9251956176,40.022519119084,1480.4],[-120.92518824153,40.022509228438,1480.4],[-120.9251850564,40.022506881505,1480.4],[-120.9251819551,40.02250302583,1480.4],[-120.92517256737,40.022499337792,1480.4],[-120.92516167089,40.02250042744,1480.4],[-120.92514549382,40.022500343621,1481.1],[-120.92513795011,40.022500092164,1481.1],[-120.92513451353,40.022497661412,1481.1],[-120.92512018047,40.022494895384,1481.1],[-120.9251123853,40.022492045537,1481.1],[-120.92510459013,40.022485926747,1481.1],[-120.92509570532,40.022478299215,1478.9],[-120.92509176582,40.02247444354,1478.9],[-120.92509235255,40.022459607571,1478.9],[-120.9250921011,40.022456841543,1478.9],[-120.92508941889,40.022436054423,1478.9],[-120.92506720684,40.022379811853,1476.5],[-120.92504826374,40.022363131866,1477.8],[-120.92501984909,40.022341841832,1477.8],[-120.92499646358,40.02231946215,1477.8],[-120.92492748052,40.022200439125,1476.8],[-120.92483477667,40.022081499919,1473.7],[-120.92479529791,40.022024000064,1473.7],[-120.92478884384,40.022018551826,1471.8],[-120.92476109974,40.022008577362,1472.9],[-120.92474542558,40.021987035871,1472.9],[-120.92473209836,40.021981671453,1472.9],[-120.92472488992,40.021978653967,1472.9],[-120.92472162098,40.021974882111,1472.9],[-120.92469681054,40.021973121911,1472.9],[-120.92468197457,40.021973624825,1474.0],[-120.9246662166,40.021976977587,1474.0],[-120.92465599068,40.021974546835,1474.0],[-120.92464576475,40.021968511865,1474.0],[-120.92462933622,40.021962895989,1474.0],[-120.92460360378,40.021954011172,1474.9],[-120.92457921244,40.02194210887,1474.9],[-120.92455431819,40.021923584864,1473.0],[-120.92452473007,40.021898187697,1473.0],[-120.92449648306,40.021863402799,1473.9],[-120.92447469011,40.021823756397,1471.8],[-120.92446153052,40.021784445271,1471.8],[-120.92443672009,40.021704230458,1469.5],[-120.92442833818,40.021665170789,1469.5],[-120.92446689494,40.021460652351,1462.6],[-120.9244979918,40.021275999025,1458.2],[-120.92450436205,40.02122528851,1458.2],[-120.92449598014,40.021166782826,1457.3],[-120.9244653862,40.02110844478,1459.5],[-120.92442691326,40.021050693467,1458.8],[-120.92438072897,40.020990511402,1460.5],[-120.92433278449,40.020937705413,1460.5],[-120.92427838594,40.020882636309,1461.5],[-120.92414310202,40.020787082613,1462.0],[-120.92400790192,40.020679458976,1463.7],[-120.92384613119,40.020594047382,1462.9],[-120.92375979759,40.020584994927,1463.3],[-120.92368377373,40.020562447608,1463.3],[-120.9236026369,40.020541911945,1459.2],[-120.92352518812,40.020527830347,1459.6],[-120.92345922254,40.020509557799,1460.2],[-120.92340440489,40.020479718223,1460.2],[-120.92336157337,40.020441161469,1457.3],[-120.92332502827,40.020398832858,1457.3],[-120.92329879291,40.020360192284,1454.9],[-120.9232793469,40.020320545882,1454.9],[-120.92327213846,40.020273858681,1450.1],[-120.92327306047,40.020228680223,1450.1],[-120.92328119092,40.020174114034,1446.0],[-120.92328378931,40.019993735477,1443.7],[-120.92328756116,40.019863564521,1443.2],[-120.9232692048,40.019805226475,1442.7],[-120.92324950732,40.019753007218,1442.7],[-120.92323735356,40.019714869559,1442.3],[-120.92322972603,40.01968444325,1446.8],[-120.92321732081,40.019652843475,1446.8],[-120.92319334857,40.019556451589,1446.5],[-120.9231670294,40.019494676962,1445.7],[-120.92312847264,40.019440613687,1448.4],[-120.92308748513,40.019387304783,1448.4],[-120.92303275131,40.019339611754,1449.7],[-120.92297265306,40.019298791885,1449.7],[-120.92290727422,40.019255205989,1452.9],[-120.92283912934,40.019219834358,1452.5],[-120.92276939191,40.019183792174,1454.6],[-120.92262689956,40.019103242084,1452.6],[-120.92255992815,40.019067618996,1448.4],[-120.92250443995,40.019037360325,1448.4],[-120.92246839777,40.019014142454,1449.4],[-120.92244459316,40.018990589306,1449.4],[-120.92242950574,40.01897290349,1445.0],[-120.92241751961,40.018965443596,1445.0],[-120.92241064645,40.018963012844,1445.8],[-120.92240461148,40.01895823516,1445.8],[-120.9223826509,40.018950523809,1445.8],[-120.92231676914,40.018914146349,1446.8],[-120.92216262594,40.018820017576,1443.9],[-120.92209867202,40.018779616803,1441.2],[-120.92203144915,40.018743239343,1441.9],[-120.92189591378,40.018673082814,1439.6],[-120.92182181776,40.018629748374,1440.0],[-120.92167018913,40.018556239083,1436.5],[-120.92160598375,40.018540229648,1435.9],[-120.92154437676,40.018541403115,1434.4],[-120.92148712836,40.018560597673,1434.4],[-120.92143432237,40.018597142771,1432.1],[-120.92138855718,40.018638465554,1430.0],[-120.9213415347,40.018676100299,1430.0],[-120.92128629796,40.018707029521,1425.4],[-120.92122485861,40.018741311505,1425.4],[-120.92116526328,40.018782718107,1421.2],[-120.92111731879,40.018825046718,1417.0],[-120.92108706012,40.018859915435,1417.0],[-120.92107088305,40.018899142742,1416.1],[-120.92106032185,40.018942728639,1416.1],[-120.92105546035,40.018985979259,1416.1],[-120.92106878757,40.019030235708,1415.6],[-120.9210856352,40.019081281498,1415.6],[-120.9210825339,40.019144816324,1416.9],[-120.92109066434,40.019279597327,1420.3],[-120.92111639678,40.019330894575,1425.6],[-120.92114564963,40.019376073033,1429.2],[-120.92117163353,40.019414797425,1429.2],[-120.92119761743,40.019446816295,1430.0],[-120.92122066766,40.019474392757,1433.2],[-120.92124598101,40.019499287009,1433.2],[-120.92126701958,40.019516050816,1433.2],[-120.92128663324,40.019528791308,1433.8],[-120.9212948475,40.01953817904,1433.8],[-120.92129954137,40.019556116313,1433.8],[-120.92131135985,40.019573383033,1436.9],[-120.92130306177,40.019590649754,1436.9],[-120.92128420249,40.019606072456,1436.7],[-120.92127908953,40.019608084112,1436.7],[-120.92123525217,40.019624177366,1436.7],[-120.92119920999,40.019625099376,1436.6],[-120.9209834598,40.019609592855,1435.9],[-120.92086125165,40.019583608955,1435.7],[-120.92082495801,40.01958142966,1435.4],[-120.9208099544,40.01957975328,1435.4],[-120.92080693692,40.019579837099,1435.4],[-120.92078506015,40.019577741623,1435.4],[-120.92076997273,40.019573383033,1435.4],[-120.92076812871,40.019570533186,1435.4],[-120.92076226138,40.019572293386,1435.4],[-120.92075798661,40.019573383033,1435.4],[-120.92073250562,40.019569527358,1435.1],[-120.92070266604,40.01956064254,1435.1],[-120.92069746926,40.019560558721,1435.1],[-120.92069168575,40.019556954503,1435.1],[-120.92067307793,40.019556116313,1434.9],[-120.92064374126,40.019553266466,1434.9],[-120.92055782676,40.019531976432,1430.7],[-120.92050686479,40.019516972825,1430.7],[-120.9204505384,40.019503813237,1430.8],[-120.92039940879,40.019492749125,1431.0],[-120.92026504688,40.019472800195,1431.5],[-120.92019958422,40.0194481574,1432.5],[-120.92013512738,40.019417144358,1428.9],[-120.92006455176,40.019373893738,1430.2],[-120.91999397613,40.019323769957,1427.2],[-120.9199259989,40.019269706681,1429.2],[-120.91979247518,40.019159736112,1427.0],[-120.91973983683,40.019107265398,1424.5],[-120.919693904,40.019049765542,1420.3],[-120.91954847798,40.018861927092,1417.2],[-120.91949366033,40.018808115274,1417.2],[-120.91936969198,40.018725218251,1417.1],[-120.91928981245,40.018710047007,1417.1],[-120.91920834035,40.018711555749,1417.8],[-120.91911840253,40.018718848005,1417.9],[-120.91902687214,40.018738461658,1417.8],[-120.91894162819,40.018758075312,1417.6],[-120.91885596514,40.018773246557,1417.2],[-120.91876837425,40.018787579611,1418.2],[-120.9186016582,40.018821610138,1415.7],[-120.91844810173,40.018858909607,1409.5],[-120.91830577701,40.018903752789,1408.5],[-120.91824299656,40.018905261531,1407.4],[-120.91818382032,40.018891012296,1407.4],[-120.91813487001,40.018878020346,1407.6],[-120.91810042039,40.018869219348,1405.0],[-120.91808047146,40.018864944577,1405.0],[-120.91807401739,40.018864357844,1405.6],[-120.91808047146,40.018863771111,1405.0],[-120.91808105819,40.018860502169,1405.0],[-120.91809698381,40.018854634836,1405.0],[-120.91807602905,40.018850611523,1405.0],[-120.91805566102,40.018845917657,1405.6],[-120.91803646646,40.01883267425,1405.6],[-120.91801643372,40.018817503005,1405.6],[-120.91799338348,40.018799230456,1405.6],[-120.91797150671,40.018778862432,1405.9],[-120.91791786253,40.018702168018,1403.9],[-120.91789883561,40.018642824143,1401.7],[-120.91789447702,40.018611224368,1401.7],[-120.91788676567,40.018499074504,1399.4],[-120.91791224666,40.018310397863,1391.3],[-120.91793378815,40.018277708441,1391.3],[-120.91795247979,40.018246024847,1391.3],[-120.9179626219,40.018220376223,1391.3],[-120.91797988862,40.018195230514,1388.5],[-120.91802917421,40.01813756302,1388.5],[-120.91823847033,40.017812680453,1382.3],[-120.91831575148,40.017665242776,1380.6],[-120.91834022664,40.017609000206,1374.7],[-120.91842102818,40.017387634143,1384.3],[-120.91846243478,40.01727623865,1380.9],[-120.91852337122,40.017050765455,1387.4],[-120.91852747835,40.016982285306,1389.7],[-120.91853963211,40.016868039966,1385.4],[-120.91854424216,40.016825711355,1387.1],[-120.91855228879,40.016765445471,1387.1],[-120.91855321079,40.01671532169,1388.4],[-120.91855480336,40.016664611176,1388.4],[-120.91854709201,40.016618426889,1389.3],[-120.91853753664,40.016574002802,1393.5],[-120.9185166657,40.016532260925,1393.8],[-120.9184885025,40.016494207084,1393.8],[-120.9184501972,40.016458667815,1393.6],[-120.91840242036,40.016431007534,1396.9],[-120.91834684834,40.016410890967,1400.2],[-120.91829043813,40.016390103847,1400.2],[-120.9182304237,40.016365461051,1402.8],[-120.91810813174,40.016326904297,1405.8],[-120.91793864965,40.016293209046,1409.9],[-120.91787620448,40.016279714182,1411.5],[-120.9174363222,40.016255741939,1408.5],[-120.91710942797,40.016289018095,1410.0],[-120.91699141078,40.016317768022,1408.8],[-120.91692267917,40.016330005601,1407.6],[-120.9166308213,40.016353223473,1403.5],[-120.91654499061,40.016367388889,1401.7],[-120.91629504226,40.016442909837,1399.9],[-120.91618021019,40.016499236226,1402.9],[-120.91613134369,40.016533769667,1400.0],[-120.91609094292,40.01657249406,1406.1],[-120.91604660265,40.016610128805,1403.1],[-120.91598507948,40.016651954502,1409.5],[-120.91592699289,40.016686320305,1406.8],[-120.91587343253,40.016712639481,1406.8],[-120.91568668373,40.016800314188,1408.1],[-120.91542072594,40.016915732995,1409.9],[-120.91537253,40.016937274486,1415.6],[-120.91533925384,40.016954541206,1415.6],[-120.91531578451,40.01696116291,1415.6],[-120.91528167017,40.0169637613,1414.3],[-120.91525048949,40.016963677481,1414.3],[-120.91522182338,40.016965270042,1414.3],[-120.91519977897,40.016962504014,1412.6],[-120.91517857276,40.016958145425,1412.6],[-120.91515921056,40.016953870654,1412.6],[-120.91513699852,40.016939872876,1412.6],[-120.91511026025,40.01692042686,1410.5],[-120.91507153586,40.016883043572,1402.9],[-120.91505636461,40.016864351928,1402.9],[-120.91501118615,40.016764020547,1393.2],[-120.91501219198,40.016551539302,1385.7],[-120.91504680924,40.016397144645,1382.2],[-120.91506533325,40.016337716952,1382.2],[-120.91507296078,40.01628072001,1382.2],[-120.91508486308,40.01623051241,1382.2],[-120.91517019086,40.016022641212,1380.3],[-120.91521645896,40.015929434448,1378.1],[-120.91544562019,40.015665739775,1376.2],[-120.91547579505,40.015627937391,1376.2],[-120.9155042097,40.015589212999,1375.0],[-120.91553069651,40.015551997349,1375.0],[-120.91555986553,40.015515619889,1376.5],[-120.91562591493,40.015448313206,1373.8],[-120.91566036455,40.015411432832,1375.9],[-120.91569431126,40.015375474468,1373.6],[-120.9157257434,40.015335995704,1375.9],[-120.91577402316,40.015247063711,1375.8],[-120.91581182554,40.015162071213,1375.8],[-120.91583722271,40.015035504475,1379.6],[-120.91582213528,40.014958307147,1381.2],[-120.9158089757,40.014918074012,1381.2],[-120.91579824686,40.014880271628,1382.1],[-120.91579338536,40.014848252758,1385.4],[-120.91580386274,40.014813719317,1385.4],[-120.91583093628,40.014782957733,1386.0],[-120.91592607088,40.014727218077,1382.7],[-120.9159922041,40.014704838395,1385.2],[-120.91606043279,40.014685727656,1383.6],[-120.91627568007,40.014624623582,1380.2],[-120.91639881022,40.014578690752,1381.1],[-120.91645739973,40.014560166746,1381.1],[-120.91651766561,40.01453820616,1380.2],[-120.91685512103,40.014400826767,1381.9],[-120.91692008078,40.014372244477,1381.9],[-120.91705435887,40.014285659418,1378.9],[-120.91708671302,40.014249617234,1381.6],[-120.91711722314,40.014208042994,1381.6],[-120.9171346575,40.014166217297,1378.5],[-120.91713239439,40.014119362459,1378.5],[-120.91711697169,40.014078961685,1383.0],[-120.91710590757,40.014034789056,1383.0],[-120.91709534638,40.013992795721,1383.0],[-120.91707506217,40.013957172632,1382.6],[-120.9170174785,40.013832785189,1384.4],[-120.91699006967,40.01378685236,1383.2],[-120.91694522649,40.0136985071,1382.0],[-120.91693307273,40.013607982546,1385.0],[-120.91695939191,40.013358537108,1383.0],[-120.91702150181,40.013264575973,1384.0],[-120.91706693172,40.013227192685,1383.4],[-120.91718142852,40.013183522969,1381.7],[-120.91724521481,40.013167764992,1380.2],[-120.91733154841,40.013146558776,1383.0],[-120.91763346456,40.013044383377,1384.6],[-120.9177529905,40.012988895178,1382.9],[-120.91795641929,40.012916140258,1384.0],[-120.91802129522,40.012904908508,1382.6],[-120.91815280728,40.012884875759,1380.7],[-120.91822120361,40.012878170237,1385.2],[-120.91828918085,40.012875152752,1384.7],[-120.91836327687,40.012874230742,1384.3],[-120.91844231822,40.012868950143,1383.7],[-120.91851071455,40.012855287641,1383.7],[-120.91857793741,40.012829722837,1382.8],[-120.91863987967,40.012801643461,1381.5],[-120.91870542616,40.012775491923,1384.4],[-120.91881145723,40.012712962925,1381.7],[-120.91896342114,40.012605674565,1388.1],[-120.91923315078,40.012458572164,1384.5],[-120.91927983798,40.012435857207,1381.6],[-120.91932476498,40.012410376221,1386.5],[-120.91935737059,40.01238791272,1383.4],[-120.9193908982,40.012359162793,1383.4],[-120.91942643747,40.012321360409,1387.6],[-120.91952794231,40.012197140604,1386.9],[-120.91958376579,40.012111477554,1386.0],[-120.9196714405,40.011993125081,1385.6],[-120.91970262118,40.011962363496,1389.4],[-120.9197401721,40.011937385425,1386.4],[-120.91977881268,40.011920453981,1386.4],[-120.91987989843,40.011876113713,1384.3],[-120.91993563809,40.011854907498,1388.1],[-120.92017385177,40.01178198494,1384.6],[-120.9205020871,40.011720461771,1386.3],[-120.92055489309,40.011711493134,1383.3],[-120.92060325667,40.011696238071,1383.3],[-120.92068933882,40.011656926945,1384.3],[-120.92072915286,40.011633709073,1380.8],[-120.92076905072,40.011602025479,1380.8],[-120.92080350034,40.011571096256,1384.0],[-120.92083090916,40.011543435976,1380.3],[-120.92085991055,40.011507980525,1380.3],[-120.92088891193,40.011482750997,1383.2],[-120.92092026025,40.011448636651,1379.4],[-120.92104942538,40.011253757402,1381.3],[-120.92115277424,40.011088382453,1383.2],[-120.92117775232,40.011044796556,1383.2],[-120.92120289803,40.011007329449,1381.3],[-120.92129778117,40.010842960328,1380.9],[-120.92132460326,40.010760901496,1380.9],[-120.92133767903,40.010715136304,1382.1],[-120.92134128325,40.010666018352,1382.1],[-120.92134027742,40.010615224019,1382.8],[-120.92134555802,40.010525621474,1383.4],[-120.92136274092,40.010427972302,1384.6],[-120.92137699015,40.01038748771,1383.5],[-120.92143415473,40.01032076776,1383.5],[-120.92146667652,40.010292101651,1386.7],[-120.92150255106,40.010262262076,1383.1],[-120.92154437676,40.010232254863,1383.1],[-120.92162811197,40.010165786371,1383.2],[-120.92165954411,40.010131588206,1379.4],[-120.921684606,40.010092779994,1382.1],[-120.92172240838,40.010020863265,1382.1],[-120.92174202204,40.009911227971,1380.7],[-120.92173464596,40.009820703417,1384.8],[-120.92172550969,40.009775776416,1384.8],[-120.92167362571,40.009577963501,1384.0],[-120.9216463007,40.009409068152,1385.9],[-120.92161654495,40.00927856192,1385.3],[-120.92154957354,40.009034145623,1383.7],[-120.92152887024,40.009011430666,1383.7],[-120.92150297016,40.008996175602,1380.6],[-120.92147371732,40.008987542242,1382.3],[-120.92143834569,40.008984608576,1382.3],[-120.9213992022,40.008986704051,1382.3],[-120.9213573765,40.00899114646,1383.1],[-120.92131295241,40.00900330022,1383.1],[-120.92126232572,40.009023752064,1386.6],[-120.92121454887,40.009044120088,1386.6],[-120.92116702348,40.009065493941,1386.3],[-120.92102067545,40.009131459519,1388.9],[-120.92096636072,40.009148055688,1388.4],[-120.92090257443,40.009160377085,1388.3],[-120.92083853669,40.009165909141,1388.3],[-120.92072336935,40.009145624936,1388.8],[-120.92066586949,40.00912358053,1388.8],[-120.9206099622,40.009100027382,1389.5],[-120.92055849731,40.009079072624,1387.7],[-120.92034702189,40.009003970772,1390.1],[-120.92028968967,40.008986787871,1388.4],[-120.92022950761,40.008964827284,1389.0],[-120.92016899027,40.00894529745,1389.4],[-120.91998475604,40.008903220296,1389.9],[-120.91992616653,40.008902298287,1389.9],[-120.91969407164,40.008927192539,1389.8],[-120.91956415214,40.008960803971,1389.6],[-120.9194305446,40.008973041549,1389.3],[-120.91924974695,40.0089582894,1389.3],[-120.91915788129,40.008929958567,1389.5],[-120.9191169776,40.008919648826,1389.7],[-120.91907976195,40.008915793151,1389.7],[-120.91904279776,40.008912524208,1389.8],[-120.91900482774,40.00891327858,1389.8],[-120.9189667739,40.008914787322,1390.0],[-120.91885219328,40.008933730423,1390.1],[-120.91882545501,40.008923839778,1390.1],[-120.91880726628,40.008916044608,1390.1],[-120.9187915083,40.008915038779,1390.1],[-120.91877197847,40.008917888626,1390.1],[-120.91875001788,40.008924175054,1390.1],[-120.91872780584,40.008928366005,1390.1],[-120.91868958436,40.00892275013,1389.8],[-120.91868598014,40.008919732645,1389.8],[-120.91864599846,40.008904309943,1387.9],[-120.91860459186,40.008915290236,1389.4],[-120.91857190244,40.0089340657,1389.4],[-120.9185475111,40.008947979659,1389.4],[-120.91849093325,40.008974382654,1388.8],[-120.91828641482,40.009112684056,1390.2],[-120.91817703098,40.009175045416,1389.1],[-120.91813134961,40.009203795344,1389.2],[-120.91808977537,40.009229779243,1389.2],[-120.91783731245,40.009321644902,1389.1],[-120.91779104434,40.009326003492,1389.1],[-120.91773773544,40.009311083704,1389.5],[-120.91769238934,40.009287949651,1389.5],[-120.91764989309,40.009258361533,1388.5],[-120.91761477292,40.009219888598,1388.5],[-120.91759474017,40.009185690433,1388.5],[-120.91757185757,40.009156772867,1388.0],[-120.91755551286,40.009115701541,1388.0],[-120.91744327918,40.008876565844,1384.2],[-120.91729366221,40.008703311905,1382.2],[-120.91723389924,40.008634161204,1382.2],[-120.91716332361,40.008598454297,1381.3],[-120.91702971607,40.008530896157,1380.2],[-120.91696416959,40.008496530354,1381.3],[-120.9168941807,40.008471552283,1382.3],[-120.91675160453,40.008405670524,1380.6],[-120.91660567559,40.008297124878,1379.4],[-120.91652277857,40.008235853165,1377.2],[-120.91626721434,40.008113645017,1375.5],[-120.91619362123,40.008114483207,1375.9],[-120.91612966731,40.008129402995,1375.9],[-120.91607635841,40.008158907294,1376.4],[-120.91602455825,40.008194949478,1379.9],[-120.91597158462,40.008228309453,1380.4],[-120.91590813361,40.008246162906,1380.4],[-120.91584661044,40.008243564516,1381.0],[-120.91581459157,40.008229315281,1381.0],[-120.91580998152,40.008201822639,1381.0],[-120.9158186987,40.008171983063,1381.0],[-120.91582255438,40.008151112124,1377.6],[-120.91582657769,40.008132336661,1377.6],[-120.91582238674,40.008112052456,1377.6],[-120.91581182554,40.008089002222,1377.6],[-120.91579833068,40.008042147383,1375.0],[-120.91580218635,40.008019516245,1375.0],[-120.91580989771,40.008000070229,1374.3],[-120.91581542976,40.007984647527,1374.3],[-120.91582280584,40.007971236482,1371.8],[-120.91583403759,40.007955562323,1371.8],[-120.91584183276,40.007937122136,1371.8],[-120.91585440561,40.007919101045,1371.8],[-120.91585968621,40.007903259248,1371.8],[-120.91586664319,40.00788657926,1370.2],[-120.91587083414,40.007875682786,1370.2],[-120.91587167233,40.007863696665,1370.2],[-120.91586949304,40.0078502018,1370.2],[-120.91587133706,40.007833186537,1370.2],[-120.91587267816,40.007820278406,1370.2],[-120.91587326489,40.007808292285,1370.2],[-120.91587485746,40.00778876245,1369.4],[-120.91588416137,40.007756575942,1369.4],[-120.91593017802,40.007661860436,1367.9],[-120.91592816636,40.007545268163,1367.7],[-120.91591550969,40.007485253736,1367.5],[-120.91590226628,40.00742004253,1367.4],[-120.9158829879,40.007358854637,1367.4],[-120.9158345405,40.007203035057,1367.5],[-120.91584803537,40.007090885192,1366.8],[-120.91581710614,40.006975801662,1366.1],[-120.91581266373,40.006870273501,1364.4],[-120.91585960239,40.006841607392,1364.4],[-120.91592187993,40.006846636534,1363.7],[-120.91599010862,40.006874464452,1362.9],[-120.91604677029,40.006922325119,1363.7],[-120.9160922002,40.006969934329,1363.5],[-120.9161424078,40.00700798817,1363.5],[-120.91619144194,40.007018297911,1362.3],[-120.91621499509,40.00699323602,1362.3],[-120.91618171893,40.006947806105,1361.7],[-120.91611910611,40.006897933781,1362.8],[-120.91606688686,40.006848312914,1362.1],[-120.91605230235,40.006788633764,1362.1],[-120.91609194875,40.006746975705,1361.2],[-120.9161723312,40.006736414507,1360.3],[-120.91624885798,40.006757369265,1359.3],[-120.91631608084,40.006788717583,1358.8],[-120.91639243998,40.006821323186,1358.8],[-120.91646376997,40.006830962375,1357.6],[-120.91649319045,40.006805816665,1357.6],[-120.91646745801,40.00674999319,1357.1],[-120.91642789543,40.006683776155,1356.5],[-120.91635908,40.00655259937,1357.0],[-120.9163110517,40.006509181112,1357.2],[-120.91624843888,40.00649032183,1357.2],[-120.91617870145,40.00649292022,1358.0],[-120.91610661708,40.00649895519,1358.9],[-120.91604081914,40.006501218304,1359.7],[-120.91597904451,40.006493339315,1359.7],[-120.91594342142,40.006473641843,1360.4],[-120.91594744474,40.006451681256,1360.4],[-120.91597787105,40.00644011423,1359.7],[-120.91604023241,40.00642452389,1359.1],[-120.91610535979,40.006404407322,1358.3],[-120.91622924432,40.006350008771,1357.4],[-120.91642068699,40.006260490045,1355.0],[-120.91647014022,40.006213467568,1353.6],[-120.91652495787,40.00617172569,1352.6],[-120.9166378621,40.006078351289,1351.6],[-120.91669435613,40.00602982007,1351.8],[-120.91690842994,40.005900152028,1347.3],[-120.91696810909,40.005851620808,1347.2],[-120.91704212129,40.005738548934,1345.4],[-120.91706810519,40.005669984967,1345.3],[-120.91708084568,40.005596810952,1343.7],[-120.9170606453,40.005529504269,1345.2],[-120.91702493839,40.005475440994,1345.0],[-120.91699090786,40.005421712995,1345.0],[-120.9169465676,40.005376785994,1345.9],[-120.9168959409,40.005338313058,1345.9],[-120.91686358675,40.005289278924,1346.4],[-120.91685009189,40.005229432136,1346.4],[-120.91683601029,40.005166316405,1345.1],[-120.91682578437,40.005104122683,1343.7],[-120.91681371443,40.005048215389,1343.7],[-120.91678454541,40.005008149892,1343.2],[-120.9167484194,40.004974287003,1343.2],[-120.91671564616,40.004927013069,1341.0],[-120.91667516157,40.004878314212,1342.1],[-120.91661942191,40.004827603698,1339.5],[-120.91649637558,40.004711849615,1338.8],[-120.91642906889,40.004650996998,1336.3],[-120.91627886519,40.004551000893,1335.9],[-120.91621843167,40.004501380026,1337.3],[-120.91616847552,40.004438096657,1335.1],[-120.91611667536,40.004370203242,1334.9],[-120.91605557129,40.004301639274,1334.9],[-120.91599605978,40.004252353683,1334.7],[-120.91594400816,40.004215640947,1336.3],[-120.91591827571,40.004179766402,1334.8],[-120.91592313722,40.004137605429,1334.8],[-120.91594601981,40.004087397829,1334.0],[-120.91596613638,40.004029227421,1331.5],[-120.91602019966,40.00390115194,1331.3],[-120.91613134369,40.003804760054,1328.8],[-120.91619420797,40.003751702607,1325.7],[-120.91626503505,40.003699315712,1324.2],[-120.91633435339,40.003647264093,1325.0],[-120.91636662371,40.003592194989,1322.5],[-120.91638967395,40.003527151421,1322.8],[-120.91640735976,40.003459928557,1322.8],[-120.9164026659,40.003406452015,1322.8],[-120.91641188599,40.003354568034,1323.4],[-120.91641725041,40.003302264959,1323.4],[-120.91641657986,40.003257002681,1325.6],[-120.91642831452,40.003223307431,1325.6],[-120.91646393761,40.003212243319,1323.8],[-120.91650894843,40.003221128136,1323.8],[-120.91656217352,40.003243591636,1322.9],[-120.91661548242,40.003271084279,1322.4],[-120.91667742468,40.003298325464,1318.8],[-120.9168457333,40.003316346556,1318.2],[-120.91693148017,40.003306204453,1318.0],[-120.91701429337,40.003293883055,1317.6],[-120.91721135192,40.003289524466,1315.6],[-120.91731612571,40.003281058744,1314.1],[-120.9175226558,40.003257505596,1316.4],[-120.91763103381,40.003250548616,1312.1],[-120.9177353885,40.003238813952,1309.7],[-120.91784167103,40.003217523918,1307.5],[-120.91795071959,40.003175698221,1305.3],[-120.91806345619,40.003138398752,1308.9],[-120.91817853972,40.003106296062,1306.6],[-120.91840669513,40.003041923046,1306.0],[-120.91851767153,40.003014011309,1304.0],[-120.91862378642,40.002991463989,1302.1],[-120.91872151941,40.002976963297,1305.3],[-120.91881673783,40.002944273874,1300.9],[-120.91890491545,40.002934634686,1300.9],[-120.91899678111,40.002913847566,1298.2],[-120.91908026487,40.002881912515,1299.8],[-120.91915234923,40.002854168415,1297.0],[-120.91921286657,40.002830196172,1294.2],[-120.91926516965,40.002798093483,1294.2],[-120.91931311414,40.002759620547,1294.1],[-120.91936876997,40.002714190632,1294.1],[-120.91942450963,40.002669682726,1293.6],[-120.91948863119,40.002622241154,1289.7],[-120.91954923235,40.002575721592,1292.3],[-120.91960698366,40.002526603639,1288.1],[-120.91970798559,40.002426188439,1285.5],[-120.91974578798,40.002371286973,1281.8],[-120.91977420263,40.0023049023,1282.4],[-120.91977856122,40.00223910436,1282.5],[-120.9197718557,40.002189315856,1282.5],[-120.91975743882,40.002166014165,1282.5],[-120.9197493922,40.002160063013,1282.5],[-120.91974553652,40.00215863809,1282.5],[-120.91974318959,40.002145227045,1282.5],[-120.91971226037,40.002104407176,1287.3],[-120.91970966198,40.00209543854,1287.3],[-120.91970915906,40.002091918141,1287.3],[-120.91968460009,40.002073226497,1287.3],[-120.91967311688,40.002054115757,1287.3],[-120.91959097423,40.001918077469,1289.1],[-120.91944605112,40.001729317009,1285.6],[-120.91938829981,40.001688916236,1288.7],[-120.91932300478,40.001659831032,1287.2],[-120.91925980523,40.001633930951,1289.9],[-120.91920138337,40.001602331176,1289.9],[-120.91913734563,40.001561846584,1286.8],[-120.9190601483,40.001515327021,1288.5],[-120.91896643862,40.001468388364,1284.9],[-120.91886619106,40.001422539353,1286.6],[-120.91877642088,40.001376438886,1283.0],[-120.91868916526,40.001328326762,1279.2],[-120.91859570704,40.001285746694,1280.8],[-120.91849721968,40.001244591549,1282.5],[-120.91830535792,40.001154150814,1279.8],[-120.91821474954,40.001104697585,1275.4],[-120.91812447645,40.001048538834,1270.8],[-120.918026492,40.00099690631,1272.3],[-120.91792725027,40.000953320414,1267.9],[-120.9178309422,40.000924319029,1269.3],[-120.91774854809,40.000904537737,1270.6],[-120.91768476181,40.000886432827,1270.6],[-120.9176477138,40.000865478069,1267.9],[-120.91763438657,40.000833207741,1267.9],[-120.91762994416,40.000789454207,1267.9],[-120.91763103381,40.000737067312,1265.9],[-120.91763757169,40.000682249665,1265.9],[-120.91765232384,40.000615278259,1264.4],[-120.91765517369,40.000544534996,1262.4],[-120.91765584424,40.000473540276,1260.1],[-120.9176525753,40.000409251079,1260.1],[-120.91762768105,40.000352757052,1256.8],[-120.91760035604,40.00029232353,1252.8],[-120.9175609611,40.000236164778,1256.1],[-120.91751863249,40.000188723207,1251.8],[-120.91748024337,40.000155614689,1254.8],[-120.91744713485,40.000140443444,1254.8],[-120.91743053868,40.000128122047,1254.8],[-120.91743196361,40.000117225572,1249.8],[-120.91744344682,40.000115046278,1249.8],[-120.91746951453,40.000119321048,1249.8],[-120.91750128195,40.000134911388,1251.8],[-120.91757018119,40.000182688236,1251.8],[-120.91766498052,40.000263573602,1252.8],[-120.91768702492,40.000269608572,1249.8],[-120.9177010227,40.000259634107,1249.8],[-120.9176939819,40.000234153122,1249.8],[-120.91766900383,40.000193417072,1249.1],[-120.91763874516,40.00013650395,1249.1],[-120.91759063303,40.000080261379,1247.6],[-120.91753363609,40.000041956082,1247.6],[-120.91747957282,40.000012787059,1245.0],[-120.91743028723,39.999991245568,1245.0],[-120.91739332303,39.99997976236,1246.8],[-120.91737739742,39.999971967191,1246.8],[-120.91739038937,39.999963836744,1246.8],[-120.91744654812,39.999967440963,1245.0],[-120.91750756837,39.999972134829,1245.0],[-120.91757680289,39.999981187284,1242.9],[-120.91764369048,40.000000465661,1240.7],[-120.91779414564,40.000057797879,1239.6],[-120.91782800853,40.00007674098,1239.6],[-120.91784468852,40.00008017756,1239.6],[-120.91785281897,40.000070538372,1239.6],[-120.91785198078,40.000052684918,1239.6],[-120.91782490723,40.000038435683,1239.6],[-120.91777453199,39.999999627471,1238.3],[-120.91766581871,39.999938188121,1236.1],[-120.91760848649,39.999910360202,1236.1],[-120.91755467467,39.999887729064,1238.1],[-120.91750673018,39.999873731285,1240.2],[-120.91746171936,39.999867612496,1240.2],[-120.91743162833,39.999859649688,1240.2],[-120.91742525809,39.999850010499,1236.6],[-120.91743565165,39.999838611111,1235.2],[-120.91744093224,39.999834252521,1235.2],[-120.9174460452,39.999836012721,1235.2],[-120.91746398248,39.999840119854,1235.2],[-120.91748418286,39.999846657738,1235.2],[-120.91752525419,39.999855626374,1238.1],[-120.91754059307,39.999858476222,1238.1],[-120.91772474349,39.999876329675,1234.1],[-120.9178415034,39.999925112352,1231.7],[-120.91790311038,39.999951599166,1232.9],[-120.91795608401,39.999977666885,1232.9],[-120.91800847091,39.999999962747,1229.7],[-120.9180608578,40.000025527552,1233.3],[-120.91811550781,40.000061485916,1229.5],[-120.91819991358,40.000166594982,1227.6],[-120.91822505929,40.000225938857,1229.8],[-120.91823838651,40.000282097608,1229.8],[-120.91824349947,40.000338507816,1232.5],[-120.91824366711,40.000395253301,1235.3],[-120.91825087555,40.00044814311,1235.3],[-120.91830426827,40.000498266891,1237.8],[-120.91835003346,40.000506313518,1235.7],[-120.91841641814,40.000500781462,1235.7],[-120.91848489828,40.000497512519,1233.5],[-120.91862563044,40.0005216524,1229.8],[-120.91874373145,40.000535901636,1228.1],[-120.9187844675,40.000543110073,1228.1],[-120.91881581582,40.000550318509,1226.4],[-120.91884079389,40.000551324338,1226.4],[-120.91884766705,40.000556185842,1226.4],[-120.91885085218,40.000553419814,1226.4],[-120.91887407005,40.000552581623,1226.4],[-120.91891908087,40.000551827252,1224.8],[-120.91898010112,40.000553000718,1224.8],[-120.91904941946,40.000556437299,1223.4],[-120.91912955046,40.000565992668,1222.4],[-120.91930297203,40.000580074266,1227.5],[-120.91957312077,40.000593904406,1222.2],[-120.91972550377,40.000619469211,1220.0],[-120.91979398392,40.000641345978,1217.5],[-120.91987344436,40.000663306564,1215.0],[-120.91996321455,40.000680657104,1217.3],[-120.92005910352,40.000696415082,1214.8],[-120.9201576747,40.000711753964,1212.1],[-120.92035003938,40.000777384266,1210.2],[-120.92043385841,40.000823484734,1206.9],[-120.92050435022,40.000873859972,1207.0],[-120.9205663763,40.000927923247,1207.0],[-120.92061700299,40.000990619883,1206.5],[-120.920653129,40.001056250185,1210.3],[-120.92068070546,40.001118443906,1205.9],[-120.92069579288,40.001171920449,1209.4],[-120.92070207931,40.001216344535,1209.4],[-120.92070601881,40.001248363405,1212.8],[-120.9207095392,40.001252889633,1212.8],[-120.92073401436,40.001270994544,1212.8],[-120.92073745094,40.001263953745,1212.8],[-120.92074499466,40.00127996318,1212.8],[-120.92075781897,40.001300415024,1212.8],[-120.92084440403,40.001401416957,1210.8],[-120.92088379897,40.001446595415,1208.6],[-120.92102319002,40.00156654045,1205.3],[-120.92104976065,40.001571401954,1200.8],[-120.92107088305,40.001565283164,1200.8],[-120.92106920667,40.0015553087,1200.8],[-120.92104883865,40.001523625106,1200.8],[-120.92102285475,40.001474926248,1203.8],[-120.92099410482,40.001421198249,1203.8],[-120.92093626969,40.001299744472,1203.3],[-120.92090140097,40.00124274753,1203.3],[-120.92087449506,40.001177703962,1200.2],[-120.92083761469,40.001027835533,1198.1],[-120.92082336545,40.000958517194,1198.1],[-120.92080752365,40.000892635435,1195.0],[-120.92078170739,40.000827508047,1191.9],[-120.92073921114,40.000768080354,1192.8],[-120.92068682425,40.000704126433,1192.8],[-120.92063921504,40.000632796437,1193.3],[-120.9205958806,40.000562220812,1188.4],[-120.92053636909,40.000494746491,1187.5],[-120.92047048733,40.000436492264,1190.5],[-120.92038809322,40.000388128683,1187.5],[-120.9203113988,40.000336915255,1187.5],[-120.92022975907,40.000277068466,1184.2],[-120.92013931833,40.000221664086,1181.1],[-120.92005256563,40.000168355182,1183.5],[-120.91987646185,40.000073807314,1180.8],[-120.9197903797,40.000032316893,1182.4],[-120.91970949434,40.00000054948,1178.7],[-120.91962198727,39.99997205101,1179.6],[-120.91952031478,39.999952269718,1180.5],[-120.91942434199,39.999931985512,1175.9],[-120.91932753101,39.999909438193,1176.5],[-120.91923885047,39.999896194786,1176.4],[-120.91916659847,39.999896278605,1178.2],[-120.91910851188,39.999899966642,1181.5],[-120.91906995513,39.99989753589,1181.5],[-120.91904615052,39.999891333282,1181.5],[-120.91902812943,39.999888231978,1181.5],[-120.91902276501,39.999887477607,1184.3],[-120.91902125627,39.999881023541,1184.3],[-120.91901622713,39.999858979136,1184.3],[-120.9190134611,39.999823691323,1179.6],[-120.91895001009,39.99967591837,1176.2],[-120.91892687604,39.999607773498,1177.0],[-120.91889929958,39.999533509836,1173.3],[-120.918842135,39.999382216483,1164.1],[-120.91879561543,39.999312479049,1168.8],[-120.91868363321,39.999185241759,1162.5],[-120.9186201822,39.999125814065,1165.3],[-120.91854373924,39.999073259532,1162.4],[-120.91845933348,39.999031769112,1164.5],[-120.91837249696,39.999000336975,1161.3],[-120.91829027049,39.998971587047,1161.3],[-120.91821173206,39.998945686966,1163.2],[-120.91813721694,39.998920457438,1159.1],[-120.9180647973,39.998902771622,1160.7],[-120.91799413785,39.998891372234,1162.3],[-120.91792766936,39.998880056664,1162.3],[-120.91786866076,39.998868908733,1164.3],[-120.91780353338,39.998863376677,1167.4],[-120.91773387976,39.998858598992,1167.4],[-120.91768082231,39.998835548759,1171.4],[-120.91765693389,39.99880252406,1167.7],[-120.91765877791,39.998757932335,1167.7],[-120.91767663136,39.998706132174,1164.9],[-120.91768970713,39.998644525185,1164.9],[-120.91769364662,39.998590964824,1162.7],[-120.91769280843,39.998553832993,1162.7],[-120.91769272462,39.998541846871,1162.7],[-120.91770529747,39.998519970104,1160.9],[-120.9176988434,39.99843983911,1159.3],[-120.91769037768,39.998400779441,1159.3],[-120.91768258251,39.998351745307,1157.5],[-120.91766472906,39.998240349814,1155.3],[-120.91762684286,39.998112274334,1156.8],[-120.91753514484,39.998000878841,1157.6],[-120.91747798026,39.997945809737,1155.0],[-120.9173843544,39.997825697064,1155.4],[-120.91733783484,39.997770544142,1156.0],[-120.91729508713,39.99771270901,1153.8],[-120.91726088896,39.997651102021,1156.3],[-120.91723482125,39.997581867501,1154.0],[-120.91720540076,39.997519841418,1151.9],[-120.91714882292,39.997380785644,1151.3],[-120.91712418012,39.997322196141,1149.9],[-120.91710657813,39.997277772054,1149.9],[-120.91711998917,39.997227480635,1148.4],[-120.91714303941,39.997183643281,1148.4],[-120.9171760641,39.99715170823,1148.4],[-120.9172112681,39.997105272487,1144.5],[-120.91721579432,39.997052885592,1141.8],[-120.91717950068,39.997009383515,1143.3],[-120.91716650873,39.996968563646,1143.3],[-120.91717941687,39.996921876445,1140.2],[-120.91720431112,39.99686865136,1137.7],[-120.91722887009,39.99681240879,1136.6],[-120.91724647209,39.996753400192,1134.0],[-120.91725837439,39.996686428785,1129.8],[-120.91726114042,39.996630521491,1129.8],[-120.9172540158,39.996596071869,1125.6],[-120.91723909602,39.996577296406,1125.6],[-120.91722836718,39.996560197324,1125.6],[-120.91722291894,39.996548211202,1125.6],[-120.91722677462,39.996533123776,1125.6],[-120.91723909602,39.996519293636,1125.6],[-120.91726080514,39.996509235352,1121.6],[-120.91733615845,39.996517365798,1125.1],[-120.91744914651,39.996553659439,1123.6],[-120.91751444153,39.996580984443,1121.2],[-120.91757864691,39.996609399095,1123.6],[-120.91766405851,39.996676705778,1121.0],[-120.91770957224,39.996721968055,1120.7],[-120.91775575653,39.996778210625,1122.7],[-120.91784519143,39.996922044083,1121.3],[-120.91793177649,39.99707124196,1122.1],[-120.91795046814,39.997135195881,1118.4],[-120.91796035878,39.997177524492,1120.9],[-120.91797863133,39.997198060155,1120.9],[-120.91799044982,39.997202586383,1120.9],[-120.91799438931,39.997181966901,1120.9],[-120.91799145564,39.997135866433,1118.4],[-120.91797896661,39.997077444568,1118.4],[-120.91795474291,39.996963450685,1114.6],[-120.91793236323,39.9968357943,1116.4],[-120.91792875901,39.996766895056,1114.7],[-120.91795465909,39.996525077149,1108.3],[-120.91794904321,39.996446287259,1107.3],[-120.91791258194,39.996212180704,1106.0],[-120.91787662357,39.996090140194,1104.6],[-120.91787855141,39.996048649773,1104.6],[-120.91788651422,39.996004644781,1102.9],[-120.91789774597,39.995950916782,1102.9],[-120.91791719198,39.995902301744,1101.3],[-120.91795046814,39.995873300359,1100.6],[-120.9179921262,39.995862990618,1100.6],[-120.91804577038,39.995862487704,1099.7],[-120.91809807345,39.995857039467,1099.7],[-120.9181405697,39.995832564309,1096.5],[-120.91818113811,39.995795181021,1096.5],[-120.9182083793,39.995757546276,1093.4],[-120.91822355054,39.995724856853,1093.4],[-120.91821935959,39.995701219887,1093.4],[-120.91820418835,39.995682612062,1093.4],[-120.91817719862,39.995664171875,1093.4],[-120.91814367101,39.995648162439,1089.2],[-120.91810570098,39.995637936518,1089.6],[-120.91806043871,39.995633577928,1089.6],[-120.91800847091,39.995638774708,1089.4],[-120.91796111315,39.995650844648,1089.4],[-120.91790663078,39.995668446645,1095.0],[-120.91784510761,39.995688395575,1094.8],[-120.91772088781,39.995754947886,1099.2],[-120.91765508987,39.995796019211,1098.9],[-120.91750094667,39.995875982568,1100.9],[-120.91741620563,39.995907163247,1100.2],[-120.91714823619,39.995957203209,1100.7],[-120.91696928255,39.995982851833,1097.2],[-120.91688244604,39.996009506285,1094.5],[-120.91673986986,39.996082596481,1097.0],[-120.91667650267,39.996118554845,1099.5],[-120.91661791317,39.99615794979,1096.0],[-120.91656376608,39.996202541515,1096.0],[-120.91651557013,39.996249312535,1095.6],[-120.91649344191,39.996336149052,1099.7],[-120.91645941138,39.996373699978,1099.7],[-120.91643895954,39.996420470998,1099.3],[-120.91641532257,39.996472438797,1099.3],[-120.91638137586,39.99652331695,1102.9],[-120.91618054546,39.996739989147,1100.7],[-120.91615355574,39.996769828722,1099.4],[-120.91613905504,39.996792962775,1099.4],[-120.91613184661,39.996810900047,1099.4],[-120.91612673365,39.996818359941,1099.4],[-120.91612581164,39.996806122363,1099.4],[-120.91612815857,39.9967855867,1099.4],[-120.91612664983,39.996781814843,1099.4],[-120.91612690128,39.996778294444,1099.4],[-120.91610418633,39.996789526194,1099.4],[-120.91608842835,39.99680721201,1099.4],[-120.91607049108,39.996830848977,1095.4],[-120.91600150801,39.996865969151,1098.4],[-120.91598591767,39.99686261639,1094.8],[-120.91598348692,39.99684442766,1094.8],[-120.91598281637,39.99682456255,1091.5],[-120.91597795486,39.996791956946,1091.5],[-120.9159746021,39.996741330251,1091.5],[-120.9159666393,39.996729763225,1091.5],[-120.91594819911,39.996624486521,1083.5],[-120.91594384052,39.996595317498,1083.5],[-120.91594149359,39.99657092616,1083.5],[-120.91594618745,39.996466655284,1080.1],[-120.91593964957,39.996419800445,1077.0],[-120.91592154466,39.996360372752,1077.0],[-120.91592816636,39.996307650581,1075.3],[-120.91593545862,39.996247049421,1075.1],[-120.91594099067,39.996129618958,1075.4],[-120.91595867649,39.996058121324,1075.7],[-120.91596772894,39.995984444395,1075.7],[-120.91596722603,39.995910851285,1076.2],[-120.91594669037,39.99585150741,1077.5],[-120.91593034565,39.995795600116,1079.1],[-120.91592389159,39.995738351718,1079.1],[-120.91592028737,39.995676577091,1079.1],[-120.91589673422,39.995638858527,1079.1],[-120.91588248499,39.995610779151,1078.3],[-120.91588508338,39.995586555451,1078.3],[-120.91592196375,39.995550597087,1078.3],[-120.91593855992,39.995513716713,1079.7],[-120.91594601981,39.995478847995,1079.7],[-120.91594702564,39.995448589325,1079.7],[-120.91595239006,39.995417995378,1084.2],[-120.91596638784,39.995387736708,1079.7],[-120.91606244445,39.995173914358,1082.8],[-120.91616520658,39.994988003746,1083.8],[-120.91619093902,39.994955230504,1088.7],[-120.9162291605,39.994921367615,1088.7],[-120.91627283022,39.994878284633,1085.2],[-120.91631029733,39.994833609089,1090.1],[-120.91634491459,39.994791867211,1086.5],[-120.91637265868,39.994748951867,1090.2],[-120.91639545746,39.994717100635,1090.2],[-120.91641649604,39.994681980461,1090.2],[-120.91643225402,39.994642334059,1089.1],[-120.91643887572,39.994593467563,1089.1],[-120.91644985601,39.994544265792,1091.3],[-120.91645396315,39.994507720694,1091.3],[-120.91645061038,39.99447084032,1092.9],[-120.91643963009,39.99443446286,1092.9],[-120.91643367894,39.994400180876,1093.6],[-120.91643384658,39.994364054874,1093.6],[-120.91643786989,39.994326001033,1093.6],[-120.91644356959,39.994286941364,1093.5],[-120.91644792818,39.994257604703,1093.5],[-120.9164493531,39.994238661602,1093.5],[-120.91644901782,39.99423195608,1093.5],[-120.91645153239,39.994232458994,1093.5],[-120.916448934,39.994234135374,1093.5],[-120.91646142304,39.994188537821,1092.7],[-120.91646603309,39.994030036032,1089.5],[-120.91639688239,39.993870863691,1090.7],[-120.91636938974,39.993816968054,1089.1],[-120.9163537994,39.993750331923,1088.1],[-120.91636176221,39.993686964735,1088.1],[-120.91636025347,39.993614545092,1088.7],[-120.91633209027,39.993482697755,1094.7],[-120.91631155461,39.993426706642,1094.7],[-120.9162934497,39.993377085775,1094.5],[-120.91627299786,39.99332210049,1094.5],[-120.91625045054,39.993281867355,1098.3],[-120.9162397217,39.99322520569,1098.3],[-120.91623553075,39.993162509054,1097.0],[-120.91622522101,39.993083802983,1095.4],[-120.91621357016,39.993002330884,1093.7],[-120.91619085521,39.992927229032,1091.6],[-120.91616034508,39.992869561538,1091.6],[-120.91610217467,39.992793956771,1092.3],[-120.91597560793,39.992690524086,1092.3],[-120.91591324657,39.992638891563,1092.2],[-120.91585884802,39.992582062259,1094.3],[-120.91580126435,39.992525400594,1091.8],[-120.91573697515,39.992473097518,1091.0],[-120.91566883028,39.992422387004,1092.6],[-120.91559523717,39.992372095585,1090.0],[-120.91537202708,39.992249216884,1091.3],[-120.91524411924,39.992170594633,1089.6],[-120.91517220251,39.992134887725,1090.5],[-120.91510757804,39.99211544171,1091.4],[-120.91495988891,39.992075879127,1089.0],[-120.91487456113,39.992042351514,1089.8],[-120.91480524279,39.992017289624,1087.2],[-120.91473072767,39.991992060095,1088.0],[-120.9144925978,39.991925423965,1085.3],[-120.91423259117,39.991890806705,1086.6],[-120.91404852457,39.991881502792,1087.1],[-120.91385699809,39.991836240515,1083.3],[-120.91367586516,39.991815704852,1083.7],[-120.91359305196,39.991821488366,1083.9],[-120.91352348216,39.991830289364,1084.1],[-120.91345047578,39.991830457002,1084.1],[-120.91336724348,39.99182802625,1084.2],[-120.9131924808,39.991834145039,1084.1],[-120.91310782358,39.991839341819,1088.2],[-120.91294806451,39.991872450337,1087.8],[-120.9128744714,39.991891644895,1087.6],[-120.91280163266,39.991911677644,1087.6],[-120.91268009506,39.991953670979,1091.3],[-120.91261890717,39.991974122822,1091.3],[-120.91254816391,39.991994909942,1091.1],[-120.91230886057,39.992006476969,1090.3],[-120.91209881008,39.992032963783,1093.2],[-120.91202379204,39.992037070915,1091.9],[-120.91192664579,39.992038914934,1090.4],[-120.91171726584,39.992038663477,1086.4],[-120.91166546568,39.992042602971,1085.0],[-120.911615761,39.992053499445,1085.0],[-120.91155893169,39.992059534416,1084.6],[-120.91150143184,39.992060791701,1084.6],[-120.91144594364,39.992060372606,1085.2],[-120.91139322147,39.992066826671,1086.6],[-120.91132197529,39.992070682347,1086.6],[-120.91112265363,39.992104545236,1089.9],[-120.91102785431,39.99211544171,1089.9],[-120.9108327236,39.992132456973,1096.0],[-120.91074865311,39.992127763107,1095.5],[-120.91068285517,39.99212147668,1095.5],[-120.91057690792,39.992119967937,1095.0],[-120.91049124487,39.992111753672,1087.6],[-120.91041396372,39.992123823613,1094.1],[-120.91034380719,39.992128098384,1093.7],[-120.91027088463,39.99212843366,1093.6],[-120.91019435786,39.992123488337,1093.8],[-120.91001649387,39.992092559114,1087.8],[-120.90993032791,39.992086188868,1088.2],[-120.90984986164,39.992074118927,1088.2],[-120.90976143256,39.992065317929,1088.5],[-120.90967157856,39.992060707882,1088.9],[-120.90959035791,39.99204964377,1089.2],[-120.90952640399,39.992033131421,1089.5],[-120.90946597047,39.9920158647,1083.5],[-120.90941064991,39.991999268532,1083.5],[-120.90935449116,39.991990216076,1083.9],[-120.9092907887,39.991993987933,1084.0],[-120.90922465548,39.992003459483,1084.0],[-120.90914980508,39.992020810023,1083.7],[-120.90908149257,39.992037573829,1089.4],[-120.90902022086,39.99206950888,1089.4],[-120.90897805989,39.992100102827,1089.0],[-120.90893707238,39.992120554671,1089.0],[-120.90889214538,39.992136899382,1094.4],[-120.9088437818,39.992147963494,1094.4],[-120.90870765969,39.992196243256,1091.6],[-120.90864269994,39.992219209671,1091.6],[-120.90854454786,39.99227209948,1093.7],[-120.90848386288,39.992297748104,1093.7],[-120.90844010934,39.992306381464,1091.2],[-120.90838772245,39.992312248796,1096.0],[-120.90834547766,39.992323899642,1093.1],[-120.9082928393,39.992346363142,1093.1],[-120.9082778357,39.99236128293,1093.1],[-120.9082236886,39.992399001494,1089.7],[-120.90819921345,39.992418196052,1093.8],[-120.90816216543,39.992449963465,1090.1],[-120.90810952708,39.992465637624,1090.1],[-120.90806082822,39.992454322055,1087.1],[-120.90802595951,39.99242708087,1087.1],[-120.90798907913,39.992372766137,1084.2],[-120.90794700198,39.992336556315,1084.0],[-120.90790551156,39.992309818044,1081.9],[-120.90785781853,39.992295233533,1082.9],[-120.90781825595,39.992281068116,1082.9],[-120.90777659789,39.992268579081,1084.7],[-120.90773561038,39.992255922407,1084.7],[-120.90768808499,39.99223488383,1087.0],[-120.90764751658,39.992220383137,1087.0],[-120.90760686435,39.992207391188,1087.0],[-120.90755816549,39.99220630154,1089.0],[-120.90749974363,39.992217365652,1090.7],[-120.90744425543,39.992216443643,1090.7],[-120.90739513747,39.992206636816,1092.5],[-120.90735725127,39.992184843868,1088.7],[-120.90731617995,39.992184089497,1090.3],[-120.9072662238,39.992189286277,1090.3],[-120.9072160162,39.992188783363,1091.8],[-120.90714368038,39.992164643481,1093.3],[-120.90708886273,39.992147125304,1093.3],[-120.90703572147,39.992132289335,1095.0],[-120.90698953718,39.992109909654,1095.0],[-120.90693228878,39.992091134191,1096.9],[-120.90686959215,39.992073699832,1092.0],[-120.90681469068,39.992065317929,1093.8],[-120.90675392188,39.992082919925,1095.8],[-120.90669969097,39.992082333192,1095.8],[-120.90664948337,39.99207646586,1098.0],[-120.90659868903,39.992074202746,1098.0],[-120.906550074,39.992070514709,1100.4],[-120.90649441816,39.992052325979,1100.4],[-120.90645653196,39.992052577436,1103.0],[-120.90643021278,39.992054253817,1103.0],[-120.9064091742,39.992059702054,1103.0],[-120.90639249422,39.992058193311,1105.6],[-120.90637329966,39.992058612406,1105.6],[-120.90635226108,39.992059282959,1105.6],[-120.90633809566,39.992053667083,1105.6],[-120.90633214451,39.992054169998,1105.6],[-120.90632929467,39.992050817236,1105.6],[-120.90632703155,39.992052828893,1105.6],[-120.90633046813,39.99204704538,1105.6],[-120.90630657971,39.99202625826,1105.6],[-120.90627682395,39.992008740082,1108.1],[-120.90624287724,39.991989461705,1101.6],[-120.90620071627,39.991973116994,1104.1],[-120.90614832938,39.991954090074,1104.1],[-120.90609124862,39.991926010698,1106.7],[-120.90595537797,39.991834228858,1101.9],[-120.90588220395,39.991783518344,1097.4],[-120.90582093224,39.991759127006,1099.4],[-120.90566888452,39.991734987125,1101.6],[-120.90560476296,39.991707243025,1097.4],[-120.90552664362,39.991673883051,1099.0],[-120.90543226339,39.991638008505,1100.1],[-120.90534266084,39.991615712643,1094.9],[-120.90525356121,39.991588722914,1095.0],[-120.90510888956,39.991603475064,1094.4],[-120.9050592687,39.991627614945,1093.2],[-120.90502347797,39.991656448692,1099.6],[-120.90499908663,39.991684947163,1099.6],[-120.90498106554,39.991705650464,1098.3],[-120.90496103279,39.991711769253,1098.3],[-120.90493387543,39.991710595787,1098.3],[-120.90491082519,39.991712775081,1098.3],[-120.90488727205,39.991709841415,1096.0],[-120.9048672393,39.991691904142,1096.0],[-120.90480973944,39.991642283276,1096.0],[-120.90478727594,39.991614958271,1086.8],[-120.90474310331,39.991583107039,1086.8],[-120.90472038835,39.991565169767,1086.8],[-120.90470144525,39.99153281562,1081.7],[-120.90469842777,39.991485793144,1081.7],[-120.90469448827,39.991428628564,1077.0],[-120.90467738919,39.991374313831,1077.0],[-120.90464084409,39.991289153695,1077.1],[-120.90462584049,39.991231150925,1078.8],[-120.9045937378,39.991098465398,1085.2],[-120.90455534868,39.990968378261,1084.0],[-120.90452140197,39.990915404633,1084.0],[-120.90447102673,39.990877853706,1085.0],[-120.90441210195,39.990844829008,1087.6],[-120.90435158461,39.99081348069,1087.6],[-120.90433624573,39.990780707449,1086.7],[-120.90435602702,39.990747766569,1084.2],[-120.90437689796,39.990697894245,1081.1],[-120.90439433232,39.99066721648,1081.1],[-120.90440229513,39.990622624755,1081.1],[-120.90439139865,39.990575099364,1080.5],[-120.90438871644,39.990546097979,1080.5],[-120.90440539643,39.990510810167,1081.1],[-120.90440598316,39.990463117138,1081.1],[-120.90439944528,39.990405868739,1082.4],[-120.90436373837,39.990303777158,1083.7],[-120.90436994098,39.990267483518,1083.7],[-120.90436960571,39.990231608972,1084.8],[-120.90436792932,39.990200679749,1084.8],[-120.90437195264,39.990172851831,1084.8],[-120.90437446721,39.990143682808,1084.0],[-120.90438100509,39.99005089514,1082.6],[-120.90437513776,39.989997083321,1082.6],[-120.90435368009,39.989942098036,1080.4],[-120.90426583774,39.989851154387,1081.0],[-120.90422283858,39.989818045869,1083.4],[-120.90420984663,39.989776974544,1082.1],[-120.90422317386,39.989741770551,1082.1],[-120.90425561182,39.989702375606,1079.3],[-120.90428612195,39.989668009803,1079.1],[-120.90429299511,39.989638170227,1079.1],[-120.90428620577,39.989607073367,1079.1],[-120.90428528376,39.989556279033,1080.5],[-120.9042867925,39.989492408931,1082.8],[-120.90430464596,39.989420911297,1082.8],[-120.90433884412,39.989350503311,1085.1],[-120.90436491184,39.989284873009,1084.0],[-120.90438486077,39.989227205515,1084.0],[-120.90440489352,39.989159731194,1085.3],[-120.90440866537,39.989109691232,1085.6],[-120.90441838838,39.989046910778,1085.6],[-120.90439525433,39.98883375898,1082.8],[-120.90434907004,39.988737031817,1081.5],[-120.90432635508,39.988667713478,1083.2],[-120.90430540033,39.988592695445,1083.2],[-120.90430213138,39.988510217518,1082.5],[-120.90430271812,39.988449197263,1081.5],[-120.90429048054,39.988411227241,1081.5],[-120.90425611474,39.988376023248,1079.9],[-120.9042590484,39.988336293027,1079.9],[-120.90423809364,39.988293880597,1081.3],[-120.90419953689,39.988268818706,1081.3],[-120.90415787883,39.988253563643,1081.3],[-120.90417103842,39.988224813715,1080.8],[-120.90419660322,39.988195141777,1080.8],[-120.90421713889,39.988173935562,1080.8],[-120.9042242635,39.988168319687,1080.8],[-120.90423926711,39.988146862015,1077.7],[-120.90428042226,39.98808760196,1077.7],[-120.90430020355,39.988042004406,1078.2],[-120.90431855991,39.987942846492,1078.3],[-120.90431311168,39.987879898399,1078.3],[-120.90428905562,39.987816363573,1078.0],[-120.90425309725,39.987763557583,1078.0],[-120.90421169065,39.987720139325,1078.5],[-120.90416969731,39.987669177353,1078.5],[-120.9041225072,39.987604720518,1078.0],[-120.90408219025,39.987539257854,1075.8],[-120.90405184776,39.98746692203,1073.3],[-120.90404011309,39.987386288121,1074.4],[-120.90404623188,39.987328117713,1071.9],[-120.90406148694,39.987284950912,1072.9],[-120.90410415083,39.987230719998,1072.9],[-120.90414932929,39.987184200436,1073.7],[-120.90418796986,39.987135836855,1073.7],[-120.90421864763,39.987084791064,1075.8],[-120.90428821743,39.986911620945,1076.6],[-120.9042960126,39.986859653145,1076.6],[-120.90432082303,39.986791592091,1074.7],[-120.90433574282,39.986729482189,1074.7],[-120.90435200371,39.986690087244,1074.8],[-120.90437052771,39.986634934321,1073.8],[-120.90440045111,39.986561257392,1073.8],[-120.90439106338,39.986492777243,1073.0],[-120.9044202324,39.986359924078,1071.0],[-120.90443238616,39.986280463636,1071.9],[-120.9044602979,39.986200165004,1073.4],[-120.9045122657,39.98613897711,1073.0],[-120.90462902561,39.986034957692,1072.0],[-120.90468434617,39.985966729,1070.2],[-120.9046976734,39.985846197233,1070.5],[-120.90465945192,39.985762881115,1072.1],[-120.90460530482,39.985627094284,1071.3],[-120.90457102284,39.985569342971,1071.7],[-120.90445317328,39.98548627831,1071.7],[-120.90438812971,39.985449481755,1072.8],[-120.90432987548,39.985401034355,1071.6],[-120.90428696014,39.985340936109,1071.4],[-120.90423859656,39.985266253352,1071.4],[-120.90418646112,39.98520581983,1071.3],[-120.90412703343,39.985153516755,1071.3],[-120.90401798487,39.985039522871,1071.4],[-120.9039097745,39.984938101843,1071.1],[-120.90383743867,39.984905244783,1072.2],[-120.90375646949,39.984874399379,1072.2],[-120.9036759194,39.98484833166,1071.2],[-120.90359352529,39.984836680815,1072.0],[-120.90351431631,39.984820000827,1072.9],[-120.90343871154,39.984805583954,1073.7],[-120.90335858054,39.984791669995,1074.3],[-120.90326730162,39.984775492921,1074.5],[-120.90316420421,39.984763674438,1071.5],[-120.9030597657,39.98475395143,1071.3],[-120.90295750648,39.98474012129,1071.1],[-120.902865557,39.984709359705,1070.7],[-120.9027911257,39.984671222046,1068.3],[-120.90273454785,39.984630318359,1068.3],[-120.90269221924,39.984597209841,1068.3],[-120.90267092921,39.98457047157,1066.4],[-120.9026647266,39.984543565661,1066.4],[-120.90266330168,39.984522610903,1066.4],[-120.90266011655,39.984503751621,1066.4],[-120.90265751816,39.98449863866,1066.4],[-120.90265098028,39.984511379153,1066.4],[-120.90264201164,39.984517497942,1066.4],[-120.90263765305,39.984515234828,1066.4],[-120.90262918733,39.984503332525,1066.4],[-120.90259892866,39.984485227615,1065.5],[-120.90259180404,39.98447868973,1065.5],[-120.90258786455,39.984476175159,1065.5],[-120.90262927115,39.984477683902,1064.9],[-120.90265081264,39.984486736357,1064.9],[-120.90266313404,39.984483802691,1064.9],[-120.90266925283,39.984483802691,1064.9],[-120.90268375352,39.984475001693,1064.9],[-120.90267017484,39.984481455758,1064.9],[-120.90265626088,39.984483299777,1064.9],[-120.90262709185,39.984484473243,1064.9],[-120.90261795558,39.984482629225,1065.5],[-120.90261150151,39.984480114654,1065.5],[-120.90260471217,39.98447868973,1065.5],[-120.90260077268,39.984477767721,1065.5],[-120.90259708464,39.984479025006,1065.5],[-120.90258618817,39.984480030835,1065.5],[-120.90257881209,39.984482042491,1065.5],[-120.90257462114,39.984476510435,1065.5],[-120.90254754759,39.984459578991,1065.5],[-120.90254662558,39.984458405524,1065.5],[-120.90254168026,39.984454633668,1065.5],[-120.90252785012,39.98444667086,1065.5],[-120.90249851346,39.984432756901,1065.9],[-120.90249390341,39.984431583434,1065.9],[-120.90247428976,39.98441465199,1065.9],[-120.90247001499,39.984382800758,1064.3],[-120.90247135609,39.984372574836,1064.3],[-120.9024757985,39.984358241782,1064.3],[-120.90250119567,39.984323540702,1064.3],[-120.90251318179,39.984310548753,1064.3],[-120.90253237635,39.984293365851,1062.8],[-120.90255978517,39.984264113009,1062.8],[-120.90258283541,39.984223544598,1062.8],[-120.90261879377,39.98409521766,1063.7],[-120.90264067054,39.984050290659,1063.7],[-120.90266154148,39.984005028382,1067.8],[-120.90269121341,39.983965214342,1067.8],[-120.90271091089,39.983935458586,1067.0],[-120.90273161419,39.983910983428,1071.7],[-120.9027545806,39.983893046156,1071.7],[-120.9027977474,39.983875276521,1071.7],[-120.90285549872,39.983858512715,1071.5],[-120.90291526169,39.983848789707,1070.8],[-120.9029593505,39.983836719766,1070.8],[-120.90299748816,39.983820291236,1074.5],[-120.90302757919,39.983806712553,1074.5],[-120.90305699967,39.983796067536,1074.5],[-120.90309740044,39.983785254881,1071.9],[-120.90315112844,39.983763210475,1071.9],[-120.90321248397,39.983749045059,1067.1],[-120.90327090584,39.983740495518,1062.7],[-120.90331667103,39.983719792217,1065.4],[-120.90335380286,39.983694143593,1061.5],[-120.90338045731,39.983666231856,1061.5],[-120.90340845287,39.983633290976,1063.5],[-120.90344214812,39.983598086983,1063.5],[-120.90347517282,39.983549974859,1061.7],[-120.90349956416,39.983520135283,1061.7],[-120.90352278203,39.983488619328,1061.7],[-120.90354474261,39.98345467262,1064.1],[-120.90356829576,39.98341829516,1060.8],[-120.90359201655,39.983382420614,1060.8],[-120.90361858718,39.983343025669,1062.5],[-120.90364448726,39.983311258256,1060.1],[-120.90366770513,39.983282089233,1062.2],[-120.90368505567,39.983255015686,1062.2],[-120.90370601043,39.983225176111,1062.2],[-120.90372763574,39.983191397041,1065.9],[-120.90374800377,39.983157282695,1061.9],[-120.90376870707,39.983127526939,1061.9],[-120.90379158966,39.98309969902,1061.9],[-120.90381631628,39.983074050397,1065.7],[-120.90383643284,39.983047060668,1065.7],[-120.90385814197,39.983019819483,1062.0],[-120.90387758799,39.982992243022,1065.9],[-120.90389963239,39.982964079827,1065.9],[-120.9039287176,39.982932228595,1065.9],[-120.90396048501,39.982898281887,1066.5],[-120.90399309061,39.982867185026,1066.5],[-120.90402586386,39.982833322138,1066.5],[-120.90405620635,39.982801554725,1069.2],[-120.90408956632,39.982773559168,1069.2],[-120.9041220881,39.98274916783,1069.2],[-120.90414823964,39.982723435387,1073.8],[-120.90416684747,39.982697283849,1073.8],[-120.90419677086,39.982669623569,1073.8],[-120.90422669426,39.982644058764,1076.4],[-120.90425670147,39.982616566122,1076.4],[-120.90428302065,39.982590163127,1076.4],[-120.90430070646,39.982565520331,1076.4],[-120.90430950746,39.982541631907,1078.5],[-120.90430665761,39.982519587502,1078.5],[-120.90429819189,39.982496788725,1077.7],[-120.90428084135,39.982479605824,1077.7],[-120.90425980277,39.982468960807,1077.7],[-120.90422770008,39.982462339103,1077.7],[-120.90419526212,39.98245135881,1076.4],[-120.90416148305,39.982450688258,1076.4],[-120.90412309393,39.982455130666,1076.4],[-120.90408327989,39.982459656894,1076.5],[-120.90403759852,39.982465272769,1079.4],[-120.90399091132,39.982476085424,1080.6],[-120.90394916944,39.982484132051,1080.6],[-120.90390969068,39.98249117285,1081.4],[-120.90386459604,39.982498632744,1081.4],[-120.90381841175,39.982505841181,1082.5],[-120.90377516113,39.982513217255,1082.5],[-120.90372998267,39.982515983284,1083.9],[-120.90368036181,39.982515228912,1083.9],[-120.90362822637,39.982511205599,1085.1],[-120.90359025635,39.982496118173,1085.1],[-120.90356703848,39.982462674379,1086.0],[-120.90356192552,39.982426464558,1082.5],[-120.90357894078,39.982390506193,1080.5],[-120.90360987,39.982355553657,1077.8],[-120.90364750475,39.982323367149,1077.8],[-120.90367583558,39.982292857021,1074.1],[-120.90369511396,39.982259077951,1074.5],[-120.90371757746,39.982220353559,1074.5],[-120.90373895131,39.982176683843,1074.5],[-120.9037644323,39.982150783762,1074.8],[-120.90378019027,39.982119603083,1074.8],[-120.90380080976,39.982090182602,1074.8],[-120.90382067487,39.982056822628,1078.3],[-120.90384347364,39.982020361349,1078.3],[-120.90387138538,39.981984570622,1078.5],[-120.90389334597,39.98194928281,1078.5],[-120.90390985832,39.981920951977,1078.5],[-120.90392645448,39.981895806268,1081.3],[-120.90394363739,39.981869403273,1077.9],[-120.903959563,39.981831768528,1077.9],[-120.90397305787,39.981795307249,1080.4],[-120.90398806147,39.981763120741,1080.4],[-120.90400683694,39.981731688604,1080.4],[-120.90401169844,39.981703944504,1083.3],[-120.90401655994,39.981674691662,1083.3],[-120.90402527712,39.98164200224,1079.2],[-120.90403977782,39.981610067189,1081.8],[-120.90405276977,39.981577377766,1081.8],[-120.90407288633,39.981545358896,1081.8],[-120.90409233235,39.981514513493,1084.5],[-120.90411110781,39.98148702085,1084.5],[-120.9041291289,39.981457684189,1079.8],[-120.90415435843,39.981415774673,1082.1],[-120.9041502513,39.981390209869,1082.1],[-120.90413952246,39.981358610094,1082.1],[-120.9041449707,39.981331620365,1083.3],[-120.90414958075,39.981304965913,1083.3],[-120.90414756909,39.981274455786,1083.3],[-120.90414689854,39.981247549877,1084.4],[-120.90414606035,39.981221146882,1084.4],[-120.90414212085,39.981197677553,1084.4],[-120.90413323604,39.981171358377,1084.5],[-120.90412166901,39.981141937897,1084.5],[-120.90411043726,39.981115115806,1084.5],[-120.90409870259,39.98109315522,1083.8],[-120.90409132652,39.981069350615,1089.9],[-120.90408001095,39.981047390029,1089.9],[-120.90406777337,39.981025764719,1089.9],[-120.90405603871,39.981004223228,1089.9],[-120.9040441364,39.980978826061,1089.2],[-120.90403072536,39.980958709493,1089.2],[-120.90401949361,39.980940436944,1089.2],[-120.9040049091,39.980925852433,1089.2],[-120.90399644338,39.980903891847,1089.2],[-120.90398940258,39.980874639004,1093.3],[-120.90397934429,39.980851337314,1093.3],[-120.90397263877,39.980825185776,1093.3],[-120.90395981446,39.980797274038,1091.1],[-120.90394699015,39.980775397271,1091.1],[-120.90393986553,39.980753604323,1091.1],[-120.90392938815,39.980736002326,1091.1],[-120.90391790494,39.980725441128,1091.1],[-120.90391304344,39.980721753091,1091.1],[-120.90391731821,39.980707839131,1088.7],[-120.90391321108,39.980692751706,1088.7],[-120.90388664044,39.980655787513,1094.1],[-120.90380282141,39.980603484437,1096.6],[-120.90377775952,39.980589486659,1096.6],[-120.90371917002,39.980560149997,1096.6],[-120.90365286916,39.980532908812,1100.4],[-120.90361498296,39.980520922691,1101.7],[-120.90349176899,39.980458980426,1104.8],[-120.90339168906,39.98038941063,1105.5],[-120.90336495079,39.980365773663,1105.5],[-120.90333796106,39.980335179716,1106.0],[-120.9033125639,39.980300394818,1106.0],[-120.90329085477,39.980267789215,1106.0],[-120.90326487087,39.980223029852,1106.1],[-120.90322966687,39.980182880536,1106.1],[-120.90320636518,39.980153460056,1106.1],[-120.90317158028,39.980122530833,1106.1],[-120.90314459056,39.980109203607,1106.1],[-120.90311709791,39.980099983513,1106.1],[-120.90308373794,39.980093780905,1108.7],[-120.90303529054,39.980083052069,1108.7],[-120.90300637297,39.980077855289,1108.7],[-120.90296538547,39.980067713186,1111.2],[-120.90292020701,39.980052877218,1111.2],[-120.90287829749,39.980041645467,1110.6],[-120.90284435079,39.980036951602,1110.6],[-120.90280973352,39.980031754822,1110.6],[-120.90277385898,39.980022031814,1113.0],[-120.90272708796,39.980007028207,1113.0],[-120.9026876092,39.979991689324,1115.4],[-120.902650645,39.979977859184,1115.4],[-120.90261594392,39.979964867234,1117.7],[-120.9025713522,39.979953048751,1117.7],[-120.90254109353,39.979945756495,1114.2],[-120.90250714682,39.97993058525,1116.5],[-120.90247076936,39.979909714311,1116.5],[-120.90243506245,39.979890938848,1118.7],[-120.90239549987,39.97988129966,1118.7],[-120.90235442854,39.979881802574,1118.7],[-120.90231930837,39.97987953946,1120.8],[-120.90228125453,39.97987610288,1120.8],[-120.90222786181,39.979846263304,1119.5],[-120.90218754485,39.979826314375,1119.5],[-120.9021370858,39.979816675186,1121.7],[-120.90208930895,39.979809131473,1121.7],[-120.90204840526,39.979790188372,1123.8],[-120.90200440027,39.97977568768,1123.8],[-120.90196550824,39.979752637446,1122.4],[-120.90193122625,39.979733442888,1122.4],[-120.90190742165,39.979716259986,1122.4],[-120.9018860478,39.979691952467,1122.4],[-120.90186056681,39.979669572785,1122.1],[-120.90182913467,39.979637218639,1122.1],[-120.90180424042,39.97959815897,1122.1],[-120.90178705752,39.979558261111,1120.5],[-120.90176694095,39.979522135109,1124.2],[-120.90175101534,39.979483997449,1122.9],[-120.90173475444,39.979450302199,1122.9],[-120.90171690099,39.979425827041,1122.9],[-120.90170525014,39.979402776808,1122.9],[-120.90169158764,39.979376206174,1125.2],[-120.90167926624,39.979347037151,1125.2],[-120.90166199952,39.979315437376,1125.2],[-120.90163442306,39.979288112372,1124.0],[-120.90160206892,39.979274785146,1124.0],[-120.90155823156,39.979277383536,1126.4],[-120.90152143501,39.979282831773,1126.4],[-120.90148128569,39.979292470962,1128.1],[-120.90143719688,39.979303283617,1131.0],[-120.90140257962,39.979319963604,1132.9],[-120.90136704035,39.979342930019,1132.9],[-120.90133300982,39.979357011616,1132.9],[-120.90129990131,39.97936790809,1133.9],[-120.901269475,39.97938525863,1133.9],[-120.90124022216,39.979399591684,1137.0],[-120.90121566318,39.979416104034,1137.0],[-120.90118649416,39.979426162317,1137.7],[-120.90115883388,39.979435550049,1137.7],[-120.90112480335,39.97944669798,1137.7],[-120.90109119192,39.979455918074,1138.0],[-120.90105523355,39.979465641081,1138.0],[-120.9010201972,39.979470586404,1137.8],[-120.90098616667,39.979482823983,1137.8],[-120.90094861574,39.979498498142,1142.8],[-120.90091919526,39.979512160644,1142.7],[-120.90086907148,39.979534372687,1142.7],[-120.90082934126,39.979556081817,1141.8],[-120.9007916227,39.979573432356,1141.8],[-120.9007550776,39.979584580287,1145.3],[-120.90072792023,39.979595895857,1145.3],[-120.90069514699,39.979621293023,1145.3],[-120.9006445203,39.97964928858,1143.0],[-120.90060646646,39.979674685746,1147.9],[-120.90055877343,39.979706453159,1145.8],[-120.90051870793,39.979736208916,1145.8],[-120.90049733408,39.979756828398,1145.8],[-120.90047772042,39.979782979935,1148.0],[-120.9004560113,39.979810891673,1148.0],[-120.90042692609,39.979842407629,1148.0],[-120.90038619004,39.979884568602,1150.3],[-120.90035802685,39.979913821444,1150.3],[-120.90032843873,39.979938045144,1150.3],[-120.90029189363,39.979966627434,1153.3],[-120.9002600424,39.979993114248,1153.3],[-120.90021226555,39.980028234422,1149.5],[-120.90016826056,39.980047931895,1155.8],[-120.90011478402,39.980066455901,1155.8],[-120.90007622726,39.980070060119,1151.9],[-120.900014285,39.98007860966,1147.7],[-120.89993951842,39.980068719015,1147.7],[-120.89989827946,39.98001893051,1139.4],[-120.89984589256,39.979959586635,1139.4],[-120.89979107492,39.979916000739,1132.3],[-120.89975084178,39.979885071516,1132.3],[-120.89971345849,39.979853220284,1132.0],[-120.89969526976,39.979821033776,1129.1],[-120.89967909269,39.979755654931,1129.1],[-120.89964313433,39.979709805921,1129.8],[-120.89959376492,39.979665633291,1129.8],[-120.89956543408,39.979617521167,1128.4],[-120.89955378324,39.979576449841,1132.7],[-120.89954992756,39.979523308575,1131.3],[-120.89954330586,39.979469832033,1131.3],[-120.89952972718,39.979419540614,1129.7],[-120.89951019734,39.97937142849,1128.2],[-120.89948915876,39.979326501489,1128.2],[-120.89946602471,39.979286687449,1128.2],[-120.89944565669,39.979260871187,1129.9],[-120.8994153142,39.979227259755,1129.9],[-120.89937466197,39.979196665809,1129.9],[-120.89932361618,39.979168418795,1129.8],[-120.89921037666,39.979130532593,1132.0],[-120.8991523739,39.979121144861,1133.9],[-120.89909018017,39.979125000536,1133.9],[-120.89902739972,39.979128772393,1135.4],[-120.89896998368,39.979128269479,1137.0],[-120.8988511283,39.979108572006,1138.6],[-120.89872171171,39.979105303064,1140.0],[-120.89858341031,39.979113936424,1142.1],[-120.89846044779,39.979083091021,1136.4],[-120.8983918,39.979064483196,1137.3],[-120.89832382277,39.979053921998,1138.2],[-120.89825894684,39.979054760188,1138.2],[-120.89820488356,39.979035900906,1139.3],[-120.89813522995,39.979028189555,1140.6],[-120.89806649834,39.979027938098,1140.6],[-120.89792073704,39.979041097686,1144.0],[-120.89781378396,39.979049647227,1145.3],[-120.89774312451,39.979081330821,1146.2],[-120.89769576676,39.979114942253,1150.6],[-120.89765603654,39.979139165953,1150.6],[-120.89759979397,39.979157354683,1149.8],[-120.89754262939,39.97916020453,1149.8],[-120.89749124832,39.979159450158,1148.0],[-120.89745076373,39.97914721258,1148.0],[-120.89741748758,39.979120977223,1145.5],[-120.89739133604,39.979092478752,1139.0],[-120.89737239294,39.979057107121,1139.0],[-120.89735864662,39.979021986946,1133.0],[-120.89733886532,39.97899223119,1133.0],[-120.89731262997,39.978965828195,1132.5],[-120.89727415703,39.978917967528,1129.1],[-120.89726837352,39.978909417987,1129.1],[-120.89726275764,39.978908412158,1129.1],[-120.89725278318,39.978903466836,1129.1],[-120.89723400772,39.97889441438,1131.2],[-120.89721506462,39.978875136003,1131.2],[-120.89717340656,39.978831633925,1126.8],[-120.89708321728,39.978744545951,1128.0],[-120.8970674593,39.97872216627,1133.7],[-120.89705245569,39.978708168492,1133.7],[-120.89703879319,39.978704396635,1133.7],[-120.89702554978,39.978688973933,1133.7],[-120.89698766358,39.978670366108,1133.7],[-120.8969635237,39.978642202914,1135.7],[-120.89691893198,39.978599706665,1135.7],[-120.89690686204,39.978600880131,1135.7],[-120.89685590006,39.978612782434,1139.1],[-120.89676830918,39.978655613959,1140.6],[-120.89673486538,39.978680927306,1145.0],[-120.89669806883,39.978701462969,1145.0],[-120.89665599167,39.978730296716,1145.9],[-120.89661156759,39.978760639206,1149.5],[-120.8965103142,39.978810762987,1149.1],[-120.89645465836,39.978833980858,1148.3],[-120.89640059508,39.978851415217,1151.4],[-120.89628534392,39.978894665837,1149.5],[-120.89619238861,39.978951746598,1152.4],[-120.89611100033,39.979011341929,1149.5],[-120.89607411996,39.979043779895,1154.8],[-120.89597353712,39.979116367176,1151.6],[-120.89591922238,39.979135477915,1152.9],[-120.89584437199,39.979168083519,1152.9],[-120.89579299092,39.979194151238,1149.7],[-120.89576139115,39.979206807911,1149.7],[-120.8957536798,39.979210831225,1149.7],[-120.89572979137,39.979227008298,1151.7],[-120.89564924128,39.97928484343,1149.9],[-120.89561604895,39.979311581701,1149.9],[-120.89547213167,39.979420797899,1159.9],[-120.8952361811,39.979536971077,1154.0],[-120.8952031564,39.979543341324,1154.0],[-120.89516988024,39.979547616094,1148.6],[-120.89514221996,39.979549041018,1148.6],[-120.89510693215,39.979559434578,1148.6],[-120.89505052194,39.979601847008,1146.1],[-120.8949622605,39.979674853384,1141.6],[-120.8947702311,39.979706620798,1139.7],[-120.8946486935,39.979731934145,1136.2],[-120.89450628497,39.97978867963,1135.8],[-120.89445934631,39.979806616902,1135.8],[-120.89442028664,39.979822291061,1133.9],[-120.89440737851,39.979835115373,1133.9],[-120.89440226555,39.979844167829,1133.9],[-120.89439815842,39.979844670743,1133.9],[-120.8943976555,39.97985011898,1133.9],[-120.89439740404,39.979849951342,1133.9],[-120.89437460527,39.979855986312,1138.0],[-120.89435071684,39.979877527803,1138.0],[-120.89433982037,39.979908289388,1136.1],[-120.89433319867,39.979967549443,1141.6],[-120.89432967827,39.979981966317,1141.6],[-120.89431509376,39.97999898158,1141.6],[-120.89430185035,39.98001281172,1141.6],[-120.89428307489,39.980027982965,1141.6],[-120.8942663949,39.980040891096,1141.6],[-120.89425072074,39.980056313798,1146.0],[-120.89423228055,39.980072239414,1146.0],[-120.89420596138,39.980091433972,1146.0],[-120.894177882,39.980129236355,1151.0],[-120.89412608184,39.980179527774,1149.4],[-120.89409280568,39.980206433684,1149.4],[-120.89403798804,39.980243733153,1151.7],[-120.89399381541,39.98025605455,1151.7],[-120.89396799915,39.980268543586,1149.6],[-120.89394142851,39.980278769508,1149.6],[-120.89391293004,39.980295533314,1149.6],[-120.89387780987,39.980314308777,1151.1],[-120.89383673854,39.980309447274,1151.1],[-120.89379851706,39.980234261602,1144.9],[-120.89377027005,39.980181958526,1139.8],[-120.89375518262,39.980125632137,1139.8],[-120.89378418401,39.980086740106,1135.1],[-120.89380388148,39.980051200837,1135.1],[-120.89380513877,39.9800215289,1133.7],[-120.89380463585,39.979993281886,1133.7],[-120.89379818179,39.979951204732,1133.7],[-120.89379055426,39.979897141457,1133.9],[-120.89378979988,39.979850789532,1133.9],[-120.89379700832,39.97982589528,1137.6],[-120.89381033555,39.979806616902,1137.6],[-120.89382550679,39.97976789251,1135.0],[-120.89383740909,39.979738723487,1139.8],[-120.89385844767,39.979724893346,1139.8],[-120.89387244545,39.979728497565,1139.8],[-120.89386205189,39.97972455807,1139.8],[-120.89385677129,39.979702848941,1139.8],[-120.8938524127,39.97968734242,1139.8],[-120.89385953732,39.979672087356,1139.8],[-120.89386716485,39.979657419026,1144.9],[-120.89387496002,39.979639062658,1144.9],[-120.89387906715,39.979618694633,1144.9],[-120.8938814979,39.979606037959,1144.9],[-120.89388091117,39.979589609429,1144.9],[-120.89389549568,39.979572091252,1144.9],[-120.89390899055,39.979553818703,1149.5],[-120.89391686954,39.979536384344,1146.9],[-120.89393120259,39.979516267776,1146.9],[-120.89394084178,39.979500928894,1146.9],[-120.89394737966,39.979490535334,1146.9],[-120.8939598687,39.979474944994,1150.6],[-120.89397495613,39.979456840083,1150.6],[-120.89398954064,39.979436555877,1150.6],[-120.89400814846,39.979420211166,1147.8],[-120.89403086342,39.979405459017,1147.8],[-120.89403237216,39.979389114305,1151.5],[-120.89403455146,39.979379391298,1151.5],[-120.89404184371,39.979360364377,1151.5],[-120.89405491948,39.979335302487,1151.5],[-120.8940726053,39.979307390749,1155.5],[-120.89408014901,39.979286016896,1155.5],[-120.8940915484,39.97926321812,1155.5],[-120.89409523644,39.97923723422,1155.5],[-120.89409582317,39.979213681072,1160.0],[-120.89408844709,39.979197587818,1160.0],[-120.89409381151,39.979177638888,1160.0],[-120.89410160668,39.979152912274,1157.7],[-120.8940964099,39.97911946848,1163.5],[-120.8941038698,39.979095412418,1161.6],[-120.89411258698,39.979100022465,1161.6],[-120.8941228129,39.979115361348,1161.6],[-120.89413102716,39.979132544249,1157.7],[-120.89414762333,39.979145536199,1157.7],[-120.89414577931,39.979149559513,1157.7],[-120.89412205853,39.979173783213,1157.7],[-120.89411845431,39.97917663306,1157.7],[-120.89410806075,39.979182165116,1157.7],[-120.89409649372,39.979184260592,1157.7],[-120.89408115484,39.979191049933,1160.0],[-120.8940669056,39.979199850932,1160.0],[-120.89405466802,39.97920521535,1160.0],[-120.89404938743,39.979206724092,1160.0],[-120.89403572492,39.979215525091,1155.5],[-120.89400689118,39.97923379764,1155.5],[-120.89397026226,39.979236563668,1157.8],[-120.89392634109,39.9792441912,1157.8],[-120.89389448985,39.979256177321,1159.9],[-120.89385140687,39.979292806238,1159.9],[-120.89380471967,39.979309737682,1159.4],[-120.89377865195,39.97929699719,1162.3],[-120.89375434443,39.979272857308,1162.3],[-120.89372928254,39.979243604466,1162.3],[-120.89372592978,39.979219799861,1162.3],[-120.89374043047,39.979199264199,1162.3],[-120.89375325479,39.979183757678,1165.5],[-120.89376767166,39.979164646938,1165.5],[-120.89378166944,39.979147631675,1165.5],[-120.89378711767,39.979128437117,1165.5],[-120.8937955834,39.979112762958,1168.8],[-120.89378644712,39.979097340256,1168.8],[-120.89376406744,39.979082169011,1168.8],[-120.89374328032,39.979070769623,1168.8],[-120.89372735471,39.979061214253,1168.8],[-120.89371360838,39.979044282809,1170.7],[-120.8937141113,39.979038750753,1174.3],[-120.8937136922,39.979027016088,1174.3],[-120.89372266084,39.979008156806,1172.2],[-120.89373825118,39.978979071602,1172.2],[-120.89376272634,39.978945627809,1176.0],[-120.89379047044,39.978914866224,1176.0],[-120.89381092228,39.978900365531,1176.0],[-120.89382374659,39.978886032477,1173.5],[-120.89383120649,39.978870023042,1173.5],[-120.89383749291,39.978849990293,1173.5],[-120.89383849874,39.978835238144,1178.0],[-120.89384067804,39.978824509308,1178.0],[-120.89384386316,39.978810846806,1178.0],[-120.89384847321,39.978795424104,1178.0],[-120.89385182597,39.978791484609,1178.0],[-120.89385392144,39.978780839592,1178.0],[-120.89384998195,39.978761058301,1178.0],[-120.89383807965,39.978737086058,1182.6],[-120.89382533915,39.978718813509,1182.6],[-120.89381922036,39.978704061359,1184.8],[-120.89381528087,39.978687465191,1184.8],[-120.89381519705,39.978683693334,1184.8],[-120.89381821454,39.978676736355,1184.8],[-120.89381779544,39.978657541797,1184.8],[-120.89381729253,39.978629797697,1188.0],[-120.89382089674,39.978602807969,1188.0],[-120.89383070357,39.97857238166,1186.1],[-120.89384025894,39.978539189324,1188.9],[-120.89384595864,39.978518653661,1188.9],[-120.89384830557,39.978487808257,1188.9],[-120.89384830557,39.978469200432,1188.9],[-120.89384738356,39.978462243453,1191.8],[-120.89384570718,39.978464590386,1191.8],[-120.89384017512,39.978469703346,1188.9],[-120.89383715764,39.978474900126,1188.9],[-120.89383749291,39.978479845449,1188.9],[-120.89381771162,39.978489065543,1190.8],[-120.89379751123,39.978495435789,1190.8],[-120.89378661476,39.978499542922,1190.8],[-120.89376775548,39.978503314778,1190.8],[-120.89374034666,39.978489652276,1190.8],[-120.8936965093,39.978473391384,1192.6],[-120.89368930086,39.978451598436,1195.6],[-120.89368762448,39.978413879871,1195.6],[-120.89369776659,39.978385046124,1195.6],[-120.89370899834,39.978363420814,1198.2],[-120.89372023009,39.978342885152,1198.2],[-120.893729534,39.978323858231,1196.5],[-120.89373523369,39.978306340054,1196.5],[-120.89374420233,39.978288905695,1198.8],[-120.89374839328,39.978271471336,1198.8],[-120.89375945739,39.978257725015,1198.8],[-120.893774461,39.978237692267,1198.8],[-120.89379013516,39.978217156604,1198.8],[-120.89379440993,39.978211708367,1198.8],[-120.89379759505,39.978190418333,1200.8],[-120.89380941354,39.978164853528,1200.8],[-120.89382248931,39.978134930134,1200.8],[-120.89382366277,39.978119088337,1200.8],[-120.89382215403,39.978114310652,1200.8],[-120.89382282458,39.97810668312,1202.1],[-120.89382408187,39.978093272075,1202.1],[-120.8938250877,39.978087069467,1202.1],[-120.89382483624,39.978075334802,1202.1],[-120.89382919483,39.978053458035,1202.1],[-120.89383925311,39.978026300669,1200.0],[-120.89385576546,39.977996544912,1200.2],[-120.89386330917,39.977971399203,1200.2],[-120.89386657812,39.977946504951,1200.2],[-120.89386498556,39.97793007642,1199.3],[-120.89386062697,39.977921023965,1199.3],[-120.89385132305,39.977915994823,1199.3],[-120.89384084567,39.977913480252,1199.3],[-120.89383539744,39.977910965681,1199.3],[-120.89383531362,39.977909121662,1199.3],[-120.89383414015,39.977912055328,1199.3],[-120.89382969774,39.977914318442,1199.3],[-120.89382844046,39.977919431403,1199.3],[-120.89380756952,39.9779352732,1202.4],[-120.89378451928,39.977943655103,1202.4],[-120.89376884513,39.977942900732,1202.4],[-120.89375769719,39.977930914611,1202.4],[-120.8937436156,39.977934015915,1202.4],[-120.893729534,39.977943571284,1202.4],[-120.89371805079,39.97795522213,1202.4],[-120.89371117763,39.977963520214,1204.6],[-120.89370505884,39.97796821408,1204.6],[-120.89370078407,39.977972991765,1204.6],[-120.89369433001,39.977979278192,1204.6],[-120.89367672801,39.977991348132,1204.6],[-120.89365635999,39.978000987321,1204.6],[-120.89363884181,39.978015320376,1204.6],[-120.89362266473,39.97802705504,1206.8],[-120.89360606857,39.978029821068,1206.8],[-120.89359156787,39.978024372831,1206.8],[-120.89358184487,39.978022193536,1206.8],[-120.89357798919,39.978023869917,1206.8],[-120.89357564226,39.978019427508,1206.8],[-120.89356273413,39.978021439165,1206.8],[-120.89354345575,39.978027222678,1206.8],[-120.89352333918,39.978032419458,1208.4],[-120.89351068251,39.978037364781,1208.4],[-120.89348930866,39.978047674522,1208.4],[-120.89347044937,39.978058403358,1208.4],[-120.89344622567,39.978069718927,1208.4],[-120.89342267253,39.978071898222,1210.2],[-120.89339056984,39.978071143851,1210.2],[-120.89336215518,39.97806251049,1210.2],[-120.89335687459,39.978059157729,1210.2],[-120.89332954958,39.978055972606,1211.9],[-120.89332619682,39.978053709492,1211.9],[-120.89331312105,39.978057062253,1211.9],[-120.89326123707,39.978068713099,1211.9],[-120.89325855486,39.978071311489,1211.9],[-120.89324371889,39.978083968163,1211.9],[-120.89324078523,39.9780876562,1211.9],[-120.89322729036,39.97809285298,1213.8],[-120.89322335087,39.978094194084,1213.8],[-120.89320784435,39.978100312874,1213.8],[-120.89319518767,39.978105258197,1213.8],[-120.89319191873,39.978105761111,1213.8],[-120.89318311773,39.978107186034,1213.8],[-120.89316911995,39.978103749454,1213.8],[-120.89316811413,39.978100229055,1213.8],[-120.89315596037,39.978100480512,1213.8],[-120.89314548299,39.978094864637,1213.8],[-120.89313131757,39.978088662028,1213.8],[-120.89310751297,39.978081285954,1215.9],[-120.89309720322,39.978074748069,1215.9],[-120.89309108444,39.978063348681,1215.9],[-120.89309033006,39.978060498834,1215.9],[-120.89308907278,39.978059493005,1215.9],[-120.8930869773,39.978057984263,1215.9],[-120.8930781763,39.978055721149,1215.9],[-120.89306426235,39.978058738634,1215.9],[-120.89305294678,39.978063348681,1215.9],[-120.89304883964,39.978066617623,1215.9],[-120.89304875582,39.978067288175,1215.9],[-120.89304682799,39.978070640936,1215.9],[-120.89304054156,39.978071730584,1215.9],[-120.89303241111,39.978074161336,1215.9],[-120.89301313274,39.978083129972,1218.0],[-120.89300952852,39.978086482733,1218.0],[-120.89299879968,39.978084471077,1218.0],[-120.8929834608,39.978085644543,1218.0],[-120.89296736754,39.978088242933,1218.0],[-120.89295621961,39.978094696999,1218.0],[-120.89294842444,39.97809972614,1218.0],[-120.89294725098,39.978103078902,1218.0],[-120.8929381147,39.978108108044,1218.0],[-120.89292964898,39.978112047538,1220.0],[-120.89291363955,39.978112466633,1220.0],[-120.89289980941,39.978113807738,1220.0],[-120.89289528318,39.978114813566,1220.0],[-120.89288983494,39.978116825223,1220.0],[-120.89288153686,39.978123949841,1220.0],[-120.89287625626,39.978127973154,1220.0],[-120.89286971837,39.978130571544,1220.0],[-120.89285362512,39.97813350521,1222.3],[-120.89284197427,39.978138282895,1222.3],[-120.89283183217,39.978138031438,1222.3],[-120.8928169962,39.978140378371,1222.3],[-120.89280785993,39.978137528524,1222.3],[-120.8928050939,39.978138869628,1222.3],[-120.89279612526,39.978142809123,1222.3],[-120.8927949518,39.978145575151,1222.3],[-120.89278204367,39.978148508817,1222.3],[-120.89275874197,39.978160411119,1222.3],[-120.89273116551,39.978171559051,1225.4],[-120.89270987548,39.978165607899,1225.4],[-120.89270660654,39.978167032823,1225.4],[-120.89268674143,39.978183545172,1222.0],[-120.89267794043,39.978194944561,1222.0],[-120.89266670868,39.978209026158,1222.0],[-120.89264994487,39.978221515194,1225.6],[-120.89257886633,39.978261329234,1225.6],[-120.89255673811,39.978276668116,1229.9],[-120.8925087098,39.978303993121,1224.5],[-120.89243922383,39.978325366974,1229.0],[-120.89241466485,39.978341460228,1229.0],[-120.89237443171,39.978363588452,1233.2],[-120.89233931154,39.978383118287,1227.2],[-120.89230771177,39.978390242904,1227.2],[-120.89228273369,39.978386135772,1231.0],[-120.89224023744,39.978382699192,1231.0],[-120.89220662601,39.978384291753,1231.0],[-120.89217879809,39.978383034468,1233.9],[-120.89215331711,39.978387728333,1233.9],[-120.89212892577,39.97840097174,1233.9],[-120.89210403152,39.978412371129,1233.9],[-120.89208031073,39.978413460776,1236.6],[-120.89205441065,39.978426285088,1236.6],[-120.89202373289,39.978435840458,1236.6],[-120.8920052927,39.978435086086,1236.6],[-120.89196573012,39.978437097743,1239.9],[-120.8919238206,39.978450760245,1239.9],[-120.89187453501,39.978479091078,1238.0],[-120.8918282669,39.978495100513,1238.0],[-120.89179859497,39.978500464931,1241.6],[-120.89177554473,39.978509936482,1241.6],[-120.89175090194,39.978520413861,1241.6],[-120.89174252003,39.978493591771,1241.6],[-120.89172366075,39.978473475203,1241.6],[-120.89168208651,39.978468697518,1244.9],[-120.89165459387,39.978460483253,1244.9],[-120.89163632132,39.978456543759,1244.9],[-120.89161285199,39.978455621749,1247.7],[-120.89159273542,39.978458387777,1247.7],[-120.89156423695,39.978470709175,1247.7],[-120.89154051617,39.978479845449,1247.7],[-120.89151369408,39.978488227352,1250.5],[-120.89148771018,39.978492502123,1250.5],[-120.89146189392,39.978500297293,1250.5],[-120.89143515565,39.978515803814,1253.7],[-120.89140246622,39.97852829285,1253.7],[-120.89136424474,39.978544553742,1249.7],[-120.89132878929,39.97855419293,1252.6],[-120.89128855616,39.978551426902,1252.6],[-120.8912447188,39.97853516601,1258.7],[-120.89120398276,39.978517983109,1258.7],[-120.8911676053,39.978498537093,1259.9],[-120.89113022201,39.978489400819,1259.9],[-120.89109376073,39.978482276201,1259.9],[-120.89104724117,39.978488562629,1260.5],[-120.89100105688,39.978496525437,1260.7],[-120.89095671661,39.97849451378,1260.7],[-120.89090868831,39.978485964239,1260.8],[-120.89086518623,39.97847372666,1260.8],[-120.89082268998,39.978453274816,1260.8],[-120.89078673162,39.978437684476,1258.4],[-120.89074398391,39.978437181562,1258.4],[-120.89070064947,39.978435086086,1258.7],[-120.89065589011,39.978425614536,1258.7],[-120.89059989899,39.978417903185,1259.2],[-120.89055153541,39.978424021974,1259.2],[-120.89050736278,39.978430140764,1259.7],[-120.89046620764,39.978430895135,1259.7],[-120.89041315019,39.978425195441,1260.3],[-120.89035313576,39.978421423584,1260.3],[-120.89031700976,39.978398205712,1260.8],[-120.89027308859,39.978389907628,1260.8],[-120.89021801949,39.978393008932,1261.5],[-120.8901749365,39.978405162692,1261.5],[-120.89014392346,39.978414466605,1262.4],[-120.89010997675,39.978423267603,1262.4],[-120.89008189738,39.978424273431,1262.4],[-120.8900485374,39.978418825194,1263.2],[-120.89000243694,39.978415640071,1263.2],[-120.88994485326,39.97840533033,1263.8],[-120.88989213109,39.978402564302,1263.8],[-120.88984234259,39.978401474655,1264.3],[-120.88979322463,39.978398876265,1264.3],[-120.88975014165,39.978397786617,1264.8],[-120.88969943114,39.978402899578,1264.8],[-120.88964855298,39.978407425806,1265.0],[-120.88960647583,39.978406336159,1265.0],[-120.88956221938,39.978409018368,1265.1],[-120.88951393962,39.978419328108,1265.1],[-120.88946624659,39.978431733325,1265.2],[-120.88941863738,39.978446820751,1269.6],[-120.88937957771,39.978453610092,1269.9],[-120.88933439925,39.97847372666,1269.9],[-120.88930472732,39.978495771065,1270.1],[-120.88926189579,39.978517647833,1270.1],[-120.88921554387,39.978528795764,1270.2],[-120.88916852139,39.978550421074,1276.0],[-120.88912753388,39.97856291011,1275.8],[-120.88909643702,39.978574560955,1275.8],[-120.88907045312,39.978589061648,1275.8],[-120.88903860189,39.978608004749,1275.3],[-120.8890064992,39.978620493785,1275.3],[-120.88896450587,39.978638347238,1275.3],[-120.88891748339,39.978656116873,1280.5],[-120.88887414895,39.978673551232,1280.5],[-120.88883995079,39.978693416342,1280.0],[-120.88877758943,39.978706659749,1280.0],[-120.88874104433,39.978722753003,1279.4],[-120.88869955391,39.97873339802,1284.4],[-120.88864389807,39.978743456304,1283.9],[-120.88858840987,39.978754688054,1283.9],[-120.88852604851,39.978777067736,1283.0],[-120.88848229498,39.978789221495,1281.9],[-120.88845740072,39.978812355548,1281.9],[-120.88841163553,39.978841859847,1287.2],[-120.88836972602,39.978865748271,1286.2],[-120.88833360001,39.978885026649,1286.2],[-120.88829244487,39.97889877297,1284.9],[-120.88825003244,39.978913944215,1284.9],[-120.8882080391,39.978922829032,1290.4],[-120.8881723322,39.978929618374,1289.1],[-120.88814475574,39.978936156258,1289.1],[-120.88813017122,39.978942442685,1289.1],[-120.88812472299,39.978944286704,1289.1],[-120.88810041547,39.978952333331,1287.7],[-120.88807133026,39.978967923671,1287.7],[-120.88803629391,39.978982005268,1287.7],[-120.8879953064,39.978992315009,1286.4],[-120.88794752955,39.979002876207,1286.4],[-120.88789723814,39.979018634185,1290.6],[-120.88785088621,39.979039672762,1290.6],[-120.88780428283,39.979060795158,1289.2],[-120.88775466196,39.97907537967,1287.6],[-120.88770311326,39.979088203982,1287.6],[-120.88765743189,39.979102620855,1285.9],[-120.88760856539,39.979117205366,1291.4],[-120.88756254874,39.979138076305,1289.7],[-120.88751862757,39.979160539806,1289.7],[-120.88747177273,39.979181494564,1288.0],[-120.88742206804,39.979196665809,1288.0],[-120.88736968115,39.979209154844,1291.8],[-120.88732098229,39.979220554233,1291.8],[-120.88727622293,39.979222733527,1290.2],[-120.88722375222,39.979225331917,1290.2],[-120.88718335144,39.979229355231,1288.4],[-120.88713767007,39.979233881459,1288.4],[-120.88708704337,39.979235976934,1286.3],[-120.8870365005,39.979241341352,1286.3],[-120.88697782718,39.9792406708,1284.4],[-120.8869184833,39.979248633608,1283.2],[-120.88687196374,39.979254836217,1283.2],[-120.88681773283,39.979265648872,1283.1],[-120.88676098734,39.979277970269,1283.1],[-120.88671094738,39.979285933077,1283.7],[-120.8866604045,39.979301188141,1289.6],[-120.88661463931,39.979312838987,1289.8],[-120.8865705505,39.979330860078,1289.8],[-120.88652486913,39.979352066293,1289.9],[-120.88648195378,39.979376038536,1289.9],[-120.88644524105,39.979398166761,1290.0],[-120.88640945032,39.979425324127,1294.5],[-120.88638229296,39.979453738779,1294.2],[-120.88635471649,39.97948567383,1294.2],[-120.88630082086,39.979524230585,1297.5],[-120.88625865988,39.979551723227,1296.7],[-120.886225719,39.979579886422,1300.3],[-120.88620870374,39.97961374931,1300.3],[-120.88618967682,39.979646438733,1299.1],[-120.88617710397,39.979678122327,1302.6],[-120.88616855443,39.979704357684,1302.6],[-120.88617433794,39.979722630233,1302.6],[-120.88615707122,39.979751883075,1302.6],[-120.88611348532,39.979790607467,1305.0],[-120.88606595993,39.979816759005,1303.5],[-120.88602983393,39.979831259698,1303.5],[-120.88598817587,39.979843664914,1302.1],[-120.88594081812,39.979862608016,1303.4],[-120.88589128107,39.979879958555,1302.0],[-120.88583922945,39.979890016839,1302.0],[-120.88578701019,39.979885071516,1301.3],[-120.88573395275,39.979893034324,1301.3],[-120.88569237851,39.979907451198,1301.0],[-120.88565030135,39.979913402349,1301.0],[-120.88560545817,39.979912899435,1301.3],[-120.88556614704,39.979908457026,1301.3],[-120.88552205823,39.979907367378,1301.9],[-120.88547704741,39.979914743453,1301.9],[-120.88543580845,39.97992714867,1302.5],[-120.88539096527,39.979938799515,1303.8],[-120.88534302078,39.979950115085,1304.5],[-120.88529281318,39.979955563322,1304.5],[-120.88525006548,39.9799435772,1305.2],[-120.88520999998,39.979932261631,1305.2],[-120.88515970856,39.979917509481,1308.1],[-120.8850942459,39.979907870293,1309.3],[-120.88503582403,39.979904266074,1309.3],[-120.88497178629,39.979915497825,1310.5],[-120.88491713628,39.979918180034,1310.5],[-120.88486407883,39.979918012396,1311.7],[-120.88481890038,39.979903260246,1311.7],[-120.88477556594,39.979907367378,1312.9],[-120.88472527452,39.979927483946,1312.9],[-120.88468135335,39.979931926355,1314.1],[-120.88461647741,39.979917258024,1314.1],[-120.88456761092,39.979907535017,1315.1],[-120.88451438583,39.979901248589,1314.6],[-120.88446367532,39.979888340458,1314.6],[-120.88442461565,39.979861686006,1315.6],[-120.88437482715,39.979799576104,1313.4],[-120.88432302698,39.97975917533,1314.3],[-120.88427935727,39.97972891666,1314.3],[-120.88423828594,39.979702346027,1312.1],[-120.88418539613,39.979682983831,1313.1],[-120.8841403015,39.979661526158,1313.9],[-120.88409193791,39.97962766327,1313.9],[-120.88405589573,39.979610061273,1312.7],[-120.884037707,39.979617856443,1312.7],[-120.8840306662,39.979616766796,1312.7],[-120.88402831927,39.979614336044,1312.7],[-120.88401029818,39.979610815644,1312.7],[-120.88395958766,39.97961115092,1313.3],[-120.88379169814,39.979609055445,1313.3],[-120.88365373202,39.979628166184,1313.0],[-120.88360419497,39.979629172012,1313.2],[-120.88354686275,39.979602433741,1313.3],[-120.88348726742,39.979562535882,1313.9],[-120.88342373259,39.979518782347,1313.9],[-120.88329322636,39.979442255571,1315.4],[-120.88322181255,39.979396993294,1316.0],[-120.8830824215,39.979323316365,1316.9],[-120.88301025331,39.979287860915,1317.6],[-120.88294386864,39.979245448485,1318.6],[-120.88279626332,39.979167748243,1318.9],[-120.88264496997,39.979038499296,1319.1],[-120.88258244097,39.978979071602,1319.3],[-120.88246174157,39.978870861232,1319.5],[-120.88240541518,39.97883037664,1319.5],[-120.88233852759,39.97879140079,1319.6],[-120.88220517151,39.978725519031,1319.9],[-120.88214155287,39.97868578881,1319.3],[-120.88199947961,39.978622170165,1319.5],[-120.88181206025,39.978524856269,1319.1],[-120.88173176162,39.978493340313,1318.4],[-120.88165707886,39.978472301736,1318.4],[-120.88158113882,39.978448413312,1318.5],[-120.8814392332,39.978388566524,1318.1],[-120.88136170059,39.978371048346,1318.5],[-120.88128182106,39.978372557089,1318.7],[-120.88122214191,39.978384291753,1318.7],[-120.88113656268,39.978408096358,1318.9],[-120.88106833398,39.978432320058,1319.1],[-120.88100035675,39.978459225968,1319.7],[-120.88093355298,39.978484371677,1319.7],[-120.88086482137,39.978502057493,1319.9],[-120.88079441339,39.978509014472,1320.3],[-120.88073087856,39.978511109948,1320.7],[-120.88066608645,39.978526281193,1321.0],[-120.88059794158,39.978537177667,1321.4],[-120.88053130545,39.978531310335,1321.7],[-120.88046919554,39.978511612862,1321.2],[-120.88041488081,39.978472553194,1321.5],[-120.88036408648,39.978417567909,1321.0],[-120.88030809537,39.978360068053,1321.0],[-120.88024162687,39.978308770806,1320.5],[-120.88018831797,39.97825646773,1320.5],[-120.8800558839,39.978157058358,1319.9],[-120.88003559969,39.978140797466,1319.0],[-120.88002897799,39.978135349229,1319.0],[-120.87998270988,39.978117747232,1319.0],[-120.87994113564,39.978105174378,1319.0],[-120.87988514453,39.97809980996,1319.1],[-120.87982504629,39.978098133579,1319.1],[-120.87945238687,39.978057062253,1318.4],[-120.87938298471,39.978047925979,1318.6],[-120.87931576185,39.978044740856,1318.8],[-120.87925013155,39.978036694229,1319.0],[-120.87918751873,39.978017834947,1319.0],[-120.87912180461,39.977996041998,1319.3],[-120.87898291647,39.977949690074,1318.7],[-120.87886271998,39.977904679254,1318.8],[-120.87868452072,39.97781323269,1317.9],[-120.87860874832,39.977783728391,1316.7],[-120.87852668948,39.977759420872,1316.8],[-120.87821873836,39.977667974308,1316.9],[-120.8781567961,39.977629585192,1317.2],[-120.87811212055,39.977588849142,1316.7],[-120.87807146832,39.977567559108,1316.7],[-120.87804112583,39.977559847757,1317.2],[-120.87801069953,39.97756998986,1317.2],[-120.87799292989,39.977586334571,1317.2],[-120.87799024768,39.977603433654,1317.8],[-120.8779991325,39.977621538565,1317.8],[-120.87801564485,39.977641990408,1317.8],[-120.87803584523,39.977661017329,1317.8],[-120.87807792239,39.977693455294,1318.2],[-120.87826525792,39.97784097679,1318.5],[-120.8783069998,39.97787643224,1319.9],[-120.87839517742,39.977951450273,1319.6],[-120.87847975083,39.978011213243,1320.7],[-120.87852425873,39.978045495227,1320.7],[-120.87857924402,39.97808329761,1321.8],[-120.87862811051,39.978114729747,1321.8],[-120.87879415601,39.978197207674,1322.7],[-120.87890605442,39.978252444416,1323.0],[-120.87896405719,39.978284547105,1323.0],[-120.87902063504,39.978319499642,1322.5],[-120.87906866334,39.978347243741,1323.5],[-120.87913362309,39.978378927335,1323.1],[-120.87921509519,39.978418573737,1322.7],[-120.87928231806,39.978455789387,1323.4],[-120.87934727781,39.978495687246,1323.4],[-120.87940829806,39.978535082191,1323.9],[-120.87947091088,39.978573722765,1323.5],[-120.87953469716,39.978613620624,1324.4],[-120.879600076,39.978658296168,1324.0],[-120.87966176681,39.978707749397,1324.4],[-120.87971759029,39.978753766045,1324.4],[-120.8797669597,39.978801039979,1324.8],[-120.8798154071,39.978848984465,1324.8],[-120.87986402214,39.978899694979,1324.9],[-120.87991707958,39.978951746598,1324.9],[-120.87996628135,39.979004468769,1324.7],[-120.88001850061,39.979054508731,1324.7],[-120.88006770238,39.97910480015,1324.3],[-120.88011782616,39.979156348854,1323.4],[-120.88016769849,39.979208819568,1323.6],[-120.88021229021,39.979261038825,1322.5],[-120.88025411591,39.979321388528,1322.5],[-120.88028864935,39.979378553107,1322.4],[-120.88032435626,39.979433454573,1321.3],[-120.88035729714,39.979485925287,1321.4],[-120.88038688526,39.979535546154,1321.4],[-120.88041270152,39.979588938877,1320.4],[-120.88043650612,39.979641409591,1320.3],[-120.88045570068,39.979690359905,1320.3],[-120.88046735153,39.979742495343,1320.1],[-120.88046751916,39.979796893895,1320.1],[-120.88046089746,39.979850035161,1319.9],[-120.88044865988,39.979905104265,1319.9],[-120.88042695075,39.979961514473,1319.5],[-120.8803932555,39.980013482273,1320.3],[-120.88035369292,39.980062935501,1320.3],[-120.88031019084,39.980112137273,1319.8],[-120.88027238846,39.980162931606,1321.3],[-120.88015462272,39.980400139466,1321.1],[-120.88009502739,39.980496112257,1321.6],[-120.8799920138,39.980575656518,1322.0],[-120.87993266992,39.980605999008,1322.0],[-120.87986284867,39.98063265346,1323.0],[-120.87979269214,39.980657296255,1323.0],[-120.87971423753,39.980674646795,1324.0],[-120.87963678874,39.980690069497,1324.9],[-120.8793512173,39.980736840516,1326.6],[-120.87928374298,39.980749581009,1325.6],[-120.87921316735,39.980761483312,1325.6],[-120.87914762087,39.980774559081,1326.4],[-120.87902742438,39.980818312615,1327.0],[-120.87897294201,39.980850163847,1326.5],[-120.87891887873,39.980886792764,1326.5],[-120.87886313908,39.980928786099,1327.2],[-120.87881066836,39.980972958729,1328.7],[-120.87876029313,39.981014197692,1328.7],[-120.8787143603,39.981056861579,1330.9],[-120.87868276052,39.981103884056,1330.9],[-120.87866842747,39.981160378084,1330.7],[-120.87865602225,39.981219638139,1329.4],[-120.87864898145,39.981276215985,1329.4],[-120.87864998728,39.981335140765,1328.5],[-120.87865384296,39.981394149363,1328.0],[-120.87865510024,39.981456091627,1328.0],[-120.87864998728,39.981506634504,1329.6],[-120.87863272056,39.981580981985,1329.6],[-120.87860707194,39.981644013897,1329.2],[-120.87858276442,39.981690198183,1328.9],[-120.87855887599,39.981760773808,1328.9],[-120.87855309248,39.981821877882,1330.5],[-120.87855820544,39.981881724671,1328.6],[-120.87857295759,39.981942828745,1328.6],[-120.87859072722,39.982001921162,1329.4],[-120.87861134671,39.982062522322,1330.3],[-120.87863297202,39.982127398252,1330.3],[-120.87865417823,39.982191938907,1331.1],[-120.87867479771,39.9822513666,1329.8],[-120.87869550101,39.982312638313,1329.8],[-120.87871796452,39.982373910025,1330.6],[-120.87874361314,39.98243493028,1331.4],[-120.8787663281,39.982499135658,1329.5],[-120.87878803723,39.982564179227,1330.2],[-120.87881024927,39.982627881691,1330.6],[-120.87882827036,39.982687477022,1330.6],[-120.87884218432,39.982751095667,1330.8],[-120.87884319015,39.982811948285,1330.9],[-120.8788315393,39.982872633263,1330.9],[-120.87881217711,39.982929294929,1330.3],[-120.878783511,39.982976904139,1330.3],[-120.87874076329,39.983026357368,1331.7],[-120.87869709358,39.983078492805,1331.7],[-120.87865216658,39.98312920332,1332.1],[-120.87860413827,39.983176896349,1330.8],[-120.87850791402,39.983271444216,1332.2],[-120.87845209055,39.983313689008,1332.6],[-120.87840381078,39.98335853219,1332.6],[-120.87833289988,39.983465736732,1332.3],[-120.87832619436,39.983520386741,1332.3],[-120.8783466462,39.983574198559,1332.4],[-120.87845594622,39.983642175794,1330.6],[-120.87860480882,39.983646534383,1330.2],[-120.87869382463,39.983636140823,1330.5],[-120.87878669612,39.983621807769,1330.2],[-120.87887638249,39.983615605161,1329.7],[-120.87896908633,39.983622729778,1329.0],[-120.87905290537,39.983642846346,1328.0],[-120.87913152762,39.983675200492,1330.5],[-120.87918919511,39.983721552417,1328.7],[-120.87922280654,39.983778130263,1330.3],[-120.87922180071,39.983842670918,1330.7],[-120.87913915515,39.983974099159,1330.6],[-120.87908986956,39.984031347558,1331.8],[-120.87904033251,39.984085913748,1333.6],[-120.87898828089,39.98414106667,1332.7],[-120.87888644077,39.98425883241,1333.7],[-120.87883807719,39.984314739704,1334.1],[-120.87879122235,39.98437483795,1334.1],[-120.87870002724,39.984508864582,1331.7],[-120.87867228314,39.984578937292,1333.4],[-120.87866867892,39.984649596736,1333.4],[-120.87866364978,39.98472369276,1332.7],[-120.87867471389,39.984789155424,1332.1],[-120.8787051402,39.984844224527,1329.8],[-120.87874897756,39.98489594087,1331.1],[-120.87880304083,39.984932821244,1331.5],[-120.87886791676,39.984945729375,1333.8],[-120.87893740274,39.984926786274,1332.6],[-120.87900320068,39.984891247004,1333.8],[-120.8791125007,39.984796615317,1332.7],[-120.87917712517,39.984748503193,1331.3],[-120.87933545932,39.984681196511,1332.2],[-120.87942397222,39.984670802951,1332.2],[-120.87952991948,39.984672982246,1332.5],[-120.87962924503,39.984683459625,1332.4],[-120.87972848676,39.984705923125,1332.2],[-120.87982630357,39.984732242301,1331.8],[-120.87992236018,39.984754538164,1331.3],[-120.88001045398,39.984780019149,1332.4],[-120.88008999825,39.984807427973,1331.3],[-120.88023374788,39.984889654443,1332.1],[-120.88030222803,39.984938772395,1330.6],[-120.8803694509,39.9849868007,1331.4],[-120.88043600321,39.985031392425,1330.0],[-120.88050800376,39.985071290284,1332.3],[-120.88058243506,39.985102722421,1331.4],[-120.88066524826,39.985128957778,1330.9],[-120.88073481806,39.985155276954,1333.0],[-120.88096213527,39.985227277502,1334.3],[-120.8810446132,39.985249405727,1334.0],[-120.88113413192,39.985278742388,1333.6],[-120.88122272864,39.985308498144,1333.2],[-120.88130537421,39.985334984958,1334.7],[-120.88138994761,39.985354347154,1334.3],[-120.88147116825,39.985374547541,1333.9],[-120.88154819794,39.98539282009,1333.9],[-120.88162497617,39.985406901687,1333.6],[-120.88169957511,39.985416540876,1334.8],[-120.88176922873,39.98543003574,1334.5],[-120.8818422351,39.985443111509,1334.1],[-120.88190074079,39.985450152308,1334.1],[-120.88198615238,39.985467921942,1333.7],[-120.88205236942,39.985489295796,1333.3],[-120.88212294504,39.985509999096,1334.5],[-120.88219067082,39.985533384606,1334.0],[-120.88224221952,39.985555345193,1334.0],[-120.88232561946,39.985593231395,1333.4],[-120.8823843766,39.985627848655,1335.3],[-120.88244020008,39.985666824505,1335.3],[-120.88249057531,39.985707728192,1338.2],[-120.88253877126,39.985749553889,1338.2],[-120.88258705102,39.985792133957,1337.3],[-120.88263524696,39.985839407891,1341.0],[-120.88266869076,39.985879892483,1339.5],[-120.88270540349,39.985934542492,1341.6],[-120.88274513371,39.985993634909,1341.4],[-120.8827842772,39.9860411603,1341.4],[-120.88283113204,39.986090278253,1341.5],[-120.88288284838,39.986134618521,1341.5],[-120.8829380013,39.986176025122,1342.1],[-120.88300011121,39.986211312935,1342.1],[-120.88306649588,39.986244421452,1341.0],[-120.88314067572,39.986271495,1342.3],[-120.88321703486,39.986299406737,1341.6],[-120.88329247199,39.986323127523,1341.0],[-120.88337151334,39.986343495548,1341.0],[-120.88344954886,39.986362941563,1342.8],[-120.88352993131,39.986378364265,1342.2],[-120.88361903094,39.986391691491,1341.7],[-120.88371148333,39.986403342336,1341.2],[-120.88381072506,39.986414657906,1340.7],[-120.88390636258,39.986433684826,1340.3],[-120.88399906643,39.986454639584,1342.1],[-120.88409378193,39.98647400178,1341.7],[-120.88418371975,39.986493363976,1341.3],[-120.88427273557,39.98651557602,1340.9],[-120.88435898535,39.98653803952,1340.3],[-120.8844450675,39.986564693972,1341.6],[-120.88453148492,39.986596461385,1340.7],[-120.88460943662,39.98663417995,1341.6],[-120.88468093425,39.986680280417,1340.7],[-120.88474807329,39.986730571836,1342.3],[-120.884799622,39.986779857427,1341.6],[-120.88487036526,39.986817492172,1343.2],[-120.88494881988,39.98683844693,1343.5],[-120.88503012434,39.986841799691,1343.5],[-120.88510472327,39.98682629317,1343.9],[-120.8851682581,39.986806930974,1342.8],[-120.88522768579,39.986787484959,1343.0],[-120.88527428918,39.986772900447,1343.0],[-120.88532122783,39.986771307886,1343.0],[-120.88536020368,39.986779857427,1343.0],[-120.88538660668,39.986788826063,1343.0],[-120.88542231359,39.986793268472,1342.9],[-120.88545776904,39.986801398918,1342.9],[-120.88549783453,39.986805673689,1342.6],[-120.88553982787,39.986812546849,1344.0],[-120.88585674763,39.986851355061,1342.7],[-120.88619546033,39.986861329526,1342.4],[-120.88626704179,39.986870046705,1342.4],[-120.88634524494,39.986886978149,1342.6],[-120.88641959243,39.986910950392,1343.7],[-120.88648471981,39.986947327852,1343.7],[-120.88653869927,39.987004157156,1344.8],[-120.88658446446,39.987063081935,1344.8],[-120.88662243448,39.987135836855,1345.2],[-120.88664548472,39.987210016698,1344.6],[-120.886646742,39.987288136035,1343.9],[-120.88662989438,39.98736214824,1343.9],[-120.88660893962,39.987436998636,1343.1],[-120.88658044115,39.987520901486,1342.6],[-120.88655915111,39.987615616992,1342.5],[-120.88652067818,39.987776465714,1342.1],[-120.88650936261,39.987852908671,1341.8],[-120.88651631959,39.988011745736,1341.3],[-120.88652721606,39.988089110702,1340.3],[-120.88655814528,39.988163625821,1339.7],[-120.88663718663,39.988305782899,1339.0],[-120.88672804646,39.988468643278,1337.9],[-120.88681966066,39.988645836711,1336.7],[-120.88692661375,39.988923529163,1335.5],[-120.88694505394,39.989019753411,1335.3],[-120.88695477694,39.989184206352,1334.4],[-120.88692426682,39.989246819168,1333.7],[-120.88686240837,39.989300798625,1334.1],[-120.88679518551,39.98934706673,1333.0],[-120.88672930375,39.989394592121,1333.7],[-120.88665420189,39.98945008032,1333.3],[-120.8865899127,39.989586705342,1333.1],[-120.88658471592,39.989667003974,1331.9],[-120.88657532819,39.98974964954,1330.5],[-120.88653853163,39.989836402237,1328.8],[-120.88650014251,39.989921730012,1328.3],[-120.88648941368,39.989999849349,1327.7],[-120.8865013998,39.990064976737,1328.3],[-120.88652503677,39.990129014477,1326.2],[-120.88656694628,39.990185257047,1328.0],[-120.88662151247,39.9902361352,1327.8],[-120.8866784256,39.990287767723,1327.8],[-120.8867295552,39.990346357226,1327.5],[-120.88677146472,39.990408299491,1327.5],[-120.88679317385,39.990473091602,1329.5],[-120.88679526933,39.990539476275,1329.2],[-120.88676987216,39.990605106577,1326.5],[-120.88672905229,39.990664282814,1326.5],[-120.88668127544,39.990722453222,1325.4],[-120.88662235066,39.990780707449,1327.0],[-120.8865582291,39.990835106,1325.2],[-120.88649276644,39.990893527865,1325.0],[-120.88643107563,39.990952620283,1326.7],[-120.88637558743,39.991013053805,1324.8],[-120.88629310951,39.991155713797,1324.8],[-120.88623334654,39.991303067654,1324.0],[-120.88613444008,39.99142460525,1324.8],[-120.88607844897,39.991476153955,1323.0],[-120.88601843454,39.991524852812,1325.2],[-120.88596588001,39.99157522805,1325.0],[-120.88592221029,39.99163063243,1322.7],[-120.88588843122,39.991672709584,1322.7],[-120.88584995829,39.991722246632,1322.2],[-120.88581844233,39.99177346006,1322.2],[-120.88578633964,39.991831714287,1321.8],[-120.88574920781,39.991893405095,1321.8],[-120.88563638739,39.992092810571,1318.7],[-120.88557746261,39.992226585746,1320.3],[-120.88556908071,39.992284756154,1321.3],[-120.88556966744,39.992324402556,1321.3],[-120.88557796553,39.992346446961,1321.3],[-120.88558877818,39.992359271273,1321.3],[-120.88559422642,39.992368072271,1323.5],[-120.88559967466,39.992371005937,1322.5],[-120.8856007643,39.992374191061,1322.5],[-120.8856007643,39.992374358699,1322.5],[-120.88559933938,39.992372179404,1322.5],[-120.88557545096,39.99235516414,1321.3],[-120.88556061499,39.992350134999,1321.3],[-120.88556614704,39.99234912917,1321.3],[-120.88558324613,39.992354409769,1320.0],[-120.88558550924,39.992358600721,1320.0],[-120.8855804801,39.992360780016,1321.3],[-120.88558525778,39.992353320122,1321.3],[-120.88558341376,39.99235516414,1321.3],[-120.88556882925,39.992371592671,1321.3],[-120.8855716791,39.99236471951,1321.3],[-120.88557486422,39.992366647348,1321.3],[-120.88560260832,39.99237075448,1320.0],[-120.88565155864,39.992370167747,1320.0],[-120.88569036685,39.992367904633,1318.6],[-120.88584249839,39.992355247959,1318.3],[-120.88589094579,39.99235516414,1318.7],[-120.88604391553,39.992341501638,1319.3],[-120.88621105067,39.992318367586,1320.2],[-120.88636293076,39.992277212441,1315.0],[-120.88642084971,39.992256928235,1315.4],[-120.88649695739,39.992243768647,1315.4],[-120.8866471611,39.992231363431,1315.9],[-120.88683600537,39.992217030376,1316.4],[-120.88705359958,39.992213174701,1316.9],[-120.88726390153,39.992227423936,1316.4],[-120.88736699894,39.992226753384,1314.5],[-120.88746741414,39.992239745334,1312.2],[-120.88765508495,39.992287941277,1316.6],[-120.88774594478,39.992315936834,1314.1],[-120.88800293393,39.992398414761,1315.7],[-120.88808231056,39.992418028414,1313.7],[-120.88815590367,39.992438144982,1313.7],[-120.88821558282,39.992460105568,1318.3],[-120.88827786036,39.992485670373,1316.7],[-120.88834265247,39.992513330653,1316.7],[-120.88841079734,39.992542918772,1318.7],[-120.88861095719,39.992632437497,1314.7],[-120.88866317645,39.992662696168,1316.5],[-120.88871497661,39.992690356448,1316.5],[-120.88875847869,39.992722626776,1313.6],[-120.88879938237,39.992758082226,1317.4],[-120.8888382744,39.992795046419,1314.7],[-120.88891354389,39.99288414605,1318.2],[-120.88895419613,39.99292739667,1318.8],[-120.88899627328,39.992967797443,1318.8],[-120.88903868571,39.99299922958,1316.6],[-120.88907883503,39.993030745536,1319.2],[-120.88911831379,39.99306326732,1317.0],[-120.88915871456,39.993095789105,1317.0],[-120.88919928297,39.993131998926,1319.3],[-120.88924060576,39.993171896785,1317.3],[-120.88927706704,39.993207100779,1319.7],[-120.88932543062,39.99325026758,1317.6],[-120.88937949389,39.993298295885,1320.4],[-120.88941687718,39.993330566213,1317.8],[-120.8894499857,39.993371553719,1317.8],[-120.88947764598,39.993418157101,1323.5],[-120.88950773701,39.993471466005,1325.5],[-120.88952693157,39.993512704968,1325.5],[-120.88954017498,39.993541622534,1325.5],[-120.88956188411,39.993579341099,1329.3],[-120.88959055021,39.993614545092,1326.0],[-120.88962365873,39.993643127382,1326.0],[-120.88966162875,39.993669614196,1329.6],[-120.88970462792,39.993695346639,1327.5],[-120.88974653743,39.993719235063,1327.5],[-120.88979104534,39.993743123487,1329.3],[-120.8898446057,39.993770448491,1329.3],[-120.88989238255,39.993791906163,1328.1],[-120.88994158432,39.993812693283,1328.1],[-120.88999338448,39.993830714375,1331.1],[-120.89004459791,39.993846807629,1331.1],[-120.89009790681,39.99385795556,1331.4],[-120.89014953934,39.993863906711,1331.4],[-120.89020578191,39.993866337463,1331.9],[-120.89025950991,39.993869522586,1332.4],[-120.89030804113,39.993870863691,1332.4],[-120.89035891928,39.993875473738,1332.8],[-120.89041465893,39.993881089613,1332.8],[-120.89047232643,39.993893662468,1332.9],[-120.89052848518,39.993901457638,1332.9],[-120.89058397338,39.993910510093,1332.9],[-120.89063392952,39.993920736015,1334.9],[-120.89068011381,39.993932554498,1334.9],[-120.89073141105,39.993948228657,1335.2],[-120.89078522287,39.993958789855,1335.2],[-120.89083962142,39.993969770148,1336.3],[-120.8908919245,39.993989048526,1338.1],[-120.89093483984,39.994006901979,1338.1],[-120.89097482152,39.994019391015,1340.2],[-120.89101740159,39.994031377137,1342.4],[-120.89106098749,39.994042776525,1342.4],[-120.8911046572,39.994053756818,1344.0],[-120.89114279486,39.994060629979,1344.0],[-120.89118168689,39.994066329673,1345.0],[-120.8912204951,39.994067838416,1345.0],[-120.89125938714,39.994065826759,1345.0],[-120.89130037464,39.99405794777,1346.4],[-120.891345134,39.994040848687,1346.4],[-120.89139115065,39.994024084881,1348.3],[-120.89142937213,39.994005477056,1346.6],[-120.89145711623,39.993984019384,1349.6],[-120.89147999883,39.993959460407,1349.6],[-120.89150623418,39.993930878118,1349.6],[-120.89153205045,39.993895674124,1349.0],[-120.89155065827,39.993854435161,1352.1],[-120.89155593887,39.993813280016,1352.2],[-120.89155082591,39.9937731307,1352.2],[-120.89154747315,39.993731724098,1352.3],[-120.89154319838,39.993690736592,1352.3],[-120.89154621586,39.993651844561,1352.3],[-120.89155183174,39.993612365797,1351.5],[-120.89155292138,39.993572216481,1351.5],[-120.89155895635,39.993530390784,1349.7],[-120.89156934991,39.993491163477,1349.7],[-120.89158586226,39.993452355266,1348.0],[-120.89160413481,39.993418827653,1348.0],[-120.89162969962,39.993385551497,1348.5],[-120.89165484533,39.993355544284,1347.5],[-120.89167546481,39.993339367211,1347.5],[-120.89169926941,39.993328806013,1347.5],[-120.89173145592,39.993325285614,1347.5],[-120.89177562855,39.993333583698,1347.5],[-120.89183128439,39.99334892258,1346.9],[-120.89189046063,39.993367865682,1347.8],[-120.89195198379,39.99339485541,1347.8],[-120.89200730436,39.99341388233,1346.2],[-120.89206069708,39.993435926735,1346.2],[-120.8921211306,39.993459982798,1346.7],[-120.89218290523,39.993483955041,1345.0],[-120.89224895462,39.993520919234,1345.0],[-120.89230972342,39.993550507352,1346.1],[-120.89237476699,39.993570623919,1345.2],[-120.89244106784,39.993587136269,1344.6],[-120.89249697514,39.99360691756,1344.6],[-120.89254198596,39.993629883975,1343.9],[-120.89259160683,39.993662238121,1349.7],[-120.89263561182,39.993693334982,1348.9],[-120.89270736091,39.993728790432,1352.9],[-120.89276980609,39.993754187599,1352.9],[-120.89282990433,39.993775812909,1351.5],[-120.89288799092,39.993795007467,1351.5],[-120.89294197038,39.993817554787,1354.8],[-120.89299066924,39.993839263916,1352.9],[-120.89304565452,39.993861978874,1352.9],[-120.89309887961,39.993886873126,1351.0],[-120.89314623736,39.993916964158,1354.5],[-120.8931860514,39.993951749057,1352.6],[-120.89321463369,39.993991982192,1352.6],[-120.8932287991,39.994037076831,1354.9],[-120.89322293177,39.994085859507,1354.9],[-120.89319887571,39.994132630527,1355.6],[-120.89315973222,39.994166912511,1357.4],[-120.89310684241,39.99419465661,1356.3],[-120.89304657653,39.994219047949,1357.7],[-120.89298295788,39.994238074869,1358.8],[-120.89292420074,39.994256012142,1358.8],[-120.89286980219,39.994280068204,1360.3],[-120.89281515218,39.994304208085,1357.6],[-120.8927601669,39.994329437613,1358.9],[-120.89269713499,39.994357014075,1358.9],[-120.89263427071,39.994377298281,1360.2],[-120.89256344363,39.994395319372,1357.3],[-120.8924932871,39.994409233332,1358.4],[-120.89241634123,39.994425997138,1358.4],[-120.89234056883,39.994438737631,1359.5],[-120.89227317832,39.994450556114,1360.6],[-120.89220738038,39.994464972988,1361.7],[-120.89213630185,39.994481736794,1358.3],[-120.89207385667,39.994504870847,1358.3],[-120.89200948365,39.994534375146,1359.1],[-120.89193253778,39.994570920244,1356.4],[-120.8918705117,39.99460671097,1356.4],[-120.89180823416,39.99464401044,1356.8],[-120.89174964465,39.994675610214,1355.8],[-120.89169851504,39.994709473103,1355.8],[-120.8916591201,39.994741659611,1357.1],[-120.89163338766,39.994773678482,1356.1],[-120.89161788113,39.994800416753,1356.1],[-120.89161293581,39.994814665988,1356.1],[-120.89161997661,39.994834112003,1356.1],[-120.89163296856,39.994853641838,1355.3],[-120.89164864272,39.994883313775,1355.3],[-120.89165442623,39.994921032339,1355.3],[-120.89164713398,39.994957074523,1355.4],[-120.89164051227,39.994994206354,1355.4],[-120.89163129218,39.995031338185,1355.8],[-120.89162374847,39.995061010122,1355.8],[-120.89162358083,39.995090179145,1355.8],[-120.89162106626,39.995115324855,1356.2],[-120.89161654003,39.995140386745,1356.2],[-120.89161519893,39.995160335675,1356.2],[-120.89161654003,39.995178272948,1356.2],[-120.89161318727,39.995199395344,1356.7],[-120.89160983451,39.995224038139,1356.7],[-120.89159315452,39.995293272659,1357.1],[-120.8915807493,39.995373236015,1357.1],[-120.89158913121,39.995555290952,1357.5],[-120.89165325277,39.995753355324,1357.6],[-120.89167563245,39.995805993676,1355.2],[-120.89170396328,39.995858632028,1356.0],[-120.89179138653,39.995954185724,1355.0],[-120.89185575955,39.995996179059,1355.0],[-120.89193052612,39.996034149081,1355.5],[-120.89200772345,39.996069855988,1352.7],[-120.8921625372,39.99613716267,1351.9],[-120.89247853495,39.99632768333,1353.7],[-120.89255112223,39.996383674443,1351.0],[-120.8926130645,39.996445532888,1351.9],[-120.89268514886,39.996580146253,1354.1],[-120.89269772172,39.996646950021,1355.3],[-120.892698057,39.996721129864,1356.4],[-120.89269512333,39.996793884784,1357.0],[-120.8926945366,39.996865298599,1357.0],[-120.8927015774,39.996938137338,1353.7],[-120.8927095402,39.997010473162,1352.9],[-120.8927113004,39.997083060443,1352.4],[-120.89271079749,39.997154138982,1352.2],[-120.8927095402,39.997227732092,1352.2],[-120.89270509779,39.997303169221,1352.2],[-120.89269495569,39.997454378754,1352.7],[-120.89269369841,39.997610952705,1352.9],[-120.89271565899,39.997829636559,1353.8],[-120.8927134797,39.997898703441,1354.4],[-120.89271054603,39.997962573543,1354.4],[-120.89269839227,39.99802694656,1354.8],[-120.89268833399,39.998091990128,1354.7],[-120.89269026183,39.998149992898,1354.7],[-120.89270937257,39.998202128336,1355.3],[-120.89274524711,39.998245714232,1355.3],[-120.89279553853,39.99827798456,1356.7],[-120.89284817688,39.998288964853,1356.7],[-120.89290014468,39.998287288472,1356.6],[-120.89294725098,39.998277230188,1356.6],[-120.89298371226,39.998259041458,1354.5],[-120.893012546,39.998240349814,1354.5],[-120.89303517714,39.998224927112,1354.5],[-120.89304389432,39.998213443905,1354.5],[-120.89304607362,39.99821126461,1354.5],[-120.89306711219,39.998208414763,1355.0],[-120.89310181327,39.998204559088,1355.0],[-120.89328126982,39.998152675107,1352.7],[-120.89364437386,39.998034238815,1351.0],[-120.89372173883,39.998013870791,1351.5],[-120.89390446432,39.997973050922,1346.0],[-120.89399800636,39.997960478067,1346.5],[-120.8940876089,39.997956119478,1346.7],[-120.8942901995,39.997981600463,1351.5],[-120.89438013732,39.998006829992,1350.6],[-120.8944808878,39.998035412282,1349.4],[-120.89456822723,39.998069610447,1351.9],[-120.8946504537,39.998111184686,1350.5],[-120.89472622611,39.998157368973,1353.7],[-120.89479772374,39.998202547431,1352.1],[-120.89491750114,39.998305980116,1351.5],[-120.89497114532,39.998362138867,1354.4],[-120.89501816779,39.998422740027,1352.6],[-120.89516183361,39.998661624268,1355.3],[-120.89520952664,39.998714849353,1354.9],[-120.89526819997,39.998762793839,1354.9],[-120.8953375183,39.998798752204,1357.3],[-120.89542309754,39.998819120228,1356.7],[-120.89551462792,39.998832866549,1356.4],[-120.89560490102,39.998834710568,1356.0],[-120.89568670839,39.998828088865,1355.6],[-120.89576231316,39.998806128278,1355.3],[-120.89584127069,39.998781317845,1351.9],[-120.89592450298,39.998764134943,1351.9],[-120.89601703919,39.99875751324,1351.8],[-120.89619440027,39.99874887988,1351.3],[-120.89646345936,39.998724572361,1352.8],[-120.89653193951,39.998696492985,1353.9],[-120.89659254067,39.998664222658,1355.9],[-120.89664375409,39.99862248078,1355.9],[-120.89668901637,39.998572440818,1356.8],[-120.89673520066,39.998517287895,1355.4],[-120.89677560143,39.998470516875,1357.5],[-120.89681030251,39.998426344246,1356.1],[-120.89683025144,39.998393151909,1356.1],[-120.89683854952,39.998375382274,1356.1],[-120.8968419861,39.998370185494,1356.1],[-120.89683695696,39.998373035342,1356.1],[-120.89684248902,39.998375549912,1356.1],[-120.89684173465,39.998378735036,1356.1],[-120.89685489424,39.998381752521,1356.1],[-120.89685866609,39.998384937644,1356.1],[-120.89686168358,39.998388374224,1356.1],[-120.89686227031,39.998390972614,1356.1],[-120.89686394669,39.998387284577,1356.1],[-120.89686361142,39.998384853825,1356.1],[-120.89686017483,39.998373538256,1356.1],[-120.89686042629,39.998370939866,1356.1],[-120.89686377905,39.998370101675,1356.1],[-120.89686403051,39.99836188741,1356.1],[-120.89686101303,39.998323749751,1355.1],[-120.89686168358,39.998297179118,1355.1],[-120.89686252177,39.998267507181,1355.5],[-120.89681826532,39.99815678224,1356.8],[-120.89678524062,39.998111519963,1356.8],[-120.8967490308,39.99806240201,1356.0],[-120.89671617374,39.998012362048,1356.0],[-120.89668985456,39.997958214954,1357.7],[-120.89666378684,39.997899206355,1356.9],[-120.89662958868,39.997840113938,1356.9],[-120.89657267556,39.997721677646,1355.2],[-120.89654979296,39.997659483925,1356.4],[-120.89649371803,39.997451612726,1354.5],[-120.89647821151,39.997301325202,1354.7],[-120.89642280713,39.99698557891,1355.2],[-120.89639841579,39.996910812333,1353.4],[-120.89636933059,39.996835459024,1355.3],[-120.89633161202,39.996766056865,1358.1],[-120.89629691094,39.996632952243,1356.3],[-120.89627394453,39.996496243402,1357.9],[-120.89628777467,39.996347716078,1357.0],[-120.89632784016,39.996277894825,1356.8],[-120.89637184516,39.996213773265,1351.1],[-120.89642322622,39.996149986982,1355.1],[-120.89646957815,39.996081925929,1352.2],[-120.89650838636,39.99594161287,1363.1],[-120.89648835361,39.995877407491,1358.0],[-120.89645432308,39.995811525732,1362.7],[-120.89642657898,39.995744135231,1364.2],[-120.89639917016,39.995676912367,1355.6],[-120.89639020152,39.995607594028,1355.6],[-120.8963821549,39.995544478297,1353.1],[-120.89638634585,39.995478931814,1349.5],[-120.89642590843,39.995357645676,1348.8],[-120.8964649681,39.995303917676,1344.2],[-120.89651375078,39.995253961533,1347.6],[-120.89657778852,39.995209369808,1342.8],[-120.89665188454,39.995168969035,1346.1],[-120.89673109353,39.995133178309,1349.3],[-120.89680879377,39.995098896325,1347.8],[-120.89688154869,39.995063273236,1347.8],[-120.89695631526,39.995025051758,1346.1],[-120.89711448178,39.994949614629,1352.2],[-120.89726359583,39.994868393987,1352.6],[-120.8973449003,39.994836542755,1347.3],[-120.8974087704,39.994804020971,1349.9],[-120.89747473598,39.994772169739,1352.2],[-120.89754723944,39.994745850563,1348.9],[-120.89768855833,39.994699582458,1351.5],[-120.89775385335,39.994675358757,1354.5],[-120.89781730436,39.994646022096,1356.3],[-120.89787664823,39.994607884437,1356.3],[-120.89791864157,39.994558515027,1360.7],[-120.89793389663,39.994505876675,1360.7],[-120.89791637845,39.99444577843,1361.9],[-120.8978813421,39.994382830337,1359.5],[-120.89784471318,39.994323318824,1359.5],[-120.89781613089,39.994263639674,1356.2],[-120.89781051502,39.994202954695,1356.2],[-120.89781185612,39.994142185897,1355.8],[-120.89782861993,39.994082506746,1358.6],[-120.89784764685,39.994025090709,1358.6],[-120.89786910452,39.993964238092,1355.9],[-120.89788880199,39.99389869161,1353.3],[-120.89789936319,39.993836749345,1353.3],[-120.89790992439,39.993773046881,1352.5],[-120.89792073704,39.99370817095,1352.2],[-120.89792316779,39.993642540649,1352.0],[-120.89792501181,39.993575233966,1352.0],[-120.89793121442,39.993441207334,1356.7],[-120.89794429019,39.993294943124,1357.3],[-120.89793414809,39.993225038052,1358.7],[-120.89788519777,39.993088580668,1354.0],[-120.89786156081,39.993017334491,1354.0],[-120.89788863435,39.992874506861,1349.3],[-120.89799919166,39.992756154388,1349.4],[-120.89805291966,39.992703599855,1349.3],[-120.89811159298,39.992651632056,1352.4],[-120.89822500013,39.992543002591,1352.3],[-120.89828149416,39.992488268763,1348.3],[-120.89834410697,39.992433534935,1351.4],[-120.89840839617,39.992379220203,1350.5],[-120.89852582663,39.992271177471,1349.6],[-120.89858089574,39.99222013168,1348.7],[-120.89868868701,39.99211971648,1350.6],[-120.8987309318,39.992070514709,1350.6],[-120.89876915328,39.992030784488,1353.7],[-120.89880301617,39.991997005418,1353.7],[-120.89883235283,39.991971775889,1353.7],[-120.89886462316,39.991956604645,1356.0],[-120.89891198091,39.991949815303,1356.0],[-120.89897023514,39.99195442535,1355.9],[-120.89909579605,39.991988874972,1354.4],[-120.89914759621,39.992021648213,1353.6],[-120.89919394813,39.99206867069,1353.6],[-120.89923610911,39.992125248536,1351.1],[-120.89927097782,39.992188867182,1350.8],[-120.89930618182,39.992254581302,1349.5],[-120.89935789816,39.992388691753,1351.4],[-120.89938589372,39.992448538542,1352.9],[-120.89945135638,39.992562783882,1352.8],[-120.89947197586,39.992617350072,1352.8],[-120.89948697947,39.992671245709,1352.0],[-120.89950449765,39.992724303156,1352.0],[-120.89952637441,39.992778701708,1353.7],[-120.8995412942,39.992825640365,1353.7],[-120.89955721982,39.992872159928,1354.7],[-120.89958387427,39.992915913463,1352.2],[-120.89960759506,39.99296285212,1353.3],[-120.8996795956,39.993143901229,1352.6],[-120.89974380098,39.99326149933,1353.7],[-120.89978210628,39.993318915367,1353.0],[-120.89989936911,39.993414552882,1352.8],[-120.90021897107,39.993655616418,1352.7],[-120.90033472516,39.993849573657,1356.0],[-120.90034972876,39.993916042149,1356.0],[-120.90035283007,39.993984689936,1357.2],[-120.90034176596,39.994290713221,1358.1],[-120.90033606626,39.994823299348,1356.2],[-120.90033195913,39.994976436719,1356.0],[-120.90038652532,39.995104596019,1356.0],[-120.90043438599,39.995149271563,1354.3],[-120.9005009383,39.995170980692,1352.9],[-120.90058148839,39.995178021491,1352.9],[-120.90066505596,39.995179111138,1351.9],[-120.90083546005,39.995176428929,1350.4],[-120.90092808008,39.9951789435,1350.2],[-120.90111466125,39.995195204392,1349.7],[-120.90121105313,39.995216578245,1349.3],[-120.90130233206,39.995247256011,1352.3],[-120.90154582635,39.995362004265,1353.7],[-120.90162453242,39.995410116389,1353.2],[-120.90177146718,39.995510531589,1354.9],[-120.90184581466,39.995553949848,1355.6],[-120.90197774582,39.995654029772,1356.0],[-120.90208604001,39.995790570974,1354.7],[-120.90217170306,39.995929542929,1354.9],[-120.90222761035,39.996079998091,1356.0],[-120.90222995728,39.996161218733,1356.0],[-120.90222031809,39.996327767149,1356.2],[-120.90218846686,39.996410328895,1355.6],[-120.9021556098,39.996472103521,1354.9],[-120.90211998671,39.996561706066,1356.3],[-120.90211998671,39.996634209529,1355.7],[-120.90214387514,39.996684081852,1355.7],[-120.90219810605,39.996722051874,1353.8],[-120.90227664448,39.99675180763,1352.8],[-120.90236985125,39.996766811237,1352.3],[-120.90245434083,39.996799584478,1351.7],[-120.90253824368,39.996837722138,1354.6],[-120.90262197889,39.996878709644,1353.7],[-120.90270018205,39.996917434037,1355.4],[-120.90277377516,39.996958170086,1354.4],[-120.9028964024,39.997071661055,1355.3],[-120.90293923393,39.997138464823,1355.3],[-120.90296018869,39.997214572504,1356.3],[-120.90296756476,39.997295960784,1356.9],[-120.90297167189,39.997372152284,1357.1],[-120.90296999551,39.997450606897,1357.3],[-120.90298877098,39.997697370127,1357.1],[-120.90301509015,39.997772220522,1356.7],[-120.90305079706,39.997837515548,1353.5],[-120.9031060338,39.997889399529,1351.3],[-120.90318189003,39.997927956283,1352.1],[-120.90326637961,39.997971206903,1351.4],[-120.90334407985,39.998009093106,1353.1],[-120.90342454612,39.998047733679,1353.1],[-120.90373710729,39.998223250732,1355.4],[-120.9038128797,39.99825979583,1355.0],[-120.9038935136,39.998288378119,1355.9],[-120.90397431515,39.998306399211,1355.5],[-120.90406106785,39.998321318999,1355.1],[-120.90414941311,39.99833330512,1354.6],[-120.90443355963,39.998374208808,1354.9],[-120.90451042168,39.998375969008,1354.7],[-120.90470982715,39.998374711722,1354.7],[-120.90480688959,39.998365743086,1353.0],[-120.9051231388,39.998349566013,1353.3],[-120.90532405302,39.998361719772,1352.9],[-120.90548356064,39.998417710885,1353.9],[-120.90557584539,39.998463895172,1354.7],[-120.90564893559,39.998514689505,1354.1],[-120.9057207685,39.998566070572,1354.4],[-120.90599670075,39.99878006056,1354.0],[-120.90605621226,39.998832279816,1353.4],[-120.90611077845,39.998889612034,1354.0],[-120.90616978705,39.999019950628,1354.0],[-120.90617666021,39.999079126865,1354.6],[-120.90617716312,39.999164873734,1355.1],[-120.90617121197,39.999238299206,1355.5],[-120.90617339127,39.999298732728,1355.8],[-120.90617598966,39.999389089644,1355.8],[-120.9061757382,39.999615317211,1355.4],[-120.90617506765,39.999685976654,1355.1],[-120.90616777539,39.999827295542,1354.7],[-120.90616199188,39.999891920015,1354.7],[-120.9061501734,40.000033574179,1354.1],[-120.90613776818,40.000102557242,1353.7],[-120.90612662025,40.000168606639,1353.4],[-120.90611413121,40.000236248598,1352.8],[-120.90609451756,40.000302549452,1352.8],[-120.90606115758,40.000364491716,1352.3],[-120.90601488948,40.000415034592,1352.6],[-120.90595822781,40.000457027927,1353.2],[-120.90589703992,40.000503128394,1353.5],[-120.90585102327,40.00054336153,1354.3],[-120.90578078292,40.000664731488,1356.4],[-120.90577525087,40.000726422295,1357.0],[-120.90579134412,40.000787023455,1357.8],[-120.90583057143,40.000859694555,1356.8],[-120.90586669743,40.000925492495,1357.1],[-120.9059008956,40.000989697874,1355.1],[-120.90607414953,40.001391777769,1355.2],[-120.90617875569,40.001589842141,1356.5],[-120.90630155057,40.00184875913,1357.8],[-120.90633625165,40.001995358616,1359.2],[-120.90634580702,40.002062413841,1359.2],[-120.90639115311,40.002255700529,1358.5],[-120.90643960051,40.00240623951,1358.9],[-120.90646306984,40.002473965287,1356.8],[-120.90648025274,40.002543618903,1356.4],[-120.90648846701,40.00261737965,1356.4],[-120.90648033656,40.00268753618,1355.7],[-120.90639886446,40.00288752839,1356.4],[-120.90632359497,40.003007557243,1356.2],[-120.9062884748,40.003066230565,1356.2],[-120.9062532708,40.003120964393,1357.3],[-120.90617121197,40.003228671849,1358.3],[-120.90613642707,40.003287764266,1357.9],[-120.90610885061,40.00334459357,1357.9],[-120.90610072017,40.003393124789,1359.7],[-120.90611966327,40.003437967971,1359.7],[-120.9061581362,40.003467723727,1362.6],[-120.90621387586,40.00347786583,1362.5],[-120.90627866797,40.003474093974,1362.4],[-120.90659944341,40.003398405388,1357.8],[-120.90668871067,40.003387676552,1357.4],[-120.906882165,40.003405613825,1356.4],[-120.90697444975,40.003430675715,1355.8],[-120.90705776587,40.003469400108,1359.4],[-120.90713504702,40.003525894135,1358.0],[-120.90720268898,40.003587417305,1359.3],[-120.90726220049,40.003645755351,1361.4],[-120.90732045472,40.003710296005,1359.4],[-120.90736655518,40.00377735123,1360.9],[-120.90751181357,40.003962088376,1360.0],[-120.90755187906,40.00401539728,1360.0],[-120.90761080384,40.004094773903,1359.6],[-120.90769328177,40.004219580442,1359.4],[-120.90774399228,40.004383530468,1359.9],[-120.9077335149,40.004456369206,1360.3],[-120.90770669281,40.004530884326,1360.4],[-120.90769294649,40.004600957036,1360.4],[-120.90767484158,40.004662228748,1360.4],[-120.90765413828,40.004716794938,1361.6],[-120.90764081106,40.004772786051,1361.6],[-120.90763293207,40.004824334756,1361.3],[-120.9076348599,40.004872530699,1361.3],[-120.90764952824,40.00491485931,1361.3],[-120.90768565424,40.004944866523,1360.9],[-120.90773896314,40.004962636158,1362.2],[-120.90779528953,40.004963558167,1362.7],[-120.9078550525,40.004945285618,1361.2],[-120.90804029256,40.004845205694,1358.0],[-120.90811195783,40.004819137976,1358.0],[-120.90818655677,40.00480832532,1357.3],[-120.90828177519,40.004816791043,1356.4],[-120.90836131945,40.004831040278,1354.9],[-120.9084284585,40.004861298949,1353.3],[-120.90847271495,40.004887701944,1356.1],[-120.90854010545,40.004937993363,1354.9],[-120.90858503245,40.004991386086,1355.3],[-120.9086147882,40.005054082721,1355.3],[-120.90862719342,40.005112085491,1357.0],[-120.90862526558,40.005169166252,1358.6],[-120.90860757977,40.005224151537,1358.6],[-120.90858134441,40.005276286975,1361.9],[-120.90856290422,40.00533211045,1361.9],[-120.90855343267,40.005391370505,1362.2],[-120.90855997056,40.005518272519,1362.1],[-120.90858343989,40.00557099469,1362.5],[-120.90863113292,40.005601253361,1361.3],[-120.90869944543,40.005608377978,1359.9],[-120.90877404436,40.005609719083,1359.9],[-120.90885132551,40.005593039095,1358.3],[-120.9089076519,40.005597732961,1356.8],[-120.90899180621,40.005613071844,1355.4],[-120.90905223973,40.005642576143,1357.4],[-120.90909347869,40.005690855905,1354.7],[-120.90911476873,40.005746679381,1357.0],[-120.90911770239,40.005807112902,1358.1],[-120.90909766965,40.005867546424,1358.1],[-120.90906363912,40.005921693519,1359.8],[-120.90901435353,40.005970727652,1362.6],[-120.90896741487,40.006018672138,1362.2],[-120.90892567299,40.006074076518,1363.5],[-120.90888292529,40.006131995469,1363.5],[-120.90885166079,40.006192596629,1364.3],[-120.90883062221,40.006252024323,1364.3],[-120.90881578624,40.006311787292,1363.1],[-120.90881025419,40.006364677101,1362.2],[-120.90880949982,40.006411783397,1362.2],[-120.90882081538,40.00645654276,1361.8],[-120.90886289254,40.006483532488,1361.8],[-120.90891133994,40.006495015696,1361.6],[-120.90897755697,40.00649727881,1361.6],[-120.90905936435,40.006488393992,1362.0],[-120.90912834741,40.006472887471,1362.0],[-120.90920303017,40.006457045674,1362.2],[-120.90927511454,40.006438689306,1361.0],[-120.90934141539,40.006410442293,1361.3],[-120.90940117836,40.006375825033,1361.3],[-120.90944568627,40.006345482543,1360.2],[-120.90951785445,40.006309524179,1360.2],[-120.90958801098,40.006289323792,1362.5],[-120.90966965072,40.006277756765,1364.6],[-120.90974919498,40.006283540279,1366.0],[-120.90980552137,40.00630156137,1366.6],[-120.90988925658,40.006334669888,1366.6],[-120.90995647945,40.006366353482,1369.3],[-120.91002361849,40.006400803104,1368.6],[-120.91008908115,40.006431899965,1367.3],[-120.91014775448,40.00646517612,1370.0],[-120.91020734981,40.006500044838,1368.7],[-120.91025814414,40.006526950747,1367.1],[-120.91032855213,40.006573302671,1369.7],[-120.91046241112,40.006718058139,1368.6],[-120.91050088406,40.006771953776,1371.3],[-120.91054748744,40.006827106699,1368.9],[-120.91059157625,40.006875889376,1371.6],[-120.91063180938,40.006925007328,1369.1],[-120.91067472473,40.006971443072,1371.8],[-120.91071621515,40.007016789168,1374.6],[-120.91075921431,40.007062805817,1371.5],[-120.91080062091,40.007112594321,1374.3],[-120.9108454641,40.007164310664,1371.3],[-120.91088963673,40.007211919874,1374.5],[-120.9109296184,40.007256595418,1371.8],[-120.91097261757,40.007305964828,1375.1],[-120.91101553291,40.007347790524,1375.1],[-120.9110630583,40.007387688383,1375.5],[-120.9111062251,40.007434962317,1375.5],[-120.91114955954,40.00749011524,1375.7],[-120.91118870303,40.007546944544,1375.7],[-120.91122801416,40.007602600381,1375.9],[-120.91126640327,40.007659094408,1378.6],[-120.9112885315,40.00771257095,1378.6],[-120.91130931862,40.007761353627,1377.5],[-120.91133312322,40.007811728865,1377.5],[-120.91135608964,40.007861768827,1379.4],[-120.911374446,40.007912060246,1379.4],[-120.91139179654,40.007962267846,1381.1],[-120.91141224839,40.008013481274,1377.3],[-120.91143529862,40.008066538721,1378.4],[-120.91145742685,40.008117333055,1379.2],[-120.91148349456,40.008163014427,1379.2],[-120.91151861474,40.008205343038,1377.4],[-120.91155742295,40.008245324716,1377.4],[-120.91160092503,40.008281618357,1375.6],[-120.91164736077,40.008312044665,1377.6],[-120.91170318425,40.008332747966,1378.0],[-120.91176328249,40.008347835392,1378.6],[-120.91182916425,40.008356217295,1378.6],[-120.91188658029,40.008357055485,1379.2],[-120.91197542846,40.008355211467,1379.6],[-120.91205522418,40.008352110162,1380.0],[-120.9121346008,40.008344147354,1380.3],[-120.9122072719,40.008338531479,1380.3],[-120.91228547506,40.008331658319,1380.5],[-120.91235747561,40.008322186768,1380.8],[-120.9124309849,40.008321600035,1380.9],[-120.91251002625,40.008322941139,1381.1],[-120.91258613393,40.008334759623,1381.1],[-120.91265838593,40.008348422125,1381.2],[-120.91274421662,40.008341548964,1381.1],[-120.91281437315,40.008334089071,1381.1],[-120.91287631541,40.008315816522,1381.2],[-120.91292451136,40.008287904784,1379.2],[-120.91297354549,40.008255215362,1379.3],[-120.91300698929,40.008229315281,1379.3],[-120.91305820271,40.008196290582,1377.9],[-120.91310220771,40.008175503463,1377.9],[-120.91314629652,40.008155303076,1377.9],[-120.91319516301,40.008134935051,1378.0],[-120.91324687935,40.008113142103,1377.2],[-120.91328836977,40.008095875382,1377.2],[-120.91333405115,40.008074752986,1377.2],[-120.91337671503,40.00805019401,1377.6],[-120.91341787018,40.008020102978,1376.7],[-120.91345701367,40.007983809337,1377.0],[-120.91349674389,40.007948437706,1377.0],[-120.91354586184,40.007908875123,1376.5],[-120.91359472834,40.007875515148,1376.5],[-120.91363965534,40.007842574269,1376.8],[-120.91368139721,40.007808292285,1376.2],[-120.91384836473,40.007679294795,1375.7],[-120.91389505193,40.007660938427,1375.8],[-120.91403477825,40.007618442178,1374.9],[-120.91410116293,40.007603438571,1375.0],[-120.91423477046,40.007574856281,1375.1],[-120.91430752538,40.007565636188,1375.2],[-120.91438354924,40.007558679208,1374.5],[-120.91468320228,40.007548788562,1374.6],[-120.91475822031,40.0075524766,1374.4],[-120.9149132017,40.007579969242,1374.9],[-120.91498461552,40.007600840181,1374.9],[-120.91505468823,40.007638223469,1374.6],[-120.91511822306,40.007676444948,1375.2],[-120.9152267687,40.007761521265,1375.9],[-120.91527647339,40.007809884846,1375.9],[-120.91531511396,40.007862439379,1376.4],[-120.91537613422,40.007977774367,1377.0],[-120.91541200876,40.008089588955,1378.3],[-120.91542491689,40.008141808212,1380.2],[-120.91543849558,40.008192267269,1380.2],[-120.91545240954,40.008247671649,1382.2],[-120.91546540149,40.008301902562,1382.2],[-120.91548325494,40.008353115991,1384.1],[-120.91550798155,40.008403323591,1385.6],[-120.91554117389,40.008450346068,1385.6],[-120.91557713225,40.008479934186,1385.8],[-120.915642092,40.008512791246,1387.1],[-120.91570520774,40.008522346616,1387.5],[-120.91577393934,40.008517149836,1387.9],[-120.91584535316,40.00850122422,1387.9],[-120.91591483913,40.00847959891,1386.3],[-120.91598407365,40.008455207571,1386.4],[-120.91604819521,40.008428301662,1386.2],[-120.91611030512,40.008404916152,1386.2],[-120.91617006809,40.008388822898,1383.1],[-120.91623226181,40.008378010243,1383.1],[-120.91629462317,40.008374489844,1382.5],[-120.91635446995,40.008373484015,1382.0],[-120.91640903614,40.00838438049,1382.0],[-120.91646754183,40.008403323591,1384.5],[-120.91652613133,40.008423440158,1383.8],[-120.91658220626,40.008441712707,1383.8],[-120.91663626954,40.008461074904,1383.1],[-120.91674959287,40.008516563103,1385.1],[-120.9169443883,40.008564004675,1383.3],[-120.91708579101,40.008605578914,1383.7],[-120.91721369885,40.00866827555,1382.5],[-120.91727304272,40.008697612211,1383.6],[-120.91732408851,40.008730050176,1383.6],[-120.91738066636,40.008765002713,1382.2],[-120.9174306225,40.008806660771,1384.4],[-120.91746565886,40.008838595822,1383.0],[-120.9175138548,40.008887210861,1385.1],[-120.91754964553,40.008932054043,1384.2],[-120.91758015566,40.008972706273,1385.9],[-120.91760991141,40.00901193358,1385.9],[-120.91764134355,40.00905434601,1385.1],[-120.91766456142,40.009096842259,1386.8],[-120.91770781204,40.009160544723,1388.0],[-120.91773907654,40.009185019881,1387.4],[-120.91777109541,40.009202454239,1387.4],[-120.91780864634,40.009212261066,1387.4],[-120.91784611344,40.009215781465,1386.8],[-120.91788609512,40.009216703475,1386.8],[-120.91791518033,40.00920672901,1386.7],[-120.91794937849,40.009194491431,1386.7],[-120.91798106208,40.009176051244,1386.7],[-120.9180110693,40.009150067344,1385.8],[-120.91804744676,40.009119473398,1385.8],[-120.91812221333,40.009056190029,1385.2],[-120.91818474233,40.008981591091,1385.2],[-120.91822413728,40.008938089013,1384.2],[-120.91832270846,40.008868351579,1382.6],[-120.91838414781,40.008838092908,1383.3],[-120.91849017888,40.008786795661,1384.0],[-120.91854114085,40.008770953864,1381.7],[-120.91859352775,40.008762907237,1382.6],[-120.91865396127,40.008761063218,1383.3],[-120.91872596182,40.008769109845,1383.3],[-120.91881162487,40.008781431243,1383.9],[-120.91889862902,40.008799703792,1386.2],[-120.91906886548,40.008853264153,1386.4],[-120.91918068007,40.00887514092,1386.4],[-120.91927028261,40.008889222518,1388.0],[-120.91935535893,40.008892072365,1387.9],[-120.91944186017,40.00889073126,1387.8],[-120.9195274394,40.008885115385,1386.6],[-120.91983446851,40.008813533932,1387.1],[-120.920043597,40.008832477033,1386.2],[-120.92012607493,40.008853767067,1385.8],[-120.9201902803,40.008873129264,1385.8],[-120.92027007602,40.008897101507,1387.4],[-120.92043201439,40.008954769,1386.9],[-120.92050652951,40.008985782042,1387.8],[-120.92057266273,40.009013777599,1387.8],[-120.92063787393,40.009041186422,1387.0],[-120.92083074152,40.009133722633,1387.0],[-120.92095898464,40.009147385135,1386.1],[-120.92102545314,40.009136907756,1386.1],[-120.92109099962,40.009119389579,1385.9],[-120.92115570791,40.009093405679,1386.1],[-120.92121572234,40.00906390138,1383.0],[-120.92126006261,40.009041773155,1383.0],[-120.92132108286,40.009015286341,1383.0],[-120.9213864617,40.008999947459,1383.2],[-120.92144614086,40.0090049766,1383.1],[-120.92149852775,40.009027859196,1383.1],[-120.92153985053,40.009065326303,1382.3],[-120.92156675644,40.009115366265,1385.5],[-120.92158134095,40.009171022102,1385.5],[-120.92160506174,40.009304126725,1389.8],[-120.92162291519,40.009364644065,1388.6],[-120.92164345086,40.009489702061,1389.1],[-120.92165979557,40.009624985978,1389.5],[-120.92167303897,40.009692963213,1390.0],[-120.92172123492,40.009892033413,1388.3],[-120.92172961682,40.009955819696,1388.5],[-120.92173137702,40.010016672313,1387.9],[-120.92168896459,40.01013644971,1389.8],[-120.92165241949,40.010181209072,1389.8],[-120.92159165069,40.010243821889,1390.0],[-120.92154169455,40.010293191299,1386.7],[-120.92149207368,40.010340549052,1389.8],[-120.92145016417,40.010381955653,1386.7],[-120.92139299959,40.010447753593,1389.6],[-120.92134480365,40.010575409979,1387.1],[-120.92133373953,40.010636849329,1387.1],[-120.9213313926,40.010696863756,1387.0],[-120.92132862657,40.010756123811,1386.9],[-120.92131974176,40.010813707486,1391.5],[-120.92130842619,40.010873638093,1389.9],[-120.92128713615,40.010932311416,1387.8],[-120.92122904956,40.01103842631,1390.3],[-120.92120113783,40.011084945872,1390.3],[-120.92117783614,40.011131297797,1387.3],[-120.92115336098,40.01118209213,1387.3],[-120.9210645128,40.011324668303,1385.2],[-120.92103475705,40.01136909239,1388.9],[-120.9210041631,40.011412091553,1385.9],[-120.92088773847,40.011544441804,1386.8],[-120.92080517672,40.01163396053,1387.5],[-120.92076041736,40.011675450951,1384.3],[-120.92070677318,40.011715767905,1387.7],[-120.92065027915,40.01175256446,1391.2],[-120.92058951035,40.011783577502,1386.3],[-120.92052119784,40.011807801202,1388.8],[-120.92044735327,40.011824565008,1390.5],[-120.92037015595,40.011835126206,1391.5],[-120.92029874213,40.011845687404,1391.5],[-120.92015708797,40.01187980175,1387.0],[-120.92001090758,40.011920286343,1389.6],[-120.91966372915,40.012070992962,1389.5],[-120.91961930506,40.012113489211,1394.2],[-120.91958418489,40.01216118224,1390.3],[-120.91955241747,40.01221306622,1395.4],[-120.91952023096,40.012265956029,1391.4],[-120.91945133172,40.012374753132,1391.4],[-120.91940749437,40.012425128371,1386.5],[-120.91935577802,40.012471564114,1389.5],[-120.91929953545,40.012504924089,1389.5],[-120.91923960485,40.012535769492,1387.4],[-120.919174226,40.012565944344,1390.3],[-120.91903315857,40.012635597959,1388.1],[-120.91890022159,40.012722266838,1389.0],[-120.91883475892,40.012764930725,1389.0],[-120.91877373867,40.012805080041,1386.4],[-120.91871917248,40.012842128053,1387.9],[-120.91865580529,40.012874733657,1387.9],[-120.91858346947,40.012901220471,1383.7],[-120.91850493103,40.012919576839,1384.3],[-120.91842253692,40.012932317331,1384.7],[-120.9183378797,40.012939441949,1385.2],[-120.91825741343,40.012942207977,1385.2],[-120.91792012565,40.0129731372,1390.1],[-120.91775206849,40.01302761957,1389.9],[-120.91728368774,40.013163238764,1385.2],[-120.91712702997,40.013211602345,1387.1],[-120.91705637053,40.013242699206,1387.1],[-120.91700373217,40.013288296759,1387.0],[-120.91696634889,40.013345461339,1386.3],[-120.91694237664,40.013407822698,1389.3],[-120.91693047434,40.013474291191,1388.7],[-120.91692603193,40.013536065817,1388.4],[-120.91691739857,40.013595744967,1388.4],[-120.91691236943,40.013661542907,1388.3],[-120.91694631614,40.013786600903,1388.6],[-120.9169690311,40.013840999454,1386.4],[-120.91699828394,40.013890033588,1387.8],[-120.91702569276,40.013941666111,1387.8],[-120.91704446822,40.013998579234,1389.2],[-120.9170954302,40.014176610857,1386.6],[-120.91710213572,40.014238636941,1386.6],[-120.91708587483,40.014292784035,1385.4],[-120.91705159284,40.014338381588,1385.4],[-120.91700624675,40.014380123466,1386.2],[-120.91695226729,40.014419853687,1389.0],[-120.91689141467,40.014457153156,1384.3],[-120.91683072969,40.014485651627,1386.3],[-120.91676576994,40.014510210603,1386.3],[-120.91669343412,40.014537619427,1383.3],[-120.91639269143,40.01463862136,1382.8],[-120.91590117663,40.014778263867,1387.2],[-120.9158380609,40.014811959118,1387.2],[-120.91579087079,40.014847833663,1388.3],[-120.91576304287,40.014894520864,1388.3],[-120.91575591825,40.014949087054,1388.0],[-120.91577008367,40.015084119514,1388.9],[-120.91577804647,40.015154192224,1388.9],[-120.91577578336,40.015220073983,1389.2],[-120.9157587681,40.015285955742,1388.3],[-120.91569556855,40.015416210517,1389.6],[-120.91565332375,40.015479410067,1386.4],[-120.9155989252,40.01553632319,1388.5],[-120.91554217972,40.015593823045,1387.9],[-120.91549113393,40.015653669834,1385.9],[-120.91540287249,40.015772189945,1386.7],[-120.91536431573,40.015826839954,1387.1],[-120.91532374732,40.015884758905,1387.1],[-120.91528317891,40.015936139971,1385.0],[-120.9152461309,40.015984000638,1387.1],[-120.91521285474,40.016037896276,1385.7],[-120.91518661939,40.016093552113,1387.7],[-120.91516457498,40.016150465235,1387.7],[-120.91514521278,40.016212491319,1387.1],[-120.91505611315,40.016458919272,1387.9],[-120.91500246897,40.01669713296,1386.6],[-120.91500246897,40.016754800454,1386.3],[-120.91501445509,40.016808528453,1386.3],[-120.91504798271,40.016859825701,1386.2],[-120.91509844176,40.016905507073,1386.2],[-120.9151624795,40.016944315284,1385.7],[-120.91523020528,40.016960995272,1385.8],[-120.91529382393,40.016958145425,1386.1],[-120.91535869986,40.016937945038,1386.1],[-120.91548568569,40.016877092421,1384.3],[-120.91554896906,40.016837697476,1384.3],[-120.91561870649,40.016793776304,1382.2],[-120.91568995267,40.016754129902,1383.1],[-120.91576413251,40.0167109631,1381.3],[-120.91600720771,40.016518514603,1377.4],[-120.91605188325,40.016460428014,1378.7],[-120.91612354852,40.016415081918,1374.9],[-120.91630878858,40.016350625083,1377.8],[-120.91640710831,40.016323970631,1375.5],[-120.91653007083,40.016310811043,1378.5],[-120.91664272361,40.01630410552,1379.8],[-120.91675085016,40.016305195168,1381.2],[-120.91684447601,40.016298741102,1382.4],[-120.9169219248,40.01628591679,1383.7],[-120.91716013849,40.016243755817,1384.8],[-120.91723876074,40.01622623764,1384.8],[-120.91731688008,40.016214251518,1387.1],[-120.91740187258,40.016212910414,1389.0],[-120.91748686507,40.016218358651,1390.1],[-120.91757495888,40.016229506582,1390.4],[-120.91799623333,40.016284156591,1393.9],[-120.91808256693,40.016300920397,1393.1],[-120.91842656024,40.016409382224,1393.4],[-120.91851742007,40.016445759684,1395.5],[-120.91861565597,40.016534524038,1395.1],[-120.91864557937,40.016594538465,1392.3],[-120.91865362599,40.016658324748,1393.4],[-120.91864809394,40.01672739163,1393.6],[-120.91863887385,40.01679670997,1396.9],[-120.91863024049,40.016864938661,1397.3],[-120.91860459186,40.017000809312,1396.7],[-120.91854583472,40.017209518701,1398.9],[-120.91852169484,40.017276657745,1397.7],[-120.91837861575,40.017597097903,1396.8],[-120.91834919527,40.017653591931,1398.7],[-120.91829529963,40.017773285508,1396.5],[-120.91826948337,40.01782852225,1398.7],[-120.91821131296,40.017937403172,1396.6],[-120.91817946173,40.017992053181,1401.2],[-120.91814501211,40.018048714846,1399.0],[-120.91811190359,40.018106633797,1396.8],[-120.91808089055,40.018156003207,1401.3],[-120.91805038042,40.018198750913,1399.2],[-120.91801433824,40.018243007362,1399.2],[-120.91798416339,40.018288772553,1402.1],[-120.91794962995,40.018421290442,1400.6],[-120.91794971377,40.018473593518,1399.1],[-120.91794786975,40.018520532176,1399.1],[-120.91795474291,40.018574763089,1398.5],[-120.91795985587,40.018614158034,1398.5],[-120.91796882451,40.018657324836,1398.6],[-120.91803629883,40.01873142086,1395.4],[-120.91807619669,40.01876687631,1396.2],[-120.91810779646,40.018780790269,1396.2],[-120.91813696548,40.01878942363,1396.2],[-120.91816244647,40.01878942363,1395.0],[-120.91818482615,40.018789675087,1395.0],[-120.91820150614,40.018785400316,1395.0],[-120.91821826994,40.018781879917,1395.0],[-120.91822983697,40.01878246665,1395.0],[-120.91823461466,40.018782969564,1395.0],[-120.91826797463,40.018757823855,1393.8],[-120.91829773039,40.0187470112,1393.8],[-120.91837962158,40.018724547699,1391.3],[-120.91842622496,40.018707951531,1391.3],[-120.91855212115,40.018661012873,1395.3],[-120.91880667955,40.018575768918,1395.2],[-120.91886082664,40.018566213548,1396.4],[-120.91894296929,40.018547521904,1393.9],[-120.91901505366,40.018531680107,1394.3],[-120.91920959763,40.01848381944,1395.2],[-120.9192781616,40.018473761156,1392.1],[-120.91943901032,40.01847778447,1392.0],[-120.91950799339,40.018491279334,1394.9],[-120.91957530007,40.018511814997,1394.4],[-120.91963615268,40.018533105031,1394.4],[-120.91969373636,40.018560597673,1393.7],[-120.91975416988,40.018593873829,1395.9],[-120.91980907135,40.018632262945,1395.9],[-120.91984896921,40.018663778901,1394.5],[-120.92004745267,40.018847342581,1396.3],[-120.92009011656,40.018878104165,1399.7],[-120.92020737939,40.018958318979,1401.0],[-120.92034425586,40.018998971209,1396.7],[-120.92041105963,40.019012801349,1395.9],[-120.9204585012,40.019016992301,1395.9],[-120.9205091279,40.019010873511,1396.4],[-120.92055162415,40.018987990916,1396.4],[-120.92058624141,40.018948176876,1396.2],[-120.92060694471,40.018903082237,1396.2],[-120.92061012983,40.018849857152,1395.0],[-120.92059697025,40.018798559904,1395.0],[-120.92059034854,40.01874265261,1394.4],[-120.92059210874,40.018692528829,1393.9],[-120.92059906572,40.018596807495,1392.8],[-120.92061205767,40.018548276275,1392.8],[-120.92062815093,40.018497481942,1391.6],[-120.92064977624,40.018447609618,1391.6],[-120.92067995109,40.018398407847,1393.1],[-120.92070735991,40.018360437825,1393.1],[-120.9207548853,40.018306039274,1392.4],[-120.92077885754,40.018265470862,1395.5],[-120.92080526054,40.018235715106,1395.5],[-120.92080350034,40.01820160076,1394.8],[-120.92080232687,40.018154494464,1394.8],[-120.92080928385,40.018106047064,1394.1],[-120.92081624083,40.018072351813,1394.1],[-120.92083753087,40.018032705411,1392.7],[-120.92086259276,40.017999010161,1394.4],[-120.92090626247,40.017976630479,1394.4],[-120.92097516172,40.017973612994,1395.7],[-120.92104456387,40.017971433699,1396.4],[-120.92111187056,40.01797218807,1396.4],[-120.92117641121,40.017982162535,1396.6],[-120.92122167349,40.017993561924,1396.5],[-120.92127850279,40.018006805331,1396.5],[-120.92135008425,40.018022730947,1396.1],[-120.92141068541,40.018038237467,1399.5],[-120.92146927491,40.018058102578,1399.5],[-120.92152828351,40.018077548593,1399.0],[-120.92157874256,40.018091294914,1399.0],[-120.921639679,40.01811250113,1398.4],[-120.92168611474,40.018130522221,1403.0],[-120.92172458768,40.0181427598,1403.0],[-120.92178007588,40.018166815862,1402.1],[-120.92181058601,40.018186513335,1402.1],[-120.92184939422,40.018210737035,1400.8],[-120.92188644223,40.01823018305,1405.9],[-120.92193304561,40.018248539418,1405.9],[-120.92197587714,40.018263375387,1404.5],[-120.92202030122,40.01829078421,1404.5],[-120.92206397094,40.01831416972,1402.9],[-120.9221109096,40.018336465582,1407.5],[-120.92215524986,40.018358593807,1405.8],[-120.9222073853,40.018383907154,1405.8],[-120.92224099673,40.018402263522,1404.0],[-120.92228449881,40.018428331241,1408.2],[-120.92232909054,40.018454734236,1408.2],[-120.92237376608,40.018480885774,1406.5],[-120.92241726816,40.018503852189,1410.6],[-120.92246051878,40.018527824432,1408.7],[-120.92251357622,40.018558669835,1408.7],[-120.92254727148,40.018580211326,1407.2],[-120.92260116711,40.018611392006,1412.0],[-120.92264140025,40.018632179126,1410.8],[-120.9226918593,40.018657660112,1410.8],[-120.92274039052,40.018680542707,1409.5],[-120.92278850265,40.018701246008,1414.8],[-120.9228477627,40.018727229908,1413.7],[-120.92289771885,40.018749274313,1413.7],[-120.92294147238,40.01877291128,1412.5],[-120.92297483236,40.018795123324,1418.0],[-120.92301104218,40.018817754462,1416.7],[-120.92303610407,40.018834769726,1416.7],[-120.92307625338,40.01885689795,1416.7],[-120.92310659587,40.018869973719,1415.4],[-120.92313442379,40.018882295117,1415.4],[-120.92317415401,40.018904758617,1420.5],[-120.92320818454,40.018919175491,1418.8],[-120.92323685065,40.018928060308,1418.8],[-120.92327498831,40.018948260695,1416.9],[-120.92330751009,40.01896594651,1416.9],[-120.92334204353,40.01898153685,1421.5],[-120.92337791808,40.018987404183,1419.0],[-120.92340767384,40.019009867683,1419.0],[-120.92343114316,40.019035432488,1419.0],[-120.92346047983,40.019078012556,1423.2],[-120.92348378152,40.019113635644,1420.2],[-120.9235114418,40.019141212106,1420.2],[-120.92354329303,40.019167112187,1424.0],[-120.92357204296,40.019199633971,1420.4],[-120.92360422947,40.019236849621,1420.4],[-120.923630381,40.019263001159,1423.8],[-120.92366022058,40.019309101626,1420.2],[-120.9236823488,40.019350843504,1423.3],[-120.92370925471,40.01939099282,1423.3],[-120.92373238876,40.019431896508,1425.8],[-120.92375476845,40.019465759397,1421.7],[-120.92377421446,40.019499873742,1421.7],[-120.92378041707,40.019525103271,1423.5],[-120.92379206792,40.019573885947,1423.5],[-120.92380179092,40.019615376368,1425.4],[-120.92380673625,40.019649993628,1425.4],[-120.92382090166,40.0196991954,1425.4],[-120.92381989583,40.019742278382,1427.1],[-120.92381587252,40.019781673327,1427.1],[-120.92381863855,40.019836155698,1428.3],[-120.92382299714,40.019889213145,1428.3],[-120.92384235933,40.019931374118,1429.7],[-120.923845293,40.019967332482,1429.7],[-120.92384302989,40.020004883409,1430.7],[-120.92384671792,40.020028520375,1430.7],[-120.92386616394,40.020064059645,1426.9],[-120.92386800796,40.02010865137,1428.9],[-120.92386901379,40.020134467632,1428.9],[-120.92388418503,40.020168833435,1428.9],[-120.92390262522,40.020200684667,1430.9],[-120.92392969877,40.020228512585,1430.9],[-120.92396364547,40.020245863125,1427.9],[-120.92399558052,40.020257346332,1427.9],[-120.92402634211,40.020274445415,1431.3],[-120.92405810952,40.020287521183,1429.7],[-120.92408945784,40.020297914743,1429.7],[-120.92412977479,40.020308643579,1429.7],[-120.92417201959,40.020317444578,1428.1],[-120.924222311,40.020336220041,1428.1],[-120.92426690273,40.020354995504,1426.5],[-120.92431342229,40.020367652178,1431.2],[-120.92435918748,40.020385421813,1430.2],[-120.92440101318,40.020405370742,1430.2],[-120.92443387024,40.020423308015,1428.8],[-120.92448265292,40.020449375734,1428.8],[-120.924517354,40.020467313007,1431.6],[-120.92456521466,40.020492626354,1431.6],[-120.92459756881,40.020512659103,1431.6],[-120.92463838868,40.020544761792,1434.0],[-120.92466386966,40.020566051826,1434.0],[-120.92469203286,40.02058130689,1433.3],[-120.92472782359,40.020603183657,1433.3],[-120.92476998456,40.02062455751,1433.3],[-120.92480996624,40.020650457591,1436.1],[-120.92484734952,40.020677950233,1436.1],[-120.92488347553,40.020705694333,1435.5],[-120.92491557822,40.020738886669,1439.1],[-120.9249502793,40.020778365433,1439.1],[-120.92497400008,40.020805103704,1437.8],[-120.92499948107,40.020847683772,1440.1],[-120.9250190109,40.020886659622,1440.1],[-120.92503258958,40.020916080102,1442.2],[-120.92505278997,40.020950865,1442.2],[-120.92507240362,40.020983470604,1440.2],[-120.92509419657,40.021021105349,1442.2],[-120.92512210831,40.021063517779,1442.2],[-120.92514926568,40.021095285192,1443.9],[-120.92517248355,40.021118083969,1441.5],[-120.9252013173,40.021152785048,1441.5],[-120.92522495426,40.021185223013,1441.5],[-120.92524959706,40.021215062588,1443.1],[-120.92527088709,40.021236101165,1440.6],[-120.92529720627,40.021261079237,1440.6],[-120.92532453127,40.021283710375,1440.6],[-120.92535646632,40.021312125027,1441.5],[-120.92538479716,40.021335510537,1441.5],[-120.92541337945,40.021362751722,1441.5],[-120.92544430867,40.021389657632,1443.6],[-120.92546895146,40.021412204951,1443.6],[-120.92550583184,40.021441290155,1443.6],[-120.92552896589,40.021463669837,1443.6],[-120.92556391843,40.021502226591,1444.9],[-120.92559300363,40.021533742547,1444.9],[-120.92562200502,40.021559307352,1444.9],[-120.92564865947,40.021587051451,1445.6],[-120.92567422427,40.021615633741,1445.6],[-120.92569492757,40.021641366184,1445.6],[-120.92571982183,40.021673049778,1445.8],[-120.92574697919,40.021708672866,1445.8],[-120.92577656731,40.021747061983,1447.7],[-120.92580246739,40.021783104166,1445.7],[-120.9258297924,40.021820655093,1445.7],[-120.92585074715,40.021859379485,1447.6],[-120.92587480322,40.021900953725,1447.6],[-120.92589877546,40.021926350892,1449.9],[-120.92593297362,40.021956693381,1447.7],[-120.92596800998,40.021990388632,1447.7],[-120.92599097639,40.022024083883,1450.4],[-120.92602240853,40.022066831589,1448.3],[-120.92605124228,40.022106729448,1448.3],[-120.92606926337,40.022143358365,1451.1],[-120.92608854175,40.022182166576,1449.1],[-120.92611427419,40.022225920111,1452.0],[-120.92613229528,40.02225282602,1452.0],[-120.92616121285,40.022298172116,1454.9],[-120.92618342489,40.022337567061,1453.0],[-120.92620111071,40.022372687235,1453.0],[-120.92621728778,40.022410657257,1455.8],[-120.92624922283,40.022445609793,1455.8],[-120.92628023587,40.022475197911,1457.0],[-120.92630571686,40.022500762716,1457.0],[-120.9263318684,40.022522555664,1457.0],[-120.92635818757,40.022540576756,1455.7],[-120.92638442293,40.022553065792,1455.7],[-120.92641887255,40.02257226035,1458.6],[-120.92646597885,40.022602016106,1457.6],[-120.92649280094,40.022619366646,1457.6],[-120.92652322724,40.022641243413,1456.9],[-120.92654887587,40.022663287818,1459.4],[-120.9265741054,40.02269262448,1459.4],[-120.92660428025,40.022726068273,1459.4],[-120.92662758194,40.022749789059,1458.5],[-120.92665264383,40.022777784616,1460.6],[-120.92667887919,40.02280686982,1460.6],[-120.92670997605,40.022843582556,1462.0],[-120.92673411593,40.022868476808,1462.0],[-120.92677183449,40.022901417688,1462.0],[-120.92679949477,40.022922288626,1461.5],[-120.92683637515,40.022945757955,1461.5],[-120.92688247561,40.022969227284,1464.0],[-120.92691717669,40.022987918928,1464.0],[-120.92696730047,40.023007616401,1464.0],[-120.92701775953,40.023030079901,1463.7],[-120.92707358301,40.023050615564,1466.1],[-120.92712747864,40.023073665798,1466.1],[-120.92717282474,40.023093782365,1465.3],[-120.92721674591,40.023115491495,1465.3],[-120.92726217583,40.023137703538,1464.5],[-120.92730366625,40.023156059906,1467.2],[-120.9273527842,40.023180032149,1466.0],[-120.9273840487,40.023201406002,1466.0],[-120.92742101289,40.023234011605,1466.0],[-120.92745177448,40.023266701028,1467.3],[-120.9274915047,40.023301653564,1467.3],[-120.92751849443,40.023322273046,1465.8],[-120.92755311169,40.023350603878,1468.4],[-120.92758110724,40.02338513732,1468.4],[-120.92761564068,40.023411624134,1468.4],[-120.92764573172,40.023440960795,1469.4],[-120.92767498456,40.02347515896,1469.4],[-120.92770105228,40.023499969393,1469.4],[-120.92772770673,40.023526372388,1467.3],[-120.92774924822,40.023552356288,1470.3],[-120.92777833343,40.023579094559,1470.3],[-120.92780901119,40.023603402078,1468.3],[-120.92784404755,40.023626536131,1471.6],[-120.9278777428,40.023649586365,1471.6],[-120.92790808529,40.023676492274,1470.1],[-120.92794069089,40.023708511144,1470.1],[-120.92796600424,40.023736171424,1474.0],[-120.92798997648,40.023765927181,1473.0],[-120.92802409083,40.023794090375,1473.0],[-120.92805719934,40.023827115074,1476.5],[-120.92807312496,40.023847566918,1476.5],[-120.92810112052,40.023873131722,1476.1],[-120.92812366784,40.023897020146,1476.1],[-120.9281473048,40.023920321837,1479.0],[-120.92817320488,40.023945635185,1478.7],[-120.92821000144,40.023970864713,1478.7],[-120.92823833227,40.023996094242,1480.7],[-120.92826540582,40.024027526379,1480.4],[-120.92829164118,40.024053594097,1480.4],[-120.92831410468,40.024073040113,1480.4],[-120.92834453098,40.024098940194,1481.9],[-120.92837579548,40.024125007913,1481.9],[-120.9284018632,40.024149734527,1481.9],[-120.92842239887,40.024170940742,1483.3],[-120.9284489695,40.024193404242,1483.1],[-120.92847922817,40.024227267131,1483.1],[-120.92849196866,40.024253251031,1483.1],[-120.92852063477,40.024285688996,1484.6],[-120.92855449766,40.024309493601,1484.4],[-120.92859053984,40.024326844141,1484.4],[-120.92862574384,40.024346709251,1484.3],[-120.92866019346,40.024368586019,1485.4],[-120.92868207023,40.024385936558,1485.4],[-120.92870478518,40.024401694536,1485.4],[-120.92873588204,40.02442650497,1485.3],[-120.92876086012,40.024443604052,1485.3],[-120.92879086733,40.024462128058,1486.4],[-120.92881928198,40.024482160807,1485.9],[-120.92884677462,40.024505043402,1485.9],[-120.9288783744,40.024535804987,1485.9],[-120.92889748514,40.02455717884,1486.7],[-120.92892430723,40.024587102234,1486.1],[-120.92895548791,40.024619204924,1486.1],[-120.92897535302,40.0246402435,1486.9],[-120.9289959725,40.024666143581,1486.4],[-120.92900938354,40.024693300948,1486.4],[-120.9290254768,40.024721715599,1487.0],[-120.92904534191,40.024753063917,1487.0],[-120.92906830832,40.024793129414,1487.0],[-120.92908674851,40.024831434712,1487.7],[-120.92910116538,40.024864627048,1487.1],[-120.92911239713,40.024898657575,1487.1],[-120.92913066968,40.024932520464,1487.6],[-120.92914382927,40.024967892095,1487.6],[-120.92914910987,40.025007873774,1488.1],[-120.92916134745,40.02505145967,1488.1],[-120.92917023227,40.025104014203,1488.8],[-120.92917727306,40.025147181004,1488.8],[-120.92918087728,40.025187162682,1488.8],[-120.92918816954,40.025223623961,1488.9],[-120.92918934301,40.025263354182,1488.9],[-120.92918573879,40.025313058868,1489.9],[-120.92918716371,40.02535094507,1489.9],[-120.92920443043,40.025386400521,1491.4],[-120.92922228388,40.025427639484,1491.4],[-120.9292417299,40.02546611242,1491.4],[-120.92927165329,40.025498215109,1492.5],[-120.92929956503,40.025530485436,1492.5],[-120.92932127416,40.025562923402,1492.5],[-120.92934315093,40.025595361367,1494.4],[-120.92936058529,40.02562629059,1494.1],[-120.92937969603,40.02565654926,1494.1],[-120.9293976333,40.02569116652,1495.8],[-120.92941917479,40.025727292523,1495.8],[-120.92943820171,40.025761406869,1497.1],[-120.92945580371,40.02579418011,1496.8],[-120.92947231606,40.025825779885,1496.8],[-120.92948799022,40.025866515934,1497.3],[-120.92949695885,40.025894930586,1497.3],[-120.92951070517,40.025934325531,1497.3],[-120.92952327803,40.025972295552,1497.4],[-120.92953652143,40.026011271402,1497.4],[-120.92954716645,40.026053600013,1495.7],[-120.92955160886,40.026097688824,1495.7],[-120.92955051921,40.026142448187,1494.7],[-120.92954272404,40.026190141216,1496.2],[-120.92953157611,40.026238672435,1495.2],[-120.92951808125,40.026292987168,1495.2],[-120.92950659804,40.026328358799,1494.4],[-120.92949436046,40.0263768062,1494.4],[-120.9294826258,40.026427265257,1493.9],[-120.92946946621,40.02647981979,1493.9],[-120.9294474218,40.026541594416,1493.4],[-120.92942705378,40.026596244425,1495.2],[-120.92940031551,40.026647541672,1494.3],[-120.92937114649,40.026700766757,1494.3],[-120.92934004962,40.026752147824,1494.6],[-120.92930576764,40.026802187786,1492.7],[-120.92927391641,40.026835296303,1492.7],[-120.92922069132,40.026883743703,1494.4],[-120.9291725792,40.026931269094,1493.8],[-120.92912932858,40.026984661818,1497.2],[-120.92911315151,40.027039647102,1497.2],[-120.92912044376,40.027095889673,1497.8],[-120.92914458364,40.027137715369,1497.8],[-120.92919898219,40.027193622664,1496.4],[-120.92923619784,40.027231927961,1496.4],[-120.92928221449,40.027295630425,1496.0],[-120.92940065078,40.027445582673,1495.9],[-120.92944499105,40.027490258217,1495.4],[-120.92948270962,40.027542142197,1495.4],[-120.92956527136,40.027707349509,1495.2],[-120.92957482673,40.027766693383,1495.8],[-120.92957918532,40.027826875448,1496.4],[-120.92958949506,40.027887141332,1496.4],[-120.92960215174,40.027945730835,1497.3],[-120.9296086058,40.027991076931,1497.3],[-120.92962738127,40.028052181005,1494.8],[-120.92965546064,40.028100628406,1496.0],[-120.92969083227,40.028149913996,1496.0],[-120.92972980812,40.028199953958,1494.4],[-120.92984179035,40.028280001134,1496.4],[-120.92991295271,40.028301291168,1495.3],[-120.92998864129,40.028305230662,1495.1],[-120.93014714308,40.028278157115,1490.6],[-120.93023825437,40.028257537633,1490.7],[-120.93030648306,40.028247730806,1490.8],[-120.93039792962,40.028248820454,1490.5],[-120.93049113639,40.028267595917,1489.9],[-120.93059347942,40.028297854587,1491.7],[-120.93065408058,40.028322329745,1490.6],[-120.93073278666,40.028363820165,1489.5],[-120.93079405837,40.028399946168,1491.7],[-120.93096379191,40.028519053012,1491.0],[-120.93100855127,40.028563980013,1491.0],[-120.93105046079,40.028609661385,1491.1],[-120.93107912689,40.02866121009,1491.9],[-120.93110200949,40.028719464317,1491.9],[-120.931125395,40.028780233115,1491.4],[-120.93114903197,40.028842510656,1491.4],[-120.93118314631,40.028900513425,1492.1],[-120.93128574081,40.029002185911,1491.3],[-120.9313988965,40.02908189781,1491.0],[-120.93164716847,40.029183318838,1490.3],[-120.93181497417,40.029245009646,1491.0],[-120.93204354867,40.029344335198,1491.3],[-120.93212443404,40.029378365725,1490.2],[-120.93235854059,40.029487749562,1487.8],[-120.93246683478,40.029583219439,1486.5],[-120.93249617144,40.029645329341,1486.7],[-120.93251544982,40.029707690701,1485.2],[-120.93252542429,40.029771225527,1485.2],[-120.93253280036,40.029830569401,1484.8],[-120.9325316269,40.029886476696,1483.9],[-120.93251913786,40.029938444495,1483.9],[-120.93248309568,40.029986975715,1483.5],[-120.93243582174,40.030015222728,1483.5],[-120.93235493638,40.030034752563,1483.4],[-120.93211093917,40.029998375103,1481.1],[-120.93203122728,40.029970463365,1479.5],[-120.93194581568,40.029937271029,1481.6],[-120.93178060837,40.029860241339,1485.0],[-120.93170240521,40.029826713726,1483.4],[-120.93162294477,40.029798047617,1481.7],[-120.93154088594,40.029777344316,1479.9],[-120.93136168085,40.029735853896,1482.3],[-120.93126386404,40.029713055119,1481.1],[-120.93089883216,40.029666703194,1484.9],[-120.93081492931,40.029670391232,1484.8],[-120.93075214885,40.02968438901,1485.2],[-120.9306924697,40.029706349596,1482.8],[-120.93063228764,40.029753372073,1484.6],[-120.93060177751,40.029797460884,1483.2],[-120.93057990074,40.029841130599,1483.2],[-120.93054654077,40.029891757295,1485.2],[-120.93051150441,40.029946491122,1485.2],[-120.93048912473,40.029993848875,1483.5],[-120.93047378585,40.030062999576,1486.5],[-120.93048342504,40.030121672899,1485.3],[-120.93050261959,40.030168611556,1483.0],[-120.93053824268,40.030239354819,1483.0],[-120.93056129292,40.030300123617,1484.3],[-120.93058694154,40.030425852165,1482.6],[-120.93058568425,40.030617630109,1483.3],[-120.9305664897,40.030766157433,1485.5],[-120.9305229038,40.030898423865,1483.9],[-120.93049054965,40.030961120501,1481.3],[-120.93042131513,40.031082574278,1481.6],[-120.93037001789,40.031137894839,1480.6],[-120.93031729572,40.031181480736,1476.2],[-120.93022350222,40.03121484071,1476.9],[-120.93015217222,40.03122087568,1476.7],[-120.93010162935,40.031223054975,1476.7],[-120.93002535403,40.03121140413,1476.5],[-120.92995813116,40.031193047762,1475.5],[-120.92989602126,40.031173098832,1479.7],[-120.92983257025,40.031156586483,1479.7],[-120.92976576649,40.031136134639,1478.2],[-120.92964741401,40.031097829342,1476.8],[-120.92949192971,40.031041335315,1481.1],[-120.92935957946,40.031002694741,1485.5],[-120.92927215621,40.031002359465,1486.5],[-120.92920325696,40.031019458547,1484.2],[-120.92915271409,40.031045358628,1485.6],[-120.9290844854,40.031091123819,1482.6],[-120.92903729528,40.031123226508,1482.6],[-120.92896319926,40.031176283956,1484.6],[-120.92890544794,40.03122523427,1481.0],[-120.92886135913,40.031283153221,1481.2],[-120.92883378267,40.031346017495,1481.2],[-120.92882297002,40.031411312521,1479.9],[-120.92882573605,40.031472500414,1480.3],[-120.92883093283,40.031515918672,1480.3],[-120.92883990146,40.031575262547,1480.7],[-120.92885314487,40.031646005809,1480.7],[-120.9288761951,40.031765196472,1481.3],[-120.92891433276,40.031945658848,1478.5],[-120.92892698944,40.032002907246,1478.5],[-120.92893721536,40.032063927501,1478.9],[-120.92900577933,40.032372800633,1476.8],[-120.92901818454,40.03242678009,1477.5],[-120.92903662473,40.032477574423,1477.5],[-120.92906269245,40.032590813935,1479.0],[-120.92908197083,40.032648984343,1479.0],[-120.92913066968,40.032763732597,1476.7],[-120.92924776487,40.032929526642,1475.8],[-120.92932865024,40.033137900755,1476.0],[-120.92935354449,40.033254912123,1476.9],[-120.9293747507,40.033372174948,1474.6],[-120.92938916758,40.033430345356,1475.5],[-120.92940500937,40.033486923203,1475.5],[-120.9294429794,40.033607622609,1477.1],[-120.92947566882,40.033726645634,1475.0],[-120.92948161997,40.033786408603,1475.7],[-120.92952637933,40.034108608961,1476.1],[-120.92953652143,40.034296195954,1476.0],[-120.92952193692,40.034486381337,1475.5],[-120.92951338738,40.034544719383,1474.2],[-120.92948824167,40.034600459039,1473.2],[-120.92945194803,40.034650247544,1475.1],[-120.92940241098,40.034697018564,1473.6],[-120.92935153283,40.034738760442,1475.1],[-120.92929520644,40.034778239205,1473.0],[-120.92917459086,40.03484713845,1475.6],[-120.92911440879,40.034870523959,1475.6],[-120.92905255035,40.034896843135,1474.0],[-120.92899488285,40.034925425425,1475.4],[-120.92893947847,40.034960880876,1472.3],[-120.92882531695,40.0350314565,1473.9],[-120.92876664363,40.03506087698,1472.1],[-120.92871132307,40.035091638565,1473.7],[-120.92865692452,40.035121645778,1473.7],[-120.92860043049,40.035146120936,1471.7],[-120.92853337526,40.035165566951,1472.9],[-120.928381579,40.035206051543,1474.0],[-120.92813691124,40.035287523642,1473.6],[-120.92806424014,40.035302778706,1475.0],[-120.92782066204,40.035409312695,1473.6],[-120.92777799815,40.035437056795,1471.7],[-120.92767238617,40.035529425368,1471.7],[-120.9276245255,40.03556555137,1471.7],[-120.9275610745,40.035653728992,1472.6],[-120.92753458768,40.035756658763,1470.0],[-120.92750399373,40.035805022344,1470.1],[-120.92746309005,40.0358347781,1470.1],[-120.92740332708,40.035875597969,1472.5],[-120.92734591104,40.03591440618,1469.3],[-120.92729042284,40.035953968763,1471.2],[-120.92724960297,40.035988753662,1467.6],[-120.92718707398,40.036073913798,1466.8],[-120.92717810534,40.036115655676,1466.8],[-120.9271818772,40.036160331219,1467.6],[-120.92720459215,40.03621481359,1467.6],[-120.92727114446,40.036291340366,1466.6],[-120.92731649056,40.036328388378,1466.6],[-120.92736812308,40.036362921819,1466.1],[-120.92742252164,40.036389073357,1466.1],[-120.92747977003,40.036402903497,1464.4],[-120.92754640616,40.036413297057,1464.0],[-120.92759703286,40.0364112854,1464.0],[-120.92764774337,40.036399299279,1463.8],[-120.92776953243,40.036400724202,1463.8],[-120.92790129595,40.036445148289,1465.2],[-120.92796290293,40.036481274292,1465.2],[-120.92801151797,40.036522177979,1463.9],[-120.92803373002,40.036570709199,1465.4],[-120.92804085463,40.036624521017,1465.4],[-120.9280371666,40.036683529615,1466.1],[-120.92802861705,40.036739269271,1466.6],[-120.92801570892,40.036798026413,1466.6],[-120.92801151797,40.036861980334,1466.8],[-120.9280156251,40.036920988932,1466.8],[-120.92803725041,40.036975136027,1466.8],[-120.92820178717,40.037264144048,1465.4],[-120.92826649547,40.037422562018,1468.9],[-120.92831871472,40.037540243939,1468.5],[-120.92834092677,40.037587601691,1470.3],[-120.928363977,40.037622805685,1470.3],[-120.92839725316,40.0376682356,1469.5],[-120.92843480408,40.037715341896,1469.5],[-120.92856489122,40.037892702967,1467.8],[-120.92860411853,40.037922291085,1469.6],[-120.92865038663,40.037952885032,1467.7],[-120.92871040106,40.037990771234,1467.7],[-120.92895138077,40.038103591651,1467.7],[-120.92924516648,40.0382447429,1465.5],[-120.92930224724,40.038268798962,1464.1],[-120.9294095356,40.038320850581,1463.9],[-120.92947248369,40.038396706805,1464.4],[-120.92948463745,40.038447920233,1464.4],[-120.92948648147,40.03849318251,1463.6],[-120.92946820892,40.038544312119,1463.6],[-120.92940391973,40.038626287133,1461.8],[-120.92937307432,40.038675405085,1462.3],[-120.9293421451,40.038724439219,1462.3],[-120.9293161612,40.038772132248,1459.9],[-120.92925488949,40.038868105039,1460.3],[-120.92922211625,40.038910517469,1460.3],[-120.92913863249,40.0389978569,1460.6],[-120.92905405909,40.039082011208,1460.7],[-120.92901013792,40.039120987058,1458.9],[-120.92890192755,40.039181504399,1462.2],[-120.92885700054,40.039207488298,1460.0],[-120.92877234332,40.039272531867,1461.0],[-120.92875968665,40.039297677577,1460.2],[-120.9287660569,40.039326343685,1460.2],[-120.92878826894,40.039361212403,1460.2],[-120.92881978489,40.039393566549,1459.4],[-120.92890276574,40.039453245699,1459.4],[-120.9289409034,40.039493814111,1458.4],[-120.92903796583,40.039615770802,1455.6],[-120.92906143516,40.039653740823,1456.7],[-120.92907886952,40.039694560692,1453.9],[-120.92911591753,40.040020952001,1456.5],[-120.92913284898,40.040074093267,1456.5],[-120.92919780873,40.040288669989,1454.6],[-120.92919311486,40.040394784883,1454.5],[-120.92917400412,40.040507772937,1455.3],[-120.92914433219,40.040661580861,1458.2],[-120.92913771048,40.040768785402,1458.4],[-120.92914299108,40.040820501745,1458.4],[-120.92915908433,40.040879677981,1457.1],[-120.92918431386,40.040929047391,1458.1],[-120.9292126447,40.040962323546,1458.1],[-120.92925673351,40.041006412357,1456.8],[-120.92929956503,40.041037760675,1458.7],[-120.92935220338,40.041066091508,1457.1],[-120.92941272072,40.041096014902,1457.1],[-120.92946510762,40.041121831164,1457.5],[-120.92959854752,40.041194669902,1455.4],[-120.9296438098,40.04122861661,1454.5],[-120.92968907207,40.041264910251,1454.5],[-120.92973450199,40.04130304791,1451.6],[-120.9297693707,40.041340347379,1451.6],[-120.92979200184,40.041378652677,1451.6],[-120.92980549671,40.041423076764,1451.5],[-120.92980314977,40.04147185944,1451.5],[-120.92979518697,40.041513768956,1451.0],[-120.92978303321,40.041562635452,1451.0],[-120.92976551503,40.041608735919,1450.6],[-120.92965831049,40.041818870232,1453.2],[-120.92963785864,40.041874526069,1452.8],[-120.92962075956,40.041921883821,1456.1],[-120.92960340902,40.041965972632,1455.9],[-120.92958547175,40.042009809986,1455.9],[-120.92956879176,40.042057670653,1456.0],[-120.92955571599,40.042107123882,1456.0],[-120.92957139015,40.042218267918,1456.2],[-120.92961313203,40.042257495224,1456.9],[-120.92966702767,40.042286831886,1454.7],[-120.92973031104,40.042324382812,1456.3],[-120.92977205291,40.04235740751,1453.8],[-120.92984438874,40.042430581525,1453.0],[-120.92988663353,40.042525548488,1454.7],[-120.92993021943,40.042618587613,1453.2],[-120.92994572595,40.042657563463,1453.2],[-120.92995963991,40.042697712779,1454.8],[-120.92997355387,40.042742388323,1454.8],[-120.92999040149,40.042786644772,1454.8],[-120.93003750779,40.042874570936,1453.2],[-120.93007463962,40.04296861589,1454.5],[-120.93012291938,40.043061487377,1453.2],[-120.93019416556,40.043192412704,1455.6],[-120.93023389578,40.043279584497,1452.4],[-120.93026080169,40.043486449867,1452.3],[-120.93023724854,40.043592564762,1451.6],[-120.93018813059,40.043685520068,1454.2],[-120.93016231433,40.043730530888,1452.7],[-120.93011830933,40.043887104839,1450.7],[-120.93009542674,40.043934127316,1451.4],[-120.93003264628,40.044032614678,1448.4],[-120.92999316752,40.044078631327,1447.8],[-120.92994572595,40.044124061242,1447.8],[-120.92980784364,40.044274097309,1447.9],[-120.92977792025,40.044322712347,1447.9],[-120.92971547507,40.044410973787,1448.7],[-120.92969879508,40.044449362904,1445.9],[-120.9296764154,40.044489931315,1445.9],[-120.92964607291,40.044546006247,1443.1],[-120.92960818671,40.044590597972,1446.1],[-120.92957164161,40.044637368992,1443.0],[-120.929466784,40.044710878283,1445.4],[-120.9293421451,40.044826380908,1441.6],[-120.9293007385,40.044856052846,1441.6],[-120.92924885452,40.044894022867,1440.7],[-120.92919403687,40.04493014887,1440.7],[-120.92909395695,40.04500374198,1441.7],[-120.92905833386,40.045046322048,1445.0],[-120.92902530916,40.045088985935,1441.9],[-120.92899295501,40.045127291232,1441.9],[-120.92891349457,40.045205075294,1441.6],[-120.92888382263,40.045236255974,1441.6],[-120.92885917984,40.045266514644,1441.2],[-120.92882707715,40.045297611505,1441.2],[-120.92872154899,40.045402385294,1440.7],[-120.92869145796,40.045437589288,1443.1],[-120.92865357175,40.045469105244,1441.4],[-120.9286031127,40.045501375571,1442.1],[-120.9285472054,40.0455230847,1442.1],[-120.92849506997,40.045543285087,1444.3],[-120.92843807302,40.045561725274,1443.9],[-120.92833715491,40.045596426353,1444.3],[-120.92827395536,40.04561746493,1445.7],[-120.92822718434,40.045643029734,1446.9],[-120.92814219184,40.045696003363,1446.9],[-120.92804990709,40.045745791867,1449.9],[-120.92797002755,40.045804297552,1449.8],[-120.92795653269,40.045830784366,1453.1],[-120.92794856988,40.045856600627,1453.3],[-120.92794152908,40.045879483223,1453.3],[-120.92793658376,40.045902533457,1453.3],[-120.92793758959,40.045923991129,1457.1],[-120.92795250937,40.045943185687,1457.1],[-120.92797933146,40.045961290598,1456.8],[-120.92801528983,40.045969085768,1456.8],[-120.92814143747,40.045958440751,1456.3],[-120.92818678357,40.045947628096,1456.3],[-120.92853094451,40.045871771872,1453.2],[-120.92857277021,40.045861378312,1453.2],[-120.92862138525,40.045852996409,1453.2],[-120.92871651985,40.045841094106,1453.5],[-120.9290149156,40.045819301158,1451.4],[-120.92912580818,40.045811086893,1452.0],[-120.92927383259,40.045754592866,1453.5],[-120.92932739295,40.045732213184,1449.6],[-120.92943442985,40.045692902058,1451.6],[-120.92955605127,40.045656776056,1452.8],[-120.92961170711,40.045639844611,1450.5],[-120.9297213424,40.045601287857,1451.9],[-120.92983575538,40.045564156026,1453.4],[-120.92988587916,40.045544123277,1451.5],[-120.92995779589,40.045517217368,1451.5],[-120.93008478172,40.045482935384,1454.2],[-120.93018662184,40.04544345662,1452.1],[-120.93045450747,40.045323679224,1451.6],[-120.93058878556,40.045292163268,1452.4],[-120.93072172254,40.045283865184,1453.0],[-120.93078131787,40.045285122469,1453.6],[-120.93090620823,40.045286882669,1454.0],[-120.93096504919,40.045283110812,1454.5],[-120.9310236387,40.04528420046,1454.9],[-120.93108566478,40.04528503865,1454.9],[-120.93114660122,40.045275902376,1452.1],[-120.93126839027,40.045245559886,1452.7],[-120.93132354319,40.045224940404,1453.5],[-120.93136863783,40.045209014788,1454.5],[-120.93149160035,40.04517942667,1452.2],[-120.93167600222,40.045137936249,1454.4],[-120.93179477379,40.045107342303,1455.7],[-120.93189468607,40.045060403645,1454.0],[-120.93193911016,40.045033497736,1455.5],[-120.93197196722,40.045003490523,1453.6],[-120.93199376017,40.044967113063,1453.6],[-120.93200432137,40.044926796108,1453.6],[-120.93200532719,40.044884970412,1451.0],[-120.9319978673,40.044839624316,1451.0],[-120.93199417926,40.044793440029,1449.2],[-120.93199267052,40.044747255743,1448.5],[-120.931994766,40.04465312697,1448.5],[-120.93200499192,40.04460551776,1447.7],[-120.93200557865,40.044561261311,1447.7],[-120.93202728778,40.044475849718,1446.5],[-120.93204581179,40.044435448945,1448.1],[-120.93207514845,40.044394126162,1448.1],[-120.93211202882,40.04435447976,1446.8],[-120.93214966357,40.044318772852,1450.0],[-120.93219442293,40.044283065945,1448.0],[-120.93224563636,40.044246520847,1451.1],[-120.93229282647,40.044213328511,1451.1],[-120.93233959749,40.044183321297,1451.6],[-120.93242618255,40.044126408175,1454.8],[-120.93256473541,40.04405147396,1454.3],[-120.93261200935,40.044030519202,1456.6],[-120.93265266158,40.044007217512,1453.2],[-120.93269096687,40.043986430392,1455.4],[-120.93271879479,40.043965643272,1455.4],[-120.93274662271,40.043941335753,1455.4],[-120.93279113062,40.04391736351,1457.5],[-120.93283337541,40.043894313276,1454.1],[-120.93287645839,40.043869419023,1456.2],[-120.93292473815,40.043846620247,1456.2],[-120.93295943923,40.043832790107,1457.9],[-120.93299305066,40.043815439567,1457.9],[-120.9330280032,40.043805716559,1457.9],[-120.93306907453,40.04379699938,1455.7],[-120.93310737982,40.043790126219,1455.7],[-120.93311467208,40.043788868934,1455.7],[-120.93311768956,40.043789790943,1455.7],[-120.93313864432,40.043781828135,1455.7],[-120.93318449333,40.043771769851,1456.9],[-120.93337744474,40.043716365471,1455.0],[-120.93344458379,40.043698931113,1455.2],[-120.93360685743,40.043697841465,1455.3],[-120.9336635191,40.043723657727,1457.9],[-120.93378975056,40.043765399605,1456.4],[-120.93386401422,40.043746624142,1456.4],[-120.93392805196,40.043700691313,1455.4],[-120.93395395204,40.043654926121,1455.4],[-120.9339489229,40.043599689379,1455.1],[-120.93392939307,40.043555768207,1455.1],[-120.93391162343,40.043519642204,1455.1],[-120.93389544636,40.043485779315,1455.1],[-120.9338713903,40.043455269188,1453.5],[-120.9338489268,40.043427776545,1453.4],[-120.9338278044,40.043392153457,1453.4],[-120.9337987192,40.043348902836,1453.8],[-120.93372697011,40.043253013864,1451.9],[-120.93368304893,40.043176822364,1449.6],[-120.9336599987,40.043097445741,1449.6],[-120.93368480913,40.04304992035,1449.3],[-120.93368497677,40.042987056077,1449.2],[-120.93365840614,40.042921174318,1449.2],[-120.93364574946,40.042858896777,1449.2],[-120.93368036672,40.042633339763,1448.5],[-120.93369511887,40.042576007545,1448.5],[-120.93372864649,40.042477939278,1449.9],[-120.93377860263,40.042378026992,1449.0],[-120.93383073807,40.042317425832,1450.6],[-120.93389653601,40.042274594307,1452.8],[-120.93395546079,40.042222877964,1451.6],[-120.93400499783,40.042164875194,1452.5],[-120.93408378772,40.042044008151,1452.9],[-120.93412226066,40.041991621256,1452.9],[-120.9341501724,40.041948035359,1450.9],[-120.93419317156,40.041913501918,1452.9],[-120.93423918821,40.041880980134,1450.4],[-120.93428461812,40.041851308197,1452.4],[-120.93442744575,40.041759610176,1451.6],[-120.93454110436,40.041694985703,1454.4],[-120.93460220844,40.041667409241,1451.4],[-120.93466490507,40.041637821123,1452.8],[-120.93495651148,40.041471356526,1451.8],[-120.93499674462,40.04143036902,1451.8],[-120.93507503159,40.041343281046,1449.8],[-120.9351177793,40.041302125901,1449.0],[-120.93522598967,40.041243955493,1450.0],[-120.93529681675,40.04122861661,1449.1],[-120.93536823057,40.041219815612,1449.1],[-120.93543780036,40.041223000735,1449.3],[-120.93550996855,40.041231131181,1449.3],[-120.9355784487,40.041248649359,1451.6],[-120.93563988805,40.041266167536,1451.6],[-120.93570258468,40.041282093152,1450.9],[-120.93576746061,40.041301036254,1449.9],[-120.93584029935,40.041319476441,1449.9],[-120.93590785749,40.041332803667,1452.3],[-120.9360527806,40.041362056509,1450.7],[-120.9362430498,40.041422825307,1451.8],[-120.93629904091,40.041439086199,1451.8],[-120.93635955825,40.041454257444,1450.4],[-120.93641957268,40.041467165574,1449.5],[-120.93648319133,40.041479067877,1449.5],[-120.93655125238,40.041488455608,1448.4],[-120.93670103699,40.041508153081,1446.2],[-120.93675241806,40.041520055383,1449.3],[-120.936871944,40.041556768119,1448.4],[-120.93692257069,40.041583087295,1447.5],[-120.93697026372,40.041612843052,1449.6],[-120.93703513965,40.041653746739,1449.6],[-120.93714963645,40.04170127213,1452.3],[-120.93720680103,40.041712420061,1451.9],[-120.93726061285,40.041715018451,1451.6],[-120.93731174245,40.041718790308,1451.6],[-120.93735742383,40.04172381945,1451.4],[-120.93739631586,40.041726753116,1451.4],[-120.93743160367,40.041721137241,1451.5],[-120.93747141771,40.041707977653,1451.5],[-120.93751399778,40.041690627113,1448.8],[-120.93754651956,40.041675791144,1449.1],[-120.93758759089,40.041659111157,1449.1],[-120.93768591061,40.041612172499,1449.6],[-120.93771675602,40.04158786498,1448.0],[-120.93785949983,40.04153681919,1448.4],[-120.93805328943,40.041464818642,1447.0],[-120.93820030801,40.041454425082,1447.4],[-120.93826702796,40.04145459272,1447.4],[-120.93834657222,40.041461130604,1447.4],[-120.93840817921,40.04146926105,1447.3],[-120.93847045675,40.041488707066,1447.0],[-120.93852804042,40.04151519388,1448.4],[-120.93858118169,40.041544781998,1448.0],[-120.93863675371,40.041573364288,1448.0],[-120.93873130158,40.041633294895,1448.8],[-120.93893514946,40.041779475287,1449.8],[-120.9391793143,40.041901431978,1450.1],[-120.93924704008,40.041931103915,1449.1],[-120.93963034451,40.042067645118,1450.9],[-120.93969438225,40.042077535763,1450.1],[-120.93975749798,40.042085750028,1450.1],[-120.93993058428,40.042121205479,1448.4],[-120.93998020515,40.042122546583,1447.6],[-120.94010350294,40.042129671201,1449.3],[-120.94017600641,40.042135119438,1448.7],[-120.94029913656,40.042141405866,1447.8],[-120.94047934748,40.04214878194,1446.5],[-120.94101637602,40.042216675356,1445.1],[-120.94108250923,40.042234109715,1445.0],[-120.94118250534,40.042290017009,1444.7],[-120.94120547175,40.042331926525,1444.9],[-120.94121435657,40.042368471622,1444.9],[-120.94120966271,40.04246913828,1444.7],[-120.9411964193,40.042515071109,1444.0],[-120.94117948785,40.042558321729,1444.0],[-120.94115735963,40.042603919283,1444.3],[-120.94110606238,40.042705172673,1443.5],[-120.94107865356,40.04275387153,1442.3],[-120.94104780816,40.042801816016,1443.9],[-120.94097547233,40.042894519866,1442.1],[-120.94087279402,40.043028965592,1444.6],[-120.94080624171,40.043165842071,1444.4],[-120.94079559669,40.043210685253,1444.4],[-120.94080146402,40.043253935874,1446.1],[-120.94082677737,40.043291654438,1446.1],[-120.94086474739,40.043318225071,1448.5],[-120.94091244042,40.04334429279,1448.1],[-120.94097019173,40.043369606137,1447.6],[-120.94102308154,40.043392404914,1447.6],[-120.94107479788,40.0434178859,1449.2],[-120.94112659805,40.043450156227,1449.2],[-120.94117135741,40.043483516201,1448.4],[-120.94120580703,40.043518384919,1450.8],[-120.94128610566,40.043585104868,1450.1],[-120.94133614562,40.043606143445,1453.0],[-120.94138476066,40.043617291376,1452.2],[-120.9414368961,40.043620895594,1451.7],[-120.94149498269,40.043624248356,1451.7],[-120.94155441038,40.043621482328,1451.2],[-120.9416791331,40.043604299426,1450.7],[-120.94175012782,40.043605221435,1450.3],[-120.94181718305,40.043614525348,1450.0],[-120.94194131903,40.043640425429,1449.7],[-120.94206704758,40.043662134558,1449.3],[-120.94225203618,40.043677892536,1448.6],[-120.94230903313,40.04367839545,1448.5],[-120.9423749987,40.043680407107,1448.2],[-120.9425793495,40.04368878901,1450.3],[-120.94271899201,40.043689375743,1449.7],[-120.94297707081,40.043729273602,1448.6],[-120.94310699031,40.043748300523,1448.0],[-120.9431681782,40.043751737103,1448.0],[-120.94323514961,40.043757352978,1447.4],[-120.94329684041,40.043765064329,1446.9],[-120.94335936941,40.043770261109,1448.7],[-120.94342248514,40.043772524223,1448.0],[-120.9434830863,40.043772608042,1447.5],[-120.94354444183,40.043770931661,1447.5],[-120.94366882928,40.043772105128,1447.0],[-120.94372498803,40.043769674376,1446.5],[-120.94378869049,40.043777385727,1446.2],[-120.94383906573,40.04379959777,1446.2],[-120.9438710846,40.04383505322,1445.8],[-120.94389581122,40.043877214193,1446.5],[-120.94391534105,40.043921219185,1446.5],[-120.94393285923,40.043969331309,1447.0],[-120.94393461943,40.044019874185,1447.0],[-120.9439353738,40.044070752338,1447.6],[-120.94393621199,40.04411811009,1447.6],[-120.94393352978,40.044169155881,1448.1],[-120.94393629581,40.044308798388,1448.4],[-120.94393881038,40.044461097568,1449.8],[-120.94397116452,40.044602164999,1448.8],[-120.94398742542,40.044651953503,1448.8],[-120.94400092028,40.044692438096,1448.8],[-120.94402598217,40.044727725908,1449.6],[-120.94406822696,40.044764187187,1447.6],[-120.94411139376,40.044804839417,1448.7],[-120.94422857277,40.044926377013,1448.7],[-120.94427081756,40.04496560432,1449.1],[-120.94435689971,40.045031905174,1447.9],[-120.94438254833,40.045069204643,1449.4],[-120.94444775954,40.045198537409,1450.1],[-120.9444581531,40.04523918964,1451.6],[-120.94446821138,40.045277159661,1451.6],[-120.94448279589,40.045320075005,1451.6],[-120.94450064935,40.045362571254,1453.4],[-120.9445392061,40.045453766361,1454.5],[-120.9445519466,40.045494586229,1454.5],[-120.94456594437,40.045531382784,1456.3],[-120.94458488747,40.045565078035,1456.3],[-120.9446087759,40.045598102733,1455.4],[-120.94463744201,40.045633390546,1457.4],[-120.94466996379,40.045668845996,1457.4],[-120.94472419471,40.045736655593,1458.0],[-120.94475839287,40.045762555674,1458.0],[-120.9447990451,40.04578367807,1458.0],[-120.94484933652,40.045796334743,1458.7],[-120.94491010532,40.045802537352,1456.8],[-120.94497556798,40.045805219561,1456.8],[-120.94504237175,40.045804884285,1455.3],[-120.94511152245,40.045807231218,1453.6],[-120.94524060376,40.045836400241,1451.7],[-120.94530397095,40.045866155997,1450.0],[-120.94536172226,40.045896833763,1451.9],[-120.94541704282,40.045927176252,1451.9],[-120.94564100727,40.046040164307,1451.0],[-120.94570060261,40.046058772132,1451.0],[-120.94576556236,40.046074111015,1453.3],[-120.94608323649,40.046135885641,1447.9],[-120.94618029892,40.04615675658,1446.2],[-120.94634240493,40.046150386333,1443.0],[-120.9463955462,40.046114930883,1441.4],[-120.94642203301,40.046067740768,1438.6],[-120.94642295502,40.046007977799,1438.6],[-120.94640191644,40.045938408002,1436.1],[-120.94634802081,40.045871855691,1434.9],[-120.94627099112,40.045814607292,1436.1],[-120.94617962837,40.045767417178,1434.9],[-120.94610075466,40.045716036111,1433.0],[-120.94603696838,40.045658787712,1433.8],[-120.94600846991,40.04560271278,1431.9],[-120.94603034668,40.045544123277,1431.9],[-120.94609689899,40.045494334772,1429.5],[-120.94630535692,40.045488802716,1427.1],[-120.94641306438,40.045516462997,1425.9],[-120.94664004631,40.045577567071,1424.5],[-120.94674381427,40.04562609829,1423.4],[-120.9468522761,40.04567714408,1424.1],[-120.94710147008,40.045744786039,1422.8],[-120.94736608677,40.04577068612,1421.0],[-120.94750178978,40.045775044709,1419.8],[-120.94762885943,40.045764818788,1419.3],[-120.94775567763,40.045751743019,1418.3],[-120.94799774699,40.04578795284,1416.6],[-120.9481176082,40.045829275623,1413.5],[-120.94822531566,40.045886943117,1410.8],[-120.94832556322,40.045953914523,1410.1],[-120.94843167812,40.046014348045,1409.4],[-120.94854550436,40.046066232026,1406.8],[-120.94866109081,40.046110237017,1406.8],[-120.94876754098,40.046156337485,1402.0],[-120.94886720181,40.046206796542,1403.0],[-120.94896082766,40.046263122931,1400.5],[-120.94904514961,40.04633160308,1400.4],[-120.94912821427,40.046404274181,1403.5],[-120.94921538606,40.046470575035,1404.8],[-120.94931219704,40.046522961929,1400.8],[-120.94942099415,40.046556238085,1404.2],[-120.94953565858,40.046583227813,1402.4],[-120.94965426251,40.046611810103,1400.6],[-120.94977814704,40.046634189785,1399.1],[-120.94990957528,40.046644834802,1401.4],[-120.95004754141,40.046642068774,1399.7],[-120.95019045286,40.046637458727,1395.8],[-120.95033118501,40.046641398221,1393.4],[-120.9504694026,40.04665623419,1389.5],[-120.950607704,40.04666830413,1388.5],[-120.95074206591,40.046688672155,1386.5],[-120.95099260099,40.046757236123,1385.3],[-120.95110659488,40.046798139811,1382.8],[-120.95121254213,40.046853879467,1382.8],[-120.95129024237,40.046928394586,1381.7],[-120.95134447329,40.047011375427,1381.7],[-120.95139367506,40.047095781192,1380.5],[-120.95144941472,40.047175325453,1380.3],[-120.95151714049,40.047248415649,1383.8],[-120.95159961842,40.0473080948,1385.5],[-120.9517003689,40.047351429239,1383.1],[-120.95180958509,40.047384873033,1381.0],[-120.95192089677,40.0474049896,1383.0],[-120.95202885568,40.047410270199,1382.2],[-120.95213362947,40.047409599647,1381.9],[-120.9522385709,40.047406246886,1381.5],[-120.95234133303,40.047401720658,1381.2],[-120.95244191587,40.047394679859,1380.9],[-120.95253772102,40.047390153632,1380.7],[-120.95263369381,40.047388644889,1380.5],[-120.95272723585,40.047383615747,1375.3],[-120.95281834714,40.047377496958,1375.0],[-120.95290912315,40.047374228016,1374.6],[-120.95321363769,40.047385878861,1373.4],[-120.95341689885,40.047375736758,1372.1],[-120.95362912863,40.047350171953,1370.7],[-120.95373096876,40.047326954082,1369.6],[-120.95383306034,40.047302143648,1368.5],[-120.9539473895,40.047288900241,1364.0],[-120.95406381413,40.047293594107,1363.1],[-120.954301944,40.047329636291,1363.6],[-120.95442339778,40.047351093963,1363.0],[-120.95454912633,40.047367941588,1362.2],[-120.95467845909,40.047378335148,1361.8],[-120.95493234694,40.047393003479,1364.3],[-120.95504072495,40.047399876639,1364.3],[-120.95513770357,40.047414964065,1363.7],[-120.95522051677,40.047438852489,1361.8],[-120.95529318787,40.047454526648,1358.3],[-120.95535529777,40.047454694286,1358.3],[-120.9554012306,40.04743617028,1353.0],[-120.95543450676,40.047408761457,1353.0],[-120.95545856282,40.047379592434,1353.0],[-120.95547624864,40.047354279086,1349.1],[-120.95549250953,40.047321757302,1349.1],[-120.95550726168,40.047294264659,1350.7],[-120.955521008,40.047265430912,1350.7],[-120.95553299412,40.04723450169,1350.7],[-120.95553852618,40.047194771469,1350.9],[-120.95558697358,40.046981284395,1348.9],[-120.95562645234,40.046862345189,1347.8],[-120.95573575236,40.046729156747,1347.3],[-120.95590112731,40.046513658017,1344.1],[-120.95599332824,40.046331770718,1340.2],[-120.95608720556,40.046138735488,1337.5],[-120.95612685196,40.046046115458,1338.4],[-120.95615417697,40.0459767133,1336.3],[-120.95618544146,40.045916279778,1336.3],[-120.95623967238,40.045854588971,1337.4],[-120.95630982891,40.045798765495,1337.3],[-120.95635366626,40.04574210383,1337.3],[-120.95636171289,40.045675048605,1334.0],[-120.95637822524,40.045603383332,1330.6],[-120.95640571788,40.045550577343,1333.2],[-120.95645383,40.045482767746,1329.9],[-120.95650814474,40.045411856845,1329.6],[-120.9565722663,40.045321583748,1326.8],[-120.95661962405,40.04514824599,1325.4],[-120.95666689798,40.044969711453,1324.5],[-120.95671023242,40.04488337785,1322.1],[-120.95675465651,40.044799726456,1322.1],[-120.9567951411,40.044721690938,1323.3],[-120.95683713444,40.044649019837,1321.0],[-120.95687946305,40.044584395364,1322.2],[-120.95690544695,40.044519938529,1322.2],[-120.95691265538,40.044448105618,1319.7],[-120.95696043223,40.044290693477,1318.5],[-120.95698440447,40.044214418158,1315.8],[-120.95701768063,40.044136382639,1313.2],[-120.95705472864,40.044061532244,1317.1],[-120.95708942972,40.04399003461,1314.5],[-120.95712253824,40.0439199619,1311.9],[-120.95717534423,40.043777301908,1313.1],[-120.95720577054,40.043704463169,1310.2],[-120.95723753795,40.043629780412,1310.9],[-120.95732202753,40.043478067964,1308.2],[-120.95741942525,40.04332434386,1306.0],[-120.95748547465,40.043263910338,1305.7],[-120.95757239498,40.043216887861,1308.3],[-120.9576676134,40.043179588392,1307.2],[-120.95777004026,40.043147401884,1309.3],[-120.95787313767,40.043117143214,1311.3],[-120.95798042603,40.043089063838,1310.4],[-120.95818821341,40.043037934229,1312.9],[-120.95827127807,40.042994851246,1309.9],[-120.95834948123,40.042952271178,1311.1],[-120.95842919312,40.0429158099,1306.8],[-120.95850932412,40.042877839878,1308.1],[-120.95857369713,40.042837690562,1309.2],[-120.95863555558,40.042798630893,1305.8],[-120.95870629884,40.042761582881,1305.8],[-120.95877209678,40.042721601203,1302.1],[-120.9588228073,40.042684720829,1303.7],[-120.95886010677,40.042648008093,1298.7],[-120.95890310593,40.042594699189,1300.8],[-120.95896295272,40.042538624257,1296.5],[-120.95902967267,40.042492356151,1298.6],[-120.95910234377,40.042444998398,1296.8],[-120.95914408565,40.042387833819,1296.8],[-120.95918188803,40.042323209345,1295.3],[-120.959215248,40.04225699231,1292.3],[-120.95941515639,40.04206747748,1291.4],[-120.95952085219,40.04202330485,1293.6],[-120.9596415516,40.042003104463,1293.6],[-120.95976367593,40.041989944875,1294.4],[-120.95989543945,40.041996231303,1294.6],[-120.96000825986,40.042004026473,1296.8],[-120.96010968089,40.042021712288,1296.2],[-120.96017916687,40.042037889361,1295.2],[-120.96021378413,40.042053898796,1293.6],[-120.96023113467,40.042063873261,1293.6],[-120.96023532562,40.042068399489,1293.6],[-120.96024295315,40.042068231851,1293.6],[-120.96024873666,40.042072255164,1293.6],[-120.96024806611,40.042084241286,1293.6],[-120.9602625668,40.042112655938,1296.2],[-120.96026080661,40.042124055326,1296.2],[-120.96025527455,40.0421349518,1296.2],[-120.96025787294,40.042136460543,1296.2],[-120.96028821543,40.042153308168,1296.2],[-120.96031696536,40.042152469978,1294.6],[-120.96038083546,40.042169233784,1294.6],[-120.9604290314,40.042187003419,1296.0],[-120.96048762091,40.042211646214,1296.0],[-120.96053942107,40.042237881571,1294.0],[-120.96058635972,40.042269732803,1292.1],[-120.96063111909,40.042289514095,1295.4],[-120.96067017876,40.042306780815,1295.4],[-120.96070814878,40.04231935367,1293.6],[-120.96075735055,40.042327819392,1293.6],[-120.96082306467,40.042331004515,1292.1],[-120.96094066277,40.042332513258,1290.5],[-120.96100084484,40.042332764715,1289.1],[-120.96105381846,40.042332764715,1287.6],[-120.96109472215,40.042333938181,1287.6],[-120.96112724394,40.042324298993,1287.6],[-120.96113093197,40.042307702824,1287.6],[-120.96111676656,40.042286664248,1287.6],[-120.96104099415,40.042279455811,1285.9],[-120.96099933609,40.042276522145,1285.9],[-120.960972514,40.042272415012,1285.9],[-120.96093454398,40.042259423062,1287.4],[-120.96088810824,40.042242575437,1287.4],[-120.96083094366,40.042227823287,1288.9],[-120.96075114794,40.042215585709,1290.4],[-120.9606800694,40.042211813852,1292.1],[-120.96055752598,40.042148446664,1291.1],[-120.96050237305,40.042099580169,1292.9],[-120.96044772305,40.042034788057,1290.1],[-120.9604118485,40.041985921562,1290.1],[-120.96036775969,40.041926996782,1289.1],[-120.96031512134,40.041885841638,1285.9],[-120.96025007777,40.041855499148,1287.7],[-120.96017899923,40.041818032041,1289.2],[-120.96012518741,40.041796322912,1286.7],[-120.96007397398,40.041776206344,1286.7],[-120.96002183855,40.041755670682,1287.4],[-120.95997205004,40.041735302657,1287.4],[-120.95992829651,40.041726753116,1287.6],[-120.95988437533,40.041716946289,1287.6],[-120.95983785577,40.041706552729,1287.3],[-120.95968094654,40.041649723426,1282.6],[-120.95961699262,40.041637485847,1281.8],[-120.95955882221,40.041627092287,1280.2],[-120.95952697098,40.041618291289,1280.2],[-120.95950023271,40.041587781161,1277.2],[-120.95950333402,40.041554169729,1277.2],[-120.95953736454,40.041500860825,1273.8],[-120.95959670842,40.041448138654,1274.5],[-120.95967675559,40.041419891641,1272.1],[-120.95975219272,40.041416874155,1272.2],[-120.95985872671,40.041427183896,1275.3],[-120.95994028263,40.041437493637,1275.0],[-120.96013013273,40.041462890804,1273.8],[-120.96023968421,40.041482085362,1272.8],[-120.9603391774,40.041522905231,1274.8],[-120.96042132005,40.041565150023,1272.9],[-120.96049893647,40.041597085074,1271.1],[-120.96058066003,40.041625499725,1274.6],[-120.96067093313,40.041655842215,1272.6],[-120.96095868386,40.041755167767,1268.7],[-120.96105415374,40.041760783643,1267.3],[-120.96115943044,40.041747791693,1265.9],[-120.96128582954,40.041737398133,1264.5],[-120.96140292473,40.04172641784,1261.8],[-120.96159696579,40.041739158332,1259.0],[-120.9616793599,40.041749551892,1259.0],[-120.96174348146,40.04176447168,1257.5],[-120.96182260662,40.04180688411,1260.3],[-120.96189804375,40.041871927679,1258.4],[-120.96196736209,40.04191685468,1259.6],[-120.96203450114,40.04195750691,1259.6],[-120.96211329103,40.042028417811,1259.7],[-120.96224170178,40.042116595432,1256.8],[-120.96231931821,40.042151296511,1256.8],[-120.96237983555,40.042177028954,1256.4],[-120.9624734614,40.042230254039,1253.6],[-120.96253221855,40.042277444154,1253.8],[-120.96261561848,40.042327065021,1251.2],[-120.96269549802,40.042371908203,1254.2],[-120.96284721047,40.042432425544,1249.5],[-120.96290973946,40.042451033369,1250.3],[-120.96297922544,40.042479364201,1250.3],[-120.9633098077,40.042654126883,1247.6],[-120.963491695,40.042728893459,1246.2],[-120.96358465031,40.042761918157,1243.9],[-120.96377802081,40.042822016403,1239.0],[-120.96395152621,40.04287507385,1237.4],[-120.9642346669,40.042982278392,1233.5],[-120.96431228332,40.043020416051,1235.0],[-120.96442082897,40.043065175414,1232.8],[-120.96450439654,40.043100966141,1234.6],[-120.96460388973,40.043124938384,1232.4],[-120.96469273791,40.043142205104,1230.2],[-120.96486196853,40.043204315007,1230.1],[-120.96492198296,40.043240692466,1230.1],[-120.96499918029,40.04328193143,1227.9],[-120.96509724855,40.043338257819,1229.2],[-120.96522398293,40.043441606686,1227.6],[-120.96528408118,40.043511679396,1230.3],[-120.96532532014,40.043558785692,1227.7],[-120.96538759768,40.043619303033,1230.4],[-120.96551441588,40.04373203963,1228.4],[-120.96575346775,40.043843099847,1231.3],[-120.96581499092,40.043866401538,1229.6],[-120.96585866064,40.043879812583,1229.6],[-120.965912221,40.043880902231,1228.2],[-120.96596544608,40.043880650774,1227.0],[-120.96602294594,40.043876543641,1227.0],[-120.96609109081,40.043872855604,1225.9],[-120.9661438968,40.043878471479,1224.9],[-120.96618052572,40.043893642724,1224.9],[-120.96623073332,40.043914346024,1224.9],[-120.96627088264,40.043918369338,1224.0],[-120.96630608663,40.043916022405,1224.0],[-120.96633232199,40.043913759291,1223.2],[-120.96635428257,40.043909819797,1223.2],[-120.96637138166,40.043906718493,1223.2],[-120.96640918404,40.04390604794,1222.4],[-120.96648747101,40.043914513662,1222.4],[-120.96667824313,40.043895905837,1220.8],[-120.96676030196,40.043898420408,1220.1],[-120.9668296203,40.043902276084,1219.4],[-120.96687404439,40.043894648552,1218.9],[-120.9669009503,40.043887607753,1218.9],[-120.96694621257,40.043882410973,1218.9],[-120.96698342822,40.043883332983,1218.3],[-120.9670154471,40.043884925544,1218.3],[-120.96702944487,40.043888948858,1218.3],[-120.96702609211,40.043894648552,1218.3],[-120.96704511903,40.043893894181,1218.3],[-120.96704754978,40.043892720714,1218.3],[-120.96706121229,40.043890960515,1217.7],[-120.9670828376,40.043888110667,1217.7],[-120.96714293584,40.043882327154,1217.7],[-120.96715659834,40.043879980221,1217.1],[-120.96716280095,40.043879142031,1217.1],[-120.96716464497,40.043880818412,1217.1],[-120.96717218868,40.043880147859,1217.1],[-120.96718140878,40.043879812583,1217.1],[-120.96719708294,40.043876795098,1217.1],[-120.96721200272,40.043872185051,1217.1],[-120.96723664552,40.043871263042,1217.1],[-120.96724268049,40.043870843947,1216.5],[-120.96737695858,40.043842094019,1216.1],[-120.96744585782,40.04383505322,1215.8],[-120.96759832464,40.043822564185,1210.9],[-120.96767309122,40.043806387112,1210.9],[-120.96792479977,40.043739415705,1206.6],[-120.96801834181,40.043706055731,1207.2],[-120.96819461323,40.043626595289,1202.3],[-120.96836392768,40.043562054634,1202.8],[-120.96843919717,40.043538585305,1197.5],[-120.96850994043,40.043518971652,1197.8],[-120.96859468147,40.043503632769,1198.1],[-120.96868637949,40.043499022722,1198.2],[-120.96879467368,40.043499777094,1198.3],[-120.96902391873,40.043503213674,1197.9],[-120.96912039444,40.04351737909,1197.8],[-120.96920647658,40.043532466516,1197.7],[-120.96927596256,40.043547218665,1197.7],[-120.96936782822,40.04358057864,1199.1],[-120.96942608245,40.04362123087,1197.9],[-120.9694597777,40.043666996062,1196.7],[-120.96945952624,40.04371301271,1196.7],[-120.96944544464,40.04376238212,1194.5],[-120.96943002194,40.043809488416,1194.5],[-120.969409151,40.043871765956,1192.3],[-120.9693954885,40.043935887516,1190.3],[-120.96939389594,40.044001182541,1190.3],[-120.96938861534,40.044070417061,1188.7],[-120.96935165115,40.044213496149,1189.3],[-120.96931820735,40.044286418706,1189.3],[-120.96924553625,40.044445926324,1189.8],[-120.96922189929,40.044525554404,1189.1],[-120.96921158955,40.044598309323,1189.0],[-120.96921988763,40.044663185254,1189.0],[-120.96923237666,40.044725881889,1189.1],[-120.96925039776,40.044779861346,1189.5],[-120.96927286126,40.044828727841,1189.5],[-120.96930747852,40.044875750318,1187.9],[-120.96934519708,40.044892095029,1187.9],[-120.96939909272,40.044896034524,1185.6],[-120.96946447156,40.044870134443,1185.6],[-120.96950579435,40.044828141108,1182.6],[-120.96954669803,40.044779106975,1182.6],[-120.96959640272,40.044736359268,1178.8],[-120.96964811906,40.044699395075,1178.8],[-120.96967594698,40.044668465853,1174.2],[-120.96969019622,40.044633261859,1174.2],[-120.96968868747,40.044603338465,1174.2],[-120.96968826838,40.044598896056,1174.2],[-120.96970075741,40.044588586316,1174.2],[-120.96969857812,40.044563021511,1172.9],[-120.96969338134,40.04455790855,1172.9],[-120.96969212405,40.044554723427,1172.9],[-120.96969237551,40.044553382322,1172.9],[-120.96969053149,40.0445431564,1172.9],[-120.96969036385,40.044494289905,1173.3],[-120.96969556063,40.044474089518,1173.3],[-120.96969430335,40.04445229657,1173.3],[-120.96969329752,40.04435967654,1174.2],[-120.9697279986,40.044336961582,1174.2],[-120.96977166831,40.04433193244,1171.2],[-120.96979421563,40.044359844178,1171.2],[-120.96980687231,40.044407118112,1170.6],[-120.96985540353,40.044498229399,1169.0],[-120.96992329694,40.044617839158,1171.1],[-120.96999638714,40.04476477392,1171.6],[-120.97003662027,40.044834259897,1170.6],[-120.9700935334,40.044894693419,1171.5],[-120.97015731968,40.044932579622,1169.1],[-120.97022546455,40.044967783615,1166.7],[-120.97027449869,40.045017739758,1166.7],[-120.97031766549,40.045056380332,1162.1],[-120.97035907209,40.045077083632,1162.1],[-120.97037960775,40.045059816912,1162.1],[-120.97039628774,40.045018829405,1163.3],[-120.97039720975,40.044969627634,1163.3],[-120.97038388252,40.044908691198,1163.5],[-120.97037273459,40.044853789732,1163.5],[-120.97036904655,40.044801067561,1163.1],[-120.97038488835,40.044752452523,1162.4],[-120.97042663023,40.044713057578,1159.8],[-120.97047331743,40.04467559047,1159.8],[-120.97050692886,40.044634519145,1156.8],[-120.97052402794,40.044599985704,1156.8],[-120.9705348406,40.044577103108,1156.8],[-120.97053752281,40.044565200806,1156.8],[-120.97053886391,40.044561512768,1156.8],[-120.97053844482,40.044562183321,1156.8],[-120.97053593025,40.044560004026,1156.8],[-120.97053593025,40.044554723427,1156.2],[-120.97055076621,40.044533936307,1156.2],[-120.97055462189,40.04452756606,1156.2],[-120.97056451254,40.04452236928,1156.2],[-120.97057473846,40.044542569667,1156.2],[-120.97057214007,40.044548604637,1156.2],[-120.9705709666,40.04455447197,1156.2],[-120.97056870349,40.044555980712,1156.2],[-120.97054707818,40.044566793367,1156.8],[-120.97053668462,40.044568972662,1156.8],[-120.97053249367,40.044567966834,1156.8]]}}
