{"type":"FeatureCollection","features":[{"type":"Feature","geometry":{"type":"Polygon","coordinates":[[[-120.5030317741749,39.893534271967134],[-120.5025125748374,39.893703138317022],[-120.50227630809967,39.893788138552054],[-120.5020625741225,39.893797071905219],[-120.50195577476865,39.893776738346297],[-120.50182650820783,39.893616338528062],[-120.50172710809015,39.893411538777926],[-120.50166597464539,39.89328407201392],[-120.50162017450742,39.893116471599519],[-120.5015665745277,39.89310627198784],[-120.50133017460166,39.893272338816686],[-120.50119290737611,39.893350472276254],[-120.50106317465618,39.893379139018627],[-120.50077310711572,39.893458538519724],[-120.50046037466694,39.893474272153505],[-120.50014017430671,39.8934358721175],[-120.49957550780205,39.893324539034857],[-120.49907937397838,39.893259871943172],[-120.49849230686098,39.893184071930307],[-120.49826297424084,39.89309807222071],[-120.498080173254,39.892981538981232],[-120.49798090736519,39.892817272514087],[-120.49799597325482,39.892641871906704],[-120.49804930685787,39.892462871892725],[-120.49804197317528,39.892399672153495],[-120.49794277388065,39.892356938868303],[-120.49762997379716,39.89253487256557],[-120.49734010707974,39.892609672168803],[-120.49701197368945,39.892607139012462],[-120.49670637305968,39.892568938875932],[-120.49658477315232,39.892494272552518],[-120.49658430699316,39.89236813892424],[-120.49669117294118,39.892320938847043],[-120.49698150685832,39.892277672214114],[-120.49719497341829,39.892214738953641],[-120.49753070686781,39.891951671886567],[-120.49804957323452,39.891652138792892],[-120.49831650658587,39.891486738661413],[-120.49865197365874,39.891124671650203],[-120.49886550681289,39.890962538758778],[-120.49909457409687,39.890733272243359],[-120.49926257348973,39.890534272032248],[-120.49949117357401,39.890376938363787],[-120.49968977402686,39.890322738369022],[-120.49995677397234,39.890296938907355],[-120.50013990688952,39.890246872036442],[-120.50025437393735,39.890114138086588],[-120.50026970724414,39.890033471678358],[-120.49993390720044,39.890021738723085],[-120.49975077324278,39.889891671721777],[-120.49972017322328,39.889584671934671],[-120.49958277384992,39.8895862718934],[-120.4993997064864,39.889717471578606],[-120.49878910665542,39.890249271951383],[-120.4982707064479,39.890656938520188],[-120.49791990710875,39.890775472432132],[-120.49744690643364,39.890819338789449],[-120.4971565069629,39.890885138672012],[-120.49696617355148,39.890993671854837],[-120.49654670626192,39.891254872033677],[-120.49623350661345,39.891482272632743],[-120.49598157359812,39.89165247250677],[-120.49590537322315,39.891619339022505],[-120.49593597324262,39.891520872554935],[-120.49600490652917,39.891414272241313],[-120.49627157350382,39.891199338667221],[-120.49646250626274,39.8909557390703],[-120.49676010622773,39.890570272193479],[-120.49703430666749,39.8901843384944],[-120.49723330668535,39.889958938317378],[-120.49756137348147,39.88965973902161],[-120.49774390601058,39.889424938538113],[-120.49807957286599,39.88893673825855],[-120.49824010642843,39.888665338554709],[-120.49848470680176,39.888310272159949],[-120.4984993065322,39.888211471998787],[-120.49836990678308,39.888208672014756],[-120.49807970605431,39.888432138642834],[-120.49757630618275,39.888808738629784],[-120.49715657355706,39.889173538777982],[-120.49651577327161,39.889731738647001],[-120.49614217271419,39.889975871918317],[-120.49592057334165,39.890160272254803],[-120.49576090654389,39.890368538676718],[-120.49562350612996,39.890509672603095],[-120.4953029062048,39.890741472293378],[-120.49503570647676,39.890834872638685],[-120.49458577339659,39.891005272114967],[-120.49428010617268,39.891129272625747],[-120.49402090606888,39.891263272410512],[-120.49382230665657,39.891376139300704],[-120.49352530603907,39.891365139471489],[-120.49321217298478,39.891250338927456],[-120.49305930607574,39.891256072771895],[-120.49291470620813,39.891293472882303],[-120.49273917230968,39.891253539565575],[-120.49256337307509,39.891285872468728],[-120.49228910604117,39.891351939354763],[-120.49218977251766,39.8913497390689],[-120.49218197267592,39.891241539367392],[-120.49223557265563,39.891134539437068],[-120.4926853059533,39.890707472137827],[-120.49298330548329,39.890412072372918],[-120.49344117263405,39.89014273911895],[-120.4941123731565,39.889616738965323],[-120.49495930631932,39.889017938482922],[-120.49533310561871,39.888548539099276],[-120.49568410578091,39.888182272159824],[-120.49617217234562,39.88766573882144],[-120.4964699065395,39.887298338214748],[-120.49664577236824,39.886964338857901],[-120.496653172645,39.886820338508876],[-120.49654637225056,39.886822538141686],[-120.49618037279291,39.887120938634659],[-120.49580630607632,39.887500271585878],[-120.49537170630295,39.887873671904217],[-120.4950813057917,39.888056538579626],[-120.49440997208093,39.88842953906525],[-120.49402090606888,39.888655338677481],[-120.49370057252034,39.888819539271331],[-120.49350970531506,39.888905538760234],[-120.49334917279315,39.888915538601019],[-120.49330370562599,39.88888307204688],[-120.49329617216092,39.888828872467784],[-120.49343337279232,39.888651672454692],[-120.49362377279787,39.888480138994915],[-120.49387570581324,39.888368472117129],[-120.49403590536434,39.888263872476948],[-120.4942803725493,39.888093471774837],[-120.49509670569267,39.887493938622022],[-120.49533337303592,39.887278338858401],[-120.4955237054068,39.887048271988249],[-120.49564630630772,39.886875138486623],[-120.49575277269078,39.886598271841478],[-120.49590530558845,39.886344738715565],[-120.49608090608108,39.886078338857672],[-120.49630210588862,39.885844338106907],[-120.49642450596652,39.885554271654733],[-120.49655410549813,39.885385871474625],[-120.49671410526673,39.885186671302172],[-120.49693557249149,39.885006738409778],[-120.49713397212129,39.884695738122339],[-120.49737050627621,39.884480138341843],[-120.49769050581337,39.884243871739059],[-120.49783557288069,39.884053271516052],[-120.49790457276137,39.883861071469298],[-120.49777470581257,39.883858271307574],[-120.49741597240281,39.883972138070014],[-120.49704957233962,39.884040871632308],[-120.49679017245333,39.884057738028659],[-120.49667617260521,39.883978738040753],[-120.49656157236906,39.883895138097969],[-120.49640130518326,39.883981738607943],[-120.49614990596176,39.884021338417476],[-120.49608117245772,39.884100937989615],[-120.49590550537096,39.884534071485859],[-120.49574550560237,39.884791871775256],[-120.4955999057817,39.884977938819304],[-120.49543970519011,39.885100538600042],[-120.49530250559926,39.885156138386648],[-120.4951041725636,39.885223938191793],[-120.49494377218946,39.885333071975879],[-120.49486010598416,39.885443871911463],[-120.49478397220336,39.885568338385369],[-120.49466957174971,39.885615472052024],[-120.4944859050387,39.885642938797481],[-120.49429550503309,39.885832538963683],[-120.49410470546255,39.885914071816202],[-120.49392957216962,39.886126471799152],[-120.49371570500411,39.886279471812237],[-120.49345630511785,39.886336871879301],[-120.49329610556677,39.886301872311499],[-120.49328090544827,39.886157472158168],[-120.49334937153512,39.886041871654726],[-120.49344070543438,39.88590413860539],[-120.493601305591,39.885831072254511],[-120.49371557181578,39.885720938833344],[-120.49375377189453,39.885555071681168],[-120.49381430495126,39.885416738830486],[-120.49395957180107,39.88534333821557],[-120.49407417203723,39.885287272296083],[-120.49408910577905,39.885138938514906],[-120.49445590540725,39.884822538192196],[-120.49445557243641,39.884669471850998],[-120.49445597200139,39.884520738310847],[-120.49462397243477,39.884200138506685],[-120.49487537165626,39.883939738639782],[-120.49485270570742,39.883822138272713],[-120.49490570529909,39.883751271829716],[-120.49487550484459,39.883615472022079],[-120.49492077222924,39.883454338601076],[-120.49482930514165,39.883438871746506],[-120.49469957242167,39.883548671886317],[-120.49458570472135,39.883627271546857],[-120.49435657188374,39.883694338288748],[-120.49400530534487,39.883948072044916],[-120.49376930498383,39.884028471746355],[-120.49368510498464,39.884013138362022],[-120.49366950530114,39.883855138192438],[-120.49388317164362,39.883549071911268],[-120.49402070524587,39.883227671502326],[-120.49423450477666,39.883016071378073],[-120.49434097220025,39.882820271355271],[-120.49432590527009,39.882612671874547],[-120.4943949051508,39.882506071282322],[-120.49458517196804,39.88245613845298],[-120.49469997198669,39.882373071626304],[-120.49469230533326,39.882224271622597],[-120.49475350537223,39.882130938594344],[-120.49494417175447,39.882211671790991],[-120.49505097214886,39.882069871625077],[-120.49522610544179,39.882096138093814],[-120.49551637172419,39.882111471906853],[-120.49558457143436,39.882243537862543],[-120.49553910530776,39.88255333800231],[-120.49555437202041,39.882571671543516],[-120.49568377176955,39.882452871929964],[-120.4958287722427,39.882483071492345],[-120.49589030525246,39.882439337935281],[-120.49590557196512,39.882381071462824],[-120.49598130514035,39.882328671279097],[-120.49622557150231,39.882383471653128],[-120.49627937230505,39.882330538095189],[-120.4963097715015,39.882200671289688],[-120.49664517198021,39.88191967124213],[-120.49688930515381,39.881717671130183],[-120.4970651720231,39.881442271221303],[-120.49720217183146,39.881251471575219],[-120.49728637183065,39.881185738301689],[-120.49758357223064,39.881133670969554],[-120.49772137220953,39.881041938211929],[-120.49794270520539,39.880785537940099],[-120.49823990560539,39.880472071137909],[-120.49827057221906,39.88036913787618],[-120.49820170552668,39.88033613787573],[-120.49807237237172,39.880373871324402],[-120.49795010548215,39.880402737526403],[-120.49775937146522,39.880398670818977],[-120.49755337177614,39.880277071125043],[-120.49743117148076,39.88030147140924],[-120.49725577181115,39.880383271146783],[-120.496889972136,39.880614138108761],[-120.4965999056361,39.880833138015703],[-120.49635570482779,39.880917937820236],[-120.49622597210784,39.880906137829214],[-120.49614950535624,39.880859471232412],[-120.49612677177267,39.880782338410199],[-120.49607297201047,39.880713671049691],[-120.49582117218345,39.880802738105416],[-120.49553917190194,39.880783137693861],[-120.49548577170472,39.88066493783883],[-120.49552430475428,39.880390938245228],[-120.49551637172419,39.880287271048545],[-120.49539417142881,39.880248537841076],[-120.49524897117315,39.880344471718779],[-120.49509630508713,39.880462871748428],[-120.49484497141927,39.880502471194788],[-120.49474550470744,39.880603871160915],[-120.49461557116446,39.880718137779851],[-120.49437210497305,39.880744471839215],[-120.49424970489515,39.880831871619172],[-120.49405170483035,39.881012271401133],[-120.49390610500969,39.881018137851477],[-120.49376877118996,39.881015137953099],[-120.49374637161777,39.881185871647901],[-120.49361610510392,39.881354138417656],[-120.49342570509837,39.881462671518641],[-120.49325037098242,39.881499471726571],[-120.49318910434931,39.88155667138561],[-120.49314370481689,39.881740338213262],[-120.49299070471949,39.881926271410485],[-120.49295217166996,39.882083071932172],[-120.49279990514893,39.882169871952748],[-120.49278490481295,39.882340671440502],[-120.49273870510999,39.882407271539684],[-120.49262470526185,39.88244527213314],[-120.49251010502569,39.882501338779704],[-120.49231957183179,39.882776471741032],[-120.49198397157056,39.883062072189631],[-120.49176277176302,39.883174338569034],[-120.49152570485479,39.883362871639804],[-120.49125137122671,39.883510072265913],[-120.49110590459441,39.883610538386151],[-120.4910533045677,39.88381207221618],[-120.4909463043908,39.883922338850795],[-120.49067917125696,39.884051738497689],[-120.49054917111981,39.884125471850531],[-120.49038897156871,39.884311139085717],[-120.49022097113534,39.88442913863382],[-120.49019110469223,39.884608672224893],[-120.49009897166299,39.884687738555918],[-120.48991650468747,39.884764872573996],[-120.48980937132222,39.88493373896965],[-120.48973310435314,39.884981672307248],[-120.48963370423544,39.884983939067645],[-120.48954197077119,39.884932471850462],[-120.48954950423627,39.88472547200525],[-120.48964950474196,39.884371738566415],[-120.48972510472889,39.884040072386668],[-120.48982457144072,39.883898072397535],[-120.48993917167688,39.883801471995071],[-120.49012930426525,39.883738071843766],[-120.49031277119377,39.883714939125696],[-120.49058010411009,39.883680271972104],[-120.49065590492005,39.88360527179524],[-120.49067937103946,39.883385071881392],[-120.49073217084863,39.883278138735371],[-120.49105277077386,39.882924738771926],[-120.49096117153844,39.882792138360401],[-120.49094597141995,39.882665672285583],[-120.49099157073489,39.882518072211155],[-120.49114430445562,39.882377271560578],[-120.49131257126567,39.882313272040342],[-120.49156430449851,39.882287271544484],[-120.49173957097976,39.882227938189153],[-120.49184590417447,39.882117672023448],[-120.49184617159167,39.882090671769099],[-120.49173950438558,39.88208833864001],[-120.49163237102036,39.882140071487058],[-120.49147277081677,39.882150071516179],[-120.49144957107403,39.882064071537712],[-120.49150297127122,39.88192107176183],[-120.49170157068353,39.881686671957631],[-120.49186930474023,39.881514538183353],[-120.49215910486348,39.881286671744036],[-120.49234230437479,39.881029338163067],[-120.49243390465075,39.880941271901214],[-120.49270077140791,39.880879471662617],[-120.49281530504992,39.880805337972198],[-120.49284550446384,39.880738472018322],[-120.49285370491114,39.880513471968484],[-120.49278497140709,39.880453338589327],[-120.49271590493224,39.880465338280423],[-120.49257117083579,39.880543338617066],[-120.49246397087636,39.880640138440548],[-120.49237277120596,39.88075527135576],[-120.49226590421738,39.880779938163855],[-120.49215930464599,39.880719138282693],[-120.49205250425156,39.88072127183689],[-120.49189977157138,39.880862138169704],[-120.49157937142866,39.881089471835601],[-120.49128910410573,39.881294872125558],[-120.49106010445644,39.881420471984988],[-120.49095317087368,39.881526271796098],[-120.49078590401668,39.881626272118062],[-120.49057197129756,39.881639672129403],[-120.49052650413039,39.881683672088492],[-120.49046517090312,39.881781471587992],[-120.49025937099658,39.881795071985742],[-120.49009897062243,39.881944672190976],[-120.48983197067692,39.882150671965029],[-120.48966450403742,39.882295672221673],[-120.48941270421038,39.882425272159644],[-120.48930537106263,39.882562672051833],[-120.4890459711764,39.882701138414994],[-120.48872570422199,39.882928339028808],[-120.48848190401922,39.883098738995109],[-120.48816910393573,39.883240671972402],[-120.48795530440495,39.883330538991984],[-120.48784097054542,39.883499272384775],[-120.48769577028979,39.883595271978344],[-120.48744397046278,39.883643872160526],[-120.48737570415844,39.883574738973934],[-120.48739037048307,39.883448938656301],[-120.48748230372982,39.883356338679974],[-120.48766517027032,39.883270272345705],[-120.48787890424748,39.883162272281524],[-120.48814597078717,39.882974339100805],[-120.48841290413851,39.882628871905069],[-120.48864157081698,39.882350071791706],[-120.48889377124954,39.88200867205525],[-120.48893910418781,39.881766472261646],[-120.48909997072107,39.881585271995704],[-120.48900030422675,39.881371338440353],[-120.4889931037325,39.880947872163745],[-120.4890917702738,39.880724738862355],[-120.48912270430468,39.880621872254302],[-120.48909217087935,39.880576138895911],[-120.48901530352219,39.880578938393164],[-120.48877917101335,39.880641471913499],[-120.4885731036896,39.88070453876545],[-120.48845090339421,39.880706338552947],[-120.48845130399975,39.880634339030756],[-120.48850410380892,39.88054987184492],[-120.48872590400451,39.880320472292112],[-120.4887945043202,39.880141738741258],[-120.48883250357586,39.880084071581834],[-120.48898517070242,39.880064871808592],[-120.48906897009608,39.880030671525411],[-120.48915277053025,39.879897338886408],[-120.48925950433051,39.879895138232961],[-120.48933610427045,39.879919271955664],[-120.48943557098228,39.879777338491181],[-120.48953430411777,39.879675871825945],[-120.48974057018351,39.879608271748857],[-120.4899691702678,39.879572671468836],[-120.49006110351456,39.879538671363605],[-120.49022150388868,39.879348471685127],[-120.49046497112063,39.879123938192073],[-120.49069417055242,39.878890138087307],[-120.4909917705174,39.878504671243086],[-120.49099930398248,39.878419271965257],[-120.49092277063671,39.878413138589323],[-120.49072450419521,39.878598071490927],[-120.49052630434791,39.878625271949559],[-120.49012937085941,39.878787871600984],[-120.48972550429389,39.878900738269117],[-120.48908436999706,39.879049071971373],[-120.48904616991834,39.879012138695003],[-120.4890307034232,39.87893527209313],[-120.48916057037202,39.878703738313149],[-120.48912257007578,39.878680472142584],[-120.48908410362041,39.878675071821917],[-120.48889377020899,39.878824138244077],[-120.48877150331943,39.878871072129009],[-120.4884737701661,39.878878138120506],[-120.48822230330991,39.878899738538308],[-120.48808510371906,39.878856271792934],[-120.48801610383835,39.878764671735212],[-120.48801650340336,39.878354671462873],[-120.48798557041302,39.878317938239462],[-120.48792457015658,39.878307671746349],[-120.48755096959916,39.878434738355068],[-120.48748936999523,39.878397338416292],[-120.48745916954073,39.878324538754441],[-120.4872911701479,39.87832093825584],[-120.48711617004329,39.878312672040515],[-120.48675016954512,39.878291271864867],[-120.48668110307027,39.878379871742723],[-120.48655150353866,39.878566271598665],[-120.48639876981794,39.878707072089547],[-120.48616210351524,39.878846071656533],[-120.4859407694788,39.878940338617561],[-120.48589536994638,39.878943872009096],[-120.48581916957141,39.878870138673825],[-120.48579616961122,39.878558871797424],[-120.48578050333356,39.878508938489276],[-120.48571997027678,39.878485138846671],[-120.48555916929715,39.878585272163853],[-120.48517070263259,39.878756938977212],[-120.48480437020409,39.87886167209934],[-120.48468216990869,39.87886807213664],[-120.48452930299965,39.878833139024913],[-120.48442216963439,39.87892093889738],[-120.48426250283663,39.878953472452636],[-120.48420150258019,39.878983671959155],[-120.48419376933262,39.879073672318782],[-120.48420870307444,39.879204539183505],[-120.48407917013697,39.879291872254996],[-120.48386570253649,39.879413338749217],[-120.48365210278817,39.879557338685089],[-120.48361417012664,39.879615072562835],[-120.48349937010799,39.879756672591398],[-120.48325510270551,39.879882072450378],[-120.48301150332577,39.880128938903788],[-120.4827597024582,39.880317139392666],[-120.48241576960194,39.880507872170064],[-120.48203410282608,39.880652739359434],[-120.48156890303326,39.880804739108513],[-120.48119510269335,39.880954339078926],[-120.48084450313667,39.881068272945399],[-120.48058490242735,39.881053672704049],[-120.48048556890384,39.881074072318548],[-120.48042430227073,39.881126739355253],[-120.48037916911495,39.881283339689993],[-120.48024156891856,39.88152813943254],[-120.47997456897308,39.881815139214851],[-120.479585502961,39.882103939143697],[-120.47927290266006,39.882277273132345],[-120.47924950313481,39.882357872812705],[-120.47934116896437,39.882445472548078],[-120.47937190217219,39.88252713957818],[-120.47934136978739,39.882621139582859],[-120.47921896970949,39.882649939364825],[-120.47923430301631,39.882789939396815],[-120.47914296911708,39.882828473150362],[-120.47894436970473,39.882864739253343],[-120.47889850297261,39.882922273126823],[-120.47891416925026,39.882990139816201],[-120.4789523027348,39.883108139242381],[-120.47910456925584,39.883120473022785],[-120.47918150320713,39.883176139888604],[-120.47917316957152,39.883279539227331],[-120.47908930254319,39.883417339828689],[-120.47895950322906,39.883590272867842],[-120.47902036925665,39.883681673254266],[-120.47929596921442,39.883800272723214],[-120.47941016988561,39.883834273110736],[-120.47958510339602,39.883829072808368],[-120.47956296915996,39.883914139581911],[-120.479501369556,39.883998339934244],[-120.47931836982717,39.884048472849152],[-120.47924990269981,39.884119073102376],[-120.47927290266006,39.884290673364944],[-120.47924216945223,39.884452139367923],[-120.47908976974288,39.884561473192363],[-120.47894436970473,39.884558273040248],[-120.47884570316342,39.884502073139011],[-120.47875410288751,39.884328939594894],[-120.47868530278932,39.88429147340613],[-120.47854056973338,39.884292739738761],[-120.47839550266606,39.884460739390455],[-120.4783035694193,39.884494739450517],[-120.47824276894536,39.884497939605602],[-120.4781361027798,39.884459673469976],[-120.47802916919706,39.884484339743913],[-120.47795250266293,39.884662873543618],[-120.47784616946821,39.88467413953034],[-120.47778530240009,39.884641273344343],[-120.47768590228242,39.884458873430809],[-120.47766256935135,39.884138540018299],[-120.47776216925153,39.88401453963737],[-120.47794496919785,39.883892472875516],[-120.47792230220848,39.883693739450358],[-120.47799116890081,39.883429539413157],[-120.47820436908414,39.883015272918904],[-120.478158502352,39.882991739928848],[-120.47807490274086,39.882998939636948],[-120.47797590218816,39.883068872661077],[-120.47789916905988,39.883067140006105],[-120.47786870222875,39.883021472953828],[-120.47797536943483,39.882861673163518],[-120.47812056864993,39.882770273280912],[-120.47827310258816,39.882696939299038],[-120.47838030254758,39.882465073282944],[-120.47850216883162,39.882287539829584],[-120.4787695027885,39.881955539388578],[-120.47889850297261,39.881683672886986],[-120.47905916868285,39.881524939138842],[-120.47933376868762,39.881251672792082],[-120.47931830219248,39.881197273149112],[-120.47923436961048,39.881132339103125],[-120.47918910222583,39.880955739618344],[-120.47917330275988,39.880905872732654],[-120.47902816909837,39.880956739319167],[-120.47879990198494,39.881204073007012],[-120.47839476908969,39.881528539469265],[-120.47821176936087,39.881637139366177],[-120.47809030264183,39.88156247311283],[-120.47799836939505,39.881578472974105],[-120.47785390271579,39.881512272905191],[-120.47769290195362,39.881616873264612],[-120.47766256935135,39.881787339569463],[-120.47750256854222,39.881964072652714],[-120.47738056906987,39.882123539976199],[-120.47733436936687,39.882464872868127],[-120.47725856855695,39.883017273059011],[-120.47727396949847,39.883215739364992],[-120.47725050233853,39.883417873196272],[-120.47712916880785,39.883559340014976],[-120.47694536890849,39.883686073519634],[-120.47673936921942,39.883803139957088],[-120.47672096945934,39.883811073355403],[-120.47651816941188,39.883897473560914],[-120.47625910249646,39.883986340062947],[-120.47631250269365,39.884104673122188],[-120.47635090255486,39.884254139738722],[-120.47628950273342,39.884433073359176],[-120.47622070263522,39.884418073016008],[-120.47605290198433,39.884328739983928],[-120.4759539024722,39.884335673669881],[-120.47556490201379,39.884660473433108],[-120.47554956870697,39.884799740385709],[-120.47551916951053,39.885028873445812],[-120.47561076874592,39.885044339941707],[-120.47585430257205,39.884959539651277],[-120.47593856916538,39.884974939892572],[-120.47596910259067,39.885061139821048],[-120.47596916918488,39.885236873610268],[-120.47601456871728,39.885413473246913],[-120.47607596957928,39.885549940174236],[-120.47605276879601,39.885684540105146],[-120.47603030262964,39.885760673370967],[-120.47627450239743,39.885738940180204],[-120.47633556924804,39.885767273169591],[-120.47636596948504,39.885835540248188],[-120.47628170289165,39.885919273557327],[-120.47622816950614,39.885945140137338],[-120.47601450212312,39.886012539950116],[-120.47570950292192,39.886100473547735],[-120.47570996908108,39.886145539732254],[-120.47582390233505,39.886229073057351],[-120.47588490259152,39.886338539779643],[-120.47593836938289,39.886353140492496],[-120.47619030239824,39.88625954002449],[-120.47638896944525,39.88622334038925],[-120.47654896921387,39.886226873405498],[-120.47685416923809,39.886274073686799],[-120.47709056916413,39.886144073029776],[-120.47731216957719,39.886081340131362],[-120.47746476906904,39.886125140029748],[-120.47752576932548,39.886176073005558],[-120.47752590251383,39.886252673600495],[-120.47747236912829,39.886337073081293],[-120.47747196956328,39.886409073002689],[-120.47763970257945,39.886538873552723],[-120.47760916915414,39.886709340395413],[-120.47757856913466,39.886789740052464],[-120.4774493025739,39.886886073566416],[-120.47747236912829,39.887053273241904],[-120.47740310287091,39.887227340433476],[-120.47725090294408,39.88737267326961],[-120.47707496948064,39.887526539966345],[-120.47688470266338,39.887594473156319],[-120.47686916957407,39.887697673416191],[-120.4769229027421,39.887725873859388],[-120.47723570282561,39.887728140529106],[-120.4772893028053,39.887778939778983],[-120.47736556977441,39.887893140149338],[-120.47743410349592,39.887939740482082],[-120.47766256935135,39.887624873248988],[-120.47784610287404,39.887484740174628],[-120.47807496933501,39.887422140240304],[-120.47824310295672,39.887304140254557],[-120.47837250270584,39.887122339846492],[-120.47839516969522,39.88690214005053],[-120.47854030335668,39.886828740227529],[-120.47881490336145,39.887055340330825],[-120.47889117033056,39.887088539894044],[-120.47904357003989,39.887037873467413],[-120.47916597011782,39.887067540066347],[-120.47918110364215,39.887193939737998],[-120.47904357003989,39.887416273539451],[-120.479082503695,39.887534139998273],[-120.47929570283777,39.887637873683765],[-120.47931810345051,39.887782539780964],[-120.47958556955518,39.887743273481576],[-120.47968470329619,39.887812939790287],[-120.47966917020688,39.887934273026467],[-120.47963910294072,39.888001139946979],[-120.47949397031979,39.888088140059466],[-120.47928057035398,39.888110473700593],[-120.47929556964945,39.888376539916223],[-120.47918890348389,39.88859494018638],[-120.47902137025021,39.888739940387211],[-120.47902070326799,39.888798473707375],[-120.47925010352286,39.888803473236528],[-120.47934857028164,39.888864139803275],[-120.47934177039294,39.888994673416946],[-120.47926530364133,39.889222740183122],[-120.47902897030946,39.889411273387879],[-120.47900570397258,39.889487340241196],[-120.47905937054644,39.889520073169145],[-120.47913570306918,39.88961174029388],[-120.47918857051305,39.889621940425506],[-120.47933370313399,39.889692673059386],[-120.47942517022159,39.889726140399787],[-120.47955510376455,39.889512740017416],[-120.47969210357292,39.889443673425923],[-120.47984510367031,39.889438073558388],[-120.48011990345758,39.889619673020057],[-120.48037917015552,39.889922540242459],[-120.48055430344841,39.890151540416788],[-120.48063077020002,39.890279340339738],[-120.48058517088511,39.890404473458382],[-120.48040190373908,39.89049954046515],[-120.48010457015074,39.890614739855216],[-120.48005057060604,39.890690140331095],[-120.47995910351845,39.890854873352531],[-120.4797989705615,39.89091434055311],[-120.47968470433672,39.890965939800317],[-120.47985237075872,39.89101467367329],[-120.48008897046728,39.891078340136453],[-120.48034850354186,39.891097473754897],[-120.48048597054992,39.891077940155483],[-120.48069930392154,39.890938473590772],[-120.48088277085009,39.890919940299995],[-120.48090550443366,39.891019539713724],[-120.48081357118687,39.891152673487632],[-120.48077557089066,39.891291473782019],[-120.48082930405872,39.89132414038275],[-120.48107357042065,39.891257339774214],[-120.48127190449685,39.891270740298289],[-120.48138610412747,39.891345273031355],[-120.4814091040877,39.891435873500043],[-120.48127150389131,39.89156347383372],[-120.48119570412189,39.891656473081291],[-120.48122570375334,39.891774139845658],[-120.48156190440258,39.89187607320936],[-120.48156157143174,39.89194367316675],[-120.48148557083931,39.892104139969256],[-120.48151557047075,39.892199340338671],[-120.48151617085878,39.892366073592243],[-120.4813867045155,39.892489340353833],[-120.48156897066796,39.892799540471543],[-120.48167637145042,39.89302267359519],[-120.48184397127824,39.893314539837306],[-120.48217950494529,39.893551539986177],[-120.48239310469359,39.893587740541768],[-120.48249257140544,39.893666473191381],[-120.48248437095815,39.893828473550421],[-120.48242357152473,39.894034340221374],[-120.48227930462797,39.894202339950766],[-120.48216457120347,39.894240473714021],[-120.48194337139593,39.894231140456043],[-120.48161537119394,39.894129473245144],[-120.4814091040877,39.894093473356563],[-120.48124990448964,39.894247540516609],[-120.48103530478831,39.894278940358788],[-120.48079890486227,39.894246740591669],[-120.48052417062864,39.894123740439412],[-120.48037937097853,39.894107073707012],[-120.48060050419193,39.894355073659888],[-120.48061557112204,39.894481540525156],[-120.48095897122502,39.894727740502027],[-120.48106577161943,39.89474354010521],[-120.4812491043191,39.894648473396281],[-120.481355504108,39.894655273516776],[-120.48139370418671,39.894809273951616],[-120.48145497186034,39.894891673482292],[-120.48143957091882,39.895017473559058],[-120.48135550514851,39.8951146736608],[-120.48143230487095,39.895215474034586],[-120.48136317180195,39.895286073964193],[-120.48107310426148,39.895302273395032],[-120.48103510500582,39.895341940110512],[-120.48167610507375,39.895842340045604],[-120.481965905197,39.896091873653461],[-120.48204270491944,39.896291740654227],[-120.4822563712619,39.896444940705855],[-120.48227857209213,39.896594140128862],[-120.4821641050443,39.896686273580066],[-120.4817447719836,39.896681673775802],[-120.48133250518829,39.896623140800862],[-120.48114170457718,39.896623473692216],[-120.48098930486785,39.89687234027226],[-120.48113430534097,39.897204340323228],[-120.48127937136775,39.897351674080852],[-120.48140170485148,39.897507474189609],[-120.48130970501055,39.897582073583429],[-120.48132510491155,39.897663474314626],[-120.48146270510794,39.897837540906963],[-120.4814851712743,39.897959673842841],[-120.48135570493102,39.89802447380508],[-120.48098977206755,39.898075073836431],[-120.48090570525667,39.898176740782404],[-120.48110397169815,39.898230674326719],[-120.4813249717232,39.898203940658291],[-120.48166117133191,39.898265274251273],[-120.48194330480175,39.898365940669756],[-120.48217190488604,39.898492540630954],[-120.48227890506297,39.898643540500764],[-120.48230970486495,39.89877934087346],[-120.48221010496476,39.898925873769471],[-120.48201957177086,39.899016274228792],[-120.48201190511746,39.899128674135568],[-120.48190497153469,39.899252473953048],[-120.48172230581723,39.899352141085316],[-120.4814705049497,39.899400674218064],[-120.48127970537912,39.899383073996503],[-120.48108837201468,39.899293274319767],[-120.48088297167313,39.899275340393864],[-120.48077630550758,39.899254940607335],[-120.48058550489647,39.899034674413635],[-120.48053170513427,39.899024474086168],[-120.48050877176819,39.899091540932012],[-120.48057030477797,39.89929107428889],[-120.48048570521379,39.89940187401529],[-120.48032590522769,39.899416341029742],[-120.48005897187636,39.899379073872957],[-120.47985310537561,39.899311474064653],[-120.47965417195195,39.899217073861713],[-120.47958597120125,39.899260674580439],[-120.47970017187241,39.899434274120459],[-120.47979910479037,39.899688674443446],[-120.4799291715217,39.899727541153865],[-120.48004330559871,39.899824540597415],[-120.48005090565793,39.900018474413379],[-120.48027270481299,39.900149341212163],[-120.48050150572031,39.900289473939829],[-120.48050917237373,39.900397740780058],[-120.48047110548335,39.900500540995935],[-120.48046310481854,39.900576941186934],[-120.48082957251644,39.900710940860662],[-120.48104290588809,39.90083727386488],[-120.48114957205365,39.900857540670607],[-120.48136310520776,39.900754140704407],[-120.48153877229456,39.900789474545007],[-120.48180577224005,39.901002474219943],[-120.48196637239667,39.901069074549056],[-120.48217970576832,39.901154740966177],[-120.48225590614328,39.901286941061052],[-120.48210337220505,39.901400740558039],[-120.48182097235855,39.901466741018652],[-120.48135570597157,39.901537674560082],[-120.48108857179719,39.90162194107242],[-120.48093610549368,39.901713274312151],[-120.48092070559265,39.901775941018968],[-120.48101270543361,39.901881540987581],[-120.48102030549283,39.90201247447321],[-120.48119530559744,39.902043274474309],[-120.48139370522723,39.902196274082826],[-120.48156950550235,39.902344140705289],[-120.48166117237244,39.902494874258871],[-120.48165357231322,39.902602740893762],[-120.48156917253151,39.902754074146841],[-120.48161510585783,39.902795541344389],[-120.48178277227983,39.902767674375042],[-120.48229397303365,39.902702274638166],[-120.48248497238671,39.902697340779369],[-120.48256150573248,39.902744073930371],[-120.48264517297835,39.90285394133074],[-120.48270630642314,39.903039940988428],[-120.48267590618616,39.903174474647024],[-120.48218010637383,39.903478940676003],[-120.48206557273186,39.903589141351958],[-120.48209570555163,39.903625741302562],[-120.48230957271711,39.903634940776747],[-120.48255337291994,39.903685274051426],[-120.4827137722535,39.903756340993134],[-120.48283577276642,39.903840073962947],[-120.48285910569749,39.904002740728949],[-120.48283597254891,39.904191341037262],[-120.48288210565772,39.904250941142699],[-120.48353017303157,39.903760541213764],[-120.48366017316872,39.903704874300892],[-120.48387337335201,39.903691474611534],[-120.4840259728439,39.903717274618714],[-120.48422490626756,39.903856740722972],[-120.4843389061157,39.904016873916603],[-120.4844151064906,39.90425267406043],[-120.48447650631209,39.904312540715011],[-120.48484997264065,39.904113474567204],[-120.48499497311377,39.904085141178939],[-120.48505650612357,39.904163073932793],[-120.48497197315355,39.904296341019474],[-120.4849643730943,39.904620473889445],[-120.48486510616496,39.904739940700892],[-120.48476597346448,39.904791874364037],[-120.48451450660831,39.904849474444035],[-120.48436950613517,39.904895874074192],[-120.48431590615544,39.905043274307779],[-120.48418637321799,39.905184674148309],[-120.48404917362713,39.905240141107022],[-120.48362937336675,39.90524454078669],[-120.48362217287249,39.905302941080286],[-120.48375910608671,39.905378074762709],[-120.48413310620911,39.905503274502045],[-120.48427017365218,39.905591874333616],[-120.48429350658324,39.905736474600054],[-120.48435397304581,39.905760274360695],[-120.48452950694428,39.905719073958188],[-120.48467477379408,39.90568614123584],[-120.48476650621782,39.905715141252877],[-120.48477377330623,39.9059135410455],[-120.4846591064759,39.906091274320502],[-120.48462910684447,39.906153674418782],[-120.4849795732128,39.906044141164351],[-120.48536910642456,39.905971474624842],[-120.48565097351769,39.905977540881807],[-120.48583430725792,39.906004074364247],[-120.48600210686824,39.906070740870746],[-120.48616970669607,39.906187074655264],[-120.48621577321072,39.906305141108106],[-120.48623130734055,39.906341540859174],[-120.4864215741578,39.906354674233889],[-120.48651357399874,39.906419740833478],[-120.48654370681849,39.906496940592014],[-120.48647537391999,39.906544941063785],[-120.48623097332919,39.906553274115346],[-120.48607217329614,39.906576740749244],[-120.48600230665073,39.906588740656858],[-120.48600250747376,39.906741940835467],[-120.48613930749963,39.906857540749691],[-120.48629970683322,39.906969074539425],[-120.48648270760259,39.907027141320327],[-120.48667397333233,39.907152874421712],[-120.48682630748802,39.907246273952289],[-120.48727630716238,39.907395674145086],[-120.48742877450643,39.907520540551594],[-120.48753570704864,39.907698541035877],[-120.48756650789115,39.90785687415724],[-120.48755097376132,39.907960141284988],[-120.48749030751618,39.908021874009073],[-120.48724610774842,39.908079674107967],[-120.48703970745383,39.908066141182069],[-120.48674217408301,39.90798314130673],[-120.48676537382575,39.90819087466916],[-120.48681077439872,39.908308940861346],[-120.48698657363332,39.908380274382623],[-120.48702450733536,39.908444141015849],[-120.48693310788245,39.908581874267654],[-120.48668870729163,39.908707140784628],[-120.48658977437367,39.908772541174905],[-120.48629230759703,39.908770674280731],[-120.48619290747934,39.908831541070711],[-120.48620097369775,39.908890274330972],[-120.4862697072018,39.908932274176301],[-120.48653630758231,39.908956074423081],[-120.48653610779979,39.909041674309989],[-120.4864523073656,39.909174941484693],[-120.48644450752386,39.909246874315748],[-120.48671177384605,39.909257140964506],[-120.48679610703357,39.909308541229926],[-120.48681137374621,39.909430474135931],[-120.48679550768607,39.909565274598343],[-120.48658217431442,39.909682274489796],[-120.48650550778029,39.909739140951025],[-120.48653610779979,39.909843341467358],[-120.48663577429414,39.909796074409414],[-120.48676550805462,39.909767274858645],[-120.48692597398239,39.909797740940739],[-120.48708557418598,39.90997247428713],[-120.48716210753174,39.90999654155106],[-120.48725377440185,39.909949074264354],[-120.48729930816314,39.909986074678756],[-120.48737590810308,39.910068740897572],[-120.4874747744269,39.910124941386464],[-120.48764237425475,39.910200674772568],[-120.48769637483998,39.910323474468086],[-120.48763490738379,39.910484274157611],[-120.48795530752655,39.910558741299141],[-120.48816950766289,39.910640074735682],[-120.48841337445982,39.910708340985252],[-120.4887261745433,39.910670074317579],[-120.4888865749174,39.910786140897734],[-120.48911510840755,39.910971274595553],[-120.48925257437507,39.911149941332681],[-120.48925990805765,39.911271740865814],[-120.48919197472415,39.911391874487968],[-120.48925257437507,39.911451741289014],[-120.48922970864371,39.911536741058455],[-120.48906937486376,39.91162347425184],[-120.48880997497747,39.911559274571474],[-120.48875657478028,39.91162127461682],[-120.48879497464149,39.911689674771665],[-120.48880277448323,39.911815941241386],[-120.48850470835909,39.912088740956662],[-120.48852030804255,39.912165674937775],[-120.48864970779169,39.912123341066398],[-120.48877957474049,39.912130674193143],[-120.48899370828265,39.912256941446145],[-120.48922970864371,39.912361141324865],[-120.48933657459176,39.912476074907389],[-120.48938250791805,39.912661741168328],[-120.48944350817449,39.912672074346752],[-120.48982470879116,39.912603741416468],[-120.48993917479848,39.912651274703229],[-120.49005337546963,39.912685274347481],[-120.49005377503462,39.912815941367782],[-120.48991677522626,39.913024674471956],[-120.48991597505575,39.913384940978744],[-120.49003070848026,39.913387474165113],[-120.49009990814343,39.9134565413678],[-120.49009177533085,39.913537474706011],[-120.48996977481794,39.913593341136185],[-120.48967190847631,39.913564341261797],[-120.48954237553883,39.913606540959364],[-120.489343775086,39.91359774107751],[-120.48914617458618,39.913525941310127],[-120.48909257460647,39.913569874511566],[-120.48893230846122,39.913615874770748],[-120.48879470826482,39.913540874627195],[-120.48875670796861,39.913558074554579],[-120.48877930836385,39.913698141548657],[-120.48863470849624,39.913996741076922],[-120.48884050840279,39.91408687503985],[-120.48893970873797,39.914192541429358],[-120.48899317552934,39.914351341589445],[-120.48895490885644,39.914517274729519],[-120.48917657482316,39.914553541624237],[-120.48948877555914,39.914772074757664],[-120.48962650894387,39.914887541407687],[-120.48962670872636,39.915000274416691],[-120.48962650894387,39.915085741451037],[-120.48990157510779,39.915042141225761],[-120.49005357525216,39.915063541101823],[-120.49025977576422,39.915144541176375],[-120.49027457527718,39.915239474900851],[-120.49017577554754,39.915363474657518],[-120.49020630897286,39.915526274476051],[-120.4900765086182,39.91571714152515],[-120.49022170887385,39.915787874360291],[-120.49033630911001,39.915911941758601],[-120.49041997531532,39.916062341394266],[-120.49065617545884,39.916022474385834],[-120.49075570876488,39.916119141107096],[-120.49067937520158,39.916248141586543],[-120.49078597581352,39.91635407438956],[-120.49075577535902,39.916497541026473],[-120.49081690880381,39.916566475007798],[-120.49081697539799,39.916683541150967],[-120.49089330896128,39.916716741525086],[-120.4909919089084,39.916799941507364],[-120.49107617550175,39.916815274739413],[-120.49119050936126,39.916727675035787],[-120.49125877566559,39.916738141675978],[-120.49133530901133,39.916847874904775],[-120.49131237564529,39.91711314162378],[-120.49134297566476,39.917136341279843],[-120.49147250964278,39.91703554123103],[-120.49157157574906,39.917001674628693],[-120.49160997561027,39.917052074696585],[-120.49164037584724,39.917142741733997],[-120.49170157588621,39.917247674779688],[-120.49170950891627,39.917310941782901],[-120.49167117564923,39.917440741267818],[-120.49148017629615,39.917643741410203],[-120.49141177576296,39.917835941691727],[-120.49144257556495,39.917872674488166],[-120.49165617635379,39.917791741484535],[-120.49178590907374,39.917803541510132],[-120.49194557587147,39.917874541134267],[-120.49209077612713,39.91784167490777],[-120.49230417609292,39.917846274887594],[-120.49253370953608,39.917968341032939],[-120.49273937625432,39.918143941765443],[-120.4928305759247,39.918290074922112],[-120.49287657584519,39.918453274787339],[-120.49305997617952,39.918515741035094],[-120.49305997617952,39.918637341525397],[-120.49302930956588,39.918776341523419],[-120.49311297681174,39.918787141432226],[-120.49318930933448,39.918757274688481],[-120.49332677634254,39.91877827438244],[-120.4934259766777,39.918865941690662],[-120.49345637691469,39.919051341641286],[-120.4934717768157,39.919092141390031],[-120.49369310981156,39.919060941255736],[-120.49385370996818,39.919149941723937],[-120.49397517668724,39.919328275094351],[-120.49405977625142,39.919573341169261],[-120.49412037694287,39.919817874878845],[-120.49416611048666,39.919827874997047],[-120.49423497717902,39.919802341215345],[-120.4943725097407,39.91948094162521],[-120.49441037684859,39.919103474338883],[-120.49447151029339,39.919050741515697],[-120.49453990978606,39.919020674578974],[-120.49464710974546,39.919027540912111],[-120.49481497699051,39.919094141275359],[-120.49494477630461,39.919106074348967],[-120.49509670985482,39.919050741515697],[-120.49519597678416,39.919034874895715],[-120.49530297696107,39.919068741290637],[-120.49547131036529,39.919166941531223],[-120.4955547767881,39.91930387433807],[-120.49557051070046,39.919493341481449],[-120.49563091056886,39.919562274841276],[-120.49578411044874,39.919493474753132],[-120.49588310996087,39.919504674363885],[-120.49593651015809,39.919541874710973],[-120.49596697698924,39.919610074629865],[-120.49582931019869,39.919814274963599],[-120.49551691072075,39.920100274909963],[-120.49540231048459,39.92021494093504],[-120.49539491020785,39.920277874814559],[-120.4955699103124,39.92029067433694],[-120.49564637706403,39.92038234100054],[-120.49567657751849,39.920554140949243],[-120.49553971089846,39.920717874880118],[-120.49534111044561,39.920893741484115],[-120.49532611010963,39.920942941661643],[-120.49549357674914,39.921099874773489],[-120.49548657707793,39.921252741646072],[-120.49538751097161,39.921565941347644],[-120.49542491087981,39.921602741570169],[-120.49549357674914,39.921604274546581],[-120.49569197741948,39.92131574160485],[-120.49581451068573,39.92116527450311],[-120.49587511033666,39.920927741026681],[-120.49593637696977,39.920870541504947],[-120.49605111039425,39.92089107450839],[-120.49611197746236,39.921027541018056],[-120.49622591071636,39.921192274527058],[-120.49625657733,39.921192874633867],[-120.49629517697369,39.921175675027854],[-120.49630291022129,39.920986541322279],[-120.49632511105152,39.920797874733353],[-120.49640197736812,39.920713941439843],[-120.49654657723573,39.92065854127604],[-120.49675277774782,39.920658474242316],[-120.49692017779317,39.920720674333893],[-120.49709571065108,39.920841541519913],[-120.49712617748222,39.92098634102004],[-120.49704991051311,39.921092874581497],[-120.49684397741821,39.921246074241473],[-120.49663037766992,39.921367541403399],[-120.49661557711644,39.921394341046486],[-120.49675291093617,39.921419740966613],[-120.49688237727945,39.921476674291853],[-120.49696617771365,39.921505474505217],[-120.49711131033457,39.92147707489341],[-120.4972563108077,39.92152974120927],[-120.49729431110391,39.921611674489036],[-120.49730957781659,39.9217335416024],[-120.49737117742055,39.921770941038574],[-120.49770617729371,39.921525941083409],[-120.49780531103472,39.921496541572488],[-120.49796591119134,39.921522541558581],[-120.49813371080168,39.921512674157647],[-120.49844637769682,39.921420274836429],[-120.49850011086488,39.921430474223527],[-120.49859137816998,39.92155407413955],[-120.49867511096946,39.92156487440824],[-120.49878237752301,39.921571741284296],[-120.49878997758226,39.921684474462445],[-120.49862977803119,39.921883740921281],[-120.49869037768211,39.922011140916219],[-120.49874371128516,39.922151941543135],[-120.49866037805066,39.922289741394579],[-120.49857591063426,39.922400541431884],[-120.49831677816522,39.922448940930977],[-120.49828617814575,39.922484340988113],[-120.49828677749323,39.922511341289884],[-120.49840077734135,39.922531874599322],[-120.49845391116192,39.922560074274017],[-120.49846171100364,39.922686341450863],[-120.49864471073246,39.922703740974576],[-120.49875191173241,39.922769141566299],[-120.49882057760176,39.922910274994159],[-120.49885057827373,39.923253274454424],[-120.49889651160002,39.923258741486151],[-120.49918677788243,39.923134341069655],[-120.49931657823709,39.923128141471494],[-120.49950677846016,39.923163874737874],[-120.4996829117061,39.923271274720626],[-120.49986571165243,39.923392274658426],[-120.49992651108587,39.92354674116492],[-120.49998031188858,39.923637941435693],[-120.50005617825215,39.923680141309923],[-120.50026277832926,39.923571941587888],[-120.50033097803943,39.923546474637277],[-120.50043031156292,39.923607141567842],[-120.5004301783746,39.924395341552923],[-120.50067397857737,39.924526741115869],[-120.50079671162611,39.924655541425338],[-120.50080397871454,39.924732274563922],[-120.50068191160746,39.924873741487033],[-120.50063671185752,39.924971874352799],[-120.50074337802306,39.925073274761608],[-120.50077377826004,39.925123474982364],[-120.50075091148814,39.925289674875224],[-120.50080457806203,39.925322274996077],[-120.50082691208058,39.925430874924324],[-120.50086511215933,39.925485741378509],[-120.50095637842387,39.925510274787818],[-120.50100971202691,39.925412341387151],[-120.50099491147343,39.925375941397],[-120.50097171173071,39.925249341640189],[-120.5010631788183,39.925165740970286],[-120.50111671220384,39.925162341626219],[-120.50115497887674,39.925176740959266],[-120.50119317895546,39.925231541385855],[-120.50124637832963,39.925237274780692],[-120.50129197868507,39.925211141348662],[-120.50137651165512,39.925077874255635],[-120.50149071232626,39.925012741593108],[-120.50173511187654,39.92495047438112],[-120.50191037835779,39.92495427431691],[-120.50198671192106,39.925009941516834],[-120.50204017871245,39.925006674628044],[-120.50214657850131,39.924914341465723],[-120.502276378856,39.924804541365802],[-120.5025741120093,39.924603740922329],[-120.50269637889888,39.924556874260801],[-120.50287197835097,39.924533541462928],[-120.50293251244824,39.924417674532982],[-120.50304717927855,39.92423994093177],[-120.50319217871117,39.924053941382091],[-120.50339071256987,39.923864541120665],[-120.5035735125162,39.923701874438464],[-120.50376437868091,39.923579874372663],[-120.50387137885782,39.923555074542023],[-120.50408511179447,39.923609274585019],[-120.50412277911987,39.923578540937129],[-120.50414577908012,39.923389874308278],[-120.50421417857275,39.923197674453426],[-120.50427571262307,39.923095340807826],[-120.50442037908485,39.922877740756377],[-120.50454297894524,39.92274527429965],[-120.50468037831862,39.922667140843103],[-120.50482517900926,39.922602740843338],[-120.50503111210415,39.92239094068961],[-120.50515277860569,39.922262940505895],[-120.50523697860487,39.922197273695744],[-120.50529037880206,39.9220587402923],[-120.50534357921681,39.921920273641007],[-120.5053969117793,39.921804273809499],[-120.50543537927521,39.921728540485653],[-120.50556477902435,39.921627740812262],[-120.50565631166556,39.921566673920864],[-120.50573291264605,39.921428673909361],[-120.50581691182218,39.921353873844673],[-120.50590077885055,39.92129714071865],[-120.50598437846169,39.921289940245529],[-120.50604577932367,39.921331874232607],[-120.50606111263049,39.921431273831175],[-120.50601511271003,39.921632940640727],[-120.50599971176851,39.921754273849025],[-120.50603031178801,39.921858473642395],[-120.50603031178801,39.92195754050627],[-120.50590077885055,39.922103474003812],[-120.50587037861355,39.922233341012877],[-120.50579377867362,39.922330874374261],[-120.50571011246832,39.922441674345016],[-120.50567151178406,39.922575940875184],[-120.50566437892454,39.922814474108286],[-120.50568737888474,39.923004140612299],[-120.50565657908275,39.923147673914443],[-120.50556511199517,39.923231273856615],[-120.50545031197652,39.92335034113524],[-120.50543531268107,39.923404140749987],[-120.50545071258203,39.923444941097131],[-120.5055345119757,39.923428741138217],[-120.50570257900323,39.923373873833576],[-120.50587057943659,39.923336940500754],[-120.50598417867918,39.923307873731162],[-120.50607637934314,39.923246740509008],[-120.50626711231956,39.923250874099402],[-120.50635117913041,39.923252674365663],[-120.50641217938687,39.923326074278407],[-120.50650317927476,39.923395540826284],[-120.50651151291038,39.923490341020646],[-120.50650351224559,39.923548740920147],[-120.50640451273344,39.923618674063967],[-120.5061833129259,39.923749074444821],[-120.50613717877658,39.92400927437938],[-120.50608351220269,39.924080140690272],[-120.50584737969388,39.924219274074083],[-120.50581671203972,39.924259141098474],[-120.50590057906805,39.924364540429792],[-120.50591611215734,39.924459474140463],[-120.50582457951613,39.924624141140512],[-120.50581651225718,39.924686940897772],[-120.50586297937734,39.924836674106075],[-120.5058551795356,39.924908541014226],[-120.50577077975395,39.924978740887163],[-120.50574071248779,39.925081741213759],[-120.50577137910143,39.925163473942959],[-120.50574031292277,39.925252874240456],[-120.50570971290331,39.925310741190934],[-120.505664179142,39.925354874303416],[-120.50573311242854,39.925392341184484],[-120.50578597987241,39.925425074516589],[-120.50581677967439,39.925524741076657],[-120.50582451292196,39.925574474157877],[-120.50587071262494,39.925570940776261],[-120.50596191229533,39.92549634073805],[-120.50613771257042,39.925387540624293],[-120.50635071297123,39.925279540698305],[-120.50658737927394,39.925167541186198],[-120.50679311258634,39.925117874040801],[-120.50692297953515,39.925107140563924],[-120.5069841795741,39.924991340836264],[-120.50702257943533,39.924780540749232],[-120.50705291307814,39.924650540521966],[-120.50719011266901,39.924437274436151],[-120.50738111306259,39.924310740771688],[-120.50755651273219,39.924152473614811],[-120.50774717911442,39.92397634087488],[-120.50790771267688,39.923867140950044],[-120.50804457929692,39.923883673564127],[-120.50809037943486,39.923929674077499],[-120.50806737947465,39.924019273885449],[-120.50803751303151,39.924140274097297],[-120.50803697923767,39.924212274201061],[-120.50814397941458,39.924286673749897],[-120.5081667795923,39.924341140536249],[-120.50814357984959,39.924498340363265],[-120.50813611297869,39.924543274368673],[-120.50803657967268,39.924586140791803],[-120.50796051248606,39.924588940885421],[-120.50792257982454,39.924624274402213],[-120.50793011328962,39.924881141076142],[-120.50804491330827,39.924942140375826],[-120.50809037943486,39.924979140670239],[-120.50815131309716,39.925052540328061],[-120.50816711256314,39.92510247404249],[-120.50816697937481,39.925264540517809],[-120.50812057988936,39.925353674162736],[-120.50813591319617,39.925417074118556],[-120.50819717982931,39.925463340919833],[-120.50827338020422,39.925478540547893],[-120.50831211303628,39.925497340587199],[-120.50829677972948,39.92567727409768],[-120.50835771339175,39.925714540514008],[-120.5083725129047,39.925710340841562],[-120.50847238022207,39.925617940801374],[-120.50864731269196,39.925531673786544],[-120.50877691326411,39.925466874307006],[-120.50890697999544,39.925429140946356],[-120.50903651293288,39.925386874323117],[-120.50912077952623,39.925379674280073],[-120.50918138021768,39.925403473599317],[-120.50929618023633,39.925405940908],[-120.50938731331257,39.925371874166146],[-120.50944091329229,39.925287340822806],[-120.50952498010315,39.925226073713667],[-120.50960091306089,39.925187140874684],[-120.50973091319804,39.925032340527927],[-120.50990637946177,39.925009074123579],[-120.50993671310459,39.924861073688739],[-120.50997491318331,39.924776340221555],[-120.51003591343978,39.924728140265024],[-120.51015031285291,39.92469907408605],[-120.51027991342504,39.924692873831617],[-120.51026471330657,39.924629474003105],[-120.51023391350458,39.924570273858528],[-120.51023471367512,39.92444867353035],[-120.51030317976196,39.924373540816418],[-120.51041751362145,39.924285874175602],[-120.51051677951025,39.924170940462744],[-120.51084451333556,39.9241689407257],[-120.51098157973809,39.924135874035301],[-120.51129511339791,39.924002940001522],[-120.51162271299434,39.923861340409822],[-120.51179051364522,39.923788340062977],[-120.51186757974432,39.923803540062892],[-120.5119507797905,39.92388647368643],[-120.51198191360383,39.923959140372155],[-120.5119507797905,39.924089140316298],[-120.51189717981077,39.924196073625701],[-120.51186731336765,39.924276473990268],[-120.51186737996183,39.924312540212149],[-120.5119971137223,39.924346874005643],[-120.5120423800664,39.924388340101906],[-120.51210331372867,39.924520273523989],[-120.51214178018408,39.924530140491491],[-120.5123175804592,39.924461873655176],[-120.5125461139493,39.924372140366259],[-120.5127063135004,39.924308073929062],[-120.51284378050848,39.924288473190984],[-120.51296571338669,39.92425507380122],[-120.51308011384035,39.924203473288046],[-120.51322538069014,39.924170539876954],[-120.51326378055138,39.924261473589958],[-120.51319451325348,39.924435540433009],[-120.51297371405145,39.924597540659271],[-120.51276738035104,39.924759739995366],[-120.51257698034546,39.924890740671287],[-120.5124241134364,39.924950540612656],[-120.5122257138066,39.924959873675931],[-120.51215691370841,39.925061940406849],[-120.51206557980915,39.925159073946723],[-120.51209617982862,39.925245273603821],[-120.5121419133724,39.925354340464231],[-120.51211131335293,39.925493340392549],[-120.51202717994791,39.925595140606475],[-120.51186731336765,39.925668273882479],[-120.51157731346191,39.925779140268894],[-120.51157718027356,39.92582427372173],[-120.51162298041156,39.925910740655652],[-120.51166111389611,39.925988140278697],[-120.51157731346191,39.926103473909343],[-120.51158517989784,39.926270273879354],[-120.51158491352116,39.926378340866478],[-120.5115621799376,39.92645894055044],[-120.51143211424682,39.926496740371519],[-120.51125711414221,39.92648394041332],[-120.51107398018452,39.926412474135617],[-120.51089038006768,39.926372474308849],[-120.51066138041838,39.926435140800145],[-120.51034118005818,39.92643274055667],[-120.51028017980171,39.926503540522859],[-120.51033351340476,39.926585740750163],[-120.51047091381866,39.926687740423262],[-120.5105015804323,39.926746940332762],[-120.5105167139566,39.926936540884675],[-120.51054718078777,39.927022873954684],[-120.51063151397528,39.927060541005339],[-120.51075311388264,39.92709474096177],[-120.51076078053607,39.927162473741589],[-120.51070711396218,39.92723347403502],[-120.5105475137586,39.927279540920821],[-120.51030318080248,39.927296873845897],[-120.51010491332046,39.927324074129395],[-120.50989131357214,39.927387074087413],[-120.50983758040414,39.927575073794699],[-120.50972298016795,39.927671740964378],[-120.50964691402189,39.927710673986283],[-120.50944118070949,39.927697140949526],[-120.50934137998628,39.927767140872461],[-120.50923511338574,39.927872940952923],[-120.50913591305056,39.927866274193001],[-120.5090519138744,39.927887074003074],[-120.50895991403347,39.928002141116025],[-120.5088609134808,39.928171141149058],[-120.50874658066185,39.928299340941152],[-120.50851031392412,39.928523940748825],[-120.50834251327328,39.928714074181777],[-120.50812098049489,39.928934473951955],[-120.50793017988377,39.929133074589558],[-120.50772451316557,39.929299874359288],[-120.50756398064365,39.929426941387163],[-120.50747258015021,39.929551141263666],[-120.50745738003171,39.929685941221514],[-120.50745738003171,39.929947141516017],[-120.5075257805649,39.929939674651962],[-120.50761711342365,39.929878540968197],[-120.50780091332301,39.9297518745338],[-120.50793071367765,39.929664541127515],[-120.50812098049489,39.929556074783996],[-120.50836538004518,39.929453274285308],[-120.50861698008968,39.929350540657396],[-120.50890691340126,39.929262140717512],[-120.50909778060654,39.929180740827228],[-120.5093571804928,39.929127741279835],[-120.50955511396346,39.929113941219356],[-120.50964658001051,39.929151940650705],[-120.50996758054126,39.929154340798839],[-120.51002051353878,39.929105941252409],[-120.51023411432763,39.929124074030746],[-120.51044051358166,39.92918254093756],[-120.5105699809655,39.929279940721798],[-120.51060038016195,39.929388674007754],[-120.51065438074717,39.929533940565676],[-120.51073011392242,39.929684274376214],[-120.51076131432991,39.92977494064565],[-120.51076078053607,39.929847074458387],[-120.51054718078777,39.930031673892934],[-120.51036431424727,39.930153873907862],[-120.51022678064503,39.930213941338991],[-120.5101811136954,39.930284940861256],[-120.51015091428145,39.930554540813027],[-120.51009678050789,39.930693074579914],[-120.51004418048119,39.930773073948394],[-120.50993658095679,39.930874274268326],[-120.50983791441547,39.930935274611258],[-120.50968511410061,39.931013074684557],[-120.50960111388392,39.931051740903527],[-120.50957058045861,39.931105141102265],[-120.50957051386445,39.931150140986325],[-120.50964671423938,39.931147341161065],[-120.50977691415903,39.931105074078765],[-120.50990618071982,39.931049340821872],[-120.50999051390735,39.931024074531919],[-120.51002091414431,39.931074274378609],[-120.51002111392683,39.931186874619186],[-120.51006618048841,39.931232941238314],[-120.51011218040887,39.931337474488473],[-120.51017378105337,39.931374874263753],[-120.5103033139908,39.931391140961395],[-120.51044058121639,39.931376074298868],[-120.51052418082753,39.931391341233144],[-120.51055498062949,39.931450674313041],[-120.51057051475934,39.931586074535375],[-120.51057011415382,39.931635674752464],[-120.5106003146083,39.931672274078871],[-120.51066178102393,39.931651074079042],[-120.51070758116187,39.931598074050648],[-120.51077591406036,39.931509474348175],[-120.5108829142373,39.93138107471092],[-120.51098251413745,39.931315674366857],[-120.51108111408462,39.93129974117204],[-120.51120338097418,39.931297874094028],[-120.51130278109186,39.931196474128051],[-120.51142471397006,39.931041341081112],[-120.51157758087911,39.930918541033151],[-120.51163031409412,39.930856674154064],[-120.51173778147074,39.93079587401462],[-120.5118675141907,39.930749140852356],[-120.51194331396009,39.93069667392313],[-120.51195118143656,39.930440141050774],[-120.51199698053398,39.930387073858526],[-120.51204278067195,39.930311474502169],[-120.5121343143537,39.930250341150455],[-120.51223338150055,39.930198473866781],[-120.51231771468808,39.930173274287171],[-120.5124169139827,39.930179873798018],[-120.51254598076098,39.930250274126109],[-120.51263791400775,39.930297274130332],[-120.51267591430398,39.930298074432343],[-120.5127213814711,39.930231473796233],[-120.51277518123331,39.930160540445009],[-120.51287411415127,39.930135541126845],[-120.51295111469675,39.93013267423563],[-120.51298138070487,39.93006127400411],[-120.51304218117882,39.929958941042678],[-120.51315671482082,39.929803740560054],[-120.51323251459023,39.929688340552993],[-120.51327098104561,39.929594540751069],[-120.5133469805975,39.92951514083699],[-120.51343118059671,39.9293727403644],[-120.51355351408044,39.929307874303568],[-120.51365271441563,39.9292739403623],[-120.51372138132547,39.929297940201444],[-120.51376691404624,39.929434073979422],[-120.51378198097642,39.929664074346888],[-120.51377431432299,39.929857540689042],[-120.51371371467206,39.930054474206116],[-120.51373658144396,39.930190074273931],[-120.51372111494882,39.930275340426682],[-120.5136141147719,39.930381140620227],[-120.51359131459417,39.930425674204834],[-120.51373631506729,39.930478340818318],[-120.51390438105429,39.930522473791058],[-120.51411018096087,39.9305178738649],[-120.5141863813358,39.930533073966565],[-120.51417138099983,39.93058227360055],[-120.51408738182367,39.930621074110825],[-120.51393491447961,39.930649273645258],[-120.51359171415916,39.930655474158208],[-120.51344631412104,39.930692874306068],[-120.51334771417388,39.930830340997922],[-120.51328631435244,39.930892140877162],[-120.51321791485977,39.930922274411927],[-120.5130345145254,39.931098473859201],[-120.51289698092317,39.931239673895824],[-120.51279071432263,39.931367940549755],[-120.51270631454095,39.931456273938579],[-120.51257658078048,39.931525540742484],[-120.51254598076098,39.931583474201268],[-120.51265318176092,39.931630740584104],[-120.51276751457992,39.931646740724837],[-120.51292778176571,39.931681741069553],[-120.51304211458468,39.931738274096595],[-120.51303498172511,39.931792140525843],[-120.51299658186387,39.931840874084834],[-120.51289731493455,39.9318792741389],[-120.51275251424391,39.931876140825501],[-120.51261471426501,39.931886740791377],[-120.51250078101104,39.931902274106911],[-120.51247791423916,39.931969340680133],[-120.51258438166275,39.932057274349006],[-120.51266038121463,39.932157940579955],[-120.51265291434373,39.932283874092867],[-120.51256151489082,39.932570141104563],[-120.51247758126833,39.932843140593079],[-120.51233978128944,39.932912274343636],[-120.51231718193473,39.932952341360227],[-120.51235578157845,39.933056741132809],[-120.51241658101186,39.93313467443361],[-120.51239338126915,39.933210674396278],[-120.51236311526102,39.933300140780652],[-120.51242411447697,39.933332941342272],[-120.51254611498987,39.933317540798356],[-120.51267598193867,39.933324874049184],[-120.51286651513257,39.933333474321358],[-120.51293551501328,39.933348474329605],[-120.51301151456518,39.933309541322686],[-120.51312591501883,39.933221941178289],[-120.51317178175098,39.933164341022263],[-120.51326318120387,39.933166341294438],[-120.5133701147866,39.933159541007065],[-120.51347698177518,39.933116874633811],[-120.51364471479135,39.932971740946329],[-120.51375151518579,39.932969541199171],[-120.51393458150879,39.932982541009672],[-120.51399551517109,39.932997340827782],[-120.51409538144792,39.932985940763317],[-120.51416391516945,39.932951474067558],[-120.51414091520921,39.932878874373934],[-120.51411031518974,39.932797140483736],[-120.51413331514998,39.93268507428045],[-120.51419418117754,39.932641273822647],[-120.51427071452333,39.932606873975359],[-120.51436191523428,39.932572873849566],[-120.51451431494361,39.932625540406697],[-120.51458378202399,39.93262707393415],[-120.51464478123992,39.932578740673677],[-120.51469738126659,39.932435740980935],[-120.51471318177312,39.932323540939166],[-120.51477451500041,39.932207740652068],[-120.51484258152223,39.932105540955199],[-120.51494211482823,39.93199967401069],[-120.51504118197509,39.9319521405898],[-120.51516298166496,39.931959340739496],[-120.51524731485249,39.931997140714934],[-120.51527731552444,39.932033873893289],[-120.51526251497096,39.932141674064482],[-120.51519371487278,39.932221274392852],[-120.51520138152617,39.932270940374167],[-120.51522398192142,39.932316474074561],[-120.51529298180211,39.932308940446632],[-120.51536171530614,39.932269874399438],[-120.51542271556259,39.932280140788357],[-120.51545331558208,39.932366474300267],[-120.51547571515428,39.932393940658336],[-120.51554458184663,39.932350341081069],[-120.51562118178659,39.932293474245732],[-120.51569698155598,39.932299540565026],[-120.51572778135794,39.932277673727476],[-120.51585771490095,39.932284940865216],[-120.51593418165255,39.932354140606115],[-120.51591071553314,39.932439274008225],[-120.51588058167285,39.932524274058061],[-120.51591098190981,39.932592473811496],[-120.51598738206725,39.932661674039373],[-120.51600231580908,39.932715941075614],[-120.51601758148121,39.932860473705176],[-120.51614771584723,39.932881274391391],[-120.51620058225058,39.932918473853697],[-120.51623158183504,39.932910073796734],[-120.51628511522058,39.932848140897988],[-120.51635391531877,39.932764073971427],[-120.51640698254513,39.932711141028982],[-120.51646798176108,39.932680940461836],[-120.51652151514662,39.932619073579936],[-120.51656758166126,39.932538940728918],[-120.51658211583808,39.932480673765973],[-120.51672711527067,39.932434273673486],[-120.51682638220001,39.932440873764193],[-120.51693351556526,39.932452140672929],[-120.51704811580142,39.932436673706533],[-120.51726151576723,39.93233754062161],[-120.51759738240511,39.932191673619975],[-120.51772691534256,39.932131340632303],[-120.51791731534811,39.932103940393489],[-120.51800118237648,39.932069673523394],[-120.51809298243491,39.93207614040206],[-120.51811578261264,39.932135140169514],[-120.51807778231641,39.932215473762611],[-120.5180013155648,39.932308473683982],[-120.51785638272638,39.932413340402746],[-120.5176507826023,39.932517073967851],[-120.51756631518595,39.932546874070461],[-120.51745231533781,39.932643473580356],[-120.51739118189302,39.932840340837068],[-120.51731478173555,39.93296934093204],[-120.51729198259838,39.933094940237936],[-120.51723051514223,39.933156674242504],[-120.5170703821853,39.933216340899307],[-120.51707118235583,39.933355940821812],[-120.51715458218447,39.933515473667384],[-120.51717771533305,39.933605940979788],[-120.51714678234273,39.933731473692326],[-120.5170705819678,39.933797340874158],[-120.51691058219919,39.93387054038714],[-120.51687258190297,39.934054340680852],[-120.51683471583564,39.93415267421377],[-120.51668158254989,39.934298074276484],[-120.51661298223421,39.934377674490598],[-120.51643718195909,39.934522474085348],[-120.51631558205173,39.934650540708006],[-120.51622338242831,39.934729674563926],[-120.51612478248116,39.934808541046678],[-120.51611711582773,39.93488047408038],[-120.51622338242831,39.934891740587574],[-120.51641478238692,39.934877873871436],[-120.51649111595017,39.934870473767191],[-120.51653691608814,39.934961540870432],[-120.51657478215549,39.935029940849951],[-120.51666611605475,39.935031874047958],[-120.51674251621222,39.935001940987924],[-120.51684198292405,39.934900540924339],[-120.51697171564398,39.934813273926352],[-120.51711651529411,39.934753274359942],[-120.5172233156885,39.934733074230785],[-120.51729231556921,39.934766074367559],[-120.51736058291408,39.934880074355128],[-120.51742191614133,39.934984941123084],[-120.51742138234749,39.935079540965013],[-120.51737558220952,39.935150674266545],[-120.51740638305205,39.935250474269267],[-120.51747518210971,39.935269941021275],[-120.51757451563321,39.935213473941438],[-120.51771191604712,39.935117340813008],[-120.51784098282538,39.935002940698233],[-120.51796338290328,39.934933540980417],[-120.51809298243491,39.934891273842545],[-120.51824578274979,39.9347909403483],[-120.51824538214424,39.934579273644339],[-120.51829118228221,39.934526141045204],[-120.51837538228139,39.934505474101407],[-120.51857378295176,39.934500674180271],[-120.51859678291198,39.934406674327036],[-120.51859671631782,39.934208473559927],[-120.51860431637706,39.934141074078035],[-120.51883298305553,39.933965740168553],[-120.51884091608559,39.933866874190016],[-120.51878751588838,39.933766540789733],[-120.51860451615956,39.933528474172036],[-120.5185813153763,39.933419873525892],[-120.51861171561326,39.933289873746844],[-120.51868051571148,39.933205740341442],[-120.51877238236406,39.933108674070077],[-120.51883351580885,39.933019873662303],[-120.51886378285749,39.932907940271434],[-120.51893258295571,39.932886873899946],[-120.51908511585336,39.932917140600054],[-120.51922211566175,39.933032673994148],[-120.51940538280776,39.933203274111762],[-120.51952778288566,39.933440140265958],[-120.51960411644896,39.933675940445482],[-120.51965718263477,39.933924873485651],[-120.5196877160601,39.93413267417111],[-120.51961118271431,39.934288673870228],[-120.51961138249683,39.93436527413855],[-120.5196569162581,39.93443834059935],[-120.5197103830495,39.934434940917853],[-120.51981771619725,39.934342673928754],[-120.51991678230355,39.934250140329233],[-120.51998531602507,39.934175073424875],[-120.52007658333019,39.9341184737942],[-120.52020658242679,39.934062740597433],[-120.52026731630659,39.93402347369144],[-120.52026738290074,39.933897340721181],[-120.52029811610855,39.933839473848089],[-120.52038211632524,39.933719674018114],[-120.52042771564018,39.933653073519757],[-120.52043558311664,39.933554140068473],[-120.5204121159567,39.933454540251489],[-120.52037411566047,39.9332915405043],[-120.52033591558175,39.933115073829043],[-120.52026798224826,39.932951474067558],[-120.52027511614834,39.932875074080123],[-120.52046611654193,39.93289267367539],[-120.52059578266774,39.932967473899559],[-120.52075551605964,39.93310147404128],[-120.52081671609861,39.933206340342956],[-120.52086238304823,39.933360473535956],[-120.52089338263272,39.933514340690905],[-120.52090078290944,39.933613673932371],[-120.5210379825003,39.933864273942568],[-120.52105338344182,39.934004273869668],[-120.5210079162747,39.934111340094354],[-120.52087811592007,39.93426174044648],[-120.52072518345737,39.934425140802489],[-120.52073298329911,39.934515340427559],[-120.52077118337783,39.934610740372285],[-120.52075558265379,39.934678073967369],[-120.52068738294365,39.934762140138737],[-120.52071751680394,39.934843874075895],[-120.52072551642821,39.935046740442566],[-120.52086278261322,39.935153273667261],[-120.52100718269833,39.935304940311042],[-120.52113718283549,39.93541134069099],[-120.52118291637927,39.935380874035921],[-120.52120571655702,39.935277740805311],[-120.52125178307163,39.935197674097267],[-120.5213131828931,39.935117873778196],[-120.52138151683212,39.935047273408308],[-120.52150358289867,39.934986740282959],[-120.52164091671841,39.934953740252539],[-120.52191551672314,39.934964074056474],[-120.52208298336265,39.935003673925493],[-120.52218218369784,39.934969673394626],[-120.52237358365645,39.934874673675509],[-120.52250291681138,39.934877473348301],[-120.52261731622454,39.934911473925013],[-120.52268618291687,39.934966939947465],[-120.52273211624316,39.935035473960944],[-120.52277811720418,39.93507707400498],[-120.52290718294192,39.935106873790865],[-120.52300691707097,39.935221540214094],[-120.52305211682089,39.935285540588403],[-120.52315138375026,39.935292140404215],[-120.52320518351245,39.935360940573645],[-120.52333478304408,39.935417740234648],[-120.52339578330051,39.935450540579296],[-120.52339551692384,39.935540673429536],[-120.5233423831033,39.935715140035938],[-120.52331158330134,39.935858673814899],[-120.5232815170757,39.936186873900553],[-120.52324311721452,39.936298540237978],[-120.52320498372994,39.93633834039003],[-120.52315151693858,39.936422740411309],[-120.5231211167016,39.936476140408843],[-120.52314391687931,39.936535140372627],[-120.52322791709602,39.936536940289557],[-120.52333458326156,39.936498740711983],[-120.52348691741729,39.936452473390844],[-120.52367838397004,39.93645654076122],[-120.52384618358039,39.936509673457401],[-120.52393751747965,39.936511673631806],[-120.52396751711109,39.936449140029808],[-120.52399111745935,39.936386673389059],[-120.52410498411913,39.936348539948177],[-120.52419678417758,39.936336940184624],[-120.52424258327501,39.936283940593391],[-120.52431111699653,39.936051140505825],[-120.52443351707446,39.935801540223139],[-120.52452531713288,39.935708939981389],[-120.52460098371397,39.935656473662618],[-120.52471531757345,39.93564994010319],[-120.52483778424552,39.935760673838608],[-120.52496711740046,39.935907540111728],[-120.5250435841521,39.935958740062318],[-120.52521171673327,39.936020873595957],[-120.52528778391986,39.93608107390483],[-120.52533371724617,39.936248673730375],[-120.52547058386618,39.936386740407386],[-120.52559298394409,39.936524473310598],[-120.52567738372579,39.936679473456948],[-120.52571538402201,39.936842339875852],[-120.52582178381088,39.936894139894122],[-120.52595151757139,39.936923940484512],[-120.52609638381564,39.937044140003117],[-120.52613511768823,39.937067540341545],[-120.52617271737893,39.937059340251118],[-120.52623378422955,39.936930073411183],[-120.52634838446569,39.936734273451513],[-120.52640231741623,39.936537273784808],[-120.52647798399731,39.936322673246615],[-120.52647831696815,39.936029873247904],[-120.52640198444539,39.93583453984477],[-120.52634838446569,39.935635273301124],[-120.52631811741705,39.935521939976248],[-120.5263179842287,39.935404873329574],[-120.52635638408994,39.935333673272886],[-120.52645498403709,39.93529514032025],[-120.52661531781703,39.935312140108039],[-120.52666131773749,39.935376140397629],[-120.52668378390385,39.935502739776965],[-120.52676811709138,39.935617139854109],[-120.52695118445493,39.935612073530272],[-120.52716511717406,39.935684272997683],[-120.5273175845181,39.935795539637468],[-120.52737891774538,39.935922940072857],[-120.52741671721859,39.936130939736699],[-120.52740131731758,39.936477473593158],[-120.52735591778514,39.936580139878068],[-120.52723331792474,39.936735139898332],[-120.52717258404495,39.936918539966172],[-120.5271573173323,39.937120873616131],[-120.52711138400601,39.937295540437781],[-120.52711138400601,39.937480273764209],[-120.52717258404495,39.93791394028154],[-120.52721818440041,39.938171673779571],[-120.52730198483461,39.938421140161175],[-120.5274167182591,39.938729940380988],[-120.52752378503018,39.939029473483643],[-120.52754638438489,39.939169540231795],[-120.52768411776961,39.939307673616149],[-120.52795858458603,39.939484673211496],[-120.52827111829286,39.939703073322512],[-120.52852331872542,39.939830073967386],[-120.52870638504841,39.939905940443253],[-120.52885138448102,39.93994067329168],[-120.52913351795085,39.940027739887334],[-120.52916358521701,39.940104940055456],[-120.52917151824704,39.940334873451413],[-120.52939258486627,39.940244939981085],[-120.52967538531831,39.940133873641557],[-120.53014851814122,39.939995339836294],[-120.5303465848002,39.939995073372685],[-120.53053711903462,39.940048673222527],[-120.53060598572698,39.940126673554062],[-120.53062151881632,39.94020354013319],[-120.53061331836906,39.9403069403809],[-120.5306747181905,39.940389340233452],[-120.53075871840718,39.94035513973931],[-120.53085798533651,39.940298673664195],[-120.53100211904496,39.940153140353971],[-120.53120891890454,39.939977273761585],[-120.53130818583389,39.939902873714395],[-120.53144511904809,39.939838139695908],[-120.53159758535159,39.939746873249952],[-120.53175811891406,39.939714273616296],[-120.53193338539531,39.939744940185136],[-120.53209378576943,39.939779939579722],[-120.53229171924006,39.939869739631305],[-120.53241411931799,39.939840739716395],[-120.5324981850883,39.939779539883077],[-120.53264258517343,39.939688073111448],[-120.53280311873586,39.939641873366078],[-120.53297851944598,39.939605073266883],[-120.53313111893783,39.93959033949946],[-120.53333698543855,39.939702739842701],[-120.53342078587274,39.93969107283484],[-120.5336045857721,39.939604873019121],[-120.53385598603413,39.93948867338635],[-120.53400911931983,39.93948287337205],[-120.53415398556412,39.93960307318288],[-120.53422238609731,39.939654073312248],[-120.5342757186598,39.939655273202206],[-120.53437491899498,39.939580739572342],[-120.53459598561422,39.93941427280793],[-120.53466471911825,39.9393932730611],[-120.53479431969038,39.939409539448675],[-120.53491638575694,39.939430139491783],[-120.53498538563763,39.939382072714835],[-120.53505351875361,39.939320472771932],[-120.53508431959614,39.939258073374226],[-120.53525198601814,39.939171539530705],[-120.53550451942151,39.939127339534558],[-120.53597678652025,39.939132873112044],[-120.53609158653893,39.939157873133027],[-120.53619818611033,39.939142072603858],[-120.53641211986998,39.939029472685874],[-120.53667131893322,39.938940339296451],[-120.53687758603947,39.938940273078444],[-120.5370375192139,39.938988672851202],[-120.53728138601086,39.938957872709643],[-120.53748778630542,39.938953272552624],[-120.53763298656108,39.939005872768846],[-120.53772431941981,39.939007739636551],[-120.5379379191681,39.938926739070617],[-120.53812878637338,39.938926272353157],[-120.53825831931083,39.938947072791436],[-120.53839598610138,39.938999539778663],[-120.53847198669382,39.938983139262056],[-120.53857912005908,39.938913339091876],[-120.53873191933343,39.93879493952268],[-120.53889198673673,39.938712739596205],[-120.53899838652559,39.938706072296384],[-120.5391357869395,39.938808072258603],[-120.53920478682021,39.938800539345181],[-120.5392959864906,39.938748339471658],[-120.53941791936879,39.938674472621393],[-120.53954771972347,39.938600539473072],[-120.53970818669177,39.938549939060167],[-120.53983738665835,39.938516672682923],[-120.53994452002362,39.938509939145582],[-120.54005138701221,39.938525739022886],[-120.54014318707063,39.938577272893426],[-120.54023432014687,39.938565672709871],[-120.54034898697719,39.938527538887513],[-120.54045591951943,39.93848473943472],[-120.54048618656805,39.938498938905681],[-120.54053238627101,39.938535939052855],[-120.54063872050628,39.938488672651758],[-120.54073832040643,39.938441272185443],[-120.54083751970109,39.938411739523403],[-120.54090618661093,39.938309672751821],[-120.54099758710437,39.938289072371354],[-120.54110438645826,39.938286872795103],[-120.54115738709048,39.938238339290727],[-120.5412341868129,39.938199472092947],[-120.54134831984938,39.938174872225666],[-120.54144778656121,39.938136339277129],[-120.54154678711389,39.93806647202431],[-120.54163858717232,39.938036872183808],[-120.54172218678346,39.937971072109775],[-120.54185192054395,39.937861138973169],[-120.54202712043102,39.937828872727962],[-120.54238592043497,39.937737338725412],[-120.54253892053237,39.937713538907367],[-120.54269872051844,39.937762071986107],[-120.54275212071566,39.937763138673077],[-120.54297358689988,39.937601272522286],[-120.54315671981702,39.93757353858966],[-120.5433247202504,39.937559138672938],[-120.54340831986156,39.937511338650658],[-120.54353792043372,39.937405938817328],[-120.54380512016172,39.937258471804682],[-120.54404198728743,39.937159938490097],[-120.54428618705522,39.937120071798248],[-120.54454498759399,39.937121072275467],[-120.54465178694788,39.937100738809924],[-120.54491938728142,39.937007338506881],[-120.54508678732675,39.936988338979752],[-120.54552212067648,39.936862472364588],[-120.5457127870587,39.936866538912788],[-120.54594918698476,39.936844471682853],[-120.54645278767933,39.936810071554625],[-120.54673518752583,39.936725938487307],[-120.54699452081795,39.936632338214181],[-120.54722332068471,39.936475072106155],[-120.54748298694764,39.936205738815325],[-120.54765858744027,39.936101338261203],[-120.54781872039719,39.936082271463881],[-120.54825358758775,39.936131938632705],[-120.54851258790899,39.936128472016762],[-120.54873412068741,39.936173672047353],[-120.54888618742592,39.936235471889148],[-120.54892438750464,39.936168671985449],[-120.54893238712887,39.935885071257459],[-120.54913832126429,39.9357498718201],[-120.5491761207375,39.93567407174487],[-120.54911578746322,39.935582671292025],[-120.54893212075221,39.9354211382716],[-120.54894772043571,39.935331337967241],[-120.54923752055893,39.935184338014281],[-120.54932898764655,39.935100738307241],[-120.54942838776421,39.934796538104926],[-120.54954238761232,39.934591737786242],[-120.54979438722188,39.934358338333915],[-120.55000832098153,39.934304338287802],[-120.55020652082884,39.934286071245211],[-120.55032852134174,39.934329138213791],[-120.55049672051709,39.934350671687916],[-120.5508857209755,39.934210137901417],[-120.5512367211377,39.934168071378338],[-120.55140452074804,39.934243671262379],[-120.55148798821141,39.934281471571978],[-120.5515339215377,39.934327471481609],[-120.55157218821059,39.934422871688213],[-120.55159478756528,39.934608071537326],[-120.55170172114804,39.934605737802627],[-120.55178572136472,39.934549071507973],[-120.55200672138974,39.934423071153262],[-120.55212892168518,39.934358071050539],[-120.55231238757314,39.934298871340253],[-120.55247272135311,39.934234737598111],[-120.55267838807134,39.934126470781734],[-120.55284592130499,39.933999337478447],[-120.55298372128389,39.933849137612142],[-120.55302972120438,39.933791537983886],[-120.5530061884908,39.933732471027589],[-120.55292218827411,39.933726270793422],[-120.55283838783994,39.933760471408966],[-120.55265578767612,39.933774671062331],[-120.55245698744075,39.933770471086518],[-120.5524417883628,39.933725070799497],[-120.55259452104301,39.93360667103056],[-120.55276198768252,39.933461537583788],[-120.5527853216541,39.933426071394194],[-120.55269378797234,39.933343071135496],[-120.55269372137816,39.933243937767628],[-120.55276218746498,39.933191337909946],[-120.55279278748448,39.933151471299915],[-120.5527091878733,39.93299207085137],[-120.55271678793255,39.932884070954195],[-120.55277752077183,39.932862871329696],[-120.55302912081635,39.932841137917819],[-120.55336492086005,39.932816737987807],[-120.55374638785338,39.932806737373078],[-120.55383832110016,39.932813137958178],[-120.55394492171207,39.93284247117294],[-120.55405972173072,39.932885471230293],[-120.55417378817302,39.932923870698261],[-120.55425778838973,39.932907670588712],[-120.55436452114941,39.932806270613881],[-120.55458632134503,39.932801937332805],[-120.55469272113389,39.932790671279548],[-120.55477632178558,39.932742937342283],[-120.55489878845766,39.932628337777849],[-120.55501278830577,39.932630737804082],[-120.55518898814589,39.932634537313575],[-120.55524212196643,39.932599537456113],[-120.55530298799403,39.932492670730817],[-120.55540232151753,39.932436270775462],[-120.55559298789979,39.932318670651199],[-120.55571472203602,39.932307671011884],[-120.55580698825362,39.932287137442877],[-120.55589812132983,39.932252937686812],[-120.55599732166502,39.932137937560711],[-120.55611938877207,39.932077470480571],[-120.55633312170875,39.932072937681461],[-120.5565157884667,39.932054337324139],[-120.55651598824922,39.931847137523135],[-120.55655438811043,39.931834471015144],[-120.55667618780029,39.931760470635552],[-120.55669918880109,39.931670870586416],[-120.55665378822812,39.931611337426283],[-120.55656212135801,39.931595870269888],[-120.55643198803253,39.931633670446111],[-120.55640972164868,39.931727737141166],[-120.5563327887379,39.931771270890032],[-120.55630272147174,39.931878670934175],[-120.55623372159104,39.931926737396125],[-120.55605872148645,39.931995137217065],[-120.55585272179741,39.932026870829809],[-120.55569218823494,39.932059470933908],[-120.55566938805721,39.932144537680038],[-120.55562378770175,39.932193137741109],[-120.55552452181296,39.932227137257691],[-120.55531838789501,39.932245270805041],[-120.55521878799485,39.932310737283203],[-120.55518872176924,39.932418270525297],[-120.55513538816619,39.932435137781113],[-120.55498252125712,39.932395937761534],[-120.55483778820121,39.93243347100281],[-120.5547389218774,39.932458337831022],[-120.55448672144485,39.932642271173798],[-120.55436458774362,39.932702670733093],[-120.55418932126234,39.932735071045364],[-120.55404432182976,39.932718471153244],[-120.55389898838577,39.932647870701913],[-120.55371572123977,39.932621471212855],[-120.5534489876709,39.932633871082935],[-120.55310552097379,39.932649070714717],[-120.5528155876622,39.932697071209468],[-120.55260218769641,39.932710537831582],[-120.55251858808523,39.932699737725315],[-120.55244212133363,39.93260807079735],[-120.55245738804629,39.932549870915338],[-120.55267818724829,39.932428337421086],[-120.55306738748924,39.932197870801645],[-120.5531591209535,39.932168270816554],[-120.55339552087953,39.9321642710117],[-120.55350238786812,39.932121470770923],[-120.55357858824306,39.93205553734736],[-120.55357858824306,39.931870870762822],[-120.55362452156935,39.931750137943737],[-120.55357892121388,39.931677137231858],[-120.55340332072126,39.931718471225544],[-120.55337292152484,39.931794471164956],[-120.55338752125529,39.931916337706646],[-120.55326598794208,39.932021871262798],[-120.55312832115153,39.932027937606165],[-120.55297618781884,39.932047271229642],[-120.55286878807692,39.932126071387174],[-120.55278538824827,39.932146870700763],[-120.55267878763634,39.932225670743627],[-120.55251818747972,39.932339337457435],[-120.55236578777036,39.932367737350823],[-120.55225898737592,39.932433071263262],[-120.5522285205448,39.932549471176479],[-120.55222792119729,39.932770137855435],[-120.55218278804153,39.932845737687792],[-120.55193798788574,39.932858671297929],[-120.55173252095001,39.932858870767532],[-120.55159498734776,39.93290093809528],[-120.55144238785593,39.933019337489299],[-120.55128232149315,39.933160071593882],[-120.55110652121806,39.933205938214257],[-120.55090852115323,39.933242271009021],[-120.55061812064199,39.933326271124756],[-120.55041238732959,39.933371471410304],[-120.55008412075094,39.93340953789302],[-120.54959638715705,39.933448871374559],[-120.54945878696066,39.93345047110693],[-120.54938232020903,39.933381271676602],[-120.54941312105156,39.933174738128493],[-120.5494661872374,39.933081271031028],[-120.54959558698651,39.932935337794774],[-120.54983272048892,39.932769071090583],[-120.55005372051396,39.932683671606668],[-120.55010678774033,39.932590271658512],[-120.55012278698882,39.932450938263059],[-120.5502525207493,39.932422137866688],[-120.55044258778406,39.93238113781338],[-120.55049638754627,39.932350737629591],[-120.55065678792039,39.932241537498427],[-120.55073312044313,39.932193537482057],[-120.55073238790729,39.932130537958123],[-120.55054252065506,39.932103937999827],[-120.55047358736851,39.932107071302788],[-120.55041258711205,39.932155270851396],[-120.550305520341,39.932144070916273],[-120.55023658705447,39.932106537516304],[-120.55012232082966,39.932194138290356],[-120.55006898722661,39.932193071516579],[-120.54996178726721,39.932163738023512],[-120.54988558689227,39.932148671531003],[-120.54983272048892,39.932174538214362],[-120.54977878753839,39.932209471266724],[-120.54971778728192,39.932239671243991],[-120.54963452064159,39.932278471612619],[-120.54954238761232,39.932294537826429],[-120.54946632042575,39.932319937692043],[-120.54940512038679,39.932332138145661],[-120.54932878682349,39.932420671356795],[-120.54928338729107,39.932482871135186],[-120.54906198770101,39.932581738315001],[-120.54894718768236,39.93266033838708],[-120.54877198675473,39.932796337817358],[-120.54861178720365,39.932901071340865],[-120.54845892029461,39.932983338088768],[-120.54832152092125,39.933020938029614],[-120.54822278674524,39.933018937753125],[-120.54810852052044,39.933007471468521],[-120.54800918699694,39.932982871330722],[-120.54794798695798,39.93299507166617],[-120.54786418756431,39.933047338162432],[-120.54779538746612,39.93310893816686],[-120.54771938687368,39.933152337792158],[-120.54759672041911,39.933185871671384],[-120.54744432070979,39.933236671529599],[-120.54729178677155,39.933246938571337],[-120.54720818716038,39.933231671253061],[-120.54710892023105,39.933207071195845],[-120.54695611991617,39.933145271810957],[-120.5469483866686,39.933091071338822],[-120.5469941202124,39.9330199382903],[-120.54710898682522,39.93293673806977],[-120.54716191982273,39.932870337874881],[-120.54716212064577,39.932820738552479],[-120.54713152062631,39.932797671871249],[-120.54706312009311,39.93280967117412],[-120.54699418680654,39.932835271914044],[-120.54687252030503,39.932864271606178],[-120.54678832030582,39.932884938247717],[-120.54667372006968,39.93290053835846],[-120.54661271981323,39.932948738146202],[-120.54663578636763,39.932998871953274],[-120.54671231971341,39.933009471745336],[-120.54678852008836,39.933024538048315],[-120.54680318641296,39.933060937960953],[-120.5467881871175,39.933132671766877],[-120.54669691981242,39.933211871207703],[-120.54658232061678,39.933290471353999],[-120.54650612024184,39.933333871662029],[-120.54642198683683,39.933332138682182],[-120.54636878642209,39.933308471374787],[-120.54634571986772,39.93323593828336],[-120.54633832063149,39.933199737932398],[-120.5462849204343,39.933198537929236],[-120.54617812003987,39.933259338328099],[-120.54606372062673,39.933288471883287],[-120.54594918698476,39.933362671674821],[-120.54582738729486,39.933396071408438],[-120.54567438719749,39.933437871916915],[-120.54559812022838,39.933526338272401],[-120.54555238668459,39.93359747159252],[-120.54542278715299,39.933684871789083],[-120.54527798646232,39.933767338657532],[-120.54505652027811,39.933866271800689],[-120.54472791968814,39.933953871918249],[-120.54441578658682,39.934005871993342],[-120.54422498701628,39.934006338744354],[-120.54387378707156,39.934007938463701],[-120.54355338692886,39.934010138177477],[-120.543385186713,39.93398853837342],[-120.54327892011246,39.933914272239647],[-120.54325551954666,39.933850671910058],[-120.54328652017168,39.933720672151431],[-120.54334751938762,39.933568871943962],[-120.54348438600763,39.933364538696473],[-120.54378212020148,39.933136671515193],[-120.54404178646443,39.933011472022045],[-120.54442312026943,39.932839338701534],[-120.5446823203732,39.932754737982734],[-120.54501871976441,39.932613271387609],[-120.54532318621226,39.932480071364445],[-120.54553711997194,39.932412538529718],[-120.5458121871764,39.93240933821852],[-120.54584218680782,39.932387471416035],[-120.54606392040925,39.932180471297158],[-120.54613198693107,39.932114338458696],[-120.54613231990193,39.932087337954641],[-120.54608638657561,39.932081871627908],[-120.54588771952859,39.932136138325944],[-120.54573531981924,39.93216447128119],[-120.54556758680306,39.932169938399213],[-120.54550671973497,39.932155138402258],[-120.54537718679751,39.932156938434382],[-120.54520872020497,39.932225471272169],[-120.54483531943005,39.9323210714862],[-120.54459858653318,39.932397138576604],[-120.5444081865276,39.932420138370603],[-120.54417878627277,39.932433338554162],[-120.54398792010805,39.932555338800491],[-120.5438583195359,39.93257967180157],[-120.543652386441,39.932651872074295],[-120.54349218584937,39.932756672042892],[-120.54332411986235,39.932874738173389],[-120.54317172015303,39.932903071620785],[-120.54278298607127,39.933137938540888],[-120.54261471926124,39.933201938470035],[-120.54240898594884,39.933350738692255],[-120.5421947858125,39.933449871905438],[-120.54213398637908,39.933453072167993],[-120.54211898604311,39.933587871622549],[-120.54206538606338,39.93369487227551],[-120.54194331999683,39.933773272400195],[-120.54185178631509,39.933798339006351],[-120.54171471991256,39.933849538939128],[-120.54164631937937,39.933897671835688],[-120.54156158662684,39.933913871710864],[-120.54145551980878,39.933979138722478],[-120.54137878668051,39.933995538842559],[-120.5412183863064,39.934104738568969],[-120.54102771992414,39.93426287181483],[-120.54092898574812,39.934323872329315],[-120.54078358571,39.934338738877663],[-120.54063911903074,39.934331138451931],[-120.54053218648852,39.93422987223326],[-120.54043278637083,39.93414667188776],[-120.54034858637168,39.934090738450109],[-120.54019598583928,39.934060538491757],[-120.54003578628817,39.934061672257016],[-120.53991398555779,39.934113072256594],[-120.53977638640191,39.934159738495197],[-120.53969271915606,39.934166939210499],[-120.53957838633708,39.934132939061783],[-120.53954738571207,39.934055738539406],[-120.53957798573157,39.933961872116498],[-120.53965438588901,39.933846338695119],[-120.539738519294,39.933767072169729],[-120.53984531968844,39.933661272422547],[-120.53993691892383,39.933537072025018],[-120.53999818555694,39.93343927218163],[-120.54005098536615,39.933372738431714],[-120.54021191953413,39.933353672469977],[-120.54037211908521,39.933352538692986],[-120.54047871969715,39.933336872461844],[-120.54054698600147,39.933288738373001],[-120.54064671908996,39.933178271915523],[-120.54066171942597,39.933025472361621],[-120.54066151964348,39.932723671735111],[-120.54064638611915,39.932615271675893],[-120.54062338615891,39.932542671625654],[-120.5404787186566,39.932539538342638],[-120.54027271896756,39.932535272066829],[-120.5401277861291,39.932473539097529],[-120.54005131937748,39.932363872400067],[-120.53989851906262,39.932220938482921],[-120.53974618594744,39.932042072192139],[-120.53967718606675,39.931946071846049],[-120.53958571897914,39.931786472309135],[-120.53950151897996,39.931726071941398],[-120.53939491836805,39.931678738601406],[-120.53928798582581,39.9317035386809],[-120.53908211932509,39.931816271931979],[-120.53878458595429,39.931994672048035],[-120.5386777189657,39.932019338765762],[-120.53862431876848,39.93197773845889],[-120.53861718590892,39.931851472460416],[-120.53855591927581,39.931746538655865],[-120.53852491865081,39.931691871905066],[-120.53852518502747,39.931642338751608],[-120.53854858559323,39.931602271766131],[-120.53863218520438,39.931595072376787],[-120.53872358569781,39.931596938648795],[-120.53886858513042,39.931527938413716],[-120.53887638497217,39.931415539005869],[-120.53888398503142,39.931366138901076],[-120.53899818570258,39.931301072063505],[-120.5389983188909,39.931174938863641],[-120.53901371879189,39.931134672129886],[-120.53905198546478,39.931085938866012],[-120.5391433183235,39.93104733889205],[-120.53915838525367,39.930993672149569],[-120.5391665191068,39.930890272192229],[-120.53923498519362,39.930734071654818],[-120.53934151921135,39.930538072046474],[-120.53941798492244,39.930463138310778],[-120.53952491850519,39.93037987194765],[-120.53955531874216,39.930348938670619],[-120.53959318585007,39.930309272275792],[-120.53957798573157,39.93026387208667],[-120.5395169854751,39.930231071650098],[-120.53938778550848,39.930246338839794],[-120.53928831879665,39.930266738972385],[-120.53912798501671,39.930272338694827],[-120.53906718558326,39.930212471590139],[-120.53902158522779,39.930139471632124],[-120.53898298558408,39.930093538326069],[-120.53888411821974,39.930077938373501],[-120.53873151872789,39.93012873894255],[-120.53856371807703,39.930242338922582],[-120.53847178483025,39.930276338610241],[-120.53822771825081,39.930455871777482],[-120.53815138468755,39.930503872214487],[-120.53805198561042,39.930542272220684],[-120.53790731810811,39.930642738809965],[-120.53776231867549,39.930707272475864],[-120.537647984816,39.930754338392276],[-120.53745711865126,39.930835872054715],[-120.53728178557583,39.930890738964493],[-120.53709838524149,39.930909338840102],[-120.53698371841116,39.93090233885318],[-120.53690798523591,39.930810671911772],[-120.53690791864176,39.930630538853144],[-120.53690771781872,39.930535938447292],[-120.53693831783818,39.930437472053192],[-120.53703718520252,39.930390072393763],[-120.53711411811331,39.930328671813129],[-120.53721298547764,39.930200072079323],[-120.53728191876418,39.930093472099507],[-120.53735758534525,39.930000472360241],[-120.53744191853278,39.929934738765482],[-120.5375179180847,39.929873272347514],[-120.53750278456037,39.929827938894014],[-120.53735791831609,39.929811339094741],[-120.53715238478617,39.929811472346394],[-120.5369915182529,39.929767472166937],[-120.53684731795029,39.929773472483241],[-120.53670218532936,39.929801871845413],[-120.53657178458667,39.9298261388006],[-120.5364655845803,39.929832872394407],[-120.53632758481888,39.930028139145577],[-120.53625158526697,39.930107538464618],[-120.53613738459583,39.93015487209319],[-120.53603818530119,39.930166271831247],[-120.53590818516405,39.930140938988764],[-120.5357635842559,39.930074738751067],[-120.53567158441497,39.930050338632824],[-120.53554218466584,39.93004753876258],[-120.53535118427224,39.930133539170292],[-120.53515311761325,39.930192471991944],[-120.53497718414981,39.93020213866464],[-120.53484758461821,39.930185938708831],[-120.53468771803792,39.93007447224884],[-120.53445091750636,39.930091939313165],[-120.53432118478641,39.930057672233694],[-120.53422238401623,39.929938472197911],[-120.53416078441228,39.929838072397644],[-120.534031318069,39.929740672609611],[-120.53390151771437,39.929670338782252],[-120.53376398411214,39.929608872126927],[-120.53360391774936,39.929542338643223],[-120.53342091802057,39.929448472413995],[-120.53339811784282,39.929389338674163],[-120.53345151804004,39.92934993902626],[-120.53367278444172,39.929377139291887],[-120.53388611781337,39.929404272521595],[-120.53428318449018,39.929525339018213],[-120.53480238486827,39.929468738734165],[-120.53527538450282,39.929456339088631],[-120.53535111767808,39.929340872268604],[-120.53546611747925,39.929253138579845],[-120.53559591783387,39.929224338433784],[-120.53587811789788,39.929207871740964],[-120.53616791802112,39.929241072426059],[-120.53636591808595,39.929330738691384],[-120.53642711812491,39.929336672020725],[-120.53665618436835,39.929246871712486],[-120.53680831770103,39.929227538893905],[-120.53709838524149,39.9292337387377],[-120.53729711784213,39.929283071760274],[-120.53746458448163,39.929363139003954],[-120.53757151806438,39.929401471826985],[-120.53767878461797,39.929408271689837],[-120.53767871802381,39.929142471714314],[-120.53771651853754,39.929089271858814],[-120.53790731810811,39.928989738953788],[-120.53803678445138,39.928906872154414],[-120.5381283847273,39.928836738547567],[-120.53814351825163,39.928765072052762],[-120.53822791803331,39.928717272271975],[-120.5383271183685,39.928723871923196],[-120.53851791793906,39.928849538863751],[-120.53862471833349,39.928887871974389],[-120.53892171895096,39.928925672050148],[-120.53967758563175,39.92891473809334],[-120.53985318508381,39.928891471412577],[-120.54014238481903,39.928798471636107],[-120.54024198575974,39.928818538667336],[-120.54040178574584,39.928867071670446],[-120.54055478584321,39.928861271553906],[-120.54062311874171,39.928813138307362],[-120.54067658553308,39.928728738477332],[-120.54070738533507,39.928666338199498],[-120.54074531903711,39.928626538373635],[-120.5408747853804,39.928665338396634],[-120.54096691840968,39.928707871897139],[-120.54104318537877,39.928804071478659],[-120.54117291913924,39.928919471380567],[-120.54117318551592,39.928973471685474],[-120.54103538553701,39.929065138693403],[-120.54088271841047,39.929142938498494],[-120.54082178578872,39.929186738003246],[-120.540783985275,39.929285071347998],[-120.54068478493981,39.929359471767469],[-120.54046318556728,39.929440338435889],[-120.5403719182622,39.929456471543027],[-120.54033391900651,39.92953673886111],[-120.54033378581816,39.929662871887992],[-120.54037171847966,39.92978973876351],[-120.54035618539038,39.929834472211297],[-120.54024211894806,39.929895072130627],[-120.54024231873056,39.929971671730669],[-120.54024191916557,39.930021271521859],[-120.54021138574024,39.930137671546909],[-120.54003598503014,39.930260071647659],[-120.54005111855447,39.930634272247616],[-120.54002811859422,39.930867938929865],[-120.54011278579313,39.930955338622383],[-120.54011198562259,39.931076938563976],[-120.54027218517369,39.931197472298166],[-120.540349119125,39.931298138995722],[-120.54037198589688,39.931312138887883],[-120.54044771907211,39.931300271773281],[-120.54060838582294,39.931186538704168],[-120.54081431891782,39.931172938533265],[-120.54124151945496,39.931190938313016],[-120.54131798620658,39.93120167163395],[-120.5413943187293,39.93125273866454],[-120.54154651865615,39.931251538627244],[-120.54164558580301,39.931159071861607],[-120.54185151889787,39.931127338644401],[-120.54197371919328,39.931188538236285],[-120.54208811964696,39.931136871936012],[-120.54214198600333,39.931101938336226],[-120.54224838579222,39.931009671641355],[-120.54236331899921,39.930949071910852],[-120.54246218636355,39.930901538558288],[-120.54256098609316,39.930840538185336],[-120.54277498644703,39.930845071863928],[-120.54290498554363,39.930852338355912],[-120.543056985688,39.930936671735601],[-120.543156518994,39.930956738140011],[-120.5433167861798,39.930910671334992],[-120.54358351974864,39.930794671575612],[-120.54378231894346,39.930798871734027],[-120.54383551935815,39.930745938069663],[-120.54392671902853,39.930626271660429],[-120.54399558572091,39.930560138118203],[-120.54411798579883,39.930472671694893],[-120.54426258566643,39.930394671530578],[-120.54452258594071,39.930287538053093],[-120.54494231960695,39.930147871231185],[-120.54529298575777,39.930011138045352],[-120.54560578584126,39.929873671304136],[-120.54580431969994,39.929765271518924],[-120.54597198612196,39.929656138277473],[-120.54609411982318,39.929573138234751],[-120.54617798685155,39.92949833829082],[-120.54621571973057,39.929445137913959],[-120.54622351957232,39.929368738002374],[-120.54612471984265,39.929371138142962],[-120.5459719195278,39.929453471371033],[-120.545895386182,39.929483338236764],[-120.54575798576811,39.929525537699604],[-120.54559811918786,39.929517671032926],[-120.54544578607268,39.929482871454859],[-120.54534651914334,39.929453737875683],[-120.54529318658082,39.929434538367907],[-120.54518598662139,39.929486338407408],[-120.54501778640552,39.929545871819855],[-120.54488811923922,39.929574671830643],[-120.54478151966784,39.92959033812501],[-120.54460631978075,39.929703737923916],[-120.54444591940663,39.929772471100726],[-120.54433131917048,39.929828538127218],[-120.5440259859579,39.929894138572465],[-120.54378178619011,39.929934071710633],[-120.54355291972917,39.929933738183209],[-120.54320198616112,39.929930738032176],[-120.54296538541206,39.929921271597244],[-120.54280558542598,39.929890871916761],[-120.54271431916139,39.929866338481482],[-120.54263751943895,39.929806138291589],[-120.54262211953795,39.92972473825025],[-120.54263791900398,39.929671071268764],[-120.54270638613134,39.92961847185704],[-120.54278251887156,39.929575071586925],[-120.54288198558341,39.929514138652713],[-120.54299591883738,39.929475938347153],[-120.54312618535117,39.929451738292933],[-120.54324831905241,39.929413738230075],[-120.54336231890055,39.9293125381446],[-120.54348491876097,39.929198071675053],[-120.54356838622431,39.929154871416692],[-120.54362178538098,39.929151471472814],[-120.54372871896373,39.929126671266566],[-120.54376658607164,39.929073471398851],[-120.54380491933868,39.928984138328538],[-120.54396538630698,39.928910938377363],[-120.54396551949533,39.9288479382259],[-120.5439421855237,39.928761871571062],[-120.54395771965355,39.928636071215635],[-120.54398778587918,39.928569137822201],[-120.54408691962018,39.928436138188935],[-120.54422471959909,39.928267871311625],[-120.54443851912988,39.928056138154901],[-120.54456838607871,39.927941871462217],[-120.5446445854131,39.927875870975768],[-120.5447591190551,39.92774313810277],[-120.54485751921972,39.92770927121056],[-120.54508658546318,39.927705071660469],[-120.5451553855614,39.927661537719381],[-120.54530818587628,39.927561137771363],[-120.54543791963675,39.927514337767526],[-120.54572791954251,39.927502471590373],[-120.54580398568858,39.927481537609346],[-120.54593391923157,39.927385271535975],[-120.54604811886219,39.927319937593232],[-120.54616258591003,39.927268337794104],[-120.5463379855796,39.927249537443203],[-120.54643711932061,39.927220137996137],[-120.54658218638791,39.927151138136828],[-120.54666638638709,39.927125871205931],[-120.54689531944221,39.927103737797694],[-120.547124119309,39.926941871173312],[-120.54733738608647,39.926829271131417],[-120.54757438640056,39.926744271191183],[-120.5479023866025,39.926733137398493],[-120.54799378605543,39.926672071070776],[-120.54802391991572,39.926546537380759],[-120.54809278660808,39.926462470694396],[-120.54819178612024,39.926392471033353],[-120.54833731934669,39.926350470723598],[-120.54850518659174,39.926299937857401],[-120.54864238618259,39.926284870872202],[-120.54874891915981,39.926273670774549],[-120.54879458610944,39.926243070783293],[-120.54876471966632,39.926179337248705],[-120.54871891952838,39.926151337755847],[-120.54862671990496,39.926131337769078],[-120.54839838619733,39.926135537415703],[-120.54811558574528,39.926170137610356],[-120.54797831956027,39.92620327114448],[-120.5478485192056,39.926214070679869],[-120.54763538561645,39.92624553726376],[-120.54723811915714,39.926250671309162],[-120.54711658584392,39.926212071002446],[-120.54689498647139,39.926211870715562],[-120.54665871973367,39.92631947099143],[-120.54647531939932,39.926396670663962],[-120.546292519453,39.926415337990846],[-120.54591871911306,39.926438937461754],[-120.54575851956199,39.926480537942879],[-120.54550611934692,39.926587937510689],[-120.54530778631128,39.92658827105442],[-120.54516298562062,39.92656713810387],[-120.54505618522624,39.92648833793055],[-120.54502611900058,39.926348071275079],[-120.54490358573436,39.926174271024195],[-120.54478138543895,39.92595093784805],[-120.54468231933265,39.925719137571072],[-120.54462111929371,39.925524137815934],[-120.54462111929371,39.925362071157188],[-120.54469811879866,39.925296137606622],[-120.5449723192384,39.925153137861386],[-120.54534598534947,39.92496747115235],[-120.54563638586072,39.924860938033532],[-120.54589538514149,39.924758337957115],[-120.54608631894091,39.924775937245386],[-120.54620818522494,39.9248460710226],[-120.54629231862998,39.924843337969129],[-120.54636838581656,39.924700871122369],[-120.5464529187866,39.924567470572228],[-120.54656671885222,39.924448270552254],[-120.5466889857418,39.92434273728955],[-120.54678818607698,39.924308871109119],[-120.54684151863947,39.92433247050819],[-120.5469561854698,39.92439793737222],[-120.54699398598353,39.92440327105043],[-120.54704758596324,39.924377337592311],[-120.54709378566621,39.924292737586832],[-120.54714658547537,39.924226337784759],[-120.54729158594853,39.924116737672485],[-120.54752818565704,39.923923670855039],[-120.54785618585902,39.923664736998255],[-120.54816131928908,39.923477537308443],[-120.54837498563154,39.923346937711059],[-120.54861178616314,39.923230337015646],[-120.54893191888864,39.923088470892644],[-120.5490851187685,39.923019670357483],[-120.5491383857774,39.922899070354433],[-120.54913778538936,39.922790937227717],[-120.54919171938045,39.922675070540762],[-120.54923698572455,39.922635470721168],[-120.54934418568395,39.92262413755887],[-120.54941278599966,39.922607670874442],[-120.5494889863746,39.922640737504885],[-120.54950431968142,39.922686137163637],[-120.5494891861571,39.922780337449346],[-120.5494891861571,39.922843470863754],[-120.54956511911485,39.922867536796893],[-120.54974831966669,39.922857936918113],[-120.54984738577301,39.922887070112253],[-120.54999291899949,39.922926137524172],[-120.55012218556026,39.922991936900182],[-120.55022158567793,39.922994070734539],[-120.55024451904401,39.922967537449409],[-120.55020651978832,39.922926137524172],[-120.55009171976965,39.922883270859685],[-120.54994658610819,39.922830536957342],[-120.54987778600997,39.922811136891127],[-120.54979398557579,39.922782337226963],[-120.54975611950846,39.92275907085601],[-120.54974811884367,39.922718270100162],[-120.54983238647755,39.92265253749293],[-120.5499317855547,39.922591536951302],[-120.5500459196317,39.922526470551425],[-120.55019838593519,39.922457536983586],[-120.55025211910326,39.922427137180726],[-120.55026731922173,39.922368937420714],[-120.55028211977522,39.922261137021586],[-120.55030558589462,39.922158070207445],[-120.55034338640834,39.922082270242534],[-120.55041251947738,39.92202967058607],[-120.5505265193255,39.922009536926495],[-120.5506713189756,39.921990136627663],[-120.55088531932944,39.921999137326381],[-120.55094591898036,39.921977870490451],[-120.55098471944711,39.921897670120224],[-120.55109898567191,39.921891070608979],[-120.55124358658004,39.921894137346882],[-120.55131251986657,39.921868537303133],[-120.55135831896402,39.921815470648291],[-120.5514119865784,39.921744536556801],[-120.55144198620987,39.921704670462248],[-120.55147238644683,39.921691737138744],[-120.55148791953617,39.921624536804856],[-120.55144211939819,39.921578470103924],[-120.55144191961568,39.921542470272726],[-120.55135838555817,39.921545270490824],[-120.55129738634226,39.921575470384752],[-120.55128218622377,39.921633670021173],[-120.55125898648103,39.921727736891462],[-120.5512285196499,39.92176313732147],[-120.55115198630413,39.921757070068445],[-120.55108338598842,39.921710536621823],[-120.55101458589023,39.921673070119922],[-120.5509467191509,39.921671670412493],[-120.55088491976444,39.921719870126758],[-120.55081678560789,39.921785937196482],[-120.55073278643177,39.921824737106341],[-120.55067118578728,39.921868470270589],[-120.55056491918671,39.921897737152733],[-120.55041211887183,39.921917070445254],[-120.55030511973546,39.921964337118446],[-120.55019851912354,39.922043136912734],[-120.55003811978995,39.922215470548217],[-120.54997738591015,39.922358336778998],[-120.54992391911878,39.922420270390468],[-120.54989358547596,39.922451137026236],[-120.54983251966587,39.922440870759189],[-120.54979431958715,39.922408470362441],[-120.54974831966669,39.922384937332239],[-120.54969458545813,39.922433336842367],[-120.54964138608396,39.922468337109841],[-120.54957311873909,39.92245787054744],[-120.54948878555156,39.922424537296727],[-120.54941311897048,39.922391470561884],[-120.54942778633564,39.922247537471414],[-120.54942778633564,39.922143936772578],[-120.54940551891126,39.922053470271777],[-120.54941291918799,39.921968070187532],[-120.54947358543308,39.9219062702321],[-120.54958811907508,39.921832070790359],[-120.54968731941025,39.921780137277977],[-120.54980198624058,39.921719470324604],[-120.54990871900029,39.92165867005],[-120.55004611941419,39.921580536949499],[-120.55016798569822,39.921565070718707],[-120.55022171886625,39.921534670519605],[-120.55027491928098,39.921459270466279],[-120.55038171967539,39.921456937081267],[-120.55048878540595,39.921450270494582],[-120.55055698615664,39.921442670233837],[-120.55059558580035,39.921407469939105],[-120.55055698615664,39.921361670426364],[-120.55048831924678,39.921337670198994],[-120.55041198568351,39.921327070195638],[-120.55034318558531,39.921307537233268],[-120.55025191932074,39.921305670680752],[-120.55019851912354,39.921304470469082],[-120.55007678602783,39.921414537131916],[-120.5500459196317,39.921440870717952],[-120.54989298612847,39.921464670608316],[-120.54981738614154,39.921494670237053],[-120.54961911865955,39.921661537296089],[-120.54947351883891,39.921744070520141],[-120.54934431887229,39.921840470610746],[-120.54929851873432,39.921893537246213],[-120.54929851873432,39.921997137525906],[-120.54930598560523,39.922055870668828],[-120.54926791871486,39.922158670305748],[-120.54925218584305,39.922270870250358],[-120.54923751951841,39.92237413719289],[-120.54916878601436,39.922395270639704],[-120.54912258631141,39.922335737392864],[-120.54906178583744,39.922257870799612],[-120.54901591910532,39.922211870759014],[-120.5489321852653,39.922178537388547],[-120.54885571955423,39.922172470172335],[-120.54880258573367,39.922144270337952],[-120.54877198571421,39.922058070766695],[-120.54874911894231,39.921962937417021],[-120.54868771912085,39.921880670192891],[-120.54861191935146,39.921811470238524],[-120.54856591943098,39.921787937003131],[-120.54848158520294,39.921772670321147],[-120.54845931881907,39.92180373754865],[-120.54841338549276,39.921924337086899],[-120.54837518541406,39.922072270453555],[-120.54833691874117,39.922121070782481],[-120.54829931905047,39.92215173725431],[-120.54822258592219,39.922168137016129],[-120.54806231873638,39.922173737400982],[-120.54794758531192,39.922148870826767],[-120.54775718530635,39.922135737288293],[-120.54762718516918,39.922133070360942],[-120.54742151845096,39.922137670850468],[-120.54736798506542,39.922159070903355],[-120.54727678539503,39.922197670303085],[-120.54725391862313,39.922264737606163],[-120.54719278517837,39.922340070538461],[-120.54696358574655,39.922533337331032],[-120.54685691854047,39.92258967043378],[-120.5467883192653,39.922646737647824],[-120.54675751842278,39.922754270909138],[-120.54674211852182,39.922794470752798],[-120.5466737856233,39.922842537209434],[-120.54668871936512,39.922896871081598],[-120.54678851904779,39.923011670476313],[-120.54681871846175,39.923066270743732],[-120.54683391858022,39.923134137581776],[-120.54683431918576,39.923224270690596],[-120.54679591932455,39.923273070996473],[-120.54675778583999,39.923299270603408],[-120.54660511871346,39.923291471050405],[-120.5464827852297,39.923257337821205],[-120.54634578542134,39.923204937767181],[-120.54620858583048,39.923134471142326],[-120.54608598492956,39.923064270974422],[-120.54599491844748,39.922994871121887],[-120.54590351899458,39.922934337711816],[-120.5457583853331,39.922922270444303],[-120.54570498513588,39.922903070700656],[-120.54559811918786,39.922864737430878],[-120.54554451816762,39.922872671095611],[-120.54542238550691,39.922933137528695],[-120.54538418542816,39.922959337265752],[-120.54529251855811,39.92294387054843],[-120.54520891894694,39.922910537534271],[-120.54510191877003,39.92287673767698],[-120.54499498518727,39.922919537314037],[-120.54494158499006,39.923004071186895],[-120.5448579853789,39.92305173770206],[-120.54475871844956,39.923067737454033],[-120.54461411858198,39.923082671084465],[-120.5443313847241,39.923072137584661],[-120.54384291859438,39.923075337534392],[-120.54356851837211,39.923078537483974],[-120.54330091803857,39.923054871419318],[-120.54300371867913,39.923044137619023],[-120.542828317969,39.923040337577213],[-120.54278278524824,39.923129537957159],[-120.542698384426,39.923154737735672],[-120.54259171826047,39.923156937798225],[-120.54250771804378,39.923110137975669],[-120.54242371782709,39.923067870718754],[-120.54234751849268,39.923070737905832],[-120.54218751768357,39.923089871369072],[-120.54201178504313,39.923113137627652],[-120.54189791838333,39.923110738065674],[-120.54188191809432,39.922984271375078],[-120.54190518443122,39.922885671227647],[-120.54208838498309,39.922790471198191],[-120.54226338508767,39.92270413757894],[-120.54250798442045,39.922551671349908],[-120.54256138461767,39.92250773752626],[-120.54266778440653,39.92243793731177],[-120.54272111800957,39.922376070748328],[-120.54278291843657,39.922327671197721],[-120.54278278524824,39.922269137788405],[-120.54274471835785,39.922232270891854],[-120.54266851798289,39.922235271380316],[-120.54255351818175,39.922259871390494],[-120.54240838452027,39.922288270677626],[-120.54229458445462,39.922281337639312],[-120.54221811770304,39.92225273805083],[-120.54214151776308,39.92218807112836],[-120.54208831838891,39.922078870745366],[-120.54209618482483,39.92188073802344],[-120.5421725183881,39.921810337866347],[-120.54221831748551,39.921757271166392],[-120.54226378465269,39.921731271269437],[-120.5423777845008,39.921670471005271],[-120.54250831843179,39.921664271274551],[-120.5425845177662,39.921638870647158],[-120.5426375849926,39.921603937786521],[-120.54269898481404,39.9215646709157],[-120.54271391751534,39.921515471184904],[-120.54266798418902,39.921514471277597],[-120.54255391774674,39.921534537251901],[-120.54243118469802,39.921568071236415],[-120.54228671801873,39.921600937270441],[-120.54211831802037,39.921647070989017],[-120.54197358496444,39.921666471384995],[-120.5417371174037,39.921674937460452],[-120.54159178500025,39.921689937629409],[-120.54145498497438,39.921691537636598],[-120.54121811784867,39.921672937650449],[-120.54104298455574,39.92172333747245],[-120.5408067844122,39.921803870815843],[-120.54058551801049,39.921920871347425],[-120.54034911808446,39.922086937767837],[-120.54012731788889,39.92225793783178],[-120.53999791813975,39.922358738173408],[-120.53986818437927,39.922387538015762],[-120.53965418402544,39.922441537887046],[-120.53954791742488,39.922488871230136],[-120.53942571817001,39.922571871083953],[-120.53925731713112,39.922761938056013],[-120.53915838421312,39.922849937816075],[-120.53908218383819,39.922996937924708],[-120.53889118448512,39.923141538156841],[-120.53879211733829,39.923256538234938],[-120.5386167176687,39.92343747112988],[-120.53840291813789,39.923626671480243],[-120.53826598388318,39.923754337950918],[-120.53822778380444,39.923884137990214],[-120.53825811744726,39.924055937930618],[-120.53824258435792,39.924123138272151],[-120.53808251799516,39.924142271441291],[-120.53809811767866,39.924214671330439],[-120.53808311734268,39.92426853809426],[-120.53796851814705,39.924261538226219],[-120.53792238399771,39.924301137903349],[-120.53790731810811,39.924377338390308],[-120.53783871779243,39.924375937940212],[-120.53770078462517,39.924363937956834],[-120.53733471753283,39.924356271787396],[-120.53732711747358,39.924324538608545],[-120.53734258396872,39.924261738518872],[-120.53745711761073,39.924205671720969],[-120.5376325172803,39.924191338415945],[-120.53782311810893,39.924096338101116],[-120.53790758448476,39.923899871819401],[-120.53797558441244,39.923838271507471],[-120.53818191811287,39.923653471835117],[-120.53818198470702,39.923446271343344],[-120.53820478384422,39.923401671773199],[-120.53831171742698,39.923376938111119],[-120.53837251790092,39.923355737936163],[-120.53844171756413,39.923303138459978],[-120.53857831780749,39.923139338093797],[-120.53866218379531,39.923001538356189],[-120.53876211770682,39.922868538280447],[-120.53886891810126,39.922785271457634],[-120.53890678416862,39.922768071453646],[-120.53889111789094,39.922718137632714],[-120.53886871727822,39.92269067138227],[-120.53886838430739,39.922578071530502],[-120.53891458401036,39.922488938262063],[-120.53897518470181,39.922328070996279],[-120.53902078401676,39.922180337683002],[-120.53908218383819,39.9219970712915],[-120.53918171714419,39.921913537672914],[-120.53948631782093,39.921676737768152],[-120.53987571784437,39.921378737515575],[-120.53995171739626,39.921299271413709],[-120.53995191717875,39.921173138139501],[-120.53992158457649,39.921077938123034],[-120.53987531723882,39.921045470845982],[-120.53979211719265,39.921061671368776],[-120.53974618386636,39.921137271363691],[-120.53966191727301,39.921266137900339],[-120.53957771727381,39.921349938046944],[-120.53945578439564,39.921405871521337],[-120.53930338364573,39.921497270954383],[-120.53912818375865,39.921588070960155],[-120.53893711781144,39.921678671343287],[-120.53870858432128,39.921831471487167],[-120.53856331747149,39.921927471653831],[-120.5383879843961,39.922063338392796],[-120.53812871769813,39.922242471754039],[-120.5379907845309,39.922334138198757],[-120.53789198376074,39.922336537787899],[-120.53783878438657,39.922308471287401],[-120.53785411769339,39.922232138423517],[-120.53783851696937,39.922096671021379],[-120.53785351730535,39.922060937996058],[-120.53794578352296,39.922040471577766],[-120.53801398427365,39.922032871382541],[-120.53811298378578,39.921944871370385],[-120.53812878429233,39.921769538141149],[-120.53817398404223,39.921608338011232],[-120.53822791699278,39.921514938113845],[-120.53828118400166,39.921452938246546],[-120.5384415843758,39.92144733780269],[-120.53849498353244,39.921426071593366],[-120.53858598446089,39.921292871348093],[-120.53865458373606,39.921235737568516],[-120.5387545176476,39.921183738166683],[-120.53876138413047,39.921093871302915],[-120.53884558412965,39.92094693813209],[-120.53892178450461,39.920840537612705],[-120.53893691698839,39.920786737579597],[-120.53883798407043,39.920789138021057],[-120.53876138413047,39.920805538109178],[-120.53868518375553,39.920808470828554],[-120.53854838372966,39.920792071539118],[-120.53826538349514,39.920750070985846],[-120.53797558337189,39.920739337622223],[-120.53787678364226,39.920719271414953],[-120.53786158352376,39.920673871250116],[-120.537968317324,39.92051393819424],[-120.53797578419493,39.920469070972466],[-120.53793778389871,39.920405271413124],[-120.53793811686953,39.920315137785565],[-120.53795278423469,39.920270471535844],[-120.53812858346927,39.920242671526964],[-120.5382349842987,39.920231337968623],[-120.53826578410066,39.920186938204964],[-120.53820458406172,39.920163137870496],[-120.53813578396354,39.920103138231141],[-120.53813638331103,39.920004071078445],[-120.53828131718998,39.9197774713858],[-120.53828058361361,39.919736871553269],[-120.53825851701225,39.919637337819694],[-120.53823538386369,39.919546737927703],[-120.53827331756574,39.919488937928676],[-120.53830411736773,39.91938607123884],[-120.5382661170715,39.919344670744195],[-120.53799118409593,39.919343338024184],[-120.53763258387448,39.91949333749124],[-120.53741151725526,39.919583271096243],[-120.53722818351507,39.919637937940088],[-120.5369841835298,39.91971387148805],[-120.5368313832149,39.919755671573057],[-120.5366483168919,39.919742737881421],[-120.53641198356003,39.919706137763256],[-120.53619831721757,39.919629537849517],[-120.5360681838921,39.919563737636437],[-120.53596171646851,39.919457871246969],[-120.53579398345232,39.919422737764911],[-120.53564131632581,39.919397071358325],[-120.53546551709121,39.91948787175491],[-120.53535138301422,39.9195304716077],[-120.53520651676995,39.919554471670452],[-120.53499318339831,39.919549871805373],[-120.53481738312317,39.919496671677997],[-120.53468718320353,39.91947587171294],[-120.53468731639188,39.919309271457983],[-120.53457311676124,39.919275271111857],[-120.53450418347471,39.919237737838408],[-120.53448118351449,39.919183271780575],[-120.5345121165048,39.919156871089136],[-120.5345653169195,39.919103937999381],[-120.53459611672149,39.919019071317209],[-120.53463398278883,39.918938671163524],[-120.53479438316296,39.918852071728118],[-120.53491651686419,39.91880953769077],[-120.53500778312875,39.91873493826602],[-120.53518358340386,39.918621537855152],[-120.53541218348816,39.918486737658647],[-120.53554211599059,39.918435538205969],[-120.53566431628602,39.91842907163479],[-120.53578631679893,39.918454271547141],[-120.53588551609357,39.918483337982984],[-120.53587758306347,39.918334538163379],[-120.53588511652858,39.918249138229221],[-120.5359843834579,39.918129671035537],[-120.53607598269329,39.918063938013589],[-120.5361977834237,39.918030537981693],[-120.53629771629473,39.91801913781898],[-120.53630458277759,39.917906737778857],[-120.53632818312587,39.917821670897631],[-120.53638151672889,39.91771913768433],[-120.53645751628081,39.917680270805647],[-120.53662571649667,39.917679337878994],[-120.53675518283995,39.917695537602022],[-120.53686158366938,39.91772933762271],[-120.5369839161126,39.917786071310594],[-120.53703758372701,39.91771507079666],[-120.53706758335845,39.917549071185],[-120.53720531674317,39.917421338078455],[-120.53725071627559,39.917359270659986],[-120.53726631699961,39.917269537639577],[-120.53723611654513,39.91713373800269],[-120.53723598335681,39.916994137719229],[-120.53728171690061,39.916941071277208],[-120.53744138369836,39.91691293792195],[-120.53751778281527,39.916883071158871],[-120.53750251610261,39.916819671281516],[-120.53744171666921,39.916741737762578],[-120.53740358318464,39.916659871279926],[-120.53744198304588,39.916593137666119],[-120.53747211690619,39.916544271148247],[-120.53753351672765,39.916486937879668],[-120.53757158361802,39.916361671224756],[-120.53748778318382,39.916292338001568],[-120.53738871603701,39.916222671113978],[-120.53741151621473,39.916115070932094],[-120.53739598312542,39.916078670787776],[-120.5373271830272,39.916041137358498],[-120.5372739826125,39.91599493761332],[-120.53720531674317,39.915952937310024],[-120.53712131652648,39.915969270720041],[-120.53696131675791,39.916132471327487],[-120.53678578285943,39.916295471230136],[-120.53673231606807,39.916357337700838],[-120.53659478350639,39.916421937505376],[-120.53643458291474,39.916504137865296],[-120.53636578281655,39.916565737592684],[-120.53633578318509,39.916691271226753],[-120.5362821832054,39.916757671153377],[-120.53619771682955,39.916809938075922],[-120.53604558349687,39.91689227124693],[-120.53593138282571,39.916957337414146],[-120.53583218249052,39.917009337631264],[-120.5357175832949,39.917105937518478],[-120.53561858274223,39.917117337833261],[-120.53556518254501,39.917075738047529],[-120.5355265829013,39.916948737478833],[-120.53546538286234,39.916861871367516],[-120.5353283164598,39.916768871211566],[-120.53524471580813,39.916816671353828],[-120.53513731606621,39.916854937779782],[-120.53504591661333,39.916916071122117],[-120.5350079163171,39.916978271420817],[-120.53501518236499,39.91710007096443],[-120.53498518273352,39.917162471409391],[-120.53490118251683,39.917241738008514],[-120.53478671650956,39.917293338181679],[-120.53461118261109,39.917334671283406],[-120.53455751603722,39.917365070952947],[-120.53447418280273,39.917466871281214],[-120.53439738308029,39.917487738095254],[-120.53432091632868,39.917477138294011],[-120.53432118270536,39.917409537986998],[-120.53434411607142,39.917360537977764],[-120.53444291580107,39.917173471088034],[-120.53446651614932,39.917047871300539],[-120.53453478245365,39.916936671550609],[-120.53461131579944,39.916681538002955],[-120.53460318298684,39.916600337835042],[-120.53451171589926,39.916521870956522],[-120.53454278311844,39.916450470895207],[-120.53461118261109,39.916438337841342],[-120.53465678296655,39.916371738087498],[-120.53460351595768,39.916285071560303],[-120.53463371641216,39.916218138063179],[-120.53477118237969,39.916094937927696],[-120.53482498318242,39.916024071333169],[-120.53487838233912,39.915876537505596],[-120.53491671560616,39.915832271389554],[-120.53499258301028,39.915815870908453],[-120.53516831565068,39.91582867126484],[-120.53529771644034,39.915889938003936],[-120.53545838319113,39.915956337909407],[-120.53557278260426,39.915967870896012],[-120.53564078253194,39.915946737859748],[-120.53566431628602,39.915843671118267],[-120.53567191634527,39.915632137366565],[-120.53574751633217,39.9154986712633],[-120.5358549160741,39.91537927109885],[-120.53606851582239,39.915275737422753],[-120.53622078234342,39.915143870785123],[-120.53619831617705,39.914999271221895],[-120.53622118294894,39.914869071258003],[-120.53636618238154,39.914741537463762],[-120.53659491565416,39.914624737755787],[-120.5367779164235,39.914556670941913],[-120.53700671629032,39.914538937341838],[-120.53727351645334,39.914558137834476],[-120.5375181157861,39.914549871200215],[-120.53762491618053,39.914506937838958],[-120.53776258297108,39.914419870703384],[-120.53783818295801,39.914349337575118],[-120.53766338263593,39.914350137265444],[-120.53744151584617,39.914422071046587],[-120.53714431648673,39.914429270645648],[-120.53706751572375,39.914391670868746],[-120.53699138298349,39.91429087077065],[-120.5368845825891,39.914293137359898],[-120.53671678297874,39.914343671106565],[-120.53637378244079,39.914530070540053],[-120.53622098316644,39.914549271035177],[-120.53599218225912,39.914548937432805],[-120.53598491621122,39.914508270653045],[-120.5359925162705,39.914458871117759],[-120.53616738318674,39.914431071143895],[-120.53625138236289,39.914396737166967],[-120.53624391653251,39.914297537256267],[-120.53631271559016,39.914235937883049],[-120.53640431586609,39.914147737904081],[-120.53639658261851,39.914098070746228],[-120.53632798230282,39.914074137407567],[-120.53621351629552,39.914125737573123],[-120.53610631633612,39.914258537548086],[-120.53608398231756,39.914312137599687],[-120.53596131586296,39.914350071023605],[-120.53579338306432,39.914382537484634],[-120.5353509158145,39.914386670811957],[-120.53525198289654,39.914393537609733],[-120.5351909826401,39.914338271201068],[-120.53518371555167,39.914256937367227],[-120.53507631580977,39.914317737828974],[-120.53493178253633,39.914350737432216],[-120.53480138283416,39.914316471253009],[-120.53471771558833,39.914242537334012],[-120.53465671533188,39.914151137794981],[-120.53463391619466,39.914051537681694],[-120.53455751603722,39.914040937348602],[-120.53448098269143,39.914075337745963],[-120.53422191577602,39.914065337585846],[-120.53417651520304,39.914023870824813],[-120.53418398207394,39.913956470624306],[-120.5342751827849,39.91388187070163],[-120.53433671579467,39.913797537862109],[-120.53450458199917,39.913724537959652],[-120.53467211523282,39.913638070800594],[-120.53476371550879,39.91355433783464],[-120.53476358232047,39.913495871149657],[-120.53461098282861,39.913510537906568],[-120.53434418266558,39.91356793751504],[-120.53424498233042,39.913601937502342],[-120.5341913823507,39.913690870841641],[-120.53402391571119,39.913795337498833],[-120.53389371579155,39.913815137573337],[-120.53378718177379,39.913848937912931],[-120.53367218197263,39.913873470703123],[-120.53354298200603,39.913870738009798],[-120.53346691585995,39.913891671363714],[-120.53339791597925,39.913881138046257],[-120.53324571501186,39.913801337618779],[-120.53313058202237,39.913789871307728],[-120.53288711583095,39.913789271136082],[-120.53285671559397,39.913720937724136],[-120.53291778244461,39.913668270989298],[-120.53309298233168,39.913595471272878],[-120.53324518225853,39.913508537858192],[-120.53329111558483,39.913473537799767],[-120.53340538180962,39.913241737581735],[-120.53350471533312,39.913023137312948],[-120.53361191529255,39.91290827089157],[-120.53368758187364,39.912855870899222],[-120.5338179149816,39.912809071219378],[-120.53380258167478,39.912687137942548],[-120.53384798224775,39.912584537981601],[-120.53387138177297,39.912521937827236],[-120.53386331555457,39.912422670553731],[-120.53395471500747,39.912339070983805],[-120.53410751532233,39.912238737158717],[-120.53422158176463,39.91215553722224],[-120.53424471491321,39.912061470771057],[-120.53422191577602,39.912024937580497],[-120.53421431571677,39.911970737147634],[-120.53403158236459,39.91186773785018],[-120.53383298191176,39.911800471208998],[-120.53365718163663,39.911828270654318],[-120.53339798153287,39.911899270886224],[-120.53327611524884,39.911977737473926],[-120.53321451564487,39.912021537584053],[-120.53314618170586,39.912132671089317],[-120.53293291492838,39.912087537390946],[-120.53281838232692,39.912157270738156],[-120.5326581817353,39.912324937916772],[-120.53241371559083,39.912391871228145],[-120.53233731543341,39.912421737555455],[-120.53233738202758,39.9125613375817],[-120.53226138143513,39.912622871419416],[-120.53212371464456,39.912687470755856],[-120.53210098210154,39.912813071356979],[-120.53200151538971,39.912937070718016],[-120.53188718153022,39.913024737522626],[-120.53168138162366,39.913074337619548],[-120.53167378156439,39.913164337916079],[-120.53149798128928,39.913295671239418],[-120.5313381813032,39.913490471177276],[-120.53112458155491,39.913675137859094],[-120.53089531552895,39.913872937572528],[-120.53078091507527,39.913942671496336],[-120.53069678167026,39.913963338263322],[-120.53051398172393,39.91396393763543],[-120.53045258190249,39.913922138005695],[-120.53049098176371,39.913828338151845],[-120.5306821819398,39.913679271229114],[-120.53088751464665,39.913539471561158],[-120.53104818139744,39.913340137723303],[-120.53109398153541,39.913206070967263],[-120.53082691499573,39.913209337620998],[-120.5306971146411,39.91320207085262],[-120.53071198178873,39.913112270930881],[-120.53078078188695,39.913028138267343],[-120.53092591450786,39.912999737534143],[-120.53107071519852,39.912935270978629],[-120.53117751455241,39.912874470885846],[-120.53123111453209,39.912808071184955],[-120.53124618146227,39.912713737463903],[-120.53117751455241,39.912649271437282],[-120.53107071519852,39.912529871094058],[-120.53107091498102,39.912421737555455],[-120.5310171152188,39.912271938091244],[-120.53092571472537,39.912130471470704],[-120.53088738145833,39.912057537631711],[-120.53093351456711,39.911995470939054],[-120.53109331455322,39.911962870858297],[-120.53129178181774,39.911971537663824],[-120.5315133145961,39.912034870996358],[-120.53168158140615,39.912173538011338],[-120.5317731150879,39.912292670808057],[-120.53184151458058,39.912321071036303],[-120.5319019820837,39.91226387071066],[-120.53192511523227,39.912133671133603],[-120.53195591503423,39.91200827121137],[-120.53200158198385,39.911914670661488],[-120.53217698165345,39.91179673758564],[-120.53244398159896,39.911689871110433],[-120.53265791535863,39.911559270580867],[-120.53274178134647,39.911484470909741],[-120.53282598134562,39.911400670662609],[-120.53285638158262,39.911261670858998],[-120.53294771548187,39.911187071193794],[-120.53307751479599,39.911072737240104],[-120.53310791503296,39.91097873714326],[-120.53305491544128,39.910928070818109],[-120.53293291492838,39.910966070765042],[-120.53281851551525,39.911058137802407],[-120.53268091531888,39.911181337420608],[-120.53260451516141,39.911233871183676],[-120.53239111519561,39.911229270759776],[-120.53228411501871,39.911195470723619],[-120.53210078127852,39.911250137878007],[-120.53204751531017,39.911226470917953],[-120.53204751531017,39.911086870565519],[-120.53211618117949,39.910903671059486],[-120.53223858125742,39.910753070937396],[-120.5323681152354,39.910589137591231],[-120.53243651472803,39.910496070653416],[-120.53244418138146,39.910406137885303],[-120.53237538128327,39.91038667124613],[-120.53223791531575,39.910446737662525],[-120.5321469143873,39.910516870951405],[-120.53202491491494,39.910514270615209],[-120.53191791473802,39.9104804710244],[-120.53175751436389,39.910405070772029],[-120.53152078146702,39.910399937932944],[-120.53139131512374,39.910361137935062],[-120.53122331469038,39.910339537852693],[-120.53097171464586,39.910280137790494],[-120.53081158168891,39.910258738016147],[-120.53058231462242,39.910249337501519],[-120.53052158074263,39.910148937562063],[-120.53052138096012,39.910013870869733],[-120.5305669813156,39.909884137922091],[-120.53062098086031,39.909723137286718],[-120.53064371444388,39.909642537856719],[-120.53062038151282,39.909619537593933],[-120.53053651448445,39.909613271324019],[-120.53031571424191,39.909797737748129],[-120.52988071490357,39.910184870751749],[-120.52961351413501,39.910435870990973],[-120.52946118101983,39.91054527111784],[-120.52870551412158,39.910943671143286],[-120.52836198083028,39.911143470881086],[-120.52809551467864,39.911335937623086],[-120.52794231479875,39.911427337726316],[-120.52779758070226,39.911446737825145],[-120.52759191398407,39.911536938195802],[-120.52736318071142,39.911653671338151],[-120.52710298065462,39.911832871038037],[-120.52691231427239,39.911932337898754],[-120.52682091377896,39.911912337749385],[-120.52679111393,39.911848671486176],[-120.52694318066854,39.911703271629833],[-120.5270573813397,39.911575071092052],[-120.52713418106214,39.911455138121262],[-120.52723338035679,39.911259071349178],[-120.52729378126574,39.911102671185681],[-120.52755351412283,39.910671337768413],[-120.52775191375267,39.910342271485014],[-120.52793478029315,39.910071338058131],[-120.52801151446195,39.909973938085272],[-120.52808778039052,39.909903471413678],[-120.52827038055435,39.909785671358307],[-120.52846178051296,39.909731137922115],[-120.52864491447065,39.909681070881859],[-120.52879738077415,39.909607737754619],[-120.52895731394858,39.909512070705489],[-120.52911771432271,39.909443471232777],[-120.52925498050774,39.909387737901874],[-120.52940778082261,39.909345937873915],[-120.52951458121704,39.909280737569368],[-120.52953738139477,39.909177537880971],[-120.52951471440539,39.909078071010775],[-120.52946138080233,39.908995871316094],[-120.5291333140062,39.909029338010193],[-120.52886551389015,39.909095737383382],[-120.52857618096661,39.909152538084712],[-120.52830131354466,39.90915127141318],[-120.52817118021919,39.909089937986437],[-120.52818698072569,39.908977670950918],[-120.52823291405198,39.908816471039934],[-120.52831618069231,39.908575070740149],[-120.52840818053325,39.908333737433608],[-120.52845398067122,39.908177071186962],[-120.5285071810859,39.908061137470845],[-120.52864431408261,39.90794693797919],[-120.52872071424005,39.90783593736267],[-120.52875158063621,39.907728470868776],[-120.52869758109148,39.907727337465545],[-120.52850758065092,39.907867470658395],[-120.52835498011855,39.907963270903892],[-120.52822491338722,39.908086670841094],[-120.52803431359915,39.9083437376324],[-120.52795758047087,39.908544870700304],[-120.52788131350175,39.908732337888907],[-120.52774438028757,39.909004271114654],[-120.52769071371368,39.909133737548622],[-120.52747711396539,39.909381470812527],[-120.52716398091108,39.909730671005597],[-120.52695038012224,39.909960271445243],[-120.52677551424651,39.910105137850771],[-120.52644691365654,39.910318871588558],[-120.52616531398057,39.910524537872121],[-120.52596658033939,39.910723071391843],[-120.52581391425339,39.910823337999389],[-120.52570718045313,39.910861671624765],[-120.52560831412931,39.910846071280858],[-120.52550138054656,39.910830271399604],[-120.52542511357744,39.910837538419599],[-120.52528798058079,39.91088873796555],[-120.52518078062135,39.910881937859706],[-120.52512731382996,39.910804271344631],[-120.52515758087861,39.91069227130204],[-120.52525691336157,39.910572738248987],[-120.5253639135385,39.91044447174415],[-120.52545551381444,39.910378871818715],[-120.52560831412931,39.910296471755224],[-120.52564637997918,39.910234271773334],[-120.52571498029486,39.910055537998176],[-120.5257913804523,39.910003138217888],[-120.52603518065507,39.909873137870896],[-120.52604331346767,39.909792271238004],[-120.52590538030043,39.909640738030767],[-120.5258751132518,39.909486937740056],[-120.52588271331105,39.909194338230634],[-120.52599698057638,39.909025537988846],[-120.5260731133166,39.90877947159008],[-120.52607351392211,39.908666871212915],[-120.52600491360646,39.908584338191623],[-120.52579091325262,39.908597737722211],[-120.52541751351822,39.908652871479141],[-120.52520411355242,39.908652871479141],[-120.52509651298745,39.908591938283102],[-120.52506651335602,39.90849227102197],[-120.52517351353292,39.908363937566534],[-120.52523391340135,39.908248071212533],[-120.52532591324228,39.908087871284401],[-120.52541677994185,39.907918671626085],[-120.52548551344586,39.907757937749459],[-120.52552358033628,39.907632671093069],[-120.52551618005953,39.907555937949425],[-120.52544737996132,39.907518470887148],[-120.52532578005396,39.907583470931264],[-120.52508158028617,39.907749338255307],[-120.52491351325865,39.907808871411966],[-120.52449371299824,39.907853937690582],[-120.52387571289053,39.907980338139581],[-120.52368511310246,39.907994271762796],[-120.52366278012443,39.907863138193363],[-120.52370037981512,39.907751337673716],[-120.5237767133784,39.907604338361971],[-120.5237767133784,39.90754133776219],[-120.52370031322093,39.907490138108827],[-120.52360131266826,39.907479071424774],[-120.52354051323488,39.907441671367124],[-120.52346397988906,39.907354471533289],[-120.52335691311801,39.907343138236605],[-120.52317451273667,39.907375338235603],[-120.52306717958892,39.907368537780989],[-120.52290691344368,39.907315538111433],[-120.52273177911019,39.907343337780553],[-120.52255597987562,39.907416137756478],[-120.52234277969232,39.907389071639919],[-120.52220477993093,39.907381671757015],[-120.5220373798856,39.90742307150159],[-120.5218843797882,39.90746933848817],[-120.52180077913651,39.907517137937056],[-120.52171657913735,39.907519871682048],[-120.5216713793874,39.907473738024677],[-120.52164077936793,39.907369537894823],[-120.52148057981682,39.907352671647217],[-120.52133497895566,39.907331471300523],[-120.52117491259291,39.907310071403224],[-120.52102277926022,39.90733387141541],[-120.52084731299648,39.90741567162231],[-120.52069431289908,39.907461938613885],[-120.5205569124852,39.90752213849531],[-120.52044231224905,39.907515138511819],[-120.52027451263869,39.907525071783517],[-120.52013777920698,39.907567272009096],[-120.51994671221921,39.907716271617986],[-120.51984737869573,39.907835738618353],[-120.51974071253017,39.908036138065292],[-120.51960371272182,39.908186338692282],[-120.51942051216997,39.908299538482787],[-120.51916091250118,39.908483138447508],[-120.51901597966275,39.90865127196551],[-120.51882537883415,39.9088273387665],[-120.51871097942102,39.908955471814565],[-120.51862671282767,39.908985271796944],[-120.51854297898765,39.909010471991515],[-120.51852771227497,39.90891107192391],[-120.51858077950138,39.908754538693877],[-120.51868011198435,39.908495338359906],[-120.51871071200382,39.90831587212157],[-120.5187411122408,39.908163338738802],[-120.51874151284635,39.90801027184019],[-120.51865737944131,39.907891338321306],[-120.51846691180103,39.907698071710989],[-120.51842071209808,39.90745833804921],[-120.51843611199907,39.907296538325305],[-120.51843577902822,39.90720193840442],[-120.51824537902264,39.90725193861342],[-120.51816131221182,39.907295138324031],[-120.51797097880041,39.907300138100339],[-120.51778711230688,39.907390738229786],[-120.51759651251879,39.90752633848507],[-120.51751311164961,39.90761013868287],[-120.51748251163013,39.907686071997688],[-120.51717731160591,39.907900138936277],[-120.51701731183732,39.907977871799339],[-120.51680351230651,39.908166938468291],[-120.51667391173436,39.908416338600766],[-120.51656717897464,39.908598738616277],[-120.51646757907449,39.908704738323372],[-120.51633051163141,39.908836939015863],[-120.51625431229701,39.908862338804575],[-120.51618497840494,39.908815738330325],[-120.51612397918902,39.90864333904765],[-120.51602511182467,39.908425072102531],[-120.51598677855762,39.908253071717432],[-120.51605551206166,39.908006738350387],[-120.51611657891229,39.907796338540244],[-120.51616257883276,39.907635272336833],[-120.51620037830592,39.907518938616995],[-120.51614751190257,39.907508738754338],[-120.51596417816239,39.907621938866335],[-120.51581117806499,39.907708738475762],[-120.51560571216982,39.907690872202537],[-120.51542257821211,39.907659872004473],[-120.51529297868051,39.907625538624281],[-120.51509437822767,39.907657338606285],[-120.51494211170663,39.907604538703346],[-120.5149035786571,39.907513672266603],[-120.51495677803126,39.907379672327821],[-120.51501051119931,39.907308738449025],[-120.51521611132338,39.907182538699807],[-120.51526211124384,39.907142938701497],[-120.51524671134285,39.907043538318653],[-120.51522411198815,39.906961938808806],[-120.51530051214559,39.906851072287139],[-120.51543717794257,39.90670987223897],[-120.51562057827694,39.906551538861201],[-120.51573491213645,39.906441472256247],[-120.51581171185889,39.906298938390016],[-120.51593337836042,39.906067338184201],[-120.51604011216068,39.905907471590133],[-120.51615511196184,39.905779338428395],[-120.51630731188867,39.90567447162298],[-120.51653591197295,39.905557738667959],[-120.51662017856631,39.905514538659958],[-120.51670451175382,39.905466738612027],[-120.51665031138609,39.905366538396606],[-120.51661217790155,39.90524867147267],[-120.51661291147791,39.905149538133479],[-120.51659717860608,39.905054671841143],[-120.51643711120279,39.905055671988769],[-120.51626151175073,39.905101472029635],[-120.5160859112581,39.905205738667036],[-120.51585717798548,39.905345071634976],[-120.51572751185969,39.905454871806946],[-120.51562097784193,39.905488671482772],[-120.51554397833701,39.905473472206836],[-120.51545311163744,39.905439938323426],[-120.51543757854812,39.905322538472333],[-120.51541477837037,39.905286071929311],[-120.51533077815368,39.905266138484592],[-120.51521631110587,39.90527727177674],[-120.51500291114009,39.905457338237973],[-120.51488051106216,39.905607871779289],[-120.51465157800703,39.905810138332626],[-120.51450677835693,39.905915138228536],[-120.5144077112101,39.905944538841005],[-120.51427071140174,39.905955138830691],[-120.51419417805594,39.905863338715058],[-120.51414017851124,39.905700072132916],[-120.51416311083676,39.905511338687866],[-120.51423217835217,39.90540027186556],[-120.5143239784106,39.905289671809989],[-120.51443031160532,39.905138738468786],[-120.5144153778635,39.90484113879068],[-120.51434697837082,39.904754138391155],[-120.514201510698,39.904408671601317],[-120.51412537795777,39.90424947163477],[-120.51411037762176,39.904159071693655],[-120.51421671081648,39.904089271934772],[-120.51438497762652,39.904088338822987],[-120.51449111103874,39.904122138374781],[-120.51456031070195,39.904092072068309],[-120.51456037833664,39.904006471584282],[-120.51454517821814,39.903943138811186],[-120.51450697813942,39.903906271627818],[-120.51459091072141,39.903849538416196],[-120.51471271145182,39.90379807179395],[-120.51479657743964,39.90375933829997],[-120.51487291100291,39.9036528719652],[-120.51492677735929,39.903518871658939],[-120.51493417763602,39.903311872064627],[-120.51494197747779,39.903239938589344],[-120.51501051119931,39.903124338158612],[-120.51506337760266,39.903012871546551],[-120.51509431163349,39.902927938628601],[-120.5150863109687,39.902702538053994],[-120.5150103114168,39.902682871264723],[-120.51488071084465,39.902689138168562],[-120.51481211052896,39.902746271455754],[-120.51460591105739,39.90284987196398],[-120.51449117763292,39.90288793865372],[-120.51426237776613,39.902986671362605],[-120.51400311106819,39.902981071803346],[-120.51355337777052,39.903228138449364],[-120.51321751113262,39.903437138639141],[-120.5130267771157,39.903437538548033],[-120.51288131048338,39.903398471991785],[-120.51276697766443,39.903341938713481],[-120.51261471114341,39.903392738364936],[-120.51236311109891,39.903594538911989],[-120.51211077747803,39.903859338917222],[-120.51179077794082,39.904298472243504],[-120.51171417696035,39.904395938555041],[-120.51154631075583,39.904509471874235],[-120.5114167112242,39.904556272435144],[-120.51133271100754,39.90449587199177],[-120.51132491116579,39.904324538624572],[-120.51137111086875,39.904140872438106],[-120.51154651053832,39.903919338419314],[-120.51174457719733,39.90357673861628],[-120.51193571077927,39.903265538412491],[-120.51199697741238,39.902947072131958],[-120.51201151054866,39.902807738278455],[-120.51199651021268,39.902636272174703],[-120.51199637702433,39.902397538547952],[-120.51201137736034,39.902181671955198],[-120.5121571103693,39.901914538599542],[-120.51231717673205,39.901652271882753],[-120.5122709770291,39.90151607169561],[-120.512210310784,39.901433738401586],[-120.51224070998047,39.901159671742995],[-120.51232490997963,39.900895671529049],[-120.51239290990731,39.900590871526362],[-120.51249257744219,39.900358737947798],[-120.51265291018161,39.900091938342456],[-120.51282057660362,39.899802738425215],[-120.51296537729424,39.899495071773281],[-120.51303390997523,39.899361471251105],[-120.51303390997523,39.899239871663127],[-120.51303431058078,39.899149738121316],[-120.51289657719606,39.899155737927494],[-120.51249971030171,39.899336471864153],[-120.51217190988226,39.899568137928632],[-120.51193537676789,39.899837871594094],[-120.51175257682156,39.900023071598838],[-120.51167630985246,39.900048471462206],[-120.5115539763687,39.899996271575695],[-120.51143177711384,39.899881071988247],[-120.51133277656116,39.899806871834073],[-120.5111577098624,39.899798672070261],[-120.51098157661649,39.899835338704953],[-120.51077590989824,39.899943538410419],[-120.51054671046646,39.900154871554257],[-120.51046271024977,39.900175538489741],[-120.50998991039769,39.90016987164698],[-120.5099667762086,39.900061271572014],[-120.51007357660303,39.899919471606154],[-120.51034117693658,39.899555871766907],[-120.51072971019528,39.898978671579712],[-120.51099751031133,39.898570071825773],[-120.51116497695081,39.898285338255974],[-120.51124137606772,39.898088738057744],[-120.51128671004652,39.897869071619844],[-120.5113019767592,39.897729737818388],[-120.51124117628522,39.897633871374765],[-120.51109617685265,39.897558671723431],[-120.51092097592502,39.89745133838958],[-120.51077537610438,39.897452738591994],[-120.51066137625624,39.897513338430251],[-120.51056997680335,39.89767807181709],[-120.51047077646818,39.897833538298343],[-120.51027990926292,39.898018671874354],[-120.51012717658271,39.898154938085952],[-120.50996690939692,39.898241538144482],[-120.50977630960887,39.898278071501025],[-120.50959317669169,39.898305672073775],[-120.50947097639629,39.898352538339729],[-120.50939437645636,39.898427472091079],[-120.50931130959853,39.898421138540222],[-120.50924257609452,39.898361138215037],[-120.50924977658875,39.898262271914419],[-120.50932630993451,39.898128738439347],[-120.50938697617963,39.89798593821515],[-120.50947071001964,39.897875071538202],[-120.50956230925503,39.897786938305345],[-120.50980697622251,39.897612071698774],[-120.5098907766567,39.897496737981911],[-120.5100665758913,39.897306871515326],[-120.51017337628568,39.897183071376212],[-120.51034090951936,39.897037938157716],[-120.51046317640893,39.896932538282051],[-120.51041690907128,39.896877471729965],[-120.51025710908517,39.896810938375552],[-120.51002050937663,39.896702338565554],[-120.50992097607065,39.896623538354561],[-120.5098219089238,39.896513338450589],[-120.50979177610401,39.896355071718077],[-120.50981450968759,39.896193471694026],[-120.5099135757939,39.895979337843301],[-120.51007410935634,39.895789071210821],[-120.51025670952018,39.89560833829659],[-120.51047057564514,39.895455271290025],[-120.5107223765127,39.895325537916875],[-120.51096690925134,39.895213737694974],[-120.51112690901991,39.895113537653948],[-120.51079097578787,39.894984737668018],[-120.51062357574254,39.894904538421009],[-120.51052397584236,39.894888938435152],[-120.51002037618831,39.895148337933399],[-120.50983717563643,39.895284071787067],[-120.50964697541339,39.895491671216853],[-120.50939450964468,39.895639338359274],[-120.50921130909283,39.895752538124064],[-120.50909757562137,39.895885271533402],[-120.5090517754834,39.896059938179441],[-120.50905130932424,39.896235538397384],[-120.50899050885029,39.89644147128211],[-120.50890617566279,39.896669338443672],[-120.5087841761904,39.896851338652063],[-120.50860157602656,39.896987138584734],[-120.50845637577095,39.897020071496769],[-120.50824997547633,39.89702453876118],[-120.50806710893583,39.896948538547775],[-120.50785330940504,39.896957538545919],[-120.50759450886629,39.897019538235021],[-120.50745657569905,39.897052538188312],[-120.50716697535832,39.897037338637517],[-120.50718197569429,39.896925071809413],[-120.50720517543704,39.896808471633285],[-120.50712097543784,39.89671207143509],[-120.5070831093705,39.896648138782744],[-120.50712097543784,39.896549871930112],[-120.50729670911879,39.896400538295794],[-120.50747210878836,39.896219672080441],[-120.50767050945871,39.895989671941443],[-120.50776957556502,39.895838671812228],[-120.50773157526881,39.89573873852239],[-120.50754077569823,39.895473472054135],[-120.50755577603424,39.895325071700448],[-120.50759450886629,39.895244871255059],[-120.5076397086162,39.895106138041882],[-120.50763997603339,39.895056671826175],[-120.50754050932156,39.895059071572767],[-120.5073273757324,39.895112938116966],[-120.50719010850685,39.895168538564626],[-120.50704450868623,39.895453738526612],[-120.5068769088584,39.895801471364571],[-120.50671710887229,39.895978138784422],[-120.50639617597625,39.896300071759562],[-120.50602977591306,39.896666138856759],[-120.50578550851057,39.896913138862857],[-120.5056031091698,39.897044338893252],[-120.5053969086577,39.897147938442835],[-120.50517577544431,39.897197272228894],[-120.50493150908237,39.897241538412842],[-120.50489310922116,39.897353338519956],[-120.50483257512386,39.89763127214615],[-120.5047409092943,39.89784107172806],[-120.50448117539666,39.898087672349163],[-120.50420637560941,39.898288938504471],[-120.50412270836354,39.89837727225833],[-120.50406170914765,39.898569538576083],[-120.50405390930591,39.898925271870965],[-120.50407717564279,39.899128472172883],[-120.50401597560383,39.899302738602778],[-120.50392430873374,39.899435939307267],[-120.50382490861607,39.899492339304601],[-120.50375617511203,39.899513339317224],[-120.50367997577764,39.899498272026349],[-120.50361157524445,39.899388672253266],[-120.50366470906496,39.899196139216507],[-120.50364937575817,39.898952539303011],[-120.50364950894649,39.898727338790984],[-120.50364957554066,39.898443672375933],[-120.50360357562018,39.898320939197099],[-120.50353510849284,39.898274472050261],[-120.50333710842801,39.898292739121338],[-120.50301650850278,39.898402938558881],[-120.50277990879424,39.898501472572626],[-120.50264990865712,39.898575272606529],[-120.50256617481708,39.898726538918282],[-120.50235997534554,39.898848272729005],[-120.50216210846907,39.898902539423382],[-120.50198677539363,39.898921338775715],[-120.5017343085844,39.898969939268532],[-120.50155157523226,39.899047072383546],[-120.50142190806592,39.89909833901514],[-120.50129950798805,39.899167739134846],[-120.50120077485255,39.899188138947331],[-120.50116970867391,39.899178472685954],[-120.50111677463586,39.899145872093719],[-120.50111670804169,39.899069272335723],[-120.50121550881185,39.899003872261915],[-120.50148250875739,39.898838472309471],[-120.5016509753499,39.898688872248051],[-120.50192557535469,39.898492072041236],[-120.50213157504373,39.898293739367659],[-120.50223077537891,39.898241872624574],[-120.50235250847462,39.898230939356338],[-120.50246697552244,39.898179472505241],[-120.50272650859705,39.897995872070112],[-120.50306690884089,39.897764472108129],[-120.50341377496211,39.89755113906098],[-120.5036729084717,39.897358538594787],[-120.50392397472238,39.897188338520614],[-120.50408450828485,39.897074671729762],[-120.50426017537163,39.896988338424222],[-120.50446617506068,39.896830672310607],[-120.50449677508016,39.896651138795413],[-120.50456510901918,39.896481471826931],[-120.5045499089007,39.896418072225899],[-120.50442010854606,39.896266672291567],[-120.50441290805179,39.896144871627101],[-120.50438930874407,39.896027272239081],[-120.50433617492351,39.895958538719754],[-120.50421397462813,39.895942471963252],[-120.50400070889118,39.896041471734669],[-120.50366437505362,39.896223338696835],[-120.50341337539712,39.896312538878398],[-120.50317617530054,39.896383938376211],[-120.50286397456458,39.896444872051788],[-120.5026119083609,39.896502471963949],[-120.50227637469385,39.896684338501046],[-120.50203217492606,39.896787272015395],[-120.50184117453246,39.896832672047644],[-120.5016503749619,39.896810539226358],[-120.50141417481835,39.896692872326774],[-120.50121537458301,39.896611939045279],[-120.50106310806198,39.896581672262982],[-120.50078097459217,39.896517072108566],[-120.5007125750995,39.896429938999447],[-120.50071970795904,39.896335538818676],[-120.5010633078445,39.896113272264841],[-120.50120030765287,39.896062139112374],[-120.5012845742462,39.895996338611404],[-120.50135297477941,39.895903271807782],[-120.50137590814548,39.895836272092986],[-120.50129217430545,39.895766871792738],[-120.50121610815937,39.895729138832586],[-120.50113177497187,39.895695872404346],[-120.5010633078445,39.89566733915067],[-120.50076570787952,39.895755471916111],[-120.5004301076183,39.895874338687463],[-120.50017017497869,39.895945338689252],[-120.49986517473697,39.895934272535378],[-120.49965937483039,39.895902739335661],[-120.49946057459505,39.896002072058884],[-120.49911030800924,39.896147672085235],[-120.49887357407184,39.896304739445263],[-120.4987363078868,39.896342338771781],[-120.49862970727489,39.896299472232947],[-120.4985457070582,39.896117472155645],[-120.49840037465475,39.895970272255404],[-120.49828590760693,39.895823672368095],[-120.49831690719141,39.895594539464263],[-120.498476507395,39.895485338991286],[-120.49872057397447,39.895445672358797],[-120.49885070729994,39.895349338898789],[-120.49886557444759,39.895259538726222],[-120.49884297405234,39.895056472246495],[-120.49900297382094,39.894897739123572],[-120.49917097425431,39.894842738793869],[-120.49952957447576,39.894850539191665],[-120.49976577461931,39.894806071882897],[-120.50016277470193,39.894805671923685],[-120.5003463071841,39.894782538948526],[-120.50071230768231,39.894668872159116],[-120.50106277405064,39.894617872047434],[-120.50131497448319,39.894596271791492],[-120.50166570826872,39.894581272075406],[-120.50187190774025,39.894558672305401],[-120.50228357414758,39.894472938566373],[-120.50260430830164,39.894376271635196],[-120.50293250828612,39.894297738584484],[-120.50309990833145,39.894215871623317],[-120.50317677464805,39.894131872225849],[-120.50315397447031,39.893915138152579],[-120.50314597484606,39.893833938939281],[-120.50306990765948,39.893755738172487],[-120.50306997425362,39.893710672200818],[-120.50310030789645,39.893661871587788],[-120.50319170838989,39.893578138155632],[-120.50314577506357,39.893536671766981],[-120.5030317741749,39.893534271967134]],[[-120.53449691846737,39.937506939448099],[-120.53432138560945,39.937548273112412],[-120.5341615190292,39.937540339552747],[-120.53396311835883,39.937504539592808],[-120.53379458517213,39.937428939321684],[-120.53363431902689,39.937290339405514],[-120.53352831880299,39.937148472899246],[-120.53345178545723,39.936998272763596],[-120.53339838526001,39.936915939834655],[-120.53330691817243,39.936896073039463],[-120.53320751909527,39.93687587274497],[-120.53310791815457,39.936878272622266],[-120.53303198519684,39.936831672861707],[-120.53308518561151,39.936778739873759],[-120.53319198496543,39.936717939410009],[-120.53323798488589,39.936678339735039],[-120.53322298559044,39.936587939512727],[-120.53316158472845,39.936442539527782],[-120.533146585433,39.936289073088062],[-120.53312351887858,39.936117472989714],[-120.53310818557176,39.935954939939506],[-120.53316211852231,39.935920072626182],[-120.53329151827143,39.9359408731804],[-120.53353571803922,39.936126139929563],[-120.53375658487592,39.936288539334136],[-120.53383278525085,39.936407272746543],[-120.53390151875489,39.936512339824695],[-120.53408511887173,39.936651339435791],[-120.53425271869959,39.936812539249985],[-120.53441271846819,39.936879072847326],[-120.53461098595021,39.936977873041606],[-120.53474891911743,39.936949273209976],[-120.53487831886655,39.936866339454866],[-120.53499258509133,39.936841739108402],[-120.5351909857617,39.936814473195483],[-120.53538218593779,39.936827473073492],[-120.53555758560736,39.93689427313199],[-120.53571791938734,39.937014872415546],[-120.5358243191762,39.937147672677384],[-120.53591598604631,39.937158673134491],[-120.53615278553734,39.937145672521552],[-120.53661818615321,39.937056472852113],[-120.53673231918967,39.937036339622601],[-120.53693838547288,39.936959672932574],[-120.53721338608318,39.936857472353005],[-120.53748798608794,39.936746139623963],[-120.53789211903013,39.936552072834246],[-120.53814391885717,39.936444739163306],[-120.53831191929055,39.93638987271644],[-120.53842598573284,39.936347138945123],[-120.53856358592921,39.936327539260553],[-120.53870891937318,39.936335139464532],[-120.53899878609062,39.936345872776627],[-120.53912818583973,39.93628553946165],[-120.53925778641188,39.936202738939201],[-120.53937211923085,39.936133072363667],[-120.53947158594268,39.936090138971814],[-120.53967718606675,39.936067472312892],[-120.53990618571602,39.936027272284768],[-120.54016578642532,39.935947138637033],[-120.54047878629132,39.935845672157143],[-120.54075331970188,39.935716339197114],[-120.54088318665072,39.935683139259297],[-120.54121892010026,39.935685738639783],[-120.54124131967244,39.935587139233078],[-120.5412723858511,39.935497671848985],[-120.54134812006687,39.935404672271709],[-120.541508920006,39.935286472477301],[-120.54169158676399,39.935204739068702],[-120.54197411979882,39.935120738864867],[-120.54214178622082,39.935074738690581],[-120.5422177202191,39.935035738848114],[-120.54235571998052,39.934962138463],[-120.54241651941391,39.93489587187905],[-120.54255391982781,39.934759138603589],[-120.54274471939839,39.934677671847361],[-120.54291211944374,39.934618138908917],[-120.54330131968463,39.934513738326494],[-120.543637386105,39.934462338627824],[-120.54403418640516,39.934452738779164],[-120.54416398675981,39.934482471816693],[-120.54423231965831,39.934556071919765],[-120.54421718717454,39.934690871595528],[-120.54414858685882,39.934770472150618],[-120.54404191965274,39.934871738367285],[-120.54398798670221,39.934987738397801],[-120.54390418626804,39.935121071569149],[-120.54378231998398,39.935235671746952],[-120.54369851954979,39.935310471804115],[-120.54343898647521,39.935408538646499],[-120.54318678708317,39.935466271750172],[-120.54298851960115,39.935552072270617],[-120.54273658658579,39.935659338726801],[-120.54262278652017,39.935715538958497],[-120.54253878630348,39.935853338635674],[-120.54243178612658,39.935963672323012],[-120.54239338626535,39.936012472324038],[-120.54231712033678,39.936100872322285],[-120.54222591962584,39.936198072376271],[-120.54208811964696,39.936267138910956],[-120.54194351977935,39.93632267244881],[-120.54176831989227,39.936395538956269],[-120.54138618695727,39.936486538607632],[-120.54092838640064,39.936584938855511],[-120.54056218611994,39.936680738821472],[-120.54030278623368,39.936756339121331],[-120.54006678587264,39.93693153902661],[-120.53991411978663,39.937072472522274],[-120.53981451988645,39.937196472631932],[-120.53967758667227,39.937261138940663],[-120.53956318621861,39.937312739185309],[-120.53933411997515,39.937339339512718],[-120.539135986722,39.937353139510492],[-120.53896778650613,39.937331672402806],[-120.53879218601351,39.937273872259659],[-120.53865538598764,39.937275472700421],[-120.53855591927581,39.937313872896702],[-120.53828131927108,39.93732607246011],[-120.53775511922179,39.937314872573296],[-120.53727411892245,39.937304672361321],[-120.53666371887397,39.937318672620584],[-120.53650351932289,39.937337739073399],[-120.53618311918015,39.937339939477951],[-120.53592358610555,39.937334472772882],[-120.53555758560736,39.937281672613103],[-120.53532811875839,39.937294739419798],[-120.53511518599228,39.937339872460555],[-120.53472598575136,39.937462273244975],[-120.53449691846737,39.937506939448099]],[[-120.49395230783425,39.902833273606639],[-120.49433397461009,39.90299013965673],[-120.49458577443713,39.903040539657873],[-120.49490650755067,39.903128540014414],[-120.49513470806997,39.903183073118946],[-120.49538697509671,39.903202073247606],[-120.49551610846915,39.903290473306377],[-120.49572270854623,39.903398473588261],[-120.49598957530341,39.903476340072615],[-120.49622630820028,39.903684139783117],[-120.49647030818556,39.903765939558532],[-120.49680550784122,39.90401647321292],[-120.49705030799706,39.904242472913303],[-120.49714157530214,39.90434347298342],[-120.49714150870797,39.904469539872174],[-120.49704230837281,39.904544073417661],[-120.49678337464569,39.904745673416784],[-120.4965693753324,39.904880740119481],[-120.49643950838357,39.904954473417639],[-120.49624157491291,39.904968273558154],[-120.49598177546167,39.904917539729361],[-120.49568410786196,39.904798540177744],[-120.4955167744108,39.904695873324904],[-120.49527210848387,39.904492273665781],[-120.49506617434844,39.904384273511681],[-120.49486037444188,39.904253673421564],[-120.4945931081197,39.904144273623871],[-120.49441030817337,39.904068273324519],[-120.49419677501923,39.904068140022815],[-120.49396017427017,39.903999939793579],[-120.49371590790822,39.904044273422542],[-120.4935021749716,39.90400807360102],[-120.4932731076876,39.903917540039402],[-120.4930827742762,39.903800873535758],[-120.49300657390125,39.903668540199327],[-120.49299077443527,39.903560140435076],[-120.49307490784028,39.903458340190994],[-120.49323490760885,39.903398740194319],[-120.49334190778579,39.903333473564679],[-120.49345637483363,39.903061273572163],[-120.49357077424675,39.902928539693704],[-120.49374610732218,39.902833273606639],[-120.49395230783425,39.902833273606639]],[[-120.48488030316184,39.879286672406586],[-120.4851247693063,39.879291938530685],[-120.48521630298804,39.879330071804979],[-120.48521590342307,39.879438138591162],[-120.48513236936554,39.879544339113643],[-120.48493357017074,39.87970673855844],[-120.48474310357098,39.879819738660125],[-120.48456016939578,39.879905872406624],[-120.48443017029918,39.880060672531187],[-120.48419370273844,39.880294272216418],[-120.48391136948611,39.880540338697905],[-120.48359836962014,39.880745272720226],[-120.48346910305935,39.880904672611656],[-120.48338550344818,39.881073938972065],[-120.48326270276476,39.881192872724021],[-120.48304156955136,39.881282672161291],[-120.48284356948656,39.8813414721524],[-120.48283596942731,39.881408872498412],[-120.48275210343949,39.881605272214273],[-120.48262190351986,39.881764539156833],[-120.48245436924564,39.881850939545785],[-120.48230890261335,39.882073072691774],[-120.48217976924089,39.882245872583312],[-120.48201910353065,39.882341472302926],[-120.48185950332703,39.882351539373836],[-120.48182850270202,39.882098672437067],[-120.48188936977017,39.881991872226401],[-120.48210316930096,39.881843338883812],[-120.48216430274574,39.88166907277661],[-120.48227830259385,39.881567872407679],[-120.48243917016768,39.881467739453328],[-120.48246916979913,39.881265738808516],[-120.48262936935024,39.880980938942365],[-120.48291156941421,39.880622272296272],[-120.48319410348959,39.880313072680167],[-120.48343057000979,39.880120072439773],[-120.48369016967857,39.879954539083442],[-120.48404130302909,39.879768471981706],[-120.48436956960771,39.879581872574718],[-120.484681702709,39.879381472160865],[-120.48488030316184,39.879286672406586]],[[-120.48673456986164,39.881259271922694],[-120.48678030340542,39.881287272200446],[-120.4867729707634,39.88140867208044],[-120.48668877076422,39.881528472397257],[-120.48652077033084,39.881628471917516],[-120.48626910369215,39.881735538586035],[-120.48605570372634,39.88183907264365],[-120.48596417004457,39.881900139019983],[-120.4858417033725,39.881910939153002],[-120.48579577004621,39.881869472094444],[-120.48578117031575,39.881770072579336],[-120.48584910364924,39.88160933885014],[-120.48593350343096,39.88148053904095],[-120.48604050360785,39.881392872597608],[-120.48632257048352,39.881290872543303],[-120.48651310367742,39.881258938956734],[-120.48673456986164,39.881259271922694]],[[-120.51166071433111,39.928663740946206],[-120.51172211415255,39.928665074282698],[-120.51176018104294,39.928724474357729],[-120.51173778043021,39.92885907406842],[-120.51166111389611,39.928938473945593],[-120.51157731450245,39.929071873957895],[-120.51147031432554,39.929137073773653],[-120.51135618024853,39.92919767431038],[-120.51123378121117,39.929186074132765],[-120.51121091443927,39.929090941112321],[-120.51124191402374,39.929024074391336],[-120.51134031418839,39.928949674405224],[-120.51139438032726,39.928932740860724],[-120.5114703809197,39.9288533409769],[-120.51152378111691,39.928750873753955],[-120.51158498115586,39.928698140381393],[-120.51166071433111,39.928663740946206]],[[-120.53186458425657,39.929018872730438],[-120.53199398400568,39.929044138962652],[-120.53227658363471,39.929054672341579],[-120.53238338402909,39.929115539457221],[-120.53239078430585,39.929174272079131],[-120.53236831709897,39.92920973887599],[-120.53218478357626,39.929205872151037],[-120.5318645176624,39.92920807281704],[-120.53165098346773,39.929185539525562],[-120.53143758350193,39.929140472122469],[-120.53146811692726,39.929087072784824],[-120.53156731726243,39.929053139531973],[-120.53168171771607,39.929042072342376],[-120.53174251714948,39.929020872325822],[-120.53186458425657,39.929018872730438]],[[-120.48777997132952,39.883849271984758],[-120.48785577109892,39.883895938942175],[-120.48786370412901,39.88401773901645],[-120.48777977050648,39.884097072710041],[-120.48755077085718,39.884222672227217],[-120.48745897079876,39.884211672048551],[-120.4874589042046,39.884135138638044],[-120.48757330465827,39.884024938616768],[-120.48758930390674,39.883948738749197],[-120.48771097040829,39.883856739083356],[-120.48777997132952,39.883849271984758]],[[-120.53789211798961,39.924638337901285],[-120.53795271764054,39.924680138172029],[-120.53799111750175,39.924753071336283],[-120.53795311720553,39.924833271553766],[-120.53790738470227,39.924863871377198],[-120.53773198399213,39.924860138465995],[-120.53767831741827,39.924809471238376],[-120.53767838401245,39.924723871906387],[-120.5377169181025,39.92469313796088],[-120.53778531759521,39.924640537916162],[-120.53789211798961,39.924638337901285]],[[-120.49313577178683,39.884303071606659],[-120.49321217194424,39.884313738819465],[-120.49321997178598,39.884421938277484],[-120.49313610475764,39.884496738749014],[-120.49297557223569,39.884569871994053],[-120.49289937186076,39.884532138459072],[-120.49291470516758,39.884415338349363],[-120.49295270546379,39.884375671698145],[-120.49313577178683,39.884303071606659]],[[-120.48737517036459,39.880903738385705],[-120.48747450388809,39.880968938542985],[-120.48748237032399,39.881032271786822],[-120.48744410365113,39.881080938462674],[-120.487299304001,39.8811408724697],[-120.48721490421931,39.881111938707505],[-120.48719997047749,39.881021538587923],[-120.4872459038038,39.880946072382592],[-120.48729896998962,39.880911138732415],[-120.48737517036459,39.880903738385705]]]},"properties":{"GNIS_NAME":"Lake Davis","ELEVATION":5775,"AREASQKM":16.469000000000001}}]}