{"type":"Feature","properties":{"name":"Mills Peak","sourceLabel":"Trailforks ride log","sourceUrl":"https://www.trailforks.com/ridelog/view/96507446/","retrievedAt":"2026-09-28","gpxSha256":"ffe8b11b9bfb3a92bff522f4df1a0d09cab2c1482e9801618714012a2d533ff4","dataUsePolicy":"https://www.trailforks.com/about/data/","licenseNote":"Downloaded through the source page export. No agreement checkbox was presented for this ride-log or route-plan export. Trailforks attribution retained; commercial permission has not been established.","elevationSource":"Original GPX recording"},"geometry":{"type":"LineString","coordinates":[[-120.61123793945,39.781834697351,1374.1],[-120.61156215146,39.781773425639,1378.2],[-120.61158796772,39.781810641289,1378.9],[-120.61161411926,39.781870488077,1379.7],[-120.61161026359,39.781878869981,1379.7],[-120.61158310622,39.781880881637,1379.7],[-120.61145595275,39.781888257712,1377.9],[-120.61139149591,39.781877445057,1377.9],[-120.6113751512,39.781812066212,1375.9],[-120.61138671823,39.781849365681,1377.2],[-120.61139459722,39.781850539148,1377.2],[-120.61140666716,39.781845761463,1377.2],[-120.61141798273,39.781825728714,1377.2],[-120.61143172905,39.781822375953,1377.2],[-120.61152015813,39.781885910779,1379.0],[-120.61155360192,39.781893035397,1379.0],[-120.61155016534,39.781929496676,1379.0],[-120.61152652837,39.781919522211,1379.0],[-120.61150456779,39.781887670979,1379.0],[-120.61148394831,39.781827572733,1378.2],[-120.61148269102,39.781837631017,1378.2],[-120.61147749424,39.781827991828,1377.2],[-120.61146123335,39.781822711229,1377.2],[-120.61146684922,39.78181835264,1377.2],[-120.61149400659,39.781816340983,1378.2],[-120.61151831411,39.781828159466,1378.2],[-120.61151638627,39.781833272427,1378.2],[-120.61151554808,39.781838636845,1379.0],[-120.61151529662,39.781845845282,1379.0],[-120.6114847865,39.781866045669,1379.0],[-120.61145620421,39.78188842535,1377.9],[-120.61144027859,39.781877696514,1377.9],[-120.61145586893,39.781855819747,1377.9],[-120.61145871878,39.781850120053,1377.9],[-120.61145536602,39.781813072041,1377.2],[-120.61144941486,39.781803851947,1377.2],[-120.61143734492,39.781797314063,1377.2],[-120.61143273488,39.781792871654,1377.2],[-120.61143181287,39.781790943816,1377.2],[-120.61144145206,39.781802091748,1377.2],[-120.6113927532,39.781824303791,1377.2],[-120.61138671823,39.781823214144,1377.2],[-120.61141647398,39.781783483922,1377.2],[-120.6113993749,39.781771916896,1377.2],[-120.61138604768,39.781790440902,1377.2],[-120.61137422919,39.78181315586,1375.9],[-120.61136132106,39.781815251336,1375.9],[-120.61129317619,39.781812736765,1375.9],[-120.61130197719,39.781837463379,1375.9],[-120.61128336936,39.781873421744,1374.8],[-120.61126870103,39.781921198592,1374.8],[-120.61125839129,39.781901165843,1374.8],[-120.61123182066,39.781849198043,1374.8],[-120.61127113178,39.781819945201,1374.1],[-120.61136450619,39.781807456166,1375.9],[-120.61146358028,39.781707627699,1375.9],[-120.61147187836,39.781721709296,1375.9],[-120.61150188558,39.781784405932,1378.2],[-120.61145377345,39.781795218587,1377.2],[-120.61143843457,39.781790357083,1377.2],[-120.6114169769,39.78177937679,1377.2],[-120.61139644124,39.781752303243,1377.2],[-120.6113976147,39.781718524173,1375.9],[-120.6114147976,39.781662700698,1375.9],[-120.61147975735,39.781546946615,1372.4],[-120.6115107704,39.781498750672,1373.2],[-120.61154983006,39.781471341848,1371.4],[-120.61157631688,39.781468324363,1371.4],[-120.6116121076,39.781474778429,1373.6],[-120.61165175401,39.781471677125,1373.6],[-120.61169332825,39.781467318535,1373.6],[-120.61172937043,39.781456170604,1371.1],[-120.61174747534,39.78143052198,1371.2],[-120.61177840456,39.781357431784,1370.0],[-120.61179634184,39.781317031011,1370.0],[-120.61181369238,39.781283838674,1370.0],[-120.61185350642,39.781269002706,1370.4],[-120.61192994937,39.781235894188,1369.1],[-120.61199775897,39.781199265271,1369.1],[-120.61205224134,39.781174873933,1369.7],[-120.61211301014,39.781167414039,1369.2],[-120.61217067763,39.781186105683,1369.9],[-120.61222021468,39.78118468076,1369.6],[-120.61226028018,39.781174119562,1369.6],[-120.61228467152,39.781165067106,1368.9],[-120.612332616,39.781163726002,1368.6],[-120.61238005757,39.781161881983,1368.6],[-120.61247259378,39.781138412654,1368.5],[-120.61250603758,39.781142352149,1368.5],[-120.61251433566,39.781129863113,1368.5],[-120.61250184663,39.78111108765,1368.5],[-120.61248231679,39.781082840636,1368.5],[-120.61245398596,39.780969601125,1367.0],[-120.61241475865,39.780870191753,1365.4],[-120.61233202927,39.780786540359,1363.4],[-120.61227327213,39.78075183928,1364.2],[-120.61219339259,39.780723508447,1364.6],[-120.61211409979,39.780688555911,1361.8],[-120.61207705177,39.780653435737,1361.6],[-120.61204595491,39.780600797385,1361.6],[-120.61203346588,39.780547823757,1359.3],[-120.61203287914,39.78049820289,1357.9],[-120.61204863712,39.780456712469,1357.9],[-120.61207747087,39.780425364152,1357.9],[-120.61210890301,39.780402816832,1358.4],[-120.61214653775,39.780389405787,1358.4],[-120.61221309006,39.780382867903,1357.2],[-120.61230730265,39.780389238149,1355.1],[-120.61252741143,39.780433243141,1353.9],[-120.61263444833,39.780480349436,1353.9],[-120.61274198815,39.78053458035,1353.8],[-120.61306661926,39.780713366345,1353.7],[-120.61315546744,39.780755611137,1353.9],[-120.61337121762,39.780857115984,1354.0],[-120.61356852762,39.78096130304,1354.0],[-120.61366659589,39.781002625823,1353.7],[-120.61376332305,39.781043697149,1353.8],[-120.61386859976,39.781085271388,1352.5],[-120.6139634829,39.781127599999,1351.8],[-120.61406029388,39.781175460666,1351.2],[-120.61414562166,39.78119071573,1350.8],[-120.61421225779,39.781184513122,1350.5],[-120.61424503103,39.781142519787,1351.0],[-120.61425710097,39.781064400449,1352.2],[-120.6142911315,39.780997596681,1352.2],[-120.61432826333,39.780945042148,1352.3],[-120.61438023113,39.78088687174,1352.3],[-120.61444812454,39.780819816515,1351.7],[-120.61451040208,39.780760891736,1350.2],[-120.61455558054,39.78068696335,1349.6],[-120.61458433047,39.780656201765,1348.2],[-120.61461676843,39.78063499555,1348.2],[-120.61464711092,39.78061680682,1348.2],[-120.61468499713,39.780606916174,1347.2],[-120.61472221278,39.780615717173,1347.2],[-120.61476261355,39.780633654445,1347.2],[-120.6148033496,39.780643461272,1346.3],[-120.61482857913,39.780645305291,1346.3],[-120.6148363743,39.78064538911,1346.3],[-120.61484559439,39.780648574233,1346.3],[-120.6148570776,39.780634660274,1345.5],[-120.61486311257,39.780625272542,1345.5],[-120.61486051418,39.780619572848,1345.5],[-120.61486830935,39.780611107126,1345.5],[-120.61488197185,39.780580513179,1345.3],[-120.61490720138,39.780542207882,1345.3],[-120.61499504372,39.780533658341,1344.8],[-120.61504349113,39.780547153205,1344.3],[-120.61527164653,39.780659889802,1343.8],[-120.61539997347,39.780736081302,1343.4],[-120.61559342779,39.78085141629,1343.2],[-120.61564262956,39.780887290835,1343.7],[-120.61569007114,39.780922075734,1343.3],[-120.61574698426,39.780948059633,1343.3],[-120.61580666341,39.780973037705,1342.9],[-120.61586894095,39.780998937786,1343.0],[-120.61592828482,39.781022155657,1343.0],[-120.61599165201,39.781038919464,1342.6],[-120.61605392955,39.781052162871,1342.1],[-120.61611193232,39.781054006889,1342.1],[-120.61616507359,39.781040428206,1341.8],[-120.61619214714,39.781003044918,1341.8],[-120.61620547436,39.780950993299,1341.3],[-120.61621896923,39.780903803185,1341.3],[-120.61619969085,39.780833730474,1340.7],[-120.61616633087,39.780799783766,1340.7],[-120.61610774137,39.78077866137,1340.5],[-120.61598796397,39.78073541075,1340.9],[-120.61595301144,39.780687466264,1340.3],[-120.61558194458,39.780429471284,1340.8],[-120.61543023214,39.780337354168,1341.0],[-120.61539100483,39.780297791585,1340.7],[-120.6153604947,39.780256301165,1340.7],[-120.61533560045,39.780218079686,1339.8],[-120.6153142266,39.780177008361,1339.8],[-120.6152763404,39.780086735263,1339.5],[-120.61524356715,39.779978692532,1338.7],[-120.61521758325,39.779926137999,1337.9],[-120.61519042589,39.779872745275,1338.5],[-120.61513259076,39.77975808084,1336.8],[-120.61509705149,39.779699742794,1337.7],[-120.61495263129,39.779495224357,1336.3],[-120.61485171318,39.779343763366,1334.4],[-120.61474861577,39.779199091718,1334.1],[-120.61471416615,39.779123654589,1334.3],[-120.61468172818,39.779046038166,1333.1],[-120.61464250088,39.778970098123,1333.1],[-120.61459162273,39.778892733157,1331.9],[-120.61452917755,39.778813775629,1331.9],[-120.61422977597,39.778551505879,1331.8],[-120.61415567994,39.778503142297,1332.5],[-120.61409256421,39.778467100114,1331.3],[-120.6140154507,39.77844748646,1331.7],[-120.61394529417,39.778428375721,1332.1],[-120.61387899332,39.778409181163,1332.6],[-120.61379559338,39.778383281082,1331.7],[-120.61373792589,39.778366181999,1331.7],[-120.61364891008,39.778341623023,1332.4],[-120.61357967556,39.778318321332,1333.2],[-120.61352837831,39.77830038406,1334.2],[-120.61346819624,39.778287308291,1332.7],[-120.61339988373,39.778274567798,1333.8],[-120.61334716156,39.778263587505,1333.8],[-120.61327532865,39.778249505907,1334.9],[-120.61313124374,39.77821983397,1337.6],[-120.61300668865,39.778157221153,1337.2],[-120.61295505613,39.778115479276,1338.3],[-120.61290518381,39.778067115694,1336.4],[-120.61269119382,39.777831584215,1334.7],[-120.61264626682,39.777777353302,1334.4],[-120.61246714555,39.777526818216,1333.8],[-120.61242565513,39.777461271733,1333.8],[-120.61239405535,39.777403352782,1333.7],[-120.61234854162,39.777335543185,1333.1],[-120.6123167742,39.777275277302,1333.1],[-120.61229992658,39.777205791324,1333.2],[-120.6122775469,39.777116021141,1332.8],[-120.61226245947,39.777059694752,1332.4],[-120.61221024022,39.776824247092,1332.4],[-120.61215139925,39.776676977053,1331.5],[-120.61210856773,39.776601037011,1331.4],[-120.61207587831,39.776515457779,1330.6],[-120.61202751473,39.77640716359,1329.2],[-120.61195132323,39.776261905208,1327.3],[-120.61192701571,39.776169201359,1327.5],[-120.61188711785,39.776078844443,1327.0],[-120.61184302904,39.775986140594,1326.5],[-120.61177572235,39.775832667947,1327.0],[-120.61174311675,39.775737617165,1327.5],[-120.61172098853,39.775660000741,1327.1],[-120.61171093024,39.77558917366,1326.9],[-120.6116971001,39.775512563065,1326.7],[-120.61164982617,39.775363951921,1326.4],[-120.61161990277,39.775296896696,1327.0],[-120.61152535491,39.775020461529,1326.8],[-120.61134380288,39.774496592581,1326.2],[-120.61120181344,39.774129465222,1325.4],[-120.61118421145,39.774054028094,1325.1],[-120.61110357754,39.773857388645,1325.3],[-120.61107055284,39.77379377,1326.2],[-120.61103920452,39.773740042001,1325.8],[-120.61095546931,39.773598723114,1325.7],[-120.61090568081,39.773532841355,1325.7],[-120.61086544767,39.77347869426,1325.9],[-120.61082999222,39.773434353992,1325.9],[-120.61079110019,39.773390013725,1326.1],[-120.61077517457,39.773339135572,1326.1],[-120.61076863669,39.773297309875,1325.8],[-120.61076922342,39.773264285177,1325.8],[-120.61077718623,39.773223213851,1325.8],[-120.6108162459,39.773180969059,1324.9],[-120.61085698195,39.773140987381,1324.9],[-120.6109144818,39.773114835843,1324.0],[-120.61096376739,39.773095473647,1324.0],[-120.61119276099,39.773024478927,1321.3],[-120.611265935,39.773000506684,1321.3],[-120.61133994721,39.772975528613,1320.8],[-120.61151856557,39.772903444245,1321.7],[-120.61195794493,39.772745361552,1324.2],[-120.6121304445,39.772686101496,1324.5],[-120.61221007258,39.772652238607,1324.5],[-120.61228534207,39.772621477023,1324.6],[-120.61236455105,39.772586859763,1324.6],[-120.61271374114,39.772477308288,1324.8],[-120.6128831394,39.772420227528,1325.0],[-120.61330583878,39.772281087935,1325.0],[-120.61372107826,39.772176146507,1325.4],[-120.61397504993,39.772114790976,1325.5],[-120.61468256637,39.771943464875,1325.7],[-120.61520123854,39.771808767691,1325.9],[-120.61537013389,39.771768031642,1326.1],[-120.61545646749,39.771744646132,1326.1],[-120.61553911306,39.771718326956,1326.1],[-120.61562393792,39.771688822657,1326.1],[-120.6157920789,39.771628137678,1326.0],[-120.61587363482,39.771598298103,1326.0],[-120.61629557982,39.771459661424,1326.1],[-120.61638526618,39.771437281743,1326.2],[-120.61654552817,39.771372992545,1326.5],[-120.61660495587,39.771327394992,1326.7],[-120.61664476991,39.771271990612,1326.7],[-120.61666480266,39.771210467443,1326.8],[-120.61667754315,39.771149028093,1326.9],[-120.61668190174,39.771091025323,1326.9],[-120.61668165028,39.771030759439,1327.1],[-120.61668626033,39.770907126367,1327.3],[-120.61669958755,39.770850799978,1327.4],[-120.61673076823,39.770801598206,1327.4],[-120.61678416096,39.770742254332,1327.4],[-120.61682556756,39.770692046732,1327.5],[-120.61685448512,39.770650556311,1327.5],[-120.61694316566,39.770520552993,1327.6],[-120.61698012985,39.770476715639,1327.7],[-120.61702463776,39.770408570766,1327.8],[-120.61708834022,39.770286949351,1328.0],[-120.61710812151,39.770222660154,1328.0],[-120.61712681316,39.770161975175,1328.0],[-120.61711482704,39.769915044308,1328.3],[-120.61709764414,39.769846145064,1328.4],[-120.61700804159,39.76958328858,1328.5],[-120.61698675156,39.769503828138,1328.6],[-120.61694417149,39.76930978708,1328.7],[-120.61690871604,39.769032681361,1328.9],[-120.61693310738,39.768898822367,1329.1],[-120.61697904021,39.768714923412,1329.2],[-120.6169935409,39.76866488345,1329.2],[-120.61701742932,39.76858953014,1329.3],[-120.6170349475,39.768538065255,1329.4],[-120.6170609314,39.768463801593,1329.4],[-120.61708305962,39.768402781337,1329.5],[-120.61710141599,39.76834025234,1329.6],[-120.61716746539,39.76808745414,1329.7],[-120.61724340543,39.767833901569,1330.0],[-120.61723996885,39.767729882151,1330.1],[-120.61722437851,39.767671376467,1330.3],[-120.61719898134,39.767608093098,1330.3],[-120.61716897413,39.76747976616,1330.7],[-120.61718791723,39.767356133088,1331.0],[-120.61720686033,39.767286144197,1331.3],[-120.61723326333,39.767234511673,1331.3],[-120.61724659055,39.767193775624,1331.5],[-120.61727140099,39.767131162807,1331.7],[-120.61729880981,39.767083385959,1331.7],[-120.61732931994,39.767037788406,1332.0],[-120.61735496856,39.767001494765,1332.0],[-120.61739427969,39.766946760938,1332.1],[-120.61746804044,39.766868138686,1332.2],[-120.61754532158,39.766784822568,1332.4],[-120.61756334268,39.766752216965,1332.4],[-120.61758136377,39.766708379611,1332.4],[-120.61759167351,39.766663955525,1332.5],[-120.61760198325,39.766608215868,1332.5],[-120.61761388555,39.766560606658,1332.6],[-120.61762017198,39.766521127895,1332.6],[-120.61763559468,39.766468154266,1332.6],[-120.61765395105,39.766425909474,1332.6],[-120.61767146923,39.766383245587,1332.7],[-120.6176841259,39.76634318009,1332.7],[-120.61769896187,39.766300683841,1332.7],[-120.61771790497,39.766262378544,1332.7],[-120.61775830574,39.766189036891,1332.6],[-120.6177832,39.766152491793,1332.8],[-120.61781278811,39.766116701066,1332.8],[-120.61783391051,39.766091136262,1332.7],[-120.61786173843,39.766060458496,1332.7],[-120.61789962463,39.766018381342,1332.4],[-120.6179316435,39.765979908407,1332.4],[-120.6180338189,39.76587664336,1332.4],[-120.61807028018,39.765850910917,1332.5],[-120.6181012094,39.765827609226,1332.4],[-120.61812434345,39.76580648683,1332.4],[-120.61813876033,39.765790561214,1332.4],[-120.61814538203,39.765780167654,1332.4],[-120.6181478966,39.765777233988,1332.4],[-120.61817706563,39.765768265352,1332.5],[-120.61818175949,39.765749154612,1332.5],[-120.61816583388,39.765721159056,1332.3],[-120.61807338148,39.765639184043,1332.2],[-120.61801521108,39.765589646995,1332.1],[-120.61796919443,39.765538014472,1332.0],[-120.61787012033,39.765427792445,1331.8],[-120.61774774455,39.765314301476,1331.7],[-120.61761480756,39.765192512423,1331.3],[-120.61756309122,39.765140041709,1330.9],[-120.61724390835,39.764862600714,1330.0],[-120.61711918563,39.764755228534,1330.5],[-120.61705715954,39.764707535505,1331.0],[-120.6169798784,39.764653136954,1331.2],[-120.61678156257,39.764497987926,1332.8],[-120.61671291478,39.764448953792,1332.9],[-120.61664619483,39.764402098954,1333.5],[-120.61658073217,39.764354657382,1334.4],[-120.61651535332,39.764312747866,1334.4],[-120.61644888483,39.764278801158,1334.6],[-120.61639532447,39.764250889421,1336.0],[-120.61631502584,39.764198921621,1336.0],[-120.61625073664,39.764161957428,1337.5],[-120.61619005166,39.764132788405,1337.6],[-120.61613062397,39.764104792848,1337.6],[-120.61607010663,39.764088951051,1337.7],[-120.61601025984,39.764069253579,1339.0],[-120.61594504863,39.76404838264,1339.0],[-120.61588838696,39.76403363049,1339.1],[-120.61581395566,39.764013513923,1339.1],[-120.61571999453,39.763986608014,1340.1],[-120.61565059237,39.763969089836,1339.9],[-120.61556375585,39.763940088451,1339.8],[-120.61546124518,39.763927934691,1339.7],[-120.61537642032,39.76388736628,1340.1],[-120.61529201455,39.763845540583,1340.1],[-120.61520827934,39.763802625239,1339.9],[-120.61513032764,39.763744873926,1340.2],[-120.61505656689,39.763672035187,1340.5],[-120.61498724855,39.763600118458,1340.7],[-120.61493519694,39.763543289155,1340.7],[-120.61485850252,39.763475395739,1340.9],[-120.61479681171,39.763411441818,1341.0],[-120.61474191025,39.76334723644,1341.0],[-120.61469363049,39.763273056597,1341.2],[-120.61465180479,39.763207091019,1341.5],[-120.61462607235,39.763139113784,1341.8],[-120.61461509205,39.76306845434,1341.8],[-120.61462339014,39.762979941443,1342.2],[-120.61464166269,39.762896122411,1343.3],[-120.61466412619,39.762825546786,1343.6],[-120.61468851753,39.762739129364,1343.8],[-120.61471232213,39.76268841885,1343.8],[-120.61473411508,39.762604767457,1345.2],[-120.61473570764,39.762543160468,1345.1],[-120.61475154944,39.762465795502,1345.3],[-120.61476730742,39.762395303696,1345.6],[-120.61477962881,39.762332774699,1345.6],[-120.61479857191,39.762274855748,1345.9],[-120.61480703764,39.762201514095,1346.4],[-120.61481692828,39.762128759176,1347.2],[-120.61482698657,39.762036809698,1347.5],[-120.61483218335,39.761961372569,1347.9],[-120.61484484002,39.761887528002,1348.3],[-120.61486294493,39.761820137501,1348.7],[-120.61487375759,39.761751741171,1349.0],[-120.61488239095,39.761696169153,1349.0],[-120.61488918029,39.76161075756,1349.3],[-120.61489328742,39.761540433392,1349.6],[-120.61489664018,39.761469019577,1349.7],[-120.6149191875,39.761402048171,1349.8],[-120.61492220499,39.761333987117,1349.9],[-120.61492572539,39.761278666556,1350.0],[-120.61494056135,39.761211276054,1350.2],[-120.61495053582,39.761142879725,1350.2],[-120.6149557326,39.761070627719,1350.4],[-120.61496428214,39.761000052094,1350.6],[-120.61497308314,39.760919250548,1350.9],[-120.61498096213,39.760853452608,1350.9],[-120.61498397961,39.760783547536,1351.3],[-120.61496813782,39.760726550594,1351.6],[-120.61495916918,39.760654717684,1352.0],[-120.61496076174,39.760568216443,1352.4],[-120.61497576535,39.760498143733,1352.4],[-120.61499194242,39.76043259725,1352.9],[-120.61500183307,39.760370738804,1353.4],[-120.61501214281,39.760320782661,1353.3],[-120.61502647586,39.760241741315,1353.8],[-120.61503452249,39.760177619755,1354.3],[-120.61503527686,39.760112240911,1354.6],[-120.61504575424,39.760050466284,1354.6],[-120.61506603844,39.75998592563,1355.0],[-120.61508598737,39.759921301156,1355.0],[-120.61509964988,39.759856173769,1355.4],[-120.61509990133,39.759799679741,1355.8],[-120.61510509811,39.759717788547,1356.1],[-120.61510861851,39.759645620361,1356.6],[-120.61511364765,39.759577056393,1356.6],[-120.61512387358,39.759509917349,1357.0],[-120.61513393186,39.75945526734,1357.4],[-120.61514792964,39.759372454137,1357.4],[-120.61515111476,39.759317049757,1357.8],[-120.61515647918,39.75925183855,1358.2],[-120.61516209505,39.75918520242,1358.6],[-120.61516636983,39.75910297595,1358.6],[-120.61517307535,39.759036675096,1359.0],[-120.61517190188,39.758984036744,1359.5],[-120.61517667957,39.758918741718,1360.1],[-120.61519872397,39.758839448914,1360.1],[-120.61521247029,39.758768370375,1360.7],[-120.61521993019,39.758710367605,1361.3],[-120.61523124576,39.758627805859,1361.8],[-120.61523015611,39.758572233841,1361.8],[-120.61523342505,39.75850048475,1362.4],[-120.61523158103,39.758416665718,1363.0],[-120.61523342505,39.758344832808,1363.5],[-120.61523401178,39.758285069838,1363.5],[-120.61524189077,39.75820091553,1364.1],[-120.61524633318,39.758133692667,1364.6],[-120.61524943449,39.758066637442,1365.2],[-120.61523065902,39.757998660207,1365.2],[-120.61522856355,39.75792741403,1365.8],[-120.61523401178,39.757862202823,1366.3],[-120.61524742283,39.757793974131,1366.8],[-120.61524415389,39.757748125121,1366.8],[-120.61525320634,39.757683919743,1367.3],[-120.61525764875,39.757624575868,1367.8],[-120.61526644975,39.757557939738,1367.8],[-120.61526410282,39.757502535358,1368.4],[-120.61527315527,39.757433803752,1368.9],[-120.61529603787,39.757369849831,1368.9],[-120.61531866901,39.757294412702,1369.5],[-120.61533241533,39.757243702188,1370.0],[-120.6153490115,39.757187878713,1370.0],[-120.61534926295,39.757110765204,1370.6],[-120.61532981694,39.757057707757,1371.1],[-120.61533208005,39.757002638653,1371.1],[-120.61532805674,39.756943881512,1371.9],[-120.61534096487,39.75686961785,1372.8],[-120.61535906978,39.756807424128,1373.6],[-120.61537491158,39.75674581714,1373.6],[-120.61538756825,39.756687311456,1374.5],[-120.61539477669,39.756633164361,1374.5],[-120.61540324241,39.756580274552,1375.3],[-120.61540986411,39.75653802976,1375.3],[-120.61542411335,39.756478182971,1376.1],[-120.6154335849,39.756437866017,1376.1],[-120.61544448137,39.756375085562,1376.9],[-120.61544481665,39.756328649819,1377.7],[-120.61545051634,39.756267461926,1377.7],[-120.61546174809,39.756205100566,1378.4],[-120.61546426266,39.756137542427,1379.0],[-120.61547297984,39.756063111126,1379.0],[-120.61548354104,39.756015082821,1379.4],[-120.61549142003,39.75593897514,1379.9],[-120.61549485661,39.755881391466,1379.9],[-120.61551027931,39.755807295442,1380.3],[-120.61551899649,39.755746359006,1380.5],[-120.6155203376,39.755694307387,1380.5],[-120.61553190462,39.755613589659,1380.9],[-120.61554372311,39.755548713729,1381.3],[-120.61555369757,39.755488531664,1381.7],[-120.61555554159,39.755423823372,1381.7],[-120.61556719244,39.755359785631,1382.0],[-120.61557641253,39.755298011005,1382.4],[-120.61558211222,39.755245791748,1382.4],[-120.61557037756,39.755161888897,1382.8],[-120.61555705033,39.755100868642,1383.2],[-120.61556090601,39.755038591102,1383.2],[-120.61555939727,39.754980336875,1383.6],[-120.61557297595,39.754891069606,1384.0],[-120.61557993293,39.754839939997,1384.0],[-120.61558479443,39.754762323573,1384.4],[-120.61558471061,39.754697363824,1384.9],[-120.61558739282,39.754650676623,1384.9],[-120.61560206115,39.754589404911,1385.1],[-120.61560130678,39.754528803751,1385.6],[-120.61559661292,39.754476333037,1385.6],[-120.61560013331,39.754414055496,1386.1],[-120.61560658738,39.754354963079,1386.4],[-120.61561672948,39.754284890369,1386.4],[-120.6156242732,39.754222696647,1386.9],[-120.61563005671,39.75416184403,1387.4],[-120.6156344153,39.754114989191,1387.4],[-120.61564606614,39.754044748843,1387.9],[-120.61565754935,39.753997894004,1387.9],[-120.61566953547,39.753936538473,1388.4],[-120.61567632481,39.753864621744,1388.9],[-120.61567842029,39.753815922886,1388.9],[-120.61567984521,39.75375322625,1389.4],[-120.61568755656,39.753677453846,1389.9],[-120.6156934239,39.75361215882,1390.4],[-120.61570264399,39.753546444699,1390.4],[-120.61570725404,39.753482909873,1391.1],[-120.61571178026,39.753416357562,1391.8],[-120.61570859514,39.753347542137,1392.5],[-120.61570876278,39.753295071423,1392.5],[-120.61572133563,39.753221226856,1393.2],[-120.61571538448,39.753158362582,1393.9],[-120.61570658349,39.753106059507,1393.9],[-120.61570499092,39.753027772531,1394.6],[-120.61569602229,39.752962728962,1395.4],[-120.61569116078,39.752910928801,1395.4],[-120.61568873003,39.752838090062,1396.1],[-120.61569233425,39.752780338749,1396.9],[-120.61569250189,39.752725185826,1396.9],[-120.61569736339,39.752678917721,1397.6],[-120.6157004647,39.752621082589,1397.6],[-120.61570968479,39.752547070384,1398.3],[-120.61571848579,39.752499293536,1398.9],[-120.61572963372,39.752428634092,1398.9],[-120.6157326512,39.752378929406,1399.4],[-120.61573885381,39.752318579704,1399.9],[-120.61574941501,39.752257978544,1399.9],[-120.61576098204,39.752179943025,1400.5],[-120.61575427651,39.752116743475,1401.1],[-120.61575494707,39.752050945535,1401.6],[-120.61575712636,39.751989254728,1401.6],[-120.61575301923,39.751929407939,1402.1],[-120.61576601118,39.751875931397,1402.1],[-120.61577858403,39.751832261682,1402.7],[-120.6157903187,39.751760009676,1403.7],[-120.61580146663,39.751693541184,1403.7],[-120.61580783688,39.751627407968,1404.9],[-120.61581135727,39.751561274752,1406.1],[-120.61581605114,39.751496231183,1407.2],[-120.61582367867,39.75142984651,1407.2],[-120.61583641917,39.751368574798,1408.4],[-120.61584815383,39.751319205388,1409.4],[-120.61586483382,39.751257263124,1409.4],[-120.61590657569,39.751201272011,1410.9],[-120.61597279273,39.75114938803,1411.5],[-120.61601528898,39.751117201522,1412.0],[-120.61605728231,39.751106305048,1412.0],[-120.61610438861,39.751122482121,1412.6],[-120.61614956707,39.751146202907,1412.1],[-120.61619692482,39.751179311424,1412.6],[-120.61623590067,39.751211581752,1412.6],[-120.61628594063,39.751256341115,1412.7],[-120.61632600613,39.751285510138,1412.7],[-120.61636783183,39.751310655847,1413.3],[-120.61640127562,39.751336891204,1412.9],[-120.61643480323,39.751358432695,1412.9],[-120.6164721027,39.751379806548,1413.6],[-120.61650680378,39.751402102411,1413.6],[-120.61653337441,39.751431690529,1415.7],[-120.61656849459,39.751476282254,1415.7],[-120.61662951484,39.75152422674,1418.5],[-120.61666999944,39.751563454047,1418.5],[-120.61671442352,39.751589270309,1421.2],[-120.61676572077,39.751612571999,1420.4],[-120.61682087369,39.751646602526,1422.9],[-120.61687644571,39.751675855368,1422.9],[-120.61693210155,39.75171642378,1423.8],[-120.6169825606,39.751753471792,1426.0],[-120.61702874489,39.751794459298,1426.0],[-120.61707350425,39.751834692433,1426.9],[-120.61712530442,39.751884229481,1426.9],[-120.6171754282,39.751927480102,1427.4],[-120.61722907238,39.751967545599,1427.4],[-120.61727131717,39.752002414316,1427.1],[-120.61732085422,39.752044742927,1427.1],[-120.61736720614,39.752078354359,1428.8],[-120.617415905,39.752127891406,1426.4],[-120.6174524501,39.752175752074,1427.6],[-120.61748941429,39.752217996866,1425.4],[-120.61753819697,39.752243394032,1426.3],[-120.61758756638,39.75227558054,1424.6],[-120.61764464714,39.752297960222,1425.6],[-120.61769627966,39.752306006849,1425.6],[-120.6177255325,39.752317322418,1427.0],[-120.6177673582,39.752326626331,1427.0],[-120.61781773344,39.752328805625,1428.6],[-120.61786903068,39.752322854474,1428.6],[-120.61791487969,39.752317070961,1430.2],[-120.617954107,39.752311706543,1430.2],[-120.61799266376,39.752303659916,1431.4],[-120.6180355791,39.752294356003,1431.4],[-120.61808486469,39.75228429772,1433.9],[-120.61813347973,39.75227910094,1433.9],[-120.61818058603,39.752276670188,1434.5],[-120.61822601594,39.752269880846,1434.5],[-120.61826616526,39.752262672409,1434.9],[-120.61830321327,39.752252446488,1434.9],[-120.61834554188,39.752238616347,1434.9],[-120.61838611029,39.752230653539,1435.3],[-120.6184249185,39.752225121483,1435.3],[-120.61846163124,39.752219589427,1435.8],[-120.61849851161,39.752213051543,1437.5],[-120.61853379942,39.752202406526,1437.9],[-120.6185667403,39.752192012966,1437.9],[-120.6186068058,39.752177344635,1437.9],[-120.61864578165,39.752162257209,1438.7],[-120.61868023127,39.752142643556,1438.7],[-120.61871761456,39.752121437341,1440.0],[-120.61875876971,39.752101236954,1441.7],[-120.6188041158,39.752082712948,1443.0],[-120.61884384602,39.752064272761,1443.0],[-120.61887209304,39.752048011869,1443.0],[-120.61889447272,39.752026386559,1445.5],[-120.6189186126,39.752007024363,1445.9],[-120.61894937418,39.751989338547,1445.9],[-120.61898164451,39.751969976351,1445.9],[-120.61901567504,39.751947680488,1446.0],[-120.61906387098,39.751915326342,1448.1],[-120.61909991316,39.751897808164,1448.0],[-120.61913235113,39.7518860735,1448.0],[-120.61916520819,39.751875260845,1448.0],[-120.61920275912,39.751856736839,1447.7],[-120.61923963949,39.751838967204,1450.1],[-120.6192753464,39.751826561987,1449.7],[-120.61931608245,39.751809379086,1449.7],[-120.61936017126,39.751785155386,1449.7],[-120.61939948238,39.751766379923,1449.3],[-120.61944424175,39.751750873402,1452.1],[-120.61948732473,39.751734863967,1450.7],[-120.61952177435,39.751717429608,1450.7],[-120.61956066638,39.751692619175,1451.3],[-120.61959176324,39.751673592255,1451.3],[-120.61964289285,39.751640819013,1456.4],[-120.61969921924,39.751613996923,1456.7],[-120.6197514385,39.751578960568,1458.5],[-120.61980013736,39.751545432955,1458.5],[-120.61982771382,39.751520035788,1458.5],[-120.61984355561,39.7514844127,1458.3],[-120.61984623782,39.751435797662,1458.3],[-120.61984623782,39.751387182623,1459.3],[-120.61985378154,39.751343764365,1459.3],[-120.6198602356,39.751302022487,1459.9],[-120.61986660585,39.751259945333,1459.9],[-120.61986534856,39.751231279224,1459.9],[-120.61986048706,39.751181155443,1460.6],[-120.61986015178,39.751112591475,1461.3],[-120.6198443938,39.751063892618,1461.3],[-120.61981447041,39.751024832949,1463.8],[-120.61978287064,39.750984767452,1463.8],[-120.61974632554,39.750944869593,1463.8],[-120.61972243711,39.750904552639,1465.4],[-120.619720174,39.750862643123,1465.4],[-120.61970634386,39.750793324783,1467.2],[-120.61968840659,39.75074429065,1469.0],[-120.61967776157,39.750705650076,1469.0],[-120.61966787092,39.750663070008,1469.0],[-120.61965605244,39.75062568672,1469.2],[-120.61964021064,39.750602217391,1469.2],[-120.61962101609,39.750581681728,1470.7],[-120.61961380765,39.750556536019,1470.5],[-120.61959595419,39.75050968118,1470.5],[-120.61957114376,39.750473052263,1470.1],[-120.61954365112,39.750434076414,1470.1],[-120.61950635165,39.750396860763,1471.1],[-120.61946502887,39.750361321494,1471.1],[-120.61942529865,39.750328548253,1472.7],[-120.61938607134,39.750287896022,1472.3],[-120.61933728866,39.7502516862,1474.0],[-120.61928356066,39.750217320397,1474.0],[-120.61923419125,39.750180607662,1475.3],[-120.61918959953,39.750146744773,1475.3],[-120.61914869584,39.75011757575,1475.5],[-120.61910276301,39.750091256574,1475.5],[-120.61904643662,39.750070385635,1475.6],[-120.61898399144,39.75005345419,1475.5],[-120.6189291738,39.750037612393,1475.5],[-120.61888215132,39.750021519139,1475.5],[-120.61883445829,39.750006599352,1475.5],[-120.61878844164,39.749988075346,1477.3],[-120.61873412691,39.749971562997,1477.3],[-120.61868014745,39.74995479919,1479.1],[-120.61861636117,39.749927809462,1478.1],[-120.61858509667,39.749871985987,1479.5],[-120.6185442768,39.749809708446,1478.4],[-120.61849457212,39.749749610201,1477.9],[-120.61845777556,39.749697390944,1477.9],[-120.61843656935,39.749652296305,1479.2],[-120.61841913499,39.749610219151,1480.5],[-120.61839834787,39.749550204724,1481.5],[-120.61839323491,39.749516509473,1481.5],[-120.61839155853,39.749482395127,1482.7],[-120.61839776114,39.749448280782,1482.7],[-120.61839474365,39.749421207234,1482.7],[-120.61838611029,39.749388433993,1483.4],[-120.61838116497,39.749362533912,1483.4],[-120.6183694303,39.749343506992,1483.4],[-120.61835769564,39.749332945794,1483.4],[-120.61834755354,39.749325318262,1483.4],[-120.61835392378,39.749308470637,1483.4],[-120.61835853383,39.749277373776,1483.7],[-120.61837890185,39.749240158126,1483.7],[-120.61842081137,39.749210402369,1484.2],[-120.61845945194,39.749184167013,1484.2],[-120.61848183163,39.749152483419,1484.2],[-120.61848644167,39.749114010483,1484.8],[-120.61848526821,39.7490744479,1484.8],[-120.61848032288,39.749029939994,1485.6],[-120.61847479083,39.748998004943,1485.6],[-120.61845744029,39.748951066285,1485.6],[-120.6184478011,39.748913599178,1486.6],[-120.61844344251,39.748875629157,1486.6],[-120.61844469979,39.74883380346,1487.9],[-120.61843656935,39.748797677457,1487.9],[-120.61842131428,39.748742608353,1488.4],[-120.61841502786,39.748694663867,1488.4],[-120.61841804534,39.748644959182,1489.7],[-120.61842374504,39.748605899513,1489.7],[-120.61844151467,39.748558877036,1492.0],[-120.61847713776,39.748506909236,1492.0],[-120.61850781552,39.748479332775,1492.9],[-120.61854545027,39.748457372189,1494.8],[-120.61858794652,39.748452175409,1494.8],[-120.61863823794,39.74845812656,1496.5],[-120.61870730482,39.748466424644,1498.0],[-120.61876631342,39.748473381624,1498.0],[-120.61882649548,39.748483775184,1499.2],[-120.61888835393,39.748496599495,1497.3],[-120.61894082464,39.748514955863,1498.5],[-120.61899555847,39.748533898965,1499.5],[-120.61905456707,39.748549740762,1499.5],[-120.61910720542,39.748570444062,1500.2],[-120.61916445382,39.748586621135,1498.4],[-120.61922111548,39.748606737703,1499.3],[-120.61927895062,39.748624172062,1499.9],[-120.61932999641,39.748635655269,1499.9],[-120.61939026229,39.748651664704,1500.3],[-120.6194449123,39.748657532036,1500.3],[-120.61949931085,39.748655855656,1500.7],[-120.6195695512,39.748645797372,1501.1],[-120.61962964945,39.74863121286,1501.1],[-120.61969662085,39.748618807644,1501.5],[-120.61976719648,39.748609336093,1501.8],[-120.61982905492,39.748601624742,1502.2],[-120.61989225447,39.748599613085,1502.2],[-120.61996023171,39.748588129878,1502.6],[-120.62002016231,39.748570946977,1502.9],[-120.62007715926,39.748545633629,1503.6],[-120.62013658695,39.748509423807,1503.8],[-120.62017413788,39.748471789062,1504.6],[-120.62021336518,39.748435243964,1504.8],[-120.62024932355,39.748397441581,1504.8],[-120.62028201297,39.748354861513,1505.4],[-120.62031294219,39.748307587579,1505.1],[-120.62033523805,39.748272467405,1505.7],[-120.62036314979,39.74825126119,1505.7],[-120.62042609788,39.74821228534,1505.6],[-120.62047705986,39.748179009184,1506.0],[-120.62050782144,39.74814305082,1506.0],[-120.62055031769,39.748094603419,1506.7],[-120.62061251141,39.748040623963,1506.6],[-120.62067177147,39.747985051945,1507.2],[-120.62076883391,39.747879104689,1507.8],[-120.62081476673,39.747827975079,1508.6],[-120.62084829435,39.747778689489,1508.8],[-120.62088643201,39.747736696154,1509.6],[-120.62093647197,39.747701324522,1509.6],[-120.62099749222,39.747674250975,1509.6],[-120.6210546568,39.7476461716,1510.3],[-120.62110980973,39.747616248205,1510.3],[-120.62116546556,39.747580708936,1510.4],[-120.62120779417,39.747550869361,1511.1],[-120.6212594267,39.747511474416,1511.1],[-120.6213184353,39.747465457767,1511.7],[-120.62136176974,39.747429331765,1511.7],[-120.62141147442,39.747390607372,1512.4],[-120.62145941891,39.747356241569,1512.4],[-120.62150887214,39.747322965413,1512.7],[-120.62156192958,39.747285917401,1513.1],[-120.62161783688,39.74725230597,1513.7],[-120.62167097814,39.747223136947,1514.3],[-120.62172344886,39.747200589627,1514.7],[-120.62177256681,39.747174270451,1515.2],[-120.62181514688,39.747140239924,1515.2],[-120.62185512856,39.747107801959,1515.6],[-120.62189469114,39.747080728412,1516.0],[-120.62193978578,39.747048793361,1516.0],[-120.62198898755,39.747015768662,1516.9],[-120.6220345851,39.746984336525,1517.3],[-120.62207071111,39.74696489051,1517.3],[-120.6221195776,39.746938571334,1517.3],[-120.6221821066,39.746900266036,1518.4],[-120.62222108245,39.746860451996,1519.4],[-120.62225645408,39.746819296852,1520.0],[-120.62229149044,39.746774202213,1520.0],[-120.62232334167,39.746727012098,1521.3],[-120.62235142104,39.746679905802,1521.3],[-120.6223758962,39.746628776193,1521.9],[-120.62239400111,39.74658141844,1521.9],[-120.62240556814,39.746536575258,1523.5],[-120.62241537496,39.746485529467,1523.5],[-120.62242459506,39.746433310211,1524.2],[-120.62243716791,39.746396262199,1524.2],[-120.62245728448,39.746334319934,1524.2],[-120.62246491201,39.746262487024,1524.3],[-120.62248226255,39.746208759025,1524.3],[-120.62250254676,39.746151007712,1525.6],[-120.62252643518,39.74609317258,1525.7],[-120.62253925949,39.746037265286,1525.7],[-120.62254596502,39.745986638591,1525.9],[-120.62255308963,39.74593995139,1525.9],[-120.62255443074,39.745889995247,1526.1],[-120.62255342491,39.745834087953,1526.3],[-120.62256348319,39.745785053819,1526.3],[-120.62258225866,39.745738618076,1527.9],[-120.6225960888,39.745707018301,1527.9],[-120.62261964194,39.745654882863,1527.9],[-120.62264973298,39.745598388836,1527.9],[-120.62267739326,39.745546001941,1529.5],[-120.62269734219,39.74550710991,1529.5],[-120.6227189675,39.74546209909,1529.6],[-120.62274235301,39.745419602841,1529.6],[-120.62276640907,39.745370568708,1530.1],[-120.62278577127,39.745314745232,1530.8],[-120.6228070613,39.745269315317,1531.3],[-120.62282784842,39.74522748962,1531.3],[-120.62286623754,39.745167978108,1532.4],[-120.62290328555,39.745131768286,1532.2],[-120.62293739989,39.745098156855,1533.5],[-120.62297201715,39.745055576786,1533.3],[-120.62300990336,39.745017020032,1533.3],[-120.62304812483,39.744988856837,1534.3],[-120.62312431633,39.74494795315,1534.3],[-120.62319497578,39.74490461871,1535.3],[-120.62326353975,39.744868576527,1535.9],[-120.6233835686,39.744823733345,1536.9],[-120.62344031408,39.744797162712,1537.7],[-120.62349613756,39.744764640927,1537.7],[-120.62356813811,39.744729353115,1539.4],[-120.62360736541,39.744680067524,1540.7],[-120.62361884862,39.74463715218,1540.9],[-120.62365757301,39.744612509385,1540.9],[-120.62371985056,39.744594488293,1542.1],[-120.62377559021,39.744574539363,1542.1],[-120.62382621691,39.744546543807,1543.0],[-120.62387634069,39.744514608756,1543.0],[-120.62391447835,39.744487199932,1544.0],[-120.62396083027,39.744449146092,1543.9],[-120.62400609255,39.744415199384,1544.8],[-120.62405294739,39.744383264333,1545.6],[-120.62410726212,39.744350323454,1545.5],[-120.62417490408,39.744310006499,1546.3],[-120.62422938645,39.744278574362,1546.3],[-120.62427565455,39.744247561321,1547.2],[-120.62431127764,39.744214117527,1547.2],[-120.62433524989,39.744185116142,1548.1],[-120.62436299399,39.744139602408,1548.7],[-120.62438931316,39.744100710377,1548.7],[-120.62441663817,39.744063159451,1550.4],[-120.62443985604,39.744025859982,1550.4],[-120.62446290627,39.743984956294,1550.5],[-120.62449567951,39.743943298236,1550.5],[-120.62453934923,39.7439065855,1551.9],[-120.62459877692,39.743859060109,1551.9],[-120.62464253046,39.743818324059,1553.4],[-120.6246805843,39.74377674982,1553.2],[-120.62471335754,39.743732744828,1554.6],[-120.62474302948,39.743689661846,1554.5],[-120.62477714382,39.743644818664,1554.5],[-120.62481285073,39.743595197797,1555.8],[-120.62484780326,39.743541805074,1555.8],[-120.6248792354,39.743494195864,1555.8],[-120.62491192482,39.743448179215,1557.2],[-120.62494251877,39.743410460651,1557.2],[-120.62499306165,39.743354637176,1557.2],[-120.62503924593,39.743297556415,1558.4],[-120.62506891787,39.743252713233,1558.4],[-120.62508744188,39.743213653564,1559.9],[-120.6250959076,39.74314735271,1560.0],[-120.62510797754,39.743088344112,1560.0],[-120.62512708828,39.743041153997,1560.4],[-120.62515223399,39.74299245514,1560.4],[-120.62518182211,39.742934536189,1562.7],[-120.62521903776,39.742872007191,1563.6],[-120.62524301,39.742822302505,1563.6],[-120.62526287511,39.742783997208,1563.5],[-120.62527628615,39.742746111006,1565.6],[-120.62529003248,39.742705458775,1564.8],[-120.62530151568,39.742648378015,1564.8],[-120.62531995587,39.74258207716,1564.0],[-120.62534459867,39.742497922853,1563.1],[-120.62537083402,39.742410834879,1565.2],[-120.62539220788,39.742357693613,1565.2],[-120.6254125759,39.74231720902,1564.6],[-120.62543923035,39.74227312021,1564.6],[-120.62547778711,39.7422237508,1565.3],[-120.62550930306,39.742181003094,1565.3],[-120.62552656978,39.74214496091,1566.0],[-120.62556068413,39.74210514687,1564.4],[-120.62560318038,39.742066254839,1564.4],[-120.62564928085,39.742024429142,1565.2],[-120.62568549067,39.741984531283,1565.2],[-120.62571289949,39.741943795234,1566.8],[-120.62573301606,39.741900963709,1566.5],[-120.62575028278,39.741867771372,1566.5],[-120.62577140518,39.741830807179,1567.6],[-120.62579873018,39.741779929027,1567.6],[-120.62581515871,39.741730391979,1568.9],[-120.62582756393,39.741683201864,1571.9],[-120.62582815066,39.741640705615,1571.9],[-120.62582161278,39.741597287357,1571.9],[-120.62580258586,39.741551773623,1577.4],[-120.62576151453,39.741522017866,1577.4],[-120.62571055256,39.74150441587,1580.7],[-120.62565632164,39.741493519396,1584.9],[-120.62559999526,39.741501985118,1583.7],[-120.62554450706,39.741517910734,1583.7],[-120.6254905276,39.74153383635,1585.6],[-120.62543445267,39.74155722186,1586.6],[-120.62537619844,39.741585887969,1586.6],[-120.62532540411,39.741612374783,1585.2],[-120.62527938746,39.741624947637,1585.2],[-120.6252377294,39.741639532149,1586.0],[-120.62520327978,39.741659481078,1586.0],[-120.62516111881,39.741678927094,1586.7],[-120.62509565614,39.741717735305,1584.5],[-120.62502860092,39.741732403636,1585.2],[-120.62496582046,39.741748748347,1585.4],[-120.62490798533,39.741759225726,1585.4],[-120.62485635281,39.741767356172,1585.6],[-120.62478829175,39.741779342294,1583.7],[-120.62470204197,39.741759309545,1585.7],[-120.62465275638,39.741719160229,1585.7],[-120.62459953129,39.741654619575,1587.3],[-120.62457396649,39.741595108062,1587.3],[-120.62455862761,39.741547750309,1588.6],[-120.62454060651,39.741478348151,1589.5],[-120.62452090904,39.741419926286,1588.9],[-120.62449978665,39.741354547441,1589.6],[-120.62448872253,39.741283971816,1589.4],[-120.62448008917,39.741223873571,1590.0],[-120.62447891571,39.741158243269,1590.0],[-120.62447874807,39.741094289348,1590.0],[-120.62449014746,39.74102832377,1589.8],[-120.62449735589,39.740958921611,1589.8],[-120.62448553741,39.740896644071,1589.7],[-120.624489896,39.740836462006,1589.3],[-120.62449056655,39.740768065676,1589.3],[-120.62448268756,39.740704195574,1588.7],[-120.62449291348,39.740647533908,1588.4],[-120.62450850382,39.740599840879,1588.4],[-120.62452283688,39.740558853373,1588.0],[-120.62453976832,39.740516860038,1589.6],[-120.62456198037,39.740467490628,1589.2],[-120.62459810637,39.740420971066,1589.2],[-120.62464253046,39.740379145369,1590.8],[-120.62468837947,39.740345701575,1590.8],[-120.62478250824,39.740329859778,1593.0],[-120.62486180104,39.740327512845,1594.9],[-120.624965569,39.740330949426,1596.6],[-120.62504854985,39.740328937769,1598.2],[-120.62516975217,39.740306641906,1599.9],[-120.62525105663,39.740327596664,1601.6],[-120.62531542964,39.740364141762,1603.2],[-120.62537619844,39.740410493687,1601.9],[-120.62543696724,39.740461623296,1603.3],[-120.62548985705,39.740499928594,1603.0],[-120.6255336944,39.74053571932,1603.0],[-120.62556998804,39.740571677685,1601.0],[-120.62560720369,39.740604786202,1602.1],[-120.6256548129,39.740630770102,1602.1],[-120.62571222894,39.740649880841,1603.2],[-120.625745086,39.740662872791,1600.7],[-120.62578808516,39.740675697103,1601.5],[-120.62583728693,39.740671170875,1601.5],[-120.62588632107,39.740659100935,1602.0],[-120.62594784424,39.740645019338,1605.5],[-120.62600257806,39.740640996024,1605.5],[-120.62605949119,39.740621130913,1605.6],[-120.62611523084,39.740598332137,1605.6],[-120.62616476789,39.740568744019,1606.1],[-120.62621891499,39.740538820624,1609.8],[-120.62627532519,39.740509567782,1610.0],[-120.62633483671,39.740474196151,1609.6],[-120.62637523748,39.740443686023,1612.4],[-120.62640256248,39.740419546142,1612.4],[-120.62645184807,39.740378474817,1612.1],[-120.62649526633,39.740345533937,1614.5],[-120.62653114088,39.740322735161,1614.5],[-120.62657447532,39.740301948041,1614.5],[-120.62662367709,39.740286022425,1614.6],[-120.62671395019,39.740266576409,1617.4],[-120.62678460963,39.740246376023,1617.6],[-120.62686323188,39.740228103474,1617.6],[-120.62693799846,39.740213099867,1617.7],[-120.62699080445,39.740202538669,1617.8],[-120.62704495154,39.740192815661,1617.8],[-120.62710152939,39.740182757378,1619.9],[-120.62715626322,39.74016959779,1619.9],[-120.62721451744,39.74014881067,1619.8],[-120.62727344222,39.740134645253,1619.5],[-120.62732851133,39.740117881447,1619.5],[-120.62739539891,39.74009684287,1619.1],[-120.62745247968,39.740079827607,1621.3],[-120.62752640806,39.740059124306,1620.6],[-120.62759606168,39.740029787645,1620.6],[-120.62765884213,39.739995254204,1619.9],[-120.62770997174,39.739970862865,1621.6],[-120.62775012106,39.739945214242,1621.6],[-120.6278066989,39.739904729649,1620.9],[-120.62783687375,39.739871285856,1623.1],[-120.62789001502,39.739847145975,1623.1],[-120.62795187347,39.739822586998,1622.1],[-120.62801247463,39.739788137376,1622.8],[-120.62807106413,39.739748490974,1622.8],[-120.62812210992,39.739701133221,1622.0],[-120.62815312296,39.739646902308,1623.5],[-120.62817952596,39.73960432224,1622.9],[-120.62819897197,39.739568615332,1625.1],[-120.62821925618,39.73952209577,1625.1],[-120.62824373133,39.739461913705,1627.2],[-120.62825647183,39.73943115212,1627.2],[-120.62827600166,39.739387566224,1627.8],[-120.6282986328,39.739343645051,1627.8],[-120.628326796,39.739302070811,1628.9],[-120.62836267054,39.739258568734,1628.1],[-120.62839544378,39.739228310063,1628.1],[-120.6284523569,39.739186987281,1628.5],[-120.62849971466,39.739151280373,1628.5],[-120.62853994779,39.739114567637,1629.9],[-120.62857883982,39.73907366395,1629.5],[-120.62862779014,39.739028569311,1630.8],[-120.62866643071,39.738987917081,1630.6],[-120.62869115733,39.738939637318,1631.6],[-120.62870180234,39.738892363384,1631.6],[-120.62870959751,39.738851375878,1632.9],[-120.62871932052,39.738794714212,1632.9],[-120.62872250564,39.738741489127,1634.1],[-120.62872527167,39.73869714886,1634.1],[-120.6287284568,39.738645097241,1635.5],[-120.6287346594,39.738581394777,1635.8],[-120.62874681316,39.738529678434,1637.7],[-120.6287676841,39.738483075052,1640.0],[-120.6288046483,39.738437728956,1640.0],[-120.62885829248,39.738398585469,1642.4],[-120.62891143374,39.738370338455,1642.4],[-120.62895569019,39.738349635154,1642.5],[-120.62902132049,39.738325914368,1642.4],[-120.6290847715,39.738315604627,1642.4],[-120.62913799658,39.738311581314,1642.5],[-120.62921133824,39.738322477788,1642.8],[-120.62926691025,39.73834653385,1642.8],[-120.6293274276,39.73837595433,1642.9],[-120.62939071096,39.738407554105,1641.3],[-120.62946095131,39.738436304033,1642.0],[-120.62952373177,39.738465724513,1642.7],[-120.62959648669,39.738490115851,1643.4],[-120.62966647558,39.73851098679,1642.4],[-120.62974417582,39.738530097529,1643.1],[-120.62980025075,39.738545101136,1643.5],[-120.6298572477,39.738559769467,1643.7],[-120.62991575338,39.738556081429,1643.7],[-120.62995254993,39.738542754203,1643.8],[-120.62999982387,39.738518111408,1643.8],[-120.63006478362,39.738485254347,1644.0],[-120.63010384329,39.738462874666,1645.0],[-120.63016788103,39.738436471671,1645.2],[-120.63020509668,39.738414846361,1645.2],[-120.63024709001,39.738380815834,1646.4],[-120.63029763289,39.738345444202,1646.4],[-120.63034214079,39.738316526636,1646.6],[-120.63038899563,39.738285681233,1648.0],[-120.6304319948,39.73825299181,1648.4],[-120.63047382049,39.738221978769,1648.4],[-120.6305288896,39.738185266033,1650.2],[-120.63057985157,39.738150816411,1650.2],[-120.63062687404,39.738117456436,1650.3],[-120.63067079522,39.738078229129,1651.7],[-120.63070499338,39.738037828356,1651.5],[-120.63073734753,39.737996924669,1653.0],[-120.63076165505,39.73796733655,1653.0],[-120.6307918299,39.737923331559,1653.0],[-120.63081697561,39.737880583853,1654.1],[-120.63084430061,39.737831549719,1654.1],[-120.63087254763,39.737795591354,1655.9],[-120.63090917654,39.737756280228,1655.2],[-120.63096080907,39.737714789808,1656.7],[-120.63100070693,39.737696852535,1655.9],[-120.6310653314,39.737689392641,1655.9],[-120.63114973716,39.737692493945,1655.2],[-120.6312190555,39.737698277459,1654.8],[-120.63127831556,39.737708754838,1655.4],[-120.63135769218,39.737725518644,1657.2],[-120.63141225837,39.737735744566,1656.7],[-120.63148484565,39.737756531686,1658.4],[-120.63155357726,39.737776564434,1659.6],[-120.63162582926,39.737797267735,1659.6],[-120.63169414178,39.737817719579,1660.6],[-120.63176614232,39.737834483385,1660.5],[-120.63184434548,39.737849738449,1662.1],[-120.63191307709,39.737872201949,1663.8],[-120.63196127303,39.737894413993,1663.8],[-120.63204643317,39.737934060395,1664.9],[-120.63209689222,39.737956188619,1666.6],[-120.63215665519,39.73798644729,1666.6],[-120.63221289776,39.738009162247,1668.5],[-120.63227584586,39.738032799214,1670.1],[-120.63235539012,39.738071439788,1670.1],[-120.6324143149,39.738103458658,1672.3],[-120.63247533515,39.738137489185,1673.5],[-120.63253987581,39.738164311275,1673.5],[-120.63260265626,39.738186188042,1676.1],[-120.63266702928,39.73821233958,1678.1],[-120.63271706924,39.738235305995,1678.1],[-120.63276601955,39.738256176934,1680.9],[-120.63281966373,39.738288195804,1680.9],[-120.63287649304,39.738332787529,1681.5],[-120.63292091712,39.738378049806,1681.5],[-120.63295117579,39.738428089768,1681.4],[-120.63296156935,39.738509980962,1679.8],[-120.63296877779,39.73859237507,1678.2],[-120.6330009643,39.738646270707,1678.2],[-120.63304706477,39.738661358133,1678.9],[-120.63309073448,39.738652221859,1678.9],[-120.63313071616,39.738639313728,1679.2],[-120.63316265121,39.738638559356,1679.2],[-120.63320447691,39.738640487194,1679.2],[-120.63323188573,39.738644678146,1679.3],[-120.6332779862,39.738636296242,1679.3],[-120.63333531842,39.738615592942,1679.3],[-120.63337655738,39.738591453061,1679.3],[-120.6334096659,39.738571839407,1681.4],[-120.63346171752,39.738540155813,1681.4],[-120.63349935226,39.738514926285,1680.9],[-120.63353464007,39.738488188013,1684.2],[-120.63357646577,39.738455414772,1684.2],[-120.6336294394,39.738422306255,1683.3],[-120.63368811272,39.738394645974,1686.7],[-120.63374795951,39.738373020664,1686.7],[-120.63381099142,39.738354580477,1684.7],[-120.63385860063,39.738326417282,1682.5],[-120.63389690593,39.738303786144,1686.7],[-120.63393646851,39.738276880234,1686.7],[-120.63397142105,39.738255003467,1683.6],[-120.63402523287,39.738205466419,1687.7],[-120.63407041132,39.738169591874,1684.0],[-120.63410913572,39.738134052604,1684.0],[-120.63413880765,39.73809289746,1684.2],[-120.63415967859,39.738054089248,1684.2],[-120.63418222591,39.738012515008,1689.1],[-120.63421131112,39.737967168912,1689.1],[-120.63424794003,39.737925678492,1690.1],[-120.63429077156,39.737878069282,1690.1],[-120.63432698138,39.737836578861,1690.4],[-120.63436386175,39.737797519192,1690.4],[-120.6344001554,39.737760974094,1695.7],[-120.634441562,39.737722082064,1690.2],[-120.63448347151,39.737683525309,1690.2],[-120.63451926224,39.737648237497,1689.9],[-120.63455278985,39.737625606358,1689.9],[-120.63459243625,39.737591240555,1685.8],[-120.63461582176,39.73755184561,1691.7],[-120.63464163803,39.737513372675,1691.7],[-120.63467223197,39.737478839234,1694.1],[-120.63470525667,39.737444808707,1691.7],[-120.6347410474,39.737399043515,1691.7],[-120.63478136435,39.737353865057,1691.3],[-120.63484389335,39.73728957586,1692.6],[-120.6349035725,39.73723593168,1690.8],[-120.6349365972,39.737210534513,1690.8],[-120.63495956361,39.737160075456,1692.0],[-120.63497247174,39.73711732775,1692.0],[-120.63498839736,39.737077346072,1691.5],[-120.63500893302,39.737042812631,1691.5],[-120.63502913341,39.73701079376,1692.5],[-120.63504631631,39.736981540918,1692.5],[-120.63506182283,39.736946336925,1691.1],[-120.63505696133,39.736899733543,1692.1],[-120.63505494967,39.736808119342,1693.0],[-120.63505302183,39.736744500697,1693.0],[-120.63504816033,39.736694628373,1694.0],[-120.63504556194,39.736646264791,1695.4],[-120.63505042344,39.736600667238,1695.4],[-120.63505570404,39.73655632697,1696.8],[-120.63505696133,39.736512321979,1696.8],[-120.63505704515,39.736467814073,1696.8],[-120.63505059108,39.7364274133,1698.1],[-120.63503801823,39.736394723877,1698.6],[-120.63502075151,39.736355077475,1699.9],[-120.63499501906,39.736307384446,1699.9],[-120.63497171737,39.736268576235,1701.0],[-120.6349520199,39.73622918129,1701.5],[-120.63493357971,39.736175285652,1702.6],[-120.63491111621,39.73612876609,1702.6],[-120.63488823362,39.736089454964,1702.6],[-120.63486468047,39.736054083332,1703.6],[-120.63483458944,39.736029272899,1704.1],[-120.63479167409,39.736006055027,1704.1],[-120.63475705683,39.735983004794,1704.9],[-120.63469779678,39.735955260694,1705.5],[-120.63463292085,39.735933719203,1706.0],[-120.63457123004,39.735900526866,1706.0],[-120.63450819813,39.735851995647,1707.3],[-120.63445866108,39.735811343417,1707.8],[-120.63443318009,39.735780498013,1708.6],[-120.63442035578,39.735745629296,1708.6],[-120.63442102633,39.735714197159,1708.6],[-120.63442756422,39.735668431967,1709.5],[-120.63444541767,39.735601963475,1710.3],[-120.63445857726,39.735530633479,1710.3],[-120.63444835134,39.735484868288,1711.0],[-120.63441222534,39.735413454473,1711.7],[-120.63437433913,39.735356289893,1712.0],[-120.63434617594,39.735310524702,1712.7],[-120.63432413153,39.735272973776,1712.7],[-120.63429705799,39.735240871087,1713.9],[-120.63426185399,39.735187478364,1713.4],[-120.63422413543,39.735152190551,1714.3],[-120.63419102691,39.735126374289,1713.5],[-120.63416018151,39.735079687089,1713.5],[-120.63414023258,39.735033251345,1714.1],[-120.63412874937,39.734993269667,1714.1],[-120.63410234638,39.734934680164,1713.2],[-120.63412967138,39.734887657687,1715.0],[-120.63417862169,39.734828732908,1715.0],[-120.63420862891,39.734784560278,1716.9],[-120.63424006104,39.734742986038,1716.9],[-120.63426126726,39.734714068472,1716.9],[-120.63429328613,39.734665956348,1717.5],[-120.63431063667,39.734631422907,1718.4],[-120.63432932831,39.73458699882,1719.4],[-120.63434860669,39.734542574733,1719.4],[-120.63436897472,39.734505526721,1720.2],[-120.63438833691,39.734468227252,1721.2],[-120.63440962695,39.734428999946,1721.6],[-120.63442974351,39.734391113743,1721.6],[-120.63445078209,39.734350042418,1721.6],[-120.63447886147,39.734312491491,1723.3],[-120.63450953923,39.734278041869,1723.3],[-120.63454390503,39.734246525913,1723.3],[-120.63457977958,39.734207633883,1725.7],[-120.63461875543,39.734164047986,1725.7],[-120.63464440405,39.734121384099,1727.0],[-120.63466988504,39.734077882022,1728.6],[-120.63469008543,39.734037816525,1728.8],[-120.634702323,39.733991716057,1728.8],[-120.63470425084,39.73396380432,1728.8],[-120.63469511457,39.733925331384,1729.2],[-120.63468413427,39.733882164583,1729.2],[-120.6346644368,39.733837237582,1730.0],[-120.63463518396,39.733799016103,1729.5],[-120.63459075987,39.733764398843,1730.8],[-120.63455362804,39.733746880665,1730.5],[-120.63450828195,39.733736654744,1730.5],[-120.63445413485,39.733729446307,1730.0],[-120.63439420424,39.733721734956,1730.0],[-120.63435564749,39.733721818775,1729.3],[-120.63429772854,39.733716789633,1729.3],[-120.63425330445,39.733700444922,1728.7],[-120.63421717845,39.733677059412,1729.8],[-120.63416294754,39.733634563163,1729.2],[-120.63413168304,39.733583182096,1730.1],[-120.63412388787,39.733546972275,1730.1],[-120.63413226977,39.73349282518,1731.2],[-120.63415230252,39.733456280082,1731.2],[-120.63417694531,39.733415376395,1731.2],[-120.63421550207,39.733377238736,1733.0],[-120.63426218927,39.73334312439,1733.0],[-120.6343024224,39.733309093863,1734.4],[-120.63434198499,39.733274476603,1734.4],[-120.63438490033,39.733241703361,1735.3],[-120.63443158753,39.733208511025,1735.3],[-120.63449017704,39.733168780804,1735.8],[-120.63452663831,39.733139527962,1735.8],[-120.63456955366,39.73310331814,1737.0],[-120.63461590558,39.733069790527,1737.0],[-120.6346613355,39.733040537685,1738.5],[-120.63470659778,39.733011955395,1737.6],[-120.63475496136,39.732985720038,1739.1],[-120.63481665216,39.732959233224,1739.1],[-120.63485311344,39.732938781381,1739.1],[-120.63489921391,39.732913384214,1739.1],[-120.63495134935,39.732879018411,1740.4],[-120.63498747535,39.732857896015,1740.4],[-120.63504028134,39.732824033126,1740.3],[-120.63507347368,39.732800563797,1740.3],[-120.63511236571,39.732770724222,1741.3],[-120.63515083864,39.732737615705,1740.3],[-120.63519283198,39.732707859948,1741.4],[-120.63522879034,39.732680954039,1741.4],[-120.63527539372,39.732655724511,1741.1],[-120.63532669097,39.732628483325,1742.6],[-120.63537388109,39.73260208033,1744.1],[-120.63542827964,39.732569977641,1744.1],[-120.63546013087,39.732544664294,1745.1],[-120.6355025433,39.732517004013,1746.6],[-120.63555283472,39.732493786141,1746.6],[-120.63560388051,39.732469981536,1747.0],[-120.63564863987,39.732444835827,1747.0],[-120.63570488244,39.732414660975,1748.4],[-120.63575768843,39.732389263809,1748.3],[-120.63580948859,39.732362693176,1748.3],[-120.63584393822,39.73234500736,1748.3],[-120.63588710502,39.732322040945,1749.7],[-120.63594418578,39.732291195542,1749.4],[-120.63598114997,39.732270911336,1749.4],[-120.63603186049,39.732244759798,1749.4],[-120.63607284799,39.732225313783,1750.8],[-120.63610964455,39.732201257721,1749.1],[-120.63614660874,39.732174687088,1750.3],[-120.63618508168,39.732143506408,1750.3],[-120.63622212969,39.732118444517,1750.1],[-120.6362781208,39.732086760923,1750.1],[-120.63632589765,39.732062453404,1751.4],[-120.63637023792,39.732035296038,1751.4],[-120.63641709276,39.732008893043,1751.8],[-120.6364631094,39.731991207227,1751.8],[-120.63651063479,39.731964049861,1753.8],[-120.63657173887,39.731932701543,1755.5],[-120.63661331311,39.731907555833,1755.5],[-120.6366608385,39.731880398467,1757.7],[-120.63671163283,39.731853241101,1755.6],[-120.63676552847,39.731828011572,1757.7],[-120.63682260923,39.731806302443,1757.7],[-120.63685999252,39.731787107885,1759.6],[-120.63691204414,39.731756765395,1757.4],[-120.6369568035,39.731728853658,1759.4],[-120.63698655926,39.731703372672,1759.4],[-120.63703333028,39.731666240841,1759.2],[-120.6370730605,39.731638245285,1759.2],[-120.63711497001,39.731613602489,1759.2],[-120.63717087731,39.731585606933,1758.9],[-120.63721060753,39.731566244736,1758.9],[-120.63725310378,39.731541601941,1760.7],[-120.63730238937,39.731508325785,1760.7],[-120.63735175878,39.731477480382,1760.4],[-120.63739534467,39.731446383521,1760.4],[-120.63743708655,39.731420986354,1762.1],[-120.63748159446,39.731395170093,1760.3],[-120.63751721755,39.73137463443,1762.1],[-120.63755468465,39.731350494549,1762.1],[-120.63759508543,39.731317302212,1763.8],[-120.6376403477,39.731279751286,1762.5],[-120.63769013621,39.731243373826,1764.5],[-120.63773388974,39.731212612242,1764.5],[-120.63777588308,39.731180258095,1764.5],[-120.63781485893,39.73115125671,1767.4],[-120.63784855418,39.731128541753,1767.4],[-120.63789130189,39.731102641672,1770.5],[-120.63793664798,39.731067018583,1770.5],[-120.63796497881,39.73103877157,1770.7],[-120.63799666241,39.731002226472,1770.7],[-120.63803823665,39.730955539271,1769.0],[-120.638073273,39.73092100583,1771.1],[-120.63810663298,39.730886304751,1771.1],[-120.63814016059,39.730850094929,1769.8],[-120.63817352057,39.730815812945,1771.7],[-120.63820084557,39.730788990855,1771.7],[-120.63824434765,39.730749176815,1770.5],[-120.63827812672,39.730724785477,1772.1],[-120.6383317709,39.730686312541,1772.1],[-120.63837745227,39.730655383319,1772.6],[-120.63841584139,39.73063015379,1772.6],[-120.63846621662,39.730593189597,1774.1],[-120.63850988634,39.730558739975,1773.2],[-120.63855481334,39.730522949249,1774.7],[-120.63859487884,39.730491936207,1773.8],[-120.63863217831,39.730457486585,1775.3],[-120.63866176642,39.730424545705,1775.3],[-120.63869110309,39.7304007411,1775.3],[-120.6387488544,39.730362100527,1776.2],[-120.63880065456,39.730334188789,1776.2],[-120.63884742558,39.730305019766,1778.0],[-120.63889310695,39.730277108029,1778.0],[-120.63893359154,39.730246346444,1780.3],[-120.63896644861,39.730213992298,1780.3],[-120.63899796456,39.73018088378,1781.9],[-120.63903501257,39.730152804404,1781.9],[-120.63908413053,39.730127491057,1783.7],[-120.63912905753,39.730094717816,1782.5],[-120.63917188905,39.73005708307,1782.5],[-120.63921170309,39.730025399476,1784.3],[-120.63924464397,39.72999648191,1783.3],[-120.63926476054,39.729975275695,1783.3],[-120.63928982243,39.729948788881,1784.9],[-120.63931815326,39.729919284582,1783.9],[-120.63936391845,39.729882152751,1785.3],[-120.63941471279,39.72985365428,1785.3],[-120.63946944661,39.72983026877,1785.3],[-120.63952258788,39.729808475822,1785.3],[-120.63956717961,39.729778552428,1786.4],[-120.63960690983,39.729745946825,1786.4],[-120.63963909633,39.729716274887,1784.9],[-120.63967295922,39.729686016217,1786.1],[-120.6397129409,39.729652907699,1786.1],[-120.63975837082,39.7296234034,1785.8],[-120.63978871331,39.729600856081,1785.8],[-120.63982408494,39.72957235761,1785.8],[-120.6398639828,39.729546206072,1786.1],[-120.63991033472,39.729519886896,1786.1],[-120.63995056786,39.729491388425,1788.2],[-120.6399868615,39.72946071066,1787.3],[-120.64003203996,39.729424752295,1790.2],[-120.64008283429,39.729391727597,1790.2],[-120.64011770301,39.729368845001,1791.4],[-120.64016061835,39.72933690995,1791.4],[-120.64019816928,39.729316793382,1793.3],[-120.6402550824,39.729285445064,1793.3],[-120.64030470327,39.729261053726,1793.3],[-120.64035440795,39.729240350425,1793.3],[-120.64040553756,39.729218557477,1794.8],[-120.64044392668,39.729191316292,1794.8],[-120.640484998,39.729166673496,1794.9],[-120.64051894471,39.729143371806,1794.9],[-120.64056982286,39.729110347107,1796.4],[-120.64061022364,39.729082686827,1795.1],[-120.64065355808,39.729058379307,1795.1],[-120.64070049673,39.729034993798,1796.6],[-120.64075254835,39.729009261355,1796.6],[-120.64080392942,39.728983361274,1796.9],[-120.64085514285,39.728957461193,1798.4],[-120.64090677537,39.72892921418,1798.4],[-120.64095237292,39.728899626061,1798.8],[-120.64099470153,39.728867858648,1798.8],[-120.64102881588,39.728842377663,1798.8],[-120.6410822086,39.728804826736,1799.4],[-120.64112545922,39.728775573894,1799.4],[-120.64115848392,39.728753026575,1800.8],[-120.64120248891,39.72871103324,1800.1],[-120.64123710617,39.728676667437,1800.1],[-120.64127180725,39.728644229472,1801.5],[-120.64130567014,39.728612294421,1801.0],[-120.6413248647,39.728590250015,1801.0],[-120.64135143533,39.728547502309,1802.3],[-120.64136786386,39.72851280123,1802.4],[-120.64138286747,39.728480447084,1802.4],[-120.64139611088,39.728445662186,1802.4],[-120.64140725881,39.728413056582,1803.6],[-120.64142134041,39.728364022449,1803.6],[-120.64143558964,39.728315658867,1804.2],[-120.64144765958,39.72827995196,1806.2],[-120.6414631661,39.728237036616,1806.2],[-120.64148177393,39.728194456547,1806.2],[-120.64150842838,39.728153720498,1806.2],[-120.64154170454,39.728116840124,1807.8],[-120.64156291075,39.728078702465,1807.8],[-120.64157405868,39.728040313348,1807.5],[-120.64158160239,39.728001588956,1807.5],[-120.64159794711,39.727963618934,1807.2],[-120.64161932096,39.7279181052,1809.0],[-120.64163180999,39.727887511253,1809.0],[-120.6416450534,39.727846523747,1808.9],[-120.64164689742,39.727799585089,1808.9],[-120.64163239673,39.727760190144,1808.9],[-120.6416292116,39.72773194313,1808.9],[-120.64163147472,39.727694140747,1808.9],[-120.64162803814,39.72765407525,1808.9],[-120.64162778668,39.727617111057,1808.9],[-120.64163248055,39.727576877922,1809.1],[-120.6416454725,39.72752683796,1809.1],[-120.64166349359,39.727492723614,1809.3],[-120.6416886393,39.727457435802,1809.3],[-120.64171059988,39.727423489094,1810.7],[-120.64174245112,39.727390212938,1810.8],[-120.64178251661,39.727360289544,1810.8],[-120.64183163457,39.727325672284,1812.1],[-120.64186809584,39.727296503261,1812.1],[-120.64191310667,39.727271776646,1813.2],[-120.64195166342,39.727254929021,1813.2],[-120.64199399203,39.727230453864,1814.3],[-120.64204026014,39.72720304504,1814.4],[-120.6420920603,39.727173456922,1815.6],[-120.64213505946,39.727142527699,1815.6],[-120.64216716215,39.727112688124,1816.0],[-120.64220203087,39.727083267644,1817.3],[-120.64224368893,39.727046471089,1817.3],[-120.64226933755,39.727012105286,1818.3],[-120.64229029231,39.72698494792,1818.3],[-120.64232558012,39.726952174678,1818.3],[-120.64235256985,39.726921329275,1818.8],[-120.64237855375,39.726887214929,1818.8],[-120.64240336418,39.726850083098,1818.8],[-120.64243320376,39.726815968752,1818.9],[-120.64245843329,39.726788224652,1819.5],[-120.64247989096,39.726752769202,1819.6],[-120.6424950622,39.726710356772,1819.6],[-120.64251107164,39.726671967655,1819.6],[-120.64252942801,39.726630561054,1820.3],[-120.64255331643,39.726590076461,1820.3],[-120.64257745631,39.726559566334,1820.4],[-120.64259748906,39.726532492787,1820.4],[-120.64261911437,39.72649846226,1820.4],[-120.64263721928,39.726463006809,1820.9],[-120.64266647212,39.72641623579,1820.9],[-120.64268549904,39.726374996826,1820.7],[-120.64269958064,39.726338870823,1820.7],[-120.64270553179,39.726301571354,1820.4],[-120.64272078685,39.726268379018,1820.9],[-120.64275037497,39.726235689595,1820.9],[-120.64279655926,39.726215489209,1820.9],[-120.64282765612,39.726193528622,1820.7],[-120.64285070635,39.726162934676,1820.7],[-120.64287903719,39.726131334901,1820.7],[-120.64290334471,39.726109374315,1821.1],[-120.6429486908,39.726079870015,1820.8],[-120.64298758283,39.726060675457,1821.3],[-120.64303594641,39.726043744013,1821.3],[-120.64308263361,39.726028740406,1821.8],[-120.64313183539,39.726017341018,1821.7],[-120.64319076017,39.726009462029,1822.1],[-120.64325882122,39.726006612182,1822.7],[-120.64332621172,39.726012060419,1822.7],[-120.64340257086,39.726013401523,1823.3],[-120.64347909763,39.726016083732,1824.0],[-120.64355369657,39.726021531969,1824.8],[-120.64362267964,39.726030752063,1825.6],[-120.64368822612,39.72603963688,1825.6],[-120.64375335351,39.726047348231,1826.3],[-120.64382602461,39.72605606541,1826.9],[-120.64389651641,39.726064531133,1827.5],[-120.64396549948,39.726071488112,1827.5],[-120.64403096214,39.72608380951,1828.1],[-120.64409273677,39.726101243868,1828.5],[-120.64415375702,39.726120941341,1828.5],[-120.64421192743,39.726139716804,1828.9],[-120.64426397905,39.726166287437,1829.2],[-120.64432994463,39.726200737059,1828.8],[-120.64437654801,39.726234599948,1829.0],[-120.64443874173,39.726281119511,1829.2],[-120.64449590631,39.72633141093,1828.5],[-120.6445711758,39.726386982948,1827.7],[-120.64464292489,39.726451104507,1827.6],[-120.64471014775,39.726482620463,1827.0],[-120.64478105865,39.726507430896,1827.0],[-120.64487091266,39.726544898003,1827.1],[-120.64498540945,39.72658068873,1826.9],[-120.64508951269,39.726608851925,1827.6],[-120.64519135281,39.726623436436,1828.1],[-120.64525815658,39.726637434214,1828.1],[-120.64533811994,39.726660987362,1828.7],[-120.64540391788,39.726661574095,1829.2],[-120.6454506889,39.726655203849,1829.6],[-120.64552017488,39.726643050089,1829.6],[-120.64557767473,39.726625867188,1830.2],[-120.6456431374,39.726601811126,1831.2],[-120.64568974078,39.72657289356,1830.9],[-120.64575654455,39.72653743811,1831.8],[-120.64589560032,39.726435681805,1833.6],[-120.64592803828,39.72639972344,1833.6],[-120.64595754258,39.726366195828,1833.6],[-120.64597179182,39.726347085088,1833.6],[-120.64598646015,39.726334679872,1833.6],[-120.64599987119,39.72632621415,1833.6],[-120.64600422978,39.72632621415,1833.6],[-120.64600498416,39.726324034855,1833.6],[-120.64600733109,39.726318670437,1833.6],[-120.64600934274,39.726314647123,1833.6],[-120.64601453952,39.726305762306,1834.9],[-120.64601621591,39.726304421201,1834.9],[-120.64601621591,39.726296206936,1835.0],[-120.64601713791,39.726291764528,1835.0],[-120.64601889811,39.726292351261,1835.0],[-120.6460236758,39.726293943822,1835.0],[-120.6460377574,39.726283047348,1835.0],[-120.64603289589,39.726282125339,1835.0],[-120.64604504965,39.726282628253,1835.0],[-120.64605695195,39.72628463991,1835.0],[-120.64604588784,39.726288747042,1835.0],[-120.64604052342,39.726286148652,1835.0],[-120.64604504965,39.726287154481,1835.0],[-120.64604647458,39.726286483929,1835.0],[-120.64605309628,39.726277850568,1835.0],[-120.64607270993,39.726292015985,1835.0],[-120.64607162029,39.726292099804,1835.0],[-120.64606835134,39.726292770356,1835.0],[-120.64606013708,39.726301990449,1835.0],[-120.64606499858,39.72630190663,1835.0],[-120.64607656561,39.726297045127,1835.0],[-120.64609441906,39.726287741214,1835.0],[-120.64609651454,39.726285897195,1835.0],[-120.64610389061,39.726282795891,1835.0],[-120.64611646347,39.726275252178,1835.0],[-120.64613104798,39.726213477552,1836.8],[-120.64614244737,39.726180117577,1837.0],[-120.6461672578,39.726128149778,1837.0],[-120.64620086923,39.726059418172,1837.2],[-120.64620824531,39.726029410958,1837.2],[-120.64624244347,39.725900581107,1839.4],[-120.64624965191,39.725861437619,1839.4],[-120.64626473933,39.725813660771,1839.9],[-120.64627756365,39.725775271654,1839.9],[-120.64628695138,39.725734367967,1841.5],[-120.64629709348,39.725693129003,1841.5],[-120.64630396664,39.725651638582,1841.5],[-120.64630472101,39.725608471781,1843.1],[-120.64630564302,39.725569076836,1843.1],[-120.64631410874,39.725530268624,1844.5],[-120.64633204602,39.72548995167,1844.5],[-120.64637110569,39.725445192307,1844.3],[-120.64640790224,39.725382830948,1845.7],[-120.64643606544,39.72535491921,1845.4],[-120.64646255225,39.72532633692,1845.4],[-120.64648669213,39.72528995946,1845.4],[-120.64650739543,39.725262634456,1846.3],[-120.64654318616,39.725227262825,1846.3],[-120.64656732604,39.725198764354,1846.3],[-120.64660420641,39.725160961971,1847.3],[-120.64667000435,39.725114442408,1849.4],[-120.64671032131,39.725081333891,1848.7],[-120.64675482921,39.725047303364,1848.7],[-120.64679321833,39.725014613941,1851.0],[-120.64682330936,39.724986618385,1851.2],[-120.64686823636,39.724958203733,1854.0],[-120.64692556858,39.724925681949,1854.0],[-120.64696848392,39.724895171821,1855.1],[-120.6470071245,39.724854184315,1855.1],[-120.64703964628,39.724820153788,1855.1],[-120.64706563018,39.724792409688,1855.3],[-120.64709857106,39.724750500172,1855.3],[-120.647137044,39.724693754688,1854.2],[-120.64716520719,39.724659975618,1855.4],[-120.64719663933,39.72462602891,1855.4],[-120.64724768512,39.724586633965,1855.7],[-120.64728850499,39.724550591782,1855.7],[-120.64733971842,39.724509771913,1856.3],[-120.64738682471,39.724465683103,1856.3],[-120.64742580056,39.724425114691,1857.0],[-120.64745672978,39.724385971203,1857.0],[-120.64749822021,39.724343223497,1857.0],[-120.64754205756,39.724304499105,1857.8],[-120.64759586938,39.724258901551,1857.8],[-120.64764859155,39.724223949015,1858.3],[-120.64768454991,39.724187068641,1858.3],[-120.64771221019,39.724142728373,1858.6],[-120.64774691127,39.724110458046,1858.6],[-120.64779141918,39.724073158577,1858.6],[-120.64783710055,39.724040217698,1858.8],[-120.64787699841,39.724010713398,1858.8],[-120.64792309888,39.723983136937,1860.7],[-120.64796173945,39.723952459171,1859.5],[-120.64799845219,39.723922451958,1861.8],[-120.64803424291,39.723895043135,1861.8],[-120.64807330258,39.723860677332,1864.0],[-120.64811915159,39.723820528015,1864.0],[-120.64816030674,39.723789766431,1866.1],[-120.64820179716,39.723760765046,1867.0],[-120.64824496396,39.723728913814,1867.0],[-120.64828637056,39.723694296554,1868.9],[-120.64832517877,39.723654566333,1868.9],[-120.64835552126,39.723614417017,1871.0],[-120.64837865531,39.723583739251,1870.8],[-120.64839852042,39.723538309336,1870.8],[-120.64840681851,39.723513079807,1870.8],[-120.64842475578,39.723475780338,1870.7],[-120.64843959175,39.723443007097,1872.7],[-120.64845861867,39.723401349038,1872.8],[-120.64847060479,39.723355919123,1872.8],[-120.64848636277,39.723291965201,1872.8],[-120.64849918708,39.723248630762,1872.8],[-120.64851184376,39.723196076229,1872.8],[-120.64852475189,39.723157100379,1872.8],[-120.6485428568,39.723121058196,1874.6],[-120.64855635166,39.723083423451,1874.6],[-120.64856029116,39.723042268306,1874.4],[-120.6485653203,39.722998011857,1874.4],[-120.64856498502,39.722961047664,1874.4],[-120.64856540412,39.722906397656,1874.2],[-120.64856565557,39.722865242511,1874.2],[-120.64856993034,39.722807742655,1874.0],[-120.64859373495,39.722767174244,1874.0],[-120.64861192368,39.722728952765,1874.1],[-120.64861678518,39.722689222544,1874.1],[-120.6486186292,39.722651001066,1874.2],[-120.64862877131,39.722612611949,1874.2],[-120.64864662476,39.722572462633,1876.0],[-120.64867177047,39.722527787089,1876.0],[-120.64870286733,39.722495935857,1876.0],[-120.64874268137,39.722450505942,1878.9],[-120.64877989702,39.722402812913,1878.9],[-120.6488145981,39.722361322492,1880.9],[-120.64884276129,39.722320921719,1882.4],[-120.64886120148,39.722284544259,1882.9],[-120.64887486398,39.722246993333,1882.9],[-120.6488978304,39.72221522592,1882.9],[-120.64890998416,39.722182787955,1882.8],[-120.64892113209,39.722098717466,1882.4],[-120.64896102995,39.722047504038,1884.2],[-120.64897645265,39.721989501268,1883.8],[-120.64898097888,39.721946669742,1883.8],[-120.6489819847,39.72191481851,1883.3],[-120.64898516983,39.721876177937,1883.3],[-120.6489978265,39.721837705001,1883.3],[-120.6490035262,39.721789928153,1882.8],[-120.64902020618,39.721731841564,1884.4],[-120.64903638326,39.721682472154,1884.4],[-120.64904903993,39.72164307721,1884.1],[-120.64905163832,39.721589433029,1884.1],[-120.64906798303,39.72155045718,1883.9],[-120.64908575267,39.721470326185,1883.9],[-120.64911073074,39.721422130242,1886.5],[-120.64913009293,39.721383070573,1886.5],[-120.64916504547,39.721350716427,1888.1],[-120.64920737408,39.721306711435,1889.9],[-120.64925925806,39.721265388653,1892.6],[-120.64927074127,39.721224820241,1892.6],[-120.64927736297,39.721172265708,1894.5],[-120.64929270186,39.721098840237,1894.5],[-120.64930234104,39.721056427807,1896.8],[-120.64930242486,39.721018541604,1896.8],[-120.64930468798,39.720975793898,1896.9],[-120.64931281842,39.720927514136,1896.9],[-120.64931885339,39.720880240202,1896.8],[-120.64931818284,39.720837073401,1896.8],[-120.64932539128,39.720792733133,1896.8],[-120.64934148453,39.720745710656,1896.8],[-120.64936713316,39.720689384267,1896.8],[-120.64938381314,39.720646468922,1899.1],[-120.64939454198,39.720604140311,1899.4],[-120.64941641875,39.720555609092,1899.4],[-120.64943041652,39.72051076591,1901.3],[-120.64944340847,39.720463240519,1901.3],[-120.64945505932,39.72041730769,1904.1],[-120.64947173931,39.720369949937,1905.7],[-120.64948649146,39.720329381526,1907.1],[-120.64950476401,39.720291579142,1907.1],[-120.64951624721,39.72025805153,1907.1],[-120.64952110872,39.720220835879,1907.3],[-120.64952186309,39.720186218619,1907.3],[-120.64953560941,39.7201601509,1907.2],[-120.64953125082,39.720127796754,1907.2],[-120.6495263055,39.720093011856,1907.2],[-120.64952965826,39.720038864762,1906.9],[-120.64953946508,39.719983544201,1906.9],[-120.64955078065,39.71994381398,1906.4],[-120.64959227107,39.719892097637,1908.5],[-120.64962588251,39.719850104302,1907.9],[-120.64964977093,39.71978707239,1907.9],[-120.64965253696,39.719722950831,1907.4],[-120.64965412952,39.719665367156,1906.8],[-120.64964943565,39.719625720754,1906.8],[-120.64963518642,39.719585236162,1906.5],[-120.64967240207,39.719541985542,1909.6],[-120.64973208122,39.719498483464,1909.6],[-120.64978899434,39.719466045499,1914.2],[-120.64981740899,39.719419777393,1914.2],[-120.64982763492,39.71938197501,1916.9],[-120.64984129742,39.719327660277,1916.9],[-120.64985336736,39.719282230362,1919.1],[-120.64987096936,39.719242500141,1919.1],[-120.64988773316,39.719202183187,1918.7],[-120.64989829436,39.719157591462,1918.7],[-120.64990852028,39.71911191009,1918.3],[-120.64992151223,39.719067569822,1918.3],[-120.64993123524,39.71903052181,1917.7],[-120.64994875342,39.718974363059,1920.2],[-120.64995797351,39.718925245106,1919.7],[-120.64997741953,39.718876797706,1919.7],[-120.64999619499,39.718842096627,1918.9],[-120.65001714975,39.718800187111,1918.9],[-120.65004011616,39.718745788559,1920.8],[-120.65005847253,39.718702286482,1920.8],[-120.65007942729,39.718660544604,1920.8],[-120.6500940118,39.718630285934,1919.9],[-120.65011530183,39.718580832705,1919.9],[-120.65012896433,39.718545628712,1918.8],[-120.65014195628,39.718504138291,1921.0],[-120.65016224049,39.718462396413,1920.1],[-120.65019953996,39.718418894336,1920.1],[-120.65022057854,39.71838905476,1920.1],[-120.65024740063,39.718342535198,1921.2],[-120.65026349388,39.71831034869,1921.2],[-120.65029366873,39.718261733651,1920.3],[-120.65032090992,39.718222757801,1922.5],[-120.65034546889,39.718189062551,1922.5],[-120.65038025379,39.718144387007,1921.4],[-120.65040313639,39.718110272661,1921.4],[-120.65041411668,39.718064256012,1920.4],[-120.65042015165,39.718017652631,1922.3],[-120.65042870119,39.717960404232,1921.1],[-120.65044186078,39.717913381755,1920.2],[-120.65045543946,39.717876501381,1920.2],[-120.65046876669,39.717825790867,1920.2],[-120.6504833512,39.717778852209,1919.4],[-120.65050749108,39.7177259624,1918.8],[-120.65052559599,39.717690171674,1921.0],[-120.65055032261,39.717644993216,1921.1],[-120.65056985244,39.717593444511,1921.1],[-120.65059030429,39.717540051788,1921.7],[-120.65060120076,39.717502165586,1921.7],[-120.65061737783,39.717445001006,1925.4],[-120.65063246526,39.717395547777,1925.4],[-120.65064989962,39.717342574149,1925.3],[-120.65067144111,39.717290438712,1925.3],[-120.65069113858,39.717240147293,1925.0],[-120.65070949495,39.717188850045,1926.9],[-120.65073137172,39.717135122046,1926.7],[-120.65075450577,39.717071503401,1926.8],[-120.65077286214,39.71701182425,1926.8],[-120.65078711137,39.716950552538,1926.8],[-120.6508057192,39.716891460121,1928.2],[-120.65083203837,39.716835133731,1928.2],[-120.65085475333,39.716790458187,1928.1],[-120.65087813884,39.716721056029,1928.1],[-120.65089213662,39.716662634164,1927.8],[-120.65090906806,39.716608319432,1929.2],[-120.65091694705,39.716550903395,1929.2],[-120.65091812052,39.716503126547,1929.1],[-120.65092616715,39.716445459053,1929.1],[-120.65092893317,39.716389635578,1929.2],[-120.65092038363,39.716327190399,1929.9],[-120.65090504475,39.716281425208,1929.9],[-120.65089364536,39.716239180416,1929.5],[-120.65087025985,39.716170029715,1929.5],[-120.65084855072,39.716116553172,1930.9],[-120.65082541667,39.716076320037,1930.9],[-120.65079490654,39.716028375551,1930.9],[-120.65074386075,39.715969786048,1932.2],[-120.65070161596,39.715922093019,1930.6],[-120.65067462623,39.715879093856,1932.0],[-120.65062433481,39.715821342543,1932.0],[-120.65057412721,39.715771051124,1931.5],[-120.65051687881,39.715724280104,1929.4],[-120.65045963041,39.715684214607,1930.7],[-120.65041914582,39.715634677559,1928.4],[-120.65039919689,39.715574076399,1929.8],[-120.65038721077,39.715513307601,1930.9],[-120.65037690103,39.715448934585,1930.9],[-120.65036768094,39.715384813026,1932.0],[-120.65036701038,39.715333012864,1932.0],[-120.65036198124,39.715266209096,1933.1],[-120.65035393462,39.715189766139,1934.3],[-120.65034404397,39.715123297647,1931.8],[-120.65033247694,39.715067557991,1931.8],[-120.65031445585,39.714986169711,1932.7],[-120.65029383637,39.714915007353,1933.7],[-120.6502604764,39.714839318767,1934.6],[-120.65023222938,39.714778717607,1932.6],[-120.65018529072,39.714688109234,1932.6],[-120.65010842867,39.714468000457,1932.5],[-120.65008085221,39.714395496994,1933.1],[-120.65005587414,39.71430673264,1931.2],[-120.65002083778,39.714065836743,1931.0],[-120.65000734292,39.71400372684,1929.1],[-120.64998823218,39.71394916065,1929.1],[-120.64995654859,39.713900461793,1926.0],[-120.64991656691,39.713839860633,1926.3],[-120.64986610785,39.713783450425,1924.3],[-120.64965086058,39.713546577841,1923.0],[-120.64959461801,39.713477930054,1922.7],[-120.64948691055,39.713327391073,1922.3],[-120.6493823044,39.713165285066,1922.4],[-120.64933352172,39.713076436892,1920.9],[-120.64929362386,39.712989013642,1921.3],[-120.64926051535,39.712894298136,1921.5],[-120.64920150675,39.712694976479,1919.5],[-120.64919061027,39.712615935132,1919.1],[-120.64917024225,39.712500013411,1917.8],[-120.64915523864,39.712418038398,1915.4],[-120.64912707545,39.712214861065,1912.5],[-120.6490775384,39.712012605742,1912.0],[-120.64902548678,39.711897270754,1910.4],[-120.64895340241,39.711819151416,1909.2],[-120.64886170439,39.711761651561,1907.6],[-120.64878056757,39.711723178625,1907.4],[-120.64867830835,39.711671965197,1904.4],[-120.64855626784,39.711602646858,1902.5],[-120.64845970832,39.711540285498,1901.6],[-120.64836281352,39.711468201131,1900.5],[-120.64827832393,39.711385387927,1900.1],[-120.64821805805,39.711311459541,1899.7],[-120.64815997146,39.711217666045,1900.2],[-120.64811781049,39.711125297472,1899.8],[-120.64806953073,39.711039885879,1900.4],[-120.64794547856,39.710864536464,1900.8],[-120.64783961512,39.71066580154,1900.0],[-120.64778462984,39.71048835665,1901.2],[-120.64776317216,39.710388276726,1902.3],[-120.64774892293,39.710295153782,1903.7],[-120.64772788435,39.710185434669,1904.9],[-120.64770852216,39.710096335039,1906.0],[-120.64770089462,39.71002693288,1906.7],[-120.64768723212,39.709924925119,1907.3],[-120.64767030068,39.709839681163,1907.5],[-120.64765429124,39.709777235985,1907.1],[-120.64762570895,39.709701128304,1907.1],[-120.64760198817,39.709663661197,1907.0],[-120.64757323824,39.709614627063,1907.0],[-120.64753971063,39.709546314552,1906.0],[-120.64745186828,39.709340706468,1904.3],[-120.6474017445,39.709256468341,1903.9],[-120.64723737538,39.70913618803,1900.9],[-120.64713679254,39.709096541628,1898.2],[-120.6470401492,39.709074497223,1895.3],[-120.64694208093,39.709062846377,1892.6],[-120.64683906734,39.709064941853,1890.8],[-120.64673488028,39.709066366777,1889.9],[-120.64663723111,39.709054548293,1889.7],[-120.64655332826,39.709007358178,1889.1],[-120.64648543485,39.708937872201,1889.0],[-120.64643883146,39.708871990442,1888.9],[-120.64636825584,39.708767971024,1888.5],[-120.64631016925,39.708674764261,1888.1],[-120.64619273879,39.708485417068,1887.4],[-120.6461711973,39.708384498954,1887.0],[-120.64616432413,39.708283497021,1887.1],[-120.64618276432,39.708181153983,1887.6],[-120.64621796831,39.708076547831,1887.8],[-120.64626490697,39.707984514534,1888.3],[-120.64630656503,39.707909161225,1888.5],[-120.6463350635,39.707837412134,1888.5],[-120.64635006711,39.707773206756,1889.0],[-120.64637462609,39.707709839568,1889.1],[-120.64640924335,39.707644125447,1889.2],[-120.64642617479,39.707572460175,1889.2],[-120.6464389991,39.707373389974,1889.4],[-120.64643179066,39.707308765501,1889.6],[-120.64643095247,39.707241961733,1889.7],[-120.64643137157,39.707181360573,1889.7],[-120.64643422142,39.707124195993,1889.8],[-120.64644562081,39.707067534328,1889.7],[-120.64645752311,39.707010872662,1889.7],[-120.64644847065,39.706955971196,1889.7],[-120.64641712233,39.706902997568,1889.8],[-120.64639247954,39.706854214892,1889.8],[-120.64636096358,39.706812389195,1889.8],[-120.64631645568,39.706775844097,1889.6],[-120.64626599662,39.706737706438,1889.6],[-120.64620782621,39.706691857427,1889.4],[-120.64616164193,39.706641649827,1889.1],[-120.64612811431,39.706587167457,1889.1],[-120.64610682428,39.706533188,1889.0],[-120.64610380679,39.706478873268,1889.0],[-120.6461117696,39.706425396726,1889.2],[-120.6461258512,39.706370076165,1889.2],[-120.64613859169,39.706309475005,1889.2],[-120.64616641961,39.706210484728,1889.4],[-120.6461756397,39.7061592713,1889.5],[-120.64618611708,39.706111410633,1889.5],[-120.64620371908,39.706062963232,1889.9],[-120.64622752368,39.706012504175,1889.9],[-120.64625065774,39.705963805318,1889.9],[-120.64626867883,39.705912088975,1889.9],[-120.64627261832,39.705823827535,1890.0],[-120.64625862055,39.705770350993,1890.0],[-120.64622048289,39.705735482275,1890.2],[-120.64617471769,39.705699943006,1890.0],[-120.64611889422,39.705666583031,1889.7],[-120.64606240019,39.705634312704,1889.9],[-120.64600707963,39.705600114539,1889.6],[-120.64589794725,39.705552505329,1889.2],[-120.64585327171,39.705534484237,1889.3],[-120.64580817707,39.70551436767,1888.9],[-120.64577179961,39.705476649106,1888.9],[-120.64573508687,39.7054321412,1888.7],[-120.6457017269,39.705384280533,1888.7],[-120.64567549154,39.705337006599,1888.8],[-120.64562394284,39.705245727673,1888.6],[-120.64558203332,39.705157550052,1888.7],[-120.64556208439,39.705114886165,1888.3],[-120.64554590732,39.705069037154,1888.4],[-120.6455299817,39.705022014678,1888.4],[-120.64551925287,39.704974489287,1888.5],[-120.64551715739,39.704933082685,1888.5],[-120.64550818875,39.704887317494,1888.7],[-120.6454907544,39.704844653606,1888.3],[-120.64547155984,39.704803414643,1888.5],[-120.64545915462,39.704762594774,1888.5],[-120.64545462839,39.704721942544,1888.6],[-120.64545186237,39.704681290314,1888.6],[-120.64544616267,39.704648181796,1888.6],[-120.64544532448,39.704617252573,1888.7],[-120.64544297755,39.704583641142,1888.7],[-120.64542235807,39.704469982535,1888.8],[-120.64541347325,39.704385912046,1888.9],[-120.64541447908,39.704342409968,1888.9],[-120.64541171305,39.704220872372,1889.2],[-120.64542688429,39.704076116905,1889.2],[-120.64543828368,39.704041080549,1889.2],[-120.64544633031,39.704008726403,1889.2],[-120.64546393231,39.703962877393,1889.3],[-120.64548094757,39.703749474138,1889.4],[-120.64542353153,39.703611005098,1889.0],[-120.64536586404,39.703520732,1888.8],[-120.64534734003,39.703486450016,1889.0],[-120.64534164034,39.703442612663,1889.0],[-120.64534247853,39.703399781138,1889.0],[-120.64534884878,39.703373126686,1889.2],[-120.64535094425,39.703321745619,1889.2],[-120.64535169862,39.703282518312,1889.3],[-120.64535697922,39.703237591311,1889.3],[-120.64533367753,39.703168356791,1889.3],[-120.6453326717,39.703123597428,1889.3],[-120.64532655291,39.703078502789,1889.5],[-120.64529688098,39.702947158366,1889.6],[-120.6452771835,39.702908601612,1889.6],[-120.64526159316,39.702871721238,1889.6],[-120.64520602114,39.702782202512,1889.7],[-120.64514399506,39.702702071518,1889.8],[-120.64510753378,39.702668963,1889.7],[-120.64507199451,39.702634010464,1889.9],[-120.64501742832,39.702574834228,1889.7],[-120.64494207501,39.702516831458,1890.0],[-120.64490284771,39.702494200319,1889.8],[-120.6448737625,39.702476430684,1889.8],[-120.64482154325,39.702452374622,1889.9],[-120.64477468841,39.702432844788,1889.9],[-120.64473085105,39.70241448842,1889.7],[-120.6446852535,39.70239973627,1889.7],[-120.64463647082,39.702390348539,1889.5],[-120.64458668232,39.702375344932,1889.5],[-120.64444460906,39.70231147483,1889.7],[-120.64440311864,39.702297225595,1889.7],[-120.64436514862,39.702283563092,1890.0],[-120.64432994463,39.702268727124,1890.0],[-120.64429633319,39.702242659405,1890.0],[-120.64426481724,39.702225811779,1890.2],[-120.64422693104,39.702200917527,1890.2],[-120.64415618777,39.702160265297,1889.8],[-120.64411645755,39.702137047425,1889.8],[-120.64407161437,39.702120870352,1889.9],[-120.64402090386,39.702094467357,1889.9],[-120.64396751113,39.702065801248,1889.7],[-120.64390992746,39.702040823177,1889.5],[-120.64386600628,39.702015342191,1889.5],[-120.6438215822,39.701993549243,1889.5],[-120.643774895,39.701972343028,1889.5],[-120.64372854307,39.701947532594,1889.3],[-120.64368546009,39.701918363571,1889.3],[-120.64364707097,39.701888859272,1889.6],[-120.64358940348,39.701842758805,1889.1],[-120.64354699105,39.701807722449,1889.5],[-120.64351866022,39.701775284484,1888.9],[-120.64347616397,39.701738236472,1888.9],[-120.6434335839,39.701697584242,1888.7],[-120.64340148121,39.7016665712,1888.7],[-120.64337608404,39.701639246196,1888.7],[-120.64335881732,39.701607478783,1888.5],[-120.64334825613,39.701568335295,1888.5],[-120.64334104769,39.70152718015,1888.7],[-120.6433419697,39.701486108825,1888.7],[-120.64335018396,39.701450318098,1888.7],[-120.64336585812,39.70141469501,1889.4],[-120.64338538796,39.701379658654,1889.4],[-120.6434044987,39.701341269538,1889.6],[-120.64342629164,39.701310591772,1889.6],[-120.64344774932,39.70127446577,1889.6],[-120.64346509986,39.701237250119,1890.3],[-120.64349795692,39.701171703637,1890.5],[-120.64351421781,39.701139684767,1890.5],[-120.64352620393,39.701104229316,1890.5],[-120.64353726804,39.701069444418,1891.0],[-120.64356476068,39.700997108594,1891.3],[-120.6435890682,39.700977159664,1891.9],[-120.64359996468,39.700972381979,1891.9],[-120.64360566437,39.700968945399,1891.9],[-120.64360868186,39.700966095552,1891.9],[-120.64360633492,39.700968191028,1891.9],[-120.64359250478,39.70096886158,1891.9],[-120.64356735907,39.700974393636,1891.9],[-120.64351379871,39.70095503144,1891.5],[-120.64347708598,39.700926700607,1891.5],[-120.64345763996,39.700890658423,1891.8],[-120.64344054088,39.700816227123,1891.3],[-120.64342503436,39.700785884634,1891.7],[-120.64342453144,39.700754368678,1891.7],[-120.64344037324,39.700679350644,1892.1],[-120.64343475737,39.700646409765,1892.1],[-120.64339938574,39.700570553541,1892.2],[-120.64337817952,39.700535768643,1892.2],[-120.64337398857,39.700504252687,1892.3],[-120.64336510375,39.700483297929,1891.8],[-120.64333928749,39.70045295544,1891.8],[-120.64330182038,39.700415823609,1891.9],[-120.64317215234,39.700305182487,1890.9],[-120.6431446597,39.700279282406,1890.9],[-120.64312487841,39.700262015685,1890.9],[-120.64311725087,39.700258830562,1890.9],[-120.64310467802,39.700264530256,1890.9],[-120.64310166053,39.700272744521,1890.9],[-120.64308942296,39.700287915766,1890.4],[-120.64307299443,39.700308786705,1890.4],[-120.64306352288,39.700324963778,1890.4],[-120.64305840991,39.700329490006,1890.4],[-120.64305296168,39.700335692614,1890.3],[-120.64304717816,39.700348768383,1890.3],[-120.64304701053,39.700351115316,1890.3],[-120.64304885454,39.700354300439,1890.3],[-120.64307777211,39.700368214399,1890.3],[-120.64309939742,39.700379194692,1890.3],[-120.6431631837,39.700408866629,1890.7],[-120.64318003133,39.700414063409,1890.7],[-120.64318774268,39.700426887721,1890.7],[-120.64319101162,39.700440047309,1890.6],[-120.64319998026,39.700470892712,1890.6],[-120.64320006408,39.700496038422,1890.6],[-120.64319956116,39.700512886047,1890.6],[-120.64320023172,39.700516574085,1890.6],[-120.64319226891,39.700486566871,1890.6],[-120.64319780096,39.700433090329,1890.6],[-120.64321297221,39.700408028439,1891.3],[-120.64323870465,39.700389839709,1891.3],[-120.64327550121,39.700384391472,1891.3],[-120.64331129193,39.700389085338,1891.9],[-120.64333576709,39.700408028439,1891.9],[-120.64334993251,39.700424289331,1891.9],[-120.64336233772,39.700479190797,1891.8],[-120.64335596748,39.700504671782,1891.8],[-120.64335152507,39.700510706753,1891.8],[-120.64335043542,39.700513305143,1891.8],[-120.64335051924,39.700506180525,1891.8],[-120.64334557392,39.700483297929,1891.8],[-120.64334012568,39.700469216332,1891.8],[-120.64337030053,39.7004356049,1891.8],[-120.64338807017,39.700433928519,1892.3],[-120.643389998,39.700436526909,1892.3],[-120.64339678735,39.70043996349,1892.3],[-120.64339670353,39.700444070622,1892.3],[-120.64340458252,39.700469551608,1892.3],[-120.64340894111,39.700488327071,1892.3],[-120.64341120422,39.700524453074,1892.2],[-120.64339578152,39.700665185228,1892.1],[-120.64341313206,39.700699886307,1892.1],[-120.64343526028,39.700735006481,1891.7],[-120.64344976097,39.700770881027,1891.7],[-120.64348278567,39.700832152739,1891.3],[-120.64351044595,39.700831566006,1891.8],[-120.64354841597,39.700821340084,1891.8],[-120.64356056973,39.70081564039,1891.8],[-120.64371094108,39.700728552416,1893.1],[-120.64372728579,39.700702819973,1893.3],[-120.6437370088,39.700681949034,1893.3],[-120.64374044538,39.700678512454,1893.3],[-120.64375385642,39.700669292361,1893.3],[-120.64383147284,39.700561081991,1894.1],[-120.64385200851,39.70052914694,1894.1],[-120.64387782477,39.700451362878,1894.7],[-120.64388478175,39.70041741617,1895.0],[-120.64389836043,39.700381793082,1895.0],[-120.64397849143,39.700203342363,1895.9],[-120.64399684779,39.700143244117,1896.0],[-120.6440052297,39.700100328773,1896.0],[-120.64401872456,39.700056239963,1896.2],[-120.64403087832,39.700010977685,1896.2],[-120.64404563047,39.699960602447,1896.2],[-120.64406742342,39.699916345999,1896.7],[-120.64408971928,39.699871502817,1896.7],[-120.64412567765,39.69977687113,1896.6],[-120.64414093271,39.699724484235,1897.3],[-120.6441611331,39.699662793428,1897.5],[-120.64419616945,39.699606886134,1897.5],[-120.64424101263,39.699558941647,1898.1],[-120.64429817721,39.6995094046,1898.1],[-120.64434411004,39.699468081817,1898.8],[-120.64438342117,39.699405133724,1898.8],[-120.64446036704,39.699316956103,1898.8],[-120.64450479113,39.699210254475,1899.3],[-120.64451845363,39.699173122644,1899.3],[-120.64453069121,39.699106654152,1899.4],[-120.64453681,39.699050327763,1899.4],[-120.64455390908,39.699016632512,1899.4],[-120.64456203952,39.698969526216,1899.4],[-120.64457142726,39.698913618922,1899.6],[-120.64457050525,39.698863076046,1899.6],[-120.64457528293,39.698814209551,1899.7],[-120.64458475448,39.698773138225,1899.7],[-120.64458684996,39.698718907312,1899.8],[-120.64458693378,39.69866534695,1900.1],[-120.64459146,39.698619833216,1900.1],[-120.64459967427,39.698579767719,1900.7],[-120.64460176975,39.698517741635,1900.7],[-120.64459598623,39.698465857655,1900.8],[-120.64459607005,39.698429312557,1900.8],[-120.64459372312,39.698382457718,1901.1],[-120.64458626322,39.698319258168,1901.1],[-120.64457511529,39.698278857395,1901.4],[-120.64455717802,39.698220603168,1901.4],[-120.64453965984,39.698180705309,1901.8],[-120.64452222548,39.698126809672,1901.8],[-120.64450487494,39.698081715032,1902.7],[-120.64447285607,39.69803863205,1902.7],[-120.64444377087,39.698003679514,1902.9],[-120.64440655522,39.697954058647,1903.2],[-120.64437939785,39.697906281799,1903.2],[-120.64436053857,39.697861103341,1903.2],[-120.64434092492,39.697819445282,1903.3],[-120.64431603067,39.697763035074,1903.8],[-120.64424729906,39.69760755077,1904.3],[-120.64423522912,39.697578046471,1904.6],[-120.64421528019,39.697534209117,1904.9],[-120.6441990193,39.697505291551,1904.9],[-120.64417119138,39.697463633493,1905.2],[-120.64415778033,39.697423735633,1905.2],[-120.64414612949,39.697382664308,1905.2],[-120.64412450418,39.697323571891,1905.5],[-120.64410958439,39.697287445888,1905.8],[-120.64409751445,39.697243440896,1905.8],[-120.64408812672,39.697205135599,1905.8],[-120.64408167265,39.697161884978,1906.2],[-120.64407505095,39.697118047625,1906.2],[-120.6440669205,39.697074042633,1906.5],[-120.64406264573,39.697031546384,1906.5],[-120.64406147227,39.696991480887,1907.4],[-120.64405661076,39.696949319914,1907.4],[-120.64404194243,39.69688905403,1908.2],[-120.6440325547,39.696849826723,1908.2],[-120.64402040094,39.696806576103,1909.3],[-120.64399894327,39.69676525332,1909.3],[-120.64396625385,39.696722421795,1909.3],[-120.64394161105,39.696694845334,1910.1],[-120.64391311258,39.696649918333,1909.9],[-120.64388134517,39.696608092636,1910.7],[-120.64384153113,39.696567608044,1910.7],[-120.64380900934,39.696521339938,1911.6],[-120.64377523027,39.696482447907,1911.6],[-120.64373575151,39.696445567533,1911.4],[-120.64369711094,39.696410028264,1912.0],[-120.64365972765,39.696374572814,1911.8],[-120.64363055862,39.696346241981,1912.5],[-120.64358445816,39.696298213676,1912.5],[-120.64354640432,39.696259489283,1913.2],[-120.64350885339,39.69622596167,1913.2],[-120.64346468076,39.69617231749,1913.0],[-120.64343903214,39.696130827069,1913.5],[-120.64341329969,39.696086989716,1913.5],[-120.64339402132,39.696035860106,1913.7],[-120.64337172545,39.695978863165,1913.7],[-120.64332285896,39.695887919515,1914.3],[-120.64328069799,39.695832431316,1914.9],[-120.64324826002,39.695781134069,1915.5],[-120.64323023893,39.695745427161,1915.5],[-120.64320584759,39.695698237047,1916.0],[-120.64317600802,39.695651466027,1915.9],[-120.64315102994,39.695600587875,1916.4],[-120.6431464199,39.695547530428,1916.4],[-120.64312638715,39.695513751358,1916.8],[-120.64309721813,39.695481732488,1916.6],[-120.64305388369,39.695432614535,1916.6],[-120.64301800914,39.695398081094,1917.1],[-120.64298339188,39.695363296196,1916.8],[-120.64294835553,39.695321051404,1917.4],[-120.64292044379,39.695287020877,1917.1],[-120.6428865809,39.695248045027,1917.1],[-120.64285020344,39.695205716416,1917.8],[-120.64280879684,39.695149892941,1917.4],[-120.64277694561,39.695104295388,1918.0],[-120.64274794422,39.695061212406,1918.0],[-120.64272874966,39.69502533786,1918.3],[-120.64270938747,39.694999270141,1918.3],[-120.64268072136,39.694973034784,1918.3],[-120.6426425837,39.694945961237,1918.9],[-120.64259748906,39.694907991216,1918.9],[-120.64253035001,39.694841355085,1919.3],[-120.64248709939,39.694800199941,1919.3],[-120.64243060537,39.694741610438,1919.6],[-120.64238492399,39.694698359817,1919.6],[-120.64233748242,39.694656366482,1919.9],[-120.64228978939,39.694611774758,1919.4],[-120.64224905334,39.694567183033,1920.0],[-120.64222709276,39.694523094222,1920.0],[-120.64219834283,39.694474898279,1920.9],[-120.64215936698,39.694428378716,1920.2],[-120.64211745746,39.694384541363,1921.2],[-120.64208007418,39.694351181388,1920.3],[-120.64202257432,39.694292843342,1921.1],[-120.64195836894,39.694233834743,1920.2],[-120.64190690406,39.694179352373,1919.8],[-120.64186113887,39.694133838639,1919.8],[-120.64180430956,39.694079356268,1919.7],[-120.64171194099,39.69402554445,1918.7],[-120.64155461267,39.693886069581,1918.5],[-120.64151823521,39.693841896951,1918.5],[-120.64148873091,39.693788085133,1919.4],[-120.64146718942,39.69372429885,1920.3],[-120.64143273979,39.693660009652,1919.5],[-120.64139803872,39.693599995226,1920.4],[-120.64132855274,39.6934844926,1920.5],[-120.64131489024,39.69345155172,1920.5],[-120.64131044783,39.693393884227,1921.4],[-120.64130005427,39.693346526474,1922.4],[-120.64116376452,39.693086184561,1922.5],[-120.64107525162,39.692966071889,1923.5],[-120.64104951918,39.692938076332,1923.5],[-120.64102143981,39.692908572033,1923.5],[-120.64099218696,39.692862890661,1923.5],[-120.64096511342,39.692821148783,1923.5],[-120.64094063826,39.692781083286,1924.4],[-120.6409179233,39.692743029445,1924.4],[-120.6408976391,39.692709418014,1924.6],[-120.64088095911,39.692682679743,1924.6],[-120.64085874707,39.692657450214,1924.6],[-120.64084106125,39.692635824904,1924.6],[-120.64080627635,39.692598609254,1924.7],[-120.64076839015,39.69256432727,1924.7],[-120.6407188531,39.692532895133,1925.7],[-120.64067652449,39.692503055558,1925.0],[-120.64063662663,39.692478748038,1925.0],[-120.64059371129,39.692449411377,1924.2],[-120.64054509625,39.692416470498,1925.1],[-120.64049589448,39.692378668115,1924.3],[-120.64044174738,39.692340614274,1925.1],[-120.640386343,39.692310774699,1924.4],[-120.64033747651,39.69229250215,1923.8],[-120.64028626308,39.692276408896,1923.8],[-120.64022582956,39.692251933739,1924.4],[-120.64017444849,39.69222586602,1924.4],[-120.64012004994,39.692204995081,1924.2],[-120.6400700938,39.692189069465,1924.2],[-120.64000664279,39.692165935412,1925.3],[-120.63995157368,39.692140202969,1925.6],[-120.63990455121,39.692106591538,1925.6],[-120.63986155204,39.692069878802,1927.5],[-120.6398270186,39.69203802757,1927.5],[-120.63980002888,39.692008858547,1927.5],[-120.63976155594,39.691978767514,1928.3],[-120.63973339275,39.691931325942,1928.3],[-120.63971042633,39.691887823865,1929.5],[-120.63968000002,39.691855302081,1928.9],[-120.63965309411,39.691806519404,1928.9],[-120.63963834196,39.691775003448,1930.0],[-120.639614705,39.691726723686,1930.0],[-120.63958813436,39.691684646532,1930.6],[-120.63956047408,39.691639719531,1930.6],[-120.63954806887,39.691603006795,1931.7],[-120.63954345882,39.691550116986,1931.7],[-120.63954144716,39.691503345966,1932.7],[-120.63954195008,39.691457245499,1932.7],[-120.63954086043,39.691405277699,1933.6],[-120.63953264616,39.691360434517,1933.6],[-120.6395156309,39.691312154755,1935.0],[-120.63950146548,39.691262114793,1935.0],[-120.63949425705,39.69120956026,1935.7],[-120.63948922791,39.691157843918,1935.7],[-120.63948621042,39.691103613004,1937.4],[-120.63949199393,39.691054411232,1937.4],[-120.63950515352,39.691006299108,1939.9],[-120.63952024095,39.690971346572,1939.9],[-120.63954832032,39.690918456763,1940.5],[-120.639588302,39.690877888352,1941.2],[-120.63960162923,39.690836984664,1941.5],[-120.63961026259,39.690792141482,1941.5],[-120.63962191343,39.690747633576,1941.9],[-120.6396389287,39.690687283874,1941.9],[-120.63965317793,39.690630370751,1942.3],[-120.63966323622,39.690587036312,1942.3],[-120.63967631198,39.690562309697,1942.3],[-120.63970095478,39.690539427102,1943.4],[-120.63972568139,39.690502043813,1943.4],[-120.6397613883,39.690453344956,1943.5],[-120.63980405219,39.690415039659,1944.2],[-120.63984403387,39.690376399085,1944.5],[-120.63990178518,39.690343542024,1945.5],[-120.63993564807,39.690308924764,1945.5],[-120.63995509408,39.690278833732,1945.6],[-120.63997219317,39.69023223035,1946.6],[-120.63999365084,39.690202474594,1946.6],[-120.64001209103,39.690165678039,1946.4],[-120.64003455453,39.690129803494,1946.4],[-120.64005341381,39.690100383013,1946.1],[-120.64008828253,39.690057802945,1947.0],[-120.64012818038,39.690015977249,1947.0],[-120.64017193392,39.689976247028,1947.8],[-120.64020529389,39.689936097711,1947.8],[-120.64022960141,39.689893350005,1947.5],[-120.64025701024,39.689850769937,1947.5],[-120.64029414207,39.689806429669,1948.3],[-120.64034409821,39.68976477161,1948.3],[-120.64038592391,39.689731746912,1948.9],[-120.64044308849,39.689685814083,1948.7],[-120.64049354754,39.689644239843,1949.3],[-120.64052791335,39.689609790221,1949.1],[-120.64056797884,39.689569389448,1949.8],[-120.64059806988,39.689533263445,1949.8],[-120.64064006321,39.689489761367,1950.3],[-120.64068314619,39.689441313967,1950.3],[-120.64072228968,39.689394207671,1950.1],[-120.6407567393,39.68934844248,1950.3],[-120.64078968018,39.689302928746,1950.3],[-120.64081423916,39.689261522144,1950.0],[-120.64085740596,39.689205363393,1950.4],[-120.64089738764,39.689161945134,1950.0],[-120.64092890359,39.68912162818,1950.0],[-120.64095220529,39.689073432237,1950.1],[-120.64097290859,39.68903680332,1950.1],[-120.64099612646,39.68902037479,1950.1],[-120.64101498574,39.689004868269,1950.1],[-120.64103518613,39.688989361748,1950.2],[-120.64103694633,39.688985589892,1950.2],[-120.64102663659,39.688989613205,1949.9],[-120.64102303237,39.689006041735,1950.1],[-120.64102923498,39.689039736986,1950.4],[-120.64103652723,39.68906706199,1950.4],[-120.64104524441,39.689087262377,1950.4],[-120.64104549587,39.689116347581,1950.7],[-120.64103652723,39.689139230177,1950.7],[-120.64103183337,39.689168315381,1950.7],[-120.64102973789,39.689199076965,1951.2],[-120.64103233628,39.689221959561,1951.2],[-120.64103627577,39.689240567386,1951.2],[-120.64103535376,39.689249284565,1951.2],[-120.6410337612,39.689249284565,1951.2],[-120.64100811258,39.689241405576,1950.8],[-120.64099621028,39.689225312322,1950.8],[-120.64097760245,39.689202010632,1950.8],[-120.64096385613,39.689174182713,1950.4],[-120.64087081701,39.689020039514,1949.7],[-120.64082421362,39.688966060057,1949.1],[-120.64079387113,39.688936052844,1949.1],[-120.64075464383,39.688905542716,1949.0],[-120.64066311345,39.68872340396,1948.4],[-120.64061248675,39.688667329028,1947.8],[-120.64059010707,39.688640506938,1947.8],[-120.640574852,39.6885901317,1947.8],[-120.64054802991,39.688559286296,1947.2],[-120.64051198773,39.688538918272,1947.2],[-120.64047720283,39.688516790047,1947.2],[-120.64044551924,39.688485106453,1946.7],[-120.64042355865,39.688460631296,1946.7],[-120.64032448456,39.688366083428,1946.3],[-120.64029045403,39.688348313794,1946.3],[-120.64024192281,39.688324676827,1945.9],[-120.64017939381,39.688254939392,1945.4],[-120.64014402218,39.688222082332,1945.5],[-120.6401146017,39.688190566376,1945.5],[-120.64009054564,39.688152512535,1945.2],[-120.63994872384,39.687899211422,1945.1],[-120.63988401555,39.687847914174,1944.8],[-120.63987580128,39.687828719616,1944.8],[-120.63988066278,39.687805417925,1944.8],[-120.63992911018,39.687745822594,1945.3],[-120.63995408826,39.687724281102,1945.3],[-120.64000898972,39.687714139,1945.7],[-120.64004662447,39.687696201727,1945.7],[-120.64006179571,39.687660578638,1945.7],[-120.64007168636,39.687630739063,1945.7],[-120.6400798168,39.687587656081,1945.9],[-120.64007923007,39.687556140125,1945.9],[-120.64008325338,39.687526468188,1945.9],[-120.64012021758,39.687467878684,1946.4],[-120.64013094641,39.68743971549,1946.4],[-120.64013773575,39.687411217019,1946.4],[-120.6401700899,39.687256906182,1947.2],[-120.64015064389,39.687221199274,1947.5],[-120.64015181735,39.687213990837,1947.5],[-120.64014913514,39.687215667218,1947.5],[-120.64014125615,39.687215918675,1947.5],[-120.64010705799,39.68722069636,1947.5],[-120.64007000998,39.687175098807,1947.4],[-120.64006506465,39.687133943662,1947.7],[-120.6400749553,39.687052220106,1947.7],[-120.64008786343,39.687025230378,1948.0],[-120.6401630491,39.686921713874,1948.5],[-120.64017998055,39.686886761338,1948.6],[-120.64019523561,39.686853485182,1948.9],[-120.64020378515,39.686811827123,1948.9],[-120.6402207166,39.686770420521,1948.9],[-120.64023697749,39.6867306903,1949.4],[-120.64026983455,39.686708394438,1949.5],[-120.64031107351,39.686687942594,1949.5],[-120.64034066163,39.686660030857,1949.9],[-120.64038399607,39.686619462445,1950.1],[-120.64039254561,39.686581157148,1950.1],[-120.64040369354,39.686543606222,1950.5],[-120.64041743986,39.686502534896,1950.5],[-120.64042339101,39.686469007283,1951.0],[-120.64043940045,39.686436317861,1951.0],[-120.64045742154,39.686409914866,1951.1],[-120.64047418535,39.686379823834,1951.5],[-120.64048809931,39.686347050592,1951.5],[-120.64048608765,39.686331292614,1951.5],[-120.64049564302,39.686324167997,1951.5],[-120.64050352201,39.686308745295,1951.5],[-120.64053394832,39.686286868528,1952.5],[-120.6405766122,39.686267506331,1952.5],[-120.64061257057,39.68624856323,1952.5],[-120.64063821919,39.68622869812,1952.7],[-120.64065875486,39.686211179942,1953.8],[-120.64067727886,39.686191231012,1953.8],[-120.64070007764,39.686161559075,1953.8],[-120.64072798938,39.686125013977,1955.2],[-120.64075078815,39.686107831076,1955.2],[-120.64077517949,39.686082685366,1955.2],[-120.64080267213,39.686059551314,1955.2],[-120.64082580619,39.686038931832,1956.8],[-120.64083770849,39.686021329835,1956.8],[-120.64085162245,39.686006493866,1956.8],[-120.64086453058,39.685994423926,1956.8],[-120.64088154584,39.685980593786,1956.8],[-120.64088632353,39.685972798616,1956.8],[-120.64089386724,39.68596466817,1956.8],[-120.64089629799,39.685961818323,1956.8],[-120.64089747146,39.685962405056,1956.8],[-120.64089797437,39.685951592401,1956.8],[-120.64090317115,39.685932984576,1958.3],[-120.64090836793,39.685920663178,1958.6],[-120.64091096632,39.685900295153,1958.6],[-120.64091222361,39.685878166929,1958.6],[-120.64091281034,39.68586249277,1958.6],[-120.64091666602,39.68584514223,1959.7],[-120.64092152752,39.685825360939,1959.7],[-120.64092689194,39.685797365382,1959.7],[-120.64093192108,39.685768280178,1959.7],[-120.64093208872,39.685746068135,1960.8],[-120.64092655666,39.685733160004,1960.8],[-120.64091448672,39.685713713989,1960.8],[-120.64089889638,39.685702398419,1960.7],[-120.64087618142,39.685681695119,1960.7],[-120.6408606749,39.685665266588,1961.8],[-120.64084583893,39.685646407306,1961.8],[-120.64083351754,39.685612879694,1961.8],[-120.64084198326,39.685593601316,1961.8],[-120.64083779231,39.685577172786,1961.8],[-120.64083351754,39.68556208536,1962.8],[-120.64082823694,39.685541382059,1962.8],[-120.64082119614,39.68551799655,1962.8],[-120.64080795273,39.685488995165,1963.0],[-120.64079403877,39.685473404825,1964.2],[-120.64077878371,39.685455467552,1964.2],[-120.64076855779,39.685431662947,1964.2],[-120.64076612704,39.685412887484,1964.2],[-120.64077056944,39.685392603278,1966.0],[-120.64077383839,39.685368128121,1966.0],[-120.64076897688,39.68535178341,1966.0],[-120.64075917006,39.685322027653,1966.0],[-120.64075690694,39.685298725963,1968.1],[-120.64074475318,39.685272909701,1968.1],[-120.64073494636,39.685253882781,1968.1],[-120.64071977511,39.685236532241,1968.1],[-120.64070552588,39.685219516978,1968.2],[-120.64068038017,39.685203004628,1970.4],[-120.64065380953,39.685185402632,1970.4],[-120.64063159749,39.685164364055,1970.4],[-120.64061081037,39.685136871412,1970.4],[-120.64058683813,39.685107870027,1972.6],[-120.64056521282,39.685093872249,1972.6],[-120.64055733383,39.685091441497,1972.6],[-120.64055289142,39.685075767338,1972.6],[-120.64053939655,39.685063194484,1972.6],[-120.64052313566,39.685050705448,1972.6],[-120.64050729387,39.685044670478,1972.6],[-120.64049212262,39.685044586658,1972.6],[-120.64048441127,39.685043497011,1972.6],[-120.64047896303,39.685041066259,1972.6],[-120.64046873711,39.685031929985,1975.0],[-120.64045817591,39.685021284968,1975.0],[-120.64045540988,39.685016088188,1975.0],[-120.6404422503,39.685009131208,1974.9],[-120.64043990336,39.68500896357,1974.9],[-120.6404316891,39.684996474534,1974.9],[-120.6404352095,39.684995384887,1974.9],[-120.64043588005,39.68498733826,1974.9],[-120.64043227583,39.684979794547,1974.9],[-120.64042414539,39.6849787049,1974.9],[-120.6404140871,39.6849751845,1974.9],[-120.64040662721,39.684971999377,1974.9],[-120.64040226862,39.684977196157,1974.9],[-120.64039983787,39.684979291633,1974.9],[-120.64041115344,39.684982895851,1974.9],[-120.6404259894,39.684991361573,1974.9],[-120.6404281687,39.68499337323,1974.9],[-120.64041551203,39.684994965792,1974.9],[-120.64040964469,39.684991361573,1974.9],[-120.64039740711,39.684990691021,1974.9],[-120.64039363526,39.684988008812,1974.9],[-120.64039405435,39.684984823689,1974.9],[-120.64037192613,39.684984823689,1974.9],[-120.64035231248,39.68498390168,1974.9],[-120.64027436078,39.684956576675,1974.5],[-120.64018157311,39.684949871153,1974.2],[-120.64015022479,39.684946853667,1974.0],[-120.64011803828,39.684941321611,1974.0],[-120.63997990452,39.684930508956,1975.9],[-120.63994704746,39.684919025749,1976.3],[-120.63991796225,39.684898657724,1976.3],[-120.6398811657,39.684872506186,1976.6],[-120.63981670886,39.684810563922,1977.8],[-120.63979424536,39.684780640528,1977.8],[-120.6397635676,39.684737809002,1979.3],[-120.63975451514,39.684697994962,1979.3],[-120.63976013102,39.684652397409,1980.6],[-120.63977614045,39.684612583369,1980.6],[-120.63981578685,39.684574110433,1980.3],[-120.63986524008,39.684552485123,1981.7],[-120.63990480267,39.684530356899,1981.8],[-120.63992642798,39.684514934197,1981.8],[-120.63996029086,39.684495404363,1981.8],[-120.6399921421,39.68447922729,1983.2],[-120.64004419371,39.684469923377,1983.2],[-120.64007780515,39.684461960569,1983.0],[-120.64011954702,39.684461122379,1983.0],[-120.64015944488,39.684460535645,1983.0],[-120.64019775018,39.684452908114,1982.8],[-120.64023228362,39.684447795153,1982.8],[-120.64026396722,39.684441676363,1982.6],[-120.64028475434,39.684435389936,1982.6],[-120.64030076377,39.684426505119,1982.6],[-120.64030453563,39.684413513169,1982.6],[-120.64030612819,39.684408735484,1982.6],[-120.64030260779,39.684393312782,1984.2],[-120.64028752036,39.684386942536,1984.2],[-120.64026421867,39.684382081032,1984.2],[-120.64023471437,39.684380572289,1984.2],[-120.64020210877,39.684374872595,1984.2],[-120.64016967081,39.684374118224,1984.2],[-120.64013019204,39.684373112395,1984.3],[-120.64009909518,39.684369089082,1984.3],[-120.6400612928,39.68435802497,1984.4],[-120.64002566971,39.684343524277,1984.4],[-120.63999499194,39.684329275042,1984.4],[-120.63996096142,39.684315277264,1984.5],[-120.63992408104,39.68430086039,1984.5],[-120.63989231363,39.684271104634,1985.7],[-120.63986138441,39.684238415211,1985.8],[-120.63983020373,39.684211593121,1985.8],[-120.63980539329,39.684189045802,1986.9],[-120.63979198225,39.684172114357,1986.9],[-120.6397732906,39.684144537896,1987.2],[-120.63975275494,39.684121403843,1987.2],[-120.63973305747,39.684097934514,1988.3],[-120.63969584182,39.68407924287,1988.3],[-120.6396649126,39.684063065797,1988.7],[-120.63963029534,39.684050492942,1988.7],[-120.63960883766,39.684042446315,1988.7],[-120.63957757317,39.684024257585,1988.8],[-120.63955477439,39.684007829055,1990.2],[-120.63952518627,39.683990646154,1990.2],[-120.63950054348,39.683976983652,1990.2],[-120.63948042691,39.683968182653,1990.2],[-120.63946550712,39.683960806578,1990.2],[-120.63944849186,39.683948569,1990.2],[-120.63942125067,39.683936331421,1990.2],[-120.63938931562,39.683918142691,1991.1],[-120.63936165534,39.683897690848,1991.1],[-120.63933089375,39.68386801891,1991.1],[-120.63930449076,39.683852847666,1990.6],[-120.63927104697,39.68383692205,1991.5],[-120.63923458569,39.683821750805,1991.5],[-120.63920499757,39.683809429407,1990.7],[-120.63917398453,39.683796018362,1990.7],[-120.63914246857,39.683780511841,1990.7],[-120.63910852186,39.683758383617,1989.8],[-120.6390760839,39.683735333383,1990.6],[-120.63903165981,39.683710774407,1990.6],[-120.63898740336,39.68367414549,1989.5],[-120.63894985244,39.683639276773,1990.4],[-120.63889578916,39.683602480218,1989.2],[-120.63885262236,39.683570964262,1989.2],[-120.63880970702,39.683537939563,1989.1],[-120.63877014443,39.683513045311,1989.1],[-120.63873041421,39.683479014784,1988.3],[-120.63869210891,39.683440206572,1988.9],[-120.63864818774,39.683403745294,1988.9],[-120.63860367984,39.683378431946,1988.0],[-120.63854794018,39.683365607634,1987.9],[-120.6384771131,39.683349430561,1987.3],[-120.63841265626,39.68333392404,1986.8],[-120.63836353831,39.683318082243,1986.8],[-120.63819858246,39.683282626793,1988.0],[-120.63808098435,39.683295367286,1988.6],[-120.63802935183,39.683277932927,1989.3],[-120.63797696494,39.683250021189,1989.7],[-120.63792382367,39.683216577396,1989.7],[-120.6378636416,39.683179361746,1990.7],[-120.6377984304,39.683165866882,1990.7],[-120.63775400631,39.683149438351,1990.7],[-120.63768820837,39.683130243793,1990.5],[-120.63762760721,39.683137787506,1990.5],[-120.63757329248,39.683135272935,1990.1],[-120.63753624447,39.68312789686,1990.1],[-120.63748947345,39.683095542714,1991.2],[-120.63745653257,39.683066625148,1991.2],[-120.63743826002,39.683049274608,1991.2],[-120.63738847151,39.683045921847,1991.0],[-120.63733214512,39.683047765866,1991.1],[-120.63729048707,39.683058578521,1991.1],[-120.6372351665,39.683075342327,1991.6],[-120.63719040714,39.683084143326,1991.6],[-120.63714832999,39.683095458895,1991.6],[-120.63710172661,39.683111887425,1991.3],[-120.63704892062,39.683128651232,1992.8],[-120.63700047322,39.6831452474,1992.8],[-120.63694993034,39.683169974014,1994.3],[-120.63690081239,39.683194784448,1994.3],[-120.63685144298,39.683220600709,1994.1],[-120.63679612242,39.683247674257,1994.1],[-120.63673795201,39.683265276253,1995.1],[-120.63668564893,39.683275334537,1996.3],[-120.63664415851,39.683279106393,1996.3],[-120.63657961786,39.683277094737,1997.7],[-120.6365256384,39.683263013139,1997.7],[-120.63647953793,39.683235017583,1999.3],[-120.63642681576,39.68321012333,1999.3],[-120.63636747189,39.683172320947,2001.0],[-120.63632790931,39.683084227145,2001.2],[-120.63630469143,39.683049861342,2001.7],[-120.63628608361,39.683015663177,2001.7],[-120.63626848161,39.68298423104,2002.3],[-120.6362398155,39.682960677892,2002.3],[-120.63621299341,39.682930838317,2002.6],[-120.63618072309,39.682902675122,2003.2],[-120.63614702784,39.682874595746,2003.2],[-120.63610939309,39.682815587148,2004.0],[-120.63608014025,39.682776108384,2004.0],[-120.63606480137,39.68274962157,2004.0],[-120.63604284078,39.68272020109,2004.5],[-120.63600470312,39.682704024017,2004.7],[-120.63595558517,39.682666137815,2004.7],[-120.63590990379,39.68265783973,2004.7],[-120.63584787771,39.682637304068,2004.8],[-120.63580429181,39.68263017945,2004.8],[-120.63574528322,39.682628167793,2005.0],[-120.6356773898,39.682613667101,2005.0],[-120.63562667929,39.682603189722,2005.1],[-120.63557680696,39.68259464018,2005.0],[-120.63553296961,39.68258173205,2005.0],[-120.63545996323,39.682583492249,2004.8],[-120.63539030962,39.682604447007,2004.3],[-120.63533582725,39.682601094246,2004.3],[-120.63527463935,39.682597070932,2003.6],[-120.63523574732,39.682590868324,2003.6],[-120.63518537208,39.682584162802,2003.1],[-120.63512795605,39.682586593553,2003.1],[-120.63508302905,39.682584917173,2002.8],[-120.63504212536,39.682576367632,2002.8],[-120.63500809483,39.682556418702,2002.0],[-120.63496450894,39.682535966858,2005.2],[-120.63491606154,39.68252280727,2005.2],[-120.63486359082,39.682516520843,2004.5],[-120.63482763246,39.682508641854,2004.5],[-120.63478454947,39.682488525286,2003.8],[-120.63474473543,39.682454662398,2003.8],[-120.63470911235,39.68241979368,2009.0],[-120.6346785184,39.682373525575,2009.0],[-120.63464138657,39.682321306318,2012.6],[-120.63461121172,39.68229339458,2012.3],[-120.63456905074,39.682262632996,2013.4],[-120.63452906907,39.682242013514,2013.3],[-120.63447752036,39.682219130918,2013.3],[-120.63443477266,39.682201361284,2013.2],[-120.63437350094,39.682177305222,2013.2],[-120.63432136551,39.68216448091,2013.7],[-120.63427308574,39.682148555294,2013.7],[-120.63423251733,39.682138077915,2013.7],[-120.63418071717,39.682148136199,2013.7],[-120.63412648626,39.682146878913,2013.7],[-120.63407091424,39.682152746245,2013.8],[-120.63401190564,39.682170348242,2012.9],[-120.63395323232,39.682186860591,2013.1],[-120.63389866613,39.682195410132,2013.1],[-120.63384577632,39.682205468416,2013.2],[-120.63378542662,39.682203037664,2013.2],[-120.63373924233,39.682186357677,2013.2],[-120.63370177522,39.682172359899,2013.6],[-120.63363446854,39.682150650769,2014.0],[-120.63359322958,39.68213673681,2014.7],[-120.63353908248,39.682125253603,2014.7],[-120.63348175026,39.682118967175,2015.6],[-120.63342894427,39.682112596929,2015.6],[-120.6333713606,39.682104382664,2016.3],[-120.63332551159,39.682107064873,2016.8],[-120.63327161595,39.682110082358,2016.8],[-120.63320808113,39.68211947009,2017.4],[-120.63313566148,39.68213413842,2018.2],[-120.63306424767,39.682149142027,2018.2],[-120.63299803063,39.682156266645,2019.2],[-120.63293265179,39.682162217796,2020.0],[-120.63286366872,39.682165235281,2020.6],[-120.63280868344,39.682162804529,2020.6],[-120.63273534179,39.682160876691,2021.1],[-120.63267214224,39.682163223624,2021.4],[-120.63262235373,39.682169258595,2021.4],[-120.632568039,39.682176718488,2021.6],[-120.63250861131,39.682173449546,2021.6],[-120.63246427104,39.682169593871,2021.9],[-120.63241909258,39.682163726538,2021.9],[-120.63237315975,39.682161631063,2022.3],[-120.63233141787,39.68216791749,2022.3],[-120.63230141066,39.682179903612,2022.5],[-120.63226142898,39.682199601084,2022.5],[-120.63220803626,39.682229859754,2022.8],[-120.63215732574,39.682253245264,2022.8],[-120.63212136738,39.682266907766,2022.8],[-120.63209169544,39.682286269963,2023.2],[-120.63206168823,39.68230638653,2023.2],[-120.63202673569,39.682332538068,2023.7],[-120.63200427219,39.682360030711,2024.1],[-120.63197300769,39.682405292988,2024.1],[-120.63194073737,39.68243538402,2024.7],[-120.63188491389,39.682447202504,2025.0],[-120.6318321079,39.682440329343,2025.3],[-120.63180025667,39.682433623821,2025.3],[-120.63177494332,39.682426080108,2025.3],[-120.63175373711,39.682428343222,2025.3],[-120.63174082898,39.682443765923,2025.3],[-120.63171476126,39.68244317919,2025.8],[-120.63168869354,39.682407304645,2025.2],[-120.63164418563,39.682398671284,2025.6],[-120.63161987811,39.682403197512,2025.6],[-120.63158936799,39.682412752882,2025.6],[-120.63155030832,39.682427505031,2026.1],[-120.63151988201,39.682437814772,2026.7],[-120.63146892004,39.682440664619,2026.7],[-120.63142248429,39.682439910248,2027.1],[-120.6313855201,39.682451728731,2027.1],[-120.63135090284,39.682475617155,2027.5],[-120.63132206909,39.682507384568,2027.5],[-120.63128300942,39.682545941323,2027.3],[-120.63128384762,39.682575361803,2027.3],[-120.63129239716,39.682606374845,2027.3],[-120.63131268136,39.682648535818,2025.8],[-120.63132600859,39.682674854994,2025.8],[-120.63134201802,39.682712154463,2025.8],[-120.63136691228,39.682755907997,2024.8],[-120.63139054924,39.682790525258,2024.8],[-120.63141100109,39.682838553563,2024.2],[-120.6314374879,39.682878451422,2024.2],[-120.63146984205,39.682916253805,2024.4],[-120.63150169328,39.682955062017,2024.0],[-120.63152574934,39.682993534952,2024.0],[-120.63154435717,39.68303360045,2024.7],[-120.6315330416,39.683072995394,2024.7],[-120.63151418231,39.683113312349,2025.3],[-120.63149373047,39.683160921559,2025.3],[-120.63147839159,39.683201322332,2026.9],[-120.63146196306,39.68324826099,2026.9],[-120.63145835884,39.68328807503,2027.8],[-120.63145559281,39.683319339529,2027.8],[-120.63145928085,39.683365272358,2028.6],[-120.6314586103,39.683391340077,2028.6],[-120.63144863583,39.683427298442,2028.6],[-120.63142525032,39.683475159109,2029.4],[-120.63142256811,39.683509944007,2029.4],[-120.63142977655,39.683535508811,2029.4],[-120.63143832609,39.683558810502,2030.1],[-120.63145265914,39.683581693098,2030.1],[-120.63146707602,39.683608263731,2030.1],[-120.63148090616,39.683647239581,2030.8],[-120.63150504604,39.683675989509,2029.9],[-120.63152055256,39.683700632304,2029.9],[-120.631527761,39.683731477708,2030.7],[-120.63153044321,39.68376416713,2030.7],[-120.63153714873,39.683774895966,2030.7],[-120.63155282289,39.683818398044,2030.7],[-120.63156723976,39.683858798817,2031.5],[-120.63158257864,39.683895679191,2030.6],[-120.63158618286,39.683928033337,2031.6],[-120.63158802688,39.683951670304,2031.6],[-120.63158735633,39.68397195451,2031.6],[-120.63159875572,39.68399181962,2031.6],[-120.63160914928,39.684009002522,2031.6],[-120.63163437881,39.684033980593,2032.5],[-120.63165633939,39.684047391638,2032.5],[-120.63169959001,39.684069184586,2031.8],[-120.63172976486,39.684095168486,2031.8],[-120.63174493611,39.68412081711,2032.8],[-120.63175055198,39.684155015275,2032.3],[-120.63175273128,39.684197679162,2032.3],[-120.63175750896,39.684230368584,2033.4],[-120.63175315037,39.684260040522,2033.4],[-120.63174342737,39.684295244515,2033.8],[-120.63172440045,39.684314522892,2034.9],[-120.6317228917,39.684317121282,2034.9],[-120.63171040267,39.684321898967,2034.9],[-120.63169715926,39.68432860449,2034.9],[-120.63168265857,39.684334974736,2034.9],[-120.63167779706,39.684334974736,2034.9],[-120.63166975044,39.684339165688,2034.9],[-120.6316660624,39.684337824583,2034.9],[-120.63165692613,39.684342099354,2034.9],[-120.63163672574,39.684347296134,2035.4],[-120.63161241822,39.68435190618,2035.4],[-120.6315867696,39.684356935322,2035.4],[-120.63155718148,39.684365233406,2035.4],[-120.63153144903,39.684377387166,2036.0],[-120.63150404021,39.684392558411,2037.1],[-120.63147135079,39.684407394379,2037.1],[-120.63144788146,39.684416279197,2037.7],[-120.63142843544,39.684428684413,2037.7],[-120.63141058199,39.684444023296,2037.7],[-120.6313890405,39.684455757961,2037.7],[-120.6313612964,39.684463888407,2038.3],[-120.63133321702,39.684478808194,2038.3],[-120.63129776157,39.684505546466,2039.3],[-120.63126465306,39.684515772387,2040.0],[-120.63123959117,39.684509234503,2040.0],[-120.63120983541,39.684481071308,2038.9],[-120.63117488287,39.684443352744,2039.6],[-120.63115250319,39.684414099902,2039.6],[-120.63112425618,39.684387948364,2038.6],[-120.63109533861,39.684374788776,2039.4],[-120.6310512498,39.684370514005,2039.4],[-120.6310116034,39.684362635016,2039.4],[-120.63097572885,39.684352325276,2040.2],[-120.63093817793,39.684333549812,2040.2],[-120.63090196811,39.684321815148,2041.0],[-120.63086081296,39.68431904912,2041.0],[-120.63081529923,39.684327766299,2041.8],[-120.63079057261,39.684342015535,2041.8],[-120.63075209968,39.684350062162,2041.8],[-120.63071748242,39.684343859553,2042.6],[-120.6306966953,39.684333046898,2042.6],[-120.63065696508,39.684308823198,2042.6],[-120.6306050811,39.684276217595,2042.9],[-120.63056560233,39.68424285762,2042.9],[-120.63052738085,39.684218131006,2043.8],[-120.63049335033,39.684197176248,2043.8],[-120.63046669587,39.684165576473,2043.0],[-120.63042989932,39.684147136286,2043.9],[-120.63039922155,39.684124002233,2043.9],[-120.63036954962,39.684095503762,2043.2],[-120.6303487625,39.684049487114,2044.1],[-120.63033325598,39.684019982815,2044.1],[-120.63032085076,39.684007326141,2043.2],[-120.6303069368,39.684005063027,2043.2],[-120.63028950244,39.684001626447,2043.2],[-120.63028036617,39.683971283957,2043.2],[-120.63026418909,39.683932727203,2044.1],[-120.63023518771,39.683892577887,2043.1],[-120.63020023517,39.683856870979,2043.1],[-120.63016570173,39.683824935928,2044.0],[-120.63013502397,39.683797778562,2042.9],[-120.63007115386,39.683762490749,2043.7],[-120.63003838062,39.683757796884,2043.7],[-120.62999454327,39.683752600104,2043.7],[-120.62995632179,39.68375377357,2044.5],[-120.62992128544,39.683755869046,2044.5],[-120.62988080084,39.683760479093,2045.2],[-120.62979153357,39.683748073876,2045.9],[-120.62975708395,39.683731980622,2044.9],[-120.62971953303,39.683710355312,2044.9],[-120.6296907831,39.683691579849,2045.6],[-120.62965448946,39.683671044186,2045.6],[-120.62963227741,39.683654783294,2044.6],[-120.62960461713,39.683633744717,2045.4],[-120.62957502902,39.683622010052,2045.4],[-120.62954250723,39.683624021709,2045.4],[-120.62951325439,39.683636259288,2046.1],[-120.62949095853,39.683653442189,2046.1],[-120.62946782447,39.683668781072,2047.0],[-120.62944033183,39.683679426089,2047.0],[-120.62940579839,39.683684706688,2047.7],[-120.62938149087,39.683677833527,2047.7],[-120.62934142537,39.68366718851,2047.7],[-120.62931150198,39.683660566807,2048.3],[-120.62928593718,39.683661907911,2048.3],[-120.62924939208,39.683669451624,2048.3],[-120.62920614146,39.683672050014,2049.0],[-120.62918066047,39.683665763587,2049.0],[-120.62914528884,39.683657297865,2049.1],[-120.62911276706,39.683649418876,2049.1],[-120.62908225693,39.683645647019,2049.1],[-120.62906976789,39.683647155762,2049.1],[-120.62906297855,39.6836455632,2049.1],[-120.6290464662,39.683664171025,2050.6],[-120.62902567908,39.683685880154,2050.6],[-120.62899910845,39.683712115511,2050.6],[-120.62897262163,39.683726867661,2051.4],[-120.62893599272,39.68374078162,2051.4],[-120.62889592722,39.683751342818,2051.4],[-120.62886541709,39.683759892359,2053.0],[-120.62882208265,39.683773135766,2053.0],[-120.62878604047,39.683782691136,2053.6],[-120.62873985618,39.683794006705,2053.6],[-120.62869006768,39.6838204097,2054.0],[-120.62865117565,39.683832395822,2054.0],[-120.62861496583,39.683835832402,2054.4],[-120.62857464887,39.683838849887,2054.4],[-120.62854355201,39.683854943141,2055.7],[-120.62850398943,39.68388277106,2056.0],[-120.62846736051,39.68389919959,2056.0],[-120.62842846848,39.683918142691,2056.5],[-120.62840164639,39.683937923983,2056.5],[-120.62838790007,39.683949574828,2057.9],[-120.62837314792,39.683970948681,2057.9],[-120.6283664424,39.683985449374,2057.9],[-120.62835336663,39.684016797692,2057.9],[-120.6283329986,39.684038255364,2058.0],[-120.62830869108,39.684064155445,2059.3],[-120.62828471884,39.684087205678,2059.3],[-120.62825907022,39.684115452692,2059.3],[-120.62823400833,39.684157865122,2060.5],[-120.62822428532,39.684195751324,2060.5],[-120.62820115127,39.684213688597,2060.5],[-120.62816142105,39.684235230088,2061.5],[-120.62812831253,39.684257106856,2061.5],[-120.62811096199,39.684276217595,2061.5],[-120.62809704803,39.684297591448,2061.5],[-120.62810190953,39.684317456558,2061.5],[-120.62812537886,39.684339500964,2062.3],[-120.62815094367,39.684350145981,2062.3],[-120.62816318125,39.684363892302,2062.3],[-120.62816628255,39.684390965849,2062.3],[-120.62814717181,39.684416949749,2063.1],[-120.62814063393,39.68444544822,2063.1],[-120.62814247794,39.684471599758,2063.1],[-120.62814566307,39.684500265867,2063.8],[-120.62815479934,39.684537481517,2063.8],[-120.62815580517,39.684569668025,2063.8],[-120.62815002166,39.684595484287,2064.5],[-120.62815957703,39.684616941959,2064.5],[-120.62817902304,39.684634627774,2064.5],[-120.62820760533,39.684651056305,2064.5],[-120.62822847627,39.684678465128,2065.2],[-120.62824364752,39.684712411836,2065.2],[-120.628255466,39.684741580859,2065.2],[-120.62826217152,39.684776198119,2065.4],[-120.62827725895,39.684823807329,2065.4],[-120.62827851623,39.684859765694,2066.1],[-120.62827030197,39.684894550592,2066.1],[-120.6282523647,39.684918271378,2066.2],[-120.62823954038,39.684935957193,2066.2],[-120.62825035304,39.6849492006,2066.2],[-120.62825311907,39.684986080974,2067.0],[-120.62826083042,39.685032265261,2066.9],[-120.62827005051,39.685070654377,2067.8],[-120.62828010879,39.685112899169,2067.8],[-120.62828874215,39.685153216124,2068.8],[-120.62826820649,39.685170063749,2068.8],[-120.62819251791,39.685181463137,2068.8],[-120.62815002166,39.685192024335,2068.7],[-120.62805823982,39.685209626332,2068.7],[-120.62801440246,39.68523317948,2069.7],[-120.62798129395,39.685260169208,2069.7],[-120.62796503305,39.685282213613,2069.6],[-120.62796327285,39.685307946056,2069.6],[-120.62796754763,39.685336612165,2070.6],[-120.62797810882,39.685364440084,2070.7],[-120.62800434418,39.685395704582,2070.7],[-120.62801348045,39.685429818928,2071.8],[-120.62799193896,39.685467705131,2071.8],[-120.62796335667,39.685488408431,2071.6],[-120.62792656012,39.685502154753,2071.6],[-120.62788473442,39.685542136431,2072.6],[-120.62785749324,39.685570551082,2072.4],[-120.62784072943,39.685600977391,2073.2],[-120.62783754431,39.685627128929,2073.2],[-120.6278498657,39.685658896342,2073.2],[-120.62785623595,39.685683455318,2073.2],[-120.62783787958,39.685703488067,2074.6],[-120.62781248242,39.68571622856,2074.6],[-120.6278049387,39.685730813071,2074.6],[-120.62782178633,39.685742715374,2074.6],[-120.62783880159,39.685758724809,2074.6],[-120.6278626062,39.685784708709,2074.6],[-120.62786545604,39.685807004571,2076.5],[-120.62786000781,39.68583215028,2076.5],[-120.62784567475,39.685853356495,2076.5],[-120.62783326954,39.685874478891,2076.5],[-120.62782572582,39.685881016776,2078.5],[-120.62781793065,39.685902977362,2078.5],[-120.62781734392,39.685924183577,2078.5],[-120.62782061286,39.685950335115,2078.5],[-120.62781625427,39.685983443633,2080.6],[-120.62780426815,39.686000626534,2080.6],[-120.62779286876,39.686024263501,2080.6],[-120.62778457068,39.686042116955,2080.2],[-120.62778373249,39.686053683981,2080.2],[-120.62778674997,39.686056450009,2080.2],[-120.62778959982,39.686061898246,2080.2],[-120.62779923901,39.686078326777,2082.8],[-120.62780552544,39.686097437516,2082.8],[-120.62780963257,39.686114536598,2082.8],[-120.6278123986,39.686121493578,2082.8],[-120.62781306915,39.686125935987,2082.8],[-120.62782329507,39.686139263213,2082.8],[-120.62784056179,39.68615250662,2082.8],[-120.627852045,39.686167342588,2084.7],[-120.62786445022,39.686190728098,2084.7],[-120.62787191011,39.686227943748,2084.7],[-120.62786956318,39.686259040609,2086.1],[-120.62786059454,39.686296591535,2086.1],[-120.62784039415,39.686317294836,2086.1],[-120.62780519016,39.68633422628,2086.1],[-120.6277723331,39.68633774668,2085.9],[-120.62772975303,39.686346547678,2087.0],[-120.62769421376,39.686350822449,2086.6],[-120.62765724957,39.686347134411,2086.6],[-120.6276150886,39.686322826892,2084.8],[-120.62757024541,39.686320563778,2084.8],[-120.62751668505,39.686344955117,2085.5],[-120.62747477554,39.686380075291,2085.5],[-120.62743303366,39.686402706429,2085.5],[-120.62738441862,39.686414441094,2084.9],[-120.62733253464,39.686418715864,2084.9],[-120.62727293931,39.686416955665,2084.4],[-120.62721468508,39.686413686723,2084.0],[-120.62716531567,39.686416955665,2084.0],[-120.62712474726,39.686420978978,2083.7],[-120.62708090991,39.686420140788,2083.7],[-120.62703388743,39.686410333961,2083.3],[-120.62697278336,39.686415530741,2083.3],[-120.62691804953,39.686454841867,2084.5],[-120.62687018886,39.686485435814,2084.5],[-120.62682224438,39.686503708363,2084.5],[-120.62676709145,39.686517370865,2084.6],[-120.62672727741,39.686527680606,2084.6],[-120.62667975202,39.686551149935,2085.9],[-120.62664991245,39.686563303694,2085.9],[-120.62663675286,39.686562297866,2085.9],[-120.62662309036,39.686586270109,2085.9],[-120.6266259402,39.686600184068,2085.9],[-120.62662233599,39.686616612598,2085.9],[-120.62662133016,39.686618372798,2085.9],[-120.62661814503,39.686623737216,2085.9],[-120.62659777701,39.686636142433,2087.7],[-120.6265620701,39.686653492972,2087.9],[-120.6265193224,39.686671597883,2087.9],[-120.62648713589,39.686680566519,2088.3],[-120.62646643259,39.686680063605,2088.3],[-120.62644690275,39.686687104404,2088.3],[-120.6264215894,39.686707472429,2088.3],[-120.62639066018,39.686731360853,2090.7],[-120.62635604292,39.686750136316,2090.7],[-120.62630432658,39.686765726656,2090.7],[-120.6262242794,39.686775533482,2091.0],[-120.62613417394,39.686747873202,2091.2],[-120.62602663413,39.68670906499,2089.7],[-120.62595656142,39.686692971736,2089.8],[-120.62590241432,39.686690373346,2089.9],[-120.62587056309,39.686704035848,2089.9],[-120.62585572712,39.686733623967,2091.5],[-120.62584189698,39.686750471592,2091.5],[-120.62583494,39.686771593988,2091.5],[-120.62582823448,39.686800679192,2091.6],[-120.62584231608,39.686816353351,2093.1],[-120.62587542459,39.686815850437,2093.1],[-120.62591549009,39.686824399978,2093.1],[-120.62594977207,39.686840325594,2093.0],[-120.6259838026,39.686866560951,2093.0],[-120.62598858029,39.686880391091,2093.0],[-120.62597198412,39.686889946461,2093.0],[-120.6259392947,39.68688743189,2093.1],[-120.62588347122,39.686886006966,2093.1],[-120.62583644874,39.686913667247,2094.6],[-120.62579789199,39.686943255365,2094.6],[-120.62576151453,39.686967143789,2094.5],[-120.62572974712,39.686984578148,2095.8],[-120.62569856644,39.686996564269,2095.8],[-120.62566336244,39.687005449086,2095.7],[-120.6256204471,39.687019195408,2095.7],[-120.62557225116,39.687037887052,2095.5],[-120.62552623451,39.687053812668,2095.5],[-120.62547904439,39.687041155994,2095.1],[-120.62543529086,39.687040066347,2095.1],[-120.62540008686,39.687041658908,2094.7],[-120.62537217513,39.687052639201,2094.7],[-120.6253280025,39.687069403008,2096.1],[-120.625279136,39.687079209834,2095.6],[-120.62523580156,39.687092956156,2095.6],[-120.62518458813,39.687097650021,2095.0],[-120.6251421757,39.687090441585,2095.0],[-120.62509347685,39.68707610853,2094.4],[-120.62504268251,39.687078036368,2094.4],[-120.62499037944,39.68708046712,2093.7],[-120.62494419515,39.68707610853,2093.7],[-120.62489943579,39.687086753547,2093.1],[-120.62486951239,39.687095051631,2093.1],[-120.62484637834,39.687113994732,2093.1],[-120.62480782159,39.687184654176,2093.7],[-120.62477136031,39.687216924503,2093.7],[-120.62474244274,39.687225557864,2093.0],[-120.62470103614,39.687218684703,2093.0],[-120.62465786934,39.687217008322,2093.0],[-120.62462124042,39.687223127112,2092.2],[-120.62458712608,39.687227988616,2092.2],[-120.62455234118,39.687242740765,2091.5],[-120.62453289516,39.687263360247,2091.5],[-120.62452501617,39.687288925052,2092.7],[-120.62451520935,39.687315160409,2092.7],[-120.62448645942,39.687335193157,2092.7],[-120.62445494346,39.687356147915,2093.1],[-120.62443641946,39.687372324988,2093.1],[-120.62440171838,39.687392693013,2093.1],[-120.62432401814,39.68744491227,2093.2],[-120.62420046888,39.68759980984,2093.9],[-120.62417758629,39.687637444586,2094.1],[-120.62415453605,39.687670301646,2094.1],[-120.62413022853,39.687703913078,2094.1],[-120.62411782332,39.687720257789,2094.1],[-120.62411463819,39.687724197283,2094.1],[-120.62410533428,39.687707936391,2094.1],[-120.62410390936,39.687712294981,2094.1],[-120.62410156243,39.687715899199,2094.1],[-120.62408815138,39.687736770138,2094.1],[-120.62408555299,39.687744146213,2094.8],[-120.62408479862,39.687741715461,2094.8],[-120.62406417914,39.687763676047,2094.4],[-120.62404037453,39.687778595835,2094.4],[-120.62401271425,39.687796784565,2094.4],[-120.62397507951,39.687820253894,2094.2],[-120.62390064821,39.687889572233,2094.9],[-120.62389628962,39.687911029905,2094.9],[-120.62391179614,39.688053689897,2096.2],[-120.62389846891,39.688073471189,2096.2],[-120.6238905061,39.688102137297,2096.2],[-120.62389042228,39.688126696274,2096.8],[-120.62389017083,39.688153769821,2096.8],[-120.62388455495,39.688187213615,2096.8],[-120.62386837788,39.688219064847,2096.4],[-120.62385002151,39.688248401508,2096.9],[-120.62383267097,39.688264243305,2096.9],[-120.62380400486,39.688278576359,2096.9],[-120.62379654497,39.688290311024,2096.9],[-120.62379771844,39.688300536945,2096.9],[-120.62379604205,39.688311852515,2096.9],[-120.62379746698,39.688325095922,2097.5],[-120.62378321774,39.688355941325,2097.2],[-120.62375874259,39.688408914953,2097.2],[-120.62374667265,39.688426768407,2097.9],[-120.62374122441,39.688445376232,2097.9],[-120.62374357134,39.68846976757,2097.9],[-120.62375656329,39.688497008756,2097.9],[-120.62378103845,39.688527602702,2099.0],[-120.62380040064,39.688553083688,2099.1],[-120.62381230295,39.688599100336,2100.3],[-120.62381582335,39.688644027337,2100.3],[-120.62380534597,39.688680740073,2100.3],[-120.62379143201,39.688713680953,2101.7],[-120.62378137372,39.6887649782,2101.7],[-120.62377056107,39.688793728128,2103.2],[-120.62377089635,39.688809067011,2103.2],[-120.6237869896,39.688827674836,2103.2],[-120.62381557189,39.688861873001,2103.1],[-120.62385672703,39.688897244632,2104.7],[-120.62389327213,39.688917696476,2104.5],[-120.62393241562,39.688931107521,2104.5],[-120.62397834845,39.688959270716,2104.1],[-120.62400709838,39.688980728388,2105.0],[-120.62403844669,39.68902213499,2105.0],[-120.62405722216,39.689054237679,2105.0],[-120.62406015582,39.689078126103,2106.0],[-120.6240468286,39.689117688686,2106.0],[-120.62401623465,39.689155574888,2106.6],[-120.62399896793,39.689180217683,2106.6],[-120.62398304231,39.689207961783,2106.6],[-120.62397172675,39.689230425283,2106.8],[-120.6239688769,39.689231682569,2106.8],[-120.62397801317,39.689248697832,2107.1],[-120.62398723327,39.689277112484,2107.1],[-120.62399469316,39.689300749451,2107.1],[-120.62400927767,39.689323129132,2107.1],[-120.62403308228,39.689349532127,2107.6],[-120.62405982055,39.689379455522,2107.6],[-120.62408018857,39.689414491877,2107.3],[-120.62409100123,39.689444415271,2107.7],[-120.62410608865,39.689486995339,2107.7],[-120.62411690131,39.689519433305,2107.7],[-120.62412461266,39.689559247345,2108.1],[-120.62411706895,39.689589841291,2108.1],[-120.62410525046,39.68961247243,2108.1],[-120.62408664264,39.689624961466,2108.5],[-120.6240622513,39.689638707787,2108.5],[-120.62403048389,39.68965488486,2108.8],[-120.62399553135,39.689673492685,2108.8],[-120.62395756133,39.689684556797,2109.2],[-120.6239112094,39.689700230956,2109.2],[-120.62386636622,39.689710959792,2109.2],[-120.62382437289,39.689724873751,2110.1],[-120.62377240509,39.689744738862,2110.1],[-120.62373376451,39.689762424678,2110.5],[-120.62370275147,39.689799053594,2110.5],[-120.62365296297,39.689818918705,2111.3],[-120.62361071818,39.689829396084,2111.3],[-120.62356520444,39.68984968029,2111.8],[-120.62351692468,39.68987558037,2111.8],[-120.62346344814,39.689884213731,2112.2],[-120.62339362688,39.689888656139,2112.6],[-120.62333604321,39.689889242873,2112.6],[-120.62329782173,39.689915226772,2113.4],[-120.62325775623,39.689922602847,2113.4],[-120.62322322279,39.689930314198,2113.4],[-120.62318307348,39.68995009549,2113.8],[-120.62313730828,39.68998555094,2114.3],[-120.62309900299,39.689998123795,2114.7],[-120.62305390835,39.690007511526,2114.7],[-120.62300981954,39.690014552325,2115.1],[-120.62296589836,39.690019749105,2115.1],[-120.62292273156,39.690022682771,2115.5],[-120.6228819117,39.690026035532,2115.5],[-120.6228330452,39.690027628094,2116.1],[-120.62278836966,39.690030310303,2116.1],[-120.62275132164,39.690035255626,2116.1],[-120.6227224879,39.69003751874,2116.6],[-120.62268183567,39.690040200949,2116.6],[-120.62262726948,39.690041039139,2117.1],[-120.62258242629,39.690051935613,2117.1],[-120.62254688703,39.690062496811,2117.5],[-120.62249240465,39.690071297809,2117.5],[-120.62244907022,39.690068196505,2118.0],[-120.62240992673,39.690061658621,2118.0],[-120.62237405218,39.690051265061,2118.0],[-120.62232954428,39.690043050796,2118.5],[-120.62227497809,39.690042380244,2118.5],[-120.62222904526,39.690042966977,2118.9],[-120.62218545936,39.690047409385,2118.9],[-120.62214497477,39.690048331395,2119.4],[-120.62211245298,39.690044224262,2119.4],[-120.62206869945,39.690047325566,2119.8],[-120.62202804722,39.690043386072,2119.8],[-120.62198798172,39.690032992512,2119.8],[-120.62195143662,39.690019916743,2120.3],[-120.62190592289,39.690008014441,2120.3],[-120.62187482603,39.689997117966,2120.7],[-120.6218376942,39.689996447414,2120.7],[-120.6217941083,39.6899959445,2121.2],[-120.62175236642,39.689974235371,2120.6],[-120.62171464786,39.689952610061,2120.6],[-120.62167089432,39.689940037206,2121.0],[-120.62162906863,39.689932409674,2121.0],[-120.62158062123,39.689904330298,2121.5],[-120.62153678387,39.689890081063,2121.5],[-120.62148699537,39.689875664189,2121.3],[-120.62145732343,39.689865773544,2121.3],[-120.6214100495,39.689854122698,2121.8],[-120.62136663124,39.689847249538,2121.8],[-120.62132497318,39.689833084121,2122.2],[-120.62127811834,39.689821433276,2122.2],[-120.62122967094,39.689819086343,2122.6],[-120.62118859962,39.689820427448,2122.6],[-120.62113051303,39.689821014181,2123.1],[-120.62109363265,39.68982369639,2123.1],[-120.62103688717,39.689811877906,2123.6],[-120.62099045143,39.689795449376,2123.6],[-120.62094829045,39.68979075551,2124.1],[-120.6209145952,39.689799305052,2124.1],[-120.62089573592,39.689805842936,2124.1],[-120.62089188024,39.689810285345,2124.1],[-120.62088777311,39.689809279516,2124.1],[-120.62089238316,39.689806764945,2124.1],[-120.62090529129,39.689803160727,2124.1],[-120.62092230655,39.689798634499,2124.1],[-120.62094158493,39.689793018624,2124.1],[-120.62096262351,39.689795449376,2124.1],[-120.62098626047,39.689794527367,2123.6],[-120.62098877504,39.689794862643,2123.6],[-120.62098684721,39.689793605357,2123.6],[-120.62098936178,39.689795868471,2123.6],[-120.62098056078,39.689808608964,2123.6],[-120.62096689828,39.689812548459,2124.1],[-120.62084661797,39.689824953675,2124.5],[-120.62079180032,39.6898193378,2124.5],[-120.62060723081,39.689810285345,2125.2],[-120.62054051086,39.689798969775,2125.7],[-120.62049206346,39.689794527367,2126.2],[-120.6204160396,39.689794862643,2126.6],[-120.62036306597,39.689795281738,2126.6],[-120.62029793859,39.68980207108,2126.7],[-120.62025963329,39.689812967554,2126.7],[-120.62019651756,39.689839622006,2126.7],[-120.62012208626,39.689867449924,2126.9],[-120.61996500939,39.689930062741,2128.3],[-120.61988990754,39.689902402461,2127.8],[-120.61982972547,39.689889326692,2127.2],[-120.6197809428,39.689894607291,2127.2],[-120.61972277239,39.689910197631,2127.0],[-120.61967331916,39.689929140732,2126.8],[-120.61962386593,39.689948419109,2126.8],[-120.61957759783,39.689967026934,2127.2],[-120.61952956952,39.689988316968,2127.2],[-120.61948648654,39.690020000562,2125.9],[-120.61944675632,39.690058892593,2126.4],[-120.61942747794,39.690097030252,2126.4],[-120.61939923093,39.69015092589,2125.6],[-120.61938506551,39.690190153196,2125.6],[-120.61937618069,39.690239438787,2126.1],[-120.61938045546,39.690287215635,2126.1],[-120.61939587817,39.690324682742,2126.1],[-120.61942487955,39.69036726281,2127.7],[-120.61945304275,39.690407328308,2127.7],[-120.619477937,39.69045300968,2128.0],[-120.61950408854,39.6904997807,2129.5],[-120.61952780932,39.690536158159,2129.4],[-120.61955781654,39.690580079332,2129.4],[-120.61959763058,39.690633304417,2131.0],[-120.61961657368,39.6906711068,2131.0],[-120.61964146793,39.690733049065,2131.2],[-120.61965798028,39.690784346312,2131.2],[-120.61967784539,39.690832793713,2131.2],[-120.61970408075,39.690879900008,2132.9],[-120.61974020675,39.690928347409,2132.9],[-120.61976853758,39.690992385149,2133.0],[-120.61978119425,39.69102775678,2134.0],[-120.61979041435,39.691047957167,2134.0],[-120.61980390921,39.691079389304,2134.2],[-120.61982092448,39.691114425659,2134.2],[-120.61983743683,39.691159101203,2134.3],[-120.61984816566,39.691183492541,2134.3],[-120.61985629611,39.691230598837,2134.3],[-120.61986786313,39.691298408434,2135.1],[-120.6198703777,39.691332019866,2135.1],[-120.61986979097,39.691373426467,2135.2],[-120.61987264082,39.691427825019,2135.2],[-120.61988940462,39.691476691514,2135.2],[-120.61988496222,39.691518936306,2135.2],[-120.61987498775,39.691563360393,2135.6],[-120.61986166053,39.691597642377,2135.6],[-120.61983701773,39.69164935872,2135.3],[-120.6197998859,39.691762514412,2135.5],[-120.61973945238,39.691835520789,2135.3],[-120.61967331916,39.691894697025,2134.9],[-120.61962101609,39.691932750866,2135.3],[-120.61957801692,39.691953621805,2135.3],[-120.61954256147,39.691979940981,2135.0],[-120.61950325035,39.691996118054,2135.0],[-120.61946259812,39.692024951801,2135.1],[-120.61941633001,39.692055713385,2135.1],[-120.61938665807,39.692070549354,2134.9],[-120.61935916543,39.692091839388,2134.9],[-120.61932329088,39.69212109223,2135.6],[-120.61928666197,39.692149842158,2135.5],[-120.61925204471,39.692183118314,2135.5],[-120.61922094785,39.692210862413,2136.4],[-120.61918993481,39.692240031436,2136.2],[-120.61915682629,39.692266434431,2136.2],[-120.61912673526,39.692300800234,2137.1],[-120.61909748241,39.692343380302,2137.2],[-120.61908968724,39.692369112745,2137.2],[-120.61911148019,39.692409010604,2138.2],[-120.61914534308,39.692437173799,2138.0],[-120.61918733642,39.692469025031,2139.1],[-120.61921667308,39.692491823807,2139.1],[-120.61925807968,39.692526441067,2138.9],[-120.61928397976,39.692548485473,2138.9],[-120.61931650154,39.692579330876,2139.9],[-120.61935229227,39.692605314776,2139.7],[-120.61940241605,39.692644625902,2139.7],[-120.61942705885,39.692683350295,2140.7],[-120.61944759451,39.692718302831,2140.7],[-120.61946343631,39.69274780713,2140.7],[-120.6194687169,39.692773958668,2140.9],[-120.61946259812,39.692811509594,2140.9],[-120.61943929642,39.69284134917,2140.9],[-120.61940744519,39.692874373868,2141.5],[-120.61937391758,39.692910667509,2141.9],[-120.61935489066,39.692937238142,2142.4],[-120.61935145408,39.692988619208,2142.4],[-120.61933938414,39.693030528724,2142.8],[-120.61931625009,39.693069420755,2142.8],[-120.6192921102,39.693109737709,2143.2],[-120.6192616839,39.69313739799,2143.5],[-120.6192374602,39.693169500679,2143.5],[-120.61921038665,39.693197496235,2143.5],[-120.61918607913,39.693213757128,2144.3],[-120.61917233281,39.693241752684,2144.3],[-120.61915221624,39.693269915879,2144.3],[-120.61913444661,39.693282069638,2144.3],[-120.61910066754,39.69330620952,2144.7],[-120.61907610856,39.693321548402,2145.1],[-120.61904341914,39.693331606686,2145.1],[-120.61901919544,39.693363457918,2145.1],[-120.61899899505,39.69339271076,2145.5],[-120.61897334643,39.693418443203,2146.0],[-120.61895566061,39.693433111534,2146.0],[-120.61891903169,39.693454988301,2146.0],[-120.61888902448,39.693478206173,2146.6],[-120.61885692179,39.693478038535,2146.6],[-120.61882817186,39.693477703258,2146.6],[-120.6187992543,39.693496813998,2148.2],[-120.61877947301,39.693512823433,2148.2],[-120.61875952408,39.693528916687,2148.2],[-120.61873773113,39.693540902808,2148.2],[-120.61871300451,39.693551044911,2149.1],[-120.61868718825,39.693566635251,2149.1],[-120.61866422184,39.693579208106,2150.1],[-120.61863882467,39.693595552817,2150.1],[-120.61860982329,39.693614495918,2150.9],[-120.61859062873,39.693630253896,2150.9],[-120.61857503839,39.693642742932,2150.9],[-120.61854679137,39.693664284423,2152.9],[-120.61852340586,39.693682640791,2152.9],[-120.61850597151,39.693697895855,2152.9],[-120.61849834397,39.693713150918,2152.9],[-120.61848971061,39.693729327992,2152.9],[-120.61847856268,39.693748271093,2154.0],[-120.6184663251,39.693767465651,2154.0],[-120.61845609918,39.693788504228,2154.0],[-120.61844159849,39.69380476512,2154.9],[-120.61842290685,39.693820104003,2155.9],[-120.61840522103,39.693834688514,2155.9],[-120.61838510446,39.693855307996,2155.9],[-120.61836423352,39.693879280239,2155.9],[-120.61834981665,39.693895541131,2156.8],[-120.6183372438,39.69391473569,2156.8],[-120.61832307838,39.693920267746,2157.8],[-120.61830656603,39.693921860307,2157.8],[-120.61829516664,39.693928482011,2157.8],[-120.61828049831,39.69394851476,2157.8],[-120.61827588826,39.693955807015,2157.8],[-120.61827178113,39.69395454973,2157.8],[-120.61826189049,39.693949436769,2157.8],[-120.61825543642,39.693953543901,2157.8],[-120.61825845391,39.693956142291,2157.8],[-120.61824554577,39.693955136463,2158.7],[-120.61824378558,39.69395371154,2158.7],[-120.61823900789,39.693955723196,2158.7],[-120.61823054217,39.693964608014,2158.7],[-120.61821931042,39.693976007402,2158.7],[-120.61820430681,39.693989669904,2158.7],[-120.61818301678,39.694046666846,2159.8],[-120.618160218,39.694075081497,2159.8],[-120.61813264154,39.694109698758,2161.8],[-120.61812736094,39.69412595965,2161.8],[-120.61812434345,39.69415361993,2161.8],[-120.61812484637,39.69418044202,2161.8],[-120.61812736094,39.694213718176,2163.0],[-120.61815116554,39.694258812815,2163.0],[-120.61816482805,39.694279264659,2163.0],[-120.61818519607,39.69429988414,2163.3],[-120.61820279807,39.694327209145,2163.3],[-120.61822040007,39.694352187216,2163.3],[-120.61824956909,39.694369873032,2163.3],[-120.61827421188,39.694386553019,2163.6],[-120.61830002815,39.694410106167,2163.6],[-120.61828787439,39.694438017905,2163.6],[-120.61827932484,39.69446182251,2163.6],[-120.61826675199,39.694478921592,2164.8],[-120.61825384386,39.694488309324,2164.8],[-120.61826155521,39.694507420063,2164.8],[-120.61826541089,39.694519070908,2164.8],[-120.61827639118,39.694543126971,2164.8],[-120.61827597208,39.694560812786,2166.1],[-120.61827982776,39.694573218003,2166.1],[-120.61828477308,39.694589395076,2166.1],[-120.61829457991,39.694586377591,2166.1],[-120.61830690131,39.694591490552,2166.1],[-120.61830237508,39.694607835263,2166.1],[-120.61830539256,39.694627868012,2166.1],[-120.61831930652,39.694654354826,2167.3],[-120.61834042892,39.694689726457,2167.3],[-120.61835853383,39.694724343717,2166.4],[-120.61837169342,39.694757200778,2167.6],[-120.61838250607,39.694792237133,2167.6],[-120.61838585883,39.694829871878,2168.8],[-120.61838451773,39.694864908233,2168.8],[-120.6183905527,39.69489374198,2168.8],[-120.61839457601,39.694919222966,2170.1],[-120.61839516275,39.694939590991,2170.1],[-120.61839776114,39.694970184937,2170.1],[-120.61840790324,39.694992816076,2170.1],[-120.61842123047,39.695021482185,2171.1],[-120.61843095347,39.695048220456,2171.1],[-120.61843204312,39.695076970384,2171.1],[-120.6184165366,39.6950893756,2172.0],[-120.61840010807,39.695120975375,2172.0],[-120.61839792877,39.695147881284,2172.0],[-120.61839633621,39.695180654526,2172.9],[-120.61840614304,39.695202531293,2172.9],[-120.61841377057,39.695228515193,2172.9],[-120.61841335148,39.69525994733,2172.9],[-120.61841326766,39.69528936781,2173.7],[-120.61842542142,39.69531702809,2173.7],[-120.61843640171,39.695331109688,2173.7],[-120.61844327487,39.695348963141,2173.7],[-120.61845408753,39.695367654786,2174.6],[-120.61846414581,39.695391627029,2173.8],[-120.61847168952,39.695389112458,2173.8],[-120.61846481636,39.695406882092,2173.8],[-120.6184618827,39.69542523846,2173.8],[-120.61846255325,39.695448456332,2173.8],[-120.61845651828,39.695471841842,2175.4],[-120.61845886521,39.695489192382,2175.4],[-120.61846992932,39.695505453274,2174.6],[-120.61848090962,39.695524564013,2174.6],[-120.61849239282,39.695544010028,2175.4],[-120.61850136146,39.695557756349,2175.4],[-120.61850580387,39.695576280355,2175.4],[-120.61850555241,39.695579465479,2175.4],[-120.61852759682,39.695589188486,2175.4],[-120.61854737811,39.695611484349,2175.4],[-120.61855953187,39.69563302584,2175.4],[-120.61856120825,39.695657668635,2176.2],[-120.61855031177,39.695684658363,2176.2],[-120.61853664927,39.695701170713,2176.2],[-120.61852416024,39.69572564587,2176.2],[-120.61851753853,39.69574819319,2177.0],[-120.61853053048,39.695775602013,2177.0],[-120.61853815801,39.695797730237,2177.0],[-120.61854301952,39.695811560377,2177.0],[-120.61855760403,39.695830084383,2177.0],[-120.61856640503,39.695839472115,2177.8],[-120.6185777206,39.69584852457,2177.8],[-120.61859901063,39.695862689987,2176.9],[-120.61861401424,39.695877693594,2176.9],[-120.6186279282,39.695899737999,2176.9],[-120.61864745803,39.695932343602,2177.7],[-120.61865969561,39.695964613929,2177.7],[-120.61867168173,39.695989424363,2177.7],[-120.61868886463,39.696028232574,2176.9],[-120.61870562844,39.696062179282,2177.7],[-120.6187173631,39.696093108505,2177.7],[-120.61873110943,39.696114063263,2177.7],[-120.61874401756,39.696132419631,2178.4],[-120.61876220629,39.696151698008,2178.4],[-120.61878299341,39.696172568947,2177.6],[-120.61879523098,39.696207521483,2177.6],[-120.61880344525,39.696240630001,2178.4],[-120.61881165951,39.696273067966,2178.4],[-120.61882280745,39.696307936683,2178.4],[-120.61883781105,39.696344817057,2179.2],[-120.61885021627,39.696374405175,2179.2],[-120.61886756681,39.696414470673,2178.3],[-120.6188912876,39.696449004114,2179.1],[-120.61890386045,39.696486806497,2179.1],[-120.61891886406,39.696529302746,2179.9],[-120.61892992817,39.696563668549,2179.9],[-120.61894820072,39.696590323001,2179.9],[-120.61897477135,39.696625359356,2179.8],[-120.61899513938,39.696655953303,2179.8],[-120.61900972389,39.696684954688,2179.8],[-120.61902900226,39.696716135368,2180.6],[-120.61905540526,39.696744047105,2179.7],[-120.61907954514,39.69676525332,2179.7],[-120.6190983206,39.696775311604,2179.7],[-120.61912195757,39.696797439829,2180.5],[-120.61913629062,39.69681378454,2180.5],[-120.61915716156,39.69683800824,2179.6],[-120.61918297783,39.696859382093,2179.6],[-120.61921080574,39.696881342679,2179.6],[-120.61923318543,39.696897352114,2179.5],[-120.61923796311,39.69691939652,2179.5],[-120.61925414018,39.696942279115,2179.5],[-120.61926621012,39.696970274672,2179.5],[-120.61928599142,39.6969972644,2180.3],[-120.61931046657,39.697025343776,2180.3],[-120.61933628283,39.697053339332,2179.5],[-120.6193550583,39.697076221928,2180.4],[-120.61937794089,39.697099523619,2180.4],[-120.61939705163,39.697123579681,2180.4],[-120.61940861866,39.697151491418,2180.4],[-120.61942295171,39.69718250446,2181.3],[-120.61944390647,39.697219887748,2180.5],[-120.61947424896,39.697256684303,2181.5],[-120.61950559728,39.697290211916,2181.5],[-120.6195418071,39.697334636003,2180.7],[-120.61957642436,39.697383502498,2181.6],[-120.61960894614,39.697409905493,2181.6],[-120.619648844,39.69743530266,2181.9],[-120.6196822878,39.697477044538,2181.9],[-120.61973433942,39.697546614334,2182.2],[-120.61976459809,39.697593385354,2182.2],[-120.61977482401,39.697632361203,2183.4],[-120.61978220008,39.697668068111,2183.4],[-120.61979091726,39.69770276919,2183.4],[-120.61981111765,39.69773998484,2183.8],[-120.61984112486,39.697764459997,2183.8],[-120.61987029389,39.697807040066,2183.8],[-120.61989577487,39.697827911004,2184.2],[-120.61991371214,39.697862109169,2184.2],[-120.61993609183,39.697894630954,2184.2],[-120.61995729804,39.697926398367,2185.5],[-120.61998168938,39.697953220457,2185.5],[-120.62000817619,39.697975264862,2184.6],[-120.62003340572,39.69799621962,2184.6],[-120.62005922198,39.698023544624,2185.9],[-120.62008445151,39.698052713647,2185.0],[-120.62011395581,39.698083559051,2185.0],[-120.62014379539,39.698110800236,2186.3],[-120.6201689411,39.698143489659,2185.3],[-120.6201914046,39.698171652853,2185.3],[-120.62021504156,39.69820828177,2186.5],[-120.62024152838,39.698255807161,2186.5],[-120.62025141902,39.698295369744,2186.7],[-120.62026835047,39.698323616758,2186.7],[-120.62030254863,39.698360161856,2187.9],[-120.62033389695,39.698392348364,2187.9],[-120.62036197633,39.698428977281,2186.9],[-120.62038645148,39.698465857655,2188.0],[-120.62041025609,39.698497205973,2188.0],[-120.62045987695,39.698558812961,2188.1],[-120.62051930465,39.698626203462,2188.1],[-120.62054989859,39.698658054695,2188.1],[-120.62057848088,39.69869133085,2188.1],[-120.62060966156,39.698723517358,2188.1],[-120.62063614838,39.698744472116,2187.9],[-120.62066481449,39.698778502643,2187.9],[-120.62068752944,39.698801720515,2187.9],[-120.62071166933,39.698838014156,2188.9],[-120.62073153444,39.698886713013,2187.7],[-120.62079263851,39.698985787109,2188.6],[-120.62082130462,39.699017470703,2188.2],[-120.6208542455,39.699091902003,2188.2],[-120.62087511644,39.699149988592,2189.0],[-120.62088525854,39.699193909764,2189.0],[-120.62090713531,39.699241267517,2189.7],[-120.62094041146,39.699289882556,2188.5],[-120.62097326852,39.699329445139,2189.2],[-120.62103940174,39.69951200299,2189.3],[-120.62108181417,39.699586518109,2189.9],[-120.62110126019,39.699644353241,2189.9],[-120.62110511586,39.699678802863,2190.5],[-120.62110771425,39.699729429558,2190.5],[-120.62110167928,39.699770752341,2191.0],[-120.62110385858,39.699803609401,2191.0],[-120.62110469677,39.699854906648,2191.0],[-120.62110427767,39.699890110642,2191.4],[-120.62111131847,39.699941910803,2191.4],[-120.62114635482,39.700113991275,2191.0],[-120.62115389854,39.700156655163,2191.4],[-120.62116747722,39.700204264373,2191.4],[-120.621181475,39.70024692826,2191.8],[-120.62120519578,39.700292693451,2191.8],[-120.62121718191,39.700343571603,2190.9],[-120.62123176642,39.700394617394,2190.9],[-120.62123704702,39.700438622385,2191.2],[-120.62125992961,39.700545826927,2191.5],[-120.62127937563,39.700626460835,2191.8],[-120.62128758989,39.700666107237,2191.8],[-120.62130100094,39.700705502182,2192.2],[-120.6213237159,39.700734084472,2191.2],[-120.62136327848,39.700782950968,2191.2],[-120.62138842419,39.700839444995,2191.6],[-120.6213735044,39.70097833313,2192.6],[-120.62137400731,39.701016722247,2192.6],[-120.62136143446,39.701106995344,2193.1],[-120.62135824934,39.70114194788,2193.1],[-120.62134307809,39.7011887189,2193.7],[-120.62133318745,39.701229454949,2193.7],[-120.62131918967,39.701274046674,2194.4],[-120.62131323852,39.701300952584,2194.4],[-120.6213131547,39.70133674331,2195.1],[-120.62130946666,39.701371528208,2195.1],[-120.62131407671,39.701403211802,2195.1],[-120.62132438645,39.701437912881,2195.1],[-120.62133939005,39.701466159895,2195.9],[-120.62136503868,39.701502285898,2195.9],[-120.62138834037,39.70152541995,2194.9],[-120.62141834758,39.701558025554,2195.8],[-120.62144466676,39.701593397185,2195.8],[-120.6214672979,39.701630780473,2197.4],[-120.62149101868,39.701665230095,2196.1],[-120.62151700258,39.701699931175,2196.1],[-120.62154793181,39.701733961701,2197.6],[-120.62159797177,39.701794395223,2196.4],[-120.62164440751,39.701847368851,2198.0],[-120.62166796066,39.701876370236,2197.0],[-120.62169210054,39.701907467097,2197.0],[-120.62173577026,39.701969744638,2198.6],[-120.6217522826,39.70200327225,2198.6],[-120.62177005224,39.702032441273,2199.3],[-120.62179167755,39.702063705772,2199.3],[-120.62180785462,39.702094299719,2199.3],[-120.62181808054,39.702117685229,2200.7],[-120.62183408998,39.702151464298,2200.7],[-120.62185403891,39.702175436541,2200.0],[-120.62187214382,39.702190021053,2200.0],[-120.6218949426,39.702209131792,2200.0],[-120.6219152268,39.702226230875,2201.5],[-120.62193500809,39.702248526737,2201.5],[-120.62194808386,39.702266212553,2200.8],[-120.62196677551,39.702292783186,2200.8],[-120.62198496424,39.702311391011,2202.1],[-120.62200290151,39.70232790336,2202.1],[-120.62201983295,39.702344164252,2202.1],[-120.62203559093,39.702361766249,2201.5],[-120.62204841524,39.702384229749,2202.7],[-120.622060569,39.702405184507,2202.7],[-120.62207599171,39.702423624694,2202.7],[-120.62209560536,39.702441226691,2202.7],[-120.62211815268,39.702453045174,2202.2],[-120.62212762423,39.702481040731,2203.3],[-120.62213424593,39.702504593879,2203.3],[-120.62211513519,39.702535942197,2203.3],[-120.6220865529,39.702552286908,2203.8],[-120.62205118127,39.702565446496,2203.8],[-120.62201488763,39.702586820349,2205.5],[-120.62199393287,39.70260316506,2205.5],[-120.62196568586,39.702624203637,2205.5],[-120.62193341553,39.702642057091,2206.0],[-120.62188639306,39.702672064304,2207.1],[-120.62185328454,39.702689079568,2207.1],[-120.62182352878,39.702705005184,2207.6],[-120.62178933062,39.702717242762,2207.6],[-120.62175379135,39.702731659636,2207.6],[-120.62172219157,39.702745489776,2208.4],[-120.62168975361,39.702759152278,2209.7],[-120.62165555544,39.702774239704,2209.7],[-120.62162068672,39.702791506425,2210.2],[-120.62159361318,39.702794859186,2210.2],[-120.62155748717,39.702792344615,2210.6],[-120.62152521685,39.702791338786,2210.6],[-120.62149009667,39.702797709033,2210.6],[-120.62144768424,39.702806677669,2211.0],[-120.62140669674,39.702800391242,2211.0],[-120.62137107365,39.702791674063,2211.7],[-120.62133410946,39.702790500596,2211.7],[-120.62129873782,39.702797876671,2211.7],[-120.62126512639,39.702812209725,2212.2],[-120.62123159878,39.702823776752,2212.2],[-120.62119798735,39.702834673226,2212.2],[-120.62116663903,39.702842803672,2212.3],[-120.6211400684,39.702855460346,2212.5],[-120.62111182138,39.702869625762,2212.5],[-120.62108390965,39.702885299921,2212.1],[-120.62106538564,39.702903237194,2212.1],[-120.62105046585,39.702922767028,2212.1],[-120.62103864737,39.702939866111,2211.8],[-120.62103529461,39.702955288813,2211.8],[-120.62103227712,39.702969705686,2211.8],[-120.62103034928,39.702985715121,2211.8],[-120.62103026547,39.703002478927,2211.8],[-120.62103412114,39.70301438123,2211.8],[-120.62103755772,39.703030139208,2211.6],[-120.62104459852,39.703042544425,2211.6],[-120.6210515555,39.703054362908,2211.6],[-120.62105163932,39.703057128936,2211.6],[-120.62105365098,39.703056542203,2211.6],[-120.62105197459,39.703059308231,2211.6],[-120.62105163932,39.703065007925,2211.6],[-120.62107075006,39.703088477254,2211.6],[-120.62108114362,39.703100547194,2211.6],[-120.62112816609,39.703202471137,2213.2],[-120.62113193795,39.703266089782,2213.3],[-120.62112749554,39.703297605738,2213.3],[-120.62112171203,39.703330211341,2213.7],[-120.6211088039,39.703396847472,2213.7],[-120.62109941617,39.703542944044,2214.0],[-120.62111852691,39.703597426414,2214.4],[-120.62114870176,39.703631289303,2214.4],[-120.62117694877,39.703641179949,2214.4],[-120.62121248804,39.703644616529,2215.2],[-120.62124777585,39.703643526882,2215.2],[-120.62127593905,39.703629696742,2216.4],[-120.62130401842,39.70360564068,2216.4],[-120.62135422602,39.703575717285,2219.8],[-120.62136872672,39.703560965136,2219.8],[-120.62138775364,39.70354411751,2219.8],[-120.62141750939,39.703525844961,2219.8],[-120.62145061791,39.70350866206,2219.8],[-120.62148305587,39.703499022871,2221.1],[-120.62152907252,39.703497095034,2221.1],[-120.62160979025,39.703512685373,2221.8],[-120.6216470059,39.703523917124,2222.2],[-120.62167743221,39.703532801941,2222.2],[-120.62172336504,39.70354587771,2222.6],[-120.62176368199,39.703560965136,2222.6],[-120.62179846689,39.7035709396,2222.6],[-120.62183744274,39.70358393155,2222.9],[-120.62187943608,39.703602539375,2223.9],[-120.6219099462,39.703615447506,2223.9],[-120.62195830978,39.703624416143,2223.9],[-120.62200415879,39.703632881865,2224.0],[-120.62204707414,39.703642521054,2224.0],[-120.62208889984,39.703651573509,2224.0],[-120.62212854624,39.70366967842,2223.8],[-120.62217087485,39.703690800816,2225.1],[-120.62222099863,39.703705804422,2224.7],[-120.6222516764,39.703724412248,2224.7],[-120.62229081988,39.703752323985,2224.4],[-120.62232183293,39.703768584877,2225.7],[-120.62236214988,39.703785516322,2225.7],[-120.6223970186,39.703799011186,2225.7],[-120.62243574299,39.70381074585,2225.7],[-120.62247857451,39.703822731972,2225.7],[-120.62251662835,39.703841004521,2225.8],[-120.62255040742,39.703855421394,2226.7],[-120.6225855276,39.703869754449,2227.1],[-120.62262425199,39.703887691721,2227.1],[-120.62266540714,39.703917531297,2226.7],[-120.62270429917,39.703950388357,2226.7],[-120.62273464166,39.703971678391,2227.6],[-120.62277554534,39.704004200175,2226.9],[-120.62281611376,39.704028591514,2226.9],[-120.62284637243,39.704042924568,2226.9],[-120.62288844958,39.704064130783,2227.4],[-120.6229233183,39.704076452181,2227.4],[-120.62295215204,39.704094640911,2227.5],[-120.62297545373,39.70412238501,2227.5],[-120.6229885295,39.704134454951,2227.5],[-120.6230166927,39.704144261777,2227.5],[-120.62304745428,39.704154487699,2228.1],[-120.62306287698,39.704165048897,2228.1],[-120.62307989225,39.704182902351,2228.1],[-120.62309908681,39.704192792997,2228.1],[-120.62312607653,39.704205198213,2228.4],[-120.62314610928,39.704221375287,2228.4],[-120.62317318283,39.704249119386,2228.1],[-120.62318868935,39.704265631735,2228.1],[-120.62319824472,39.704285832122,2228.1],[-120.62320251949,39.704312151298,2228.1],[-120.62320495024,39.704329334199,2228.1],[-120.6232104823,39.704350121319,2227.9],[-120.62322397716,39.704377027228,2227.9],[-120.62323235907,39.704392114654,2227.9],[-120.62323227525,39.704413572326,2227.9],[-120.62323805876,39.704434443265,2228.0],[-120.62325021252,39.704451793805,2228.4],[-120.62326236628,39.704461852089,2228.4],[-120.62327636406,39.704466797411,2228.4],[-120.62328902073,39.704470569268,2228.4],[-120.62329773791,39.704475011677,2228.4],[-120.62330461107,39.70447383821,2228.4],[-120.62330611981,39.704475514591,2228.4],[-120.62332799658,39.704483980313,2228.4],[-120.62333964743,39.704480208457,2228.4],[-120.62334224582,39.704477190971,2228.4],[-120.62334693968,39.70448247157,2228.4],[-120.62335456721,39.704488003626,2228.7],[-120.62334853224,39.704487919807,2228.4],[-120.62335783616,39.704490518197,2228.7],[-120.62333906069,39.704484567046,2228.4],[-120.62332271598,39.704468138516,2228.4],[-120.62331852503,39.704467551783,2228.4],[-120.62331542373,39.704466629773,2228.4],[-120.6232897751,39.704459840432,2228.4],[-120.62328776345,39.704457158223,2228.4],[-120.62327510677,39.704454056919,2228.4],[-120.6232818123,39.704455230385,2228.4],[-120.62327502295,39.70444357954,2228.4],[-120.62325038016,39.704433688894,2228.0],[-120.62323579565,39.704418098554,2227.9],[-120.62322045676,39.704401921481,2227.9],[-120.62319757417,39.704381050542,2227.9],[-120.62317477539,39.704352049157,2227.9],[-120.6231602747,39.704318605363,2228.1],[-120.62313714065,39.704248616472,2227.7],[-120.62310813926,39.704186758026,2228.1],[-120.62309313565,39.704157169908,2228.1],[-120.62304963358,39.704098831862,2227.5],[-120.62303462997,39.704061280936,2226.5],[-120.62302314676,39.703981904313,2226.5],[-120.62301308848,39.703908395022,2225.3],[-120.62301644124,39.70387914218,2225.3],[-120.62301987782,39.703867575154,2224.1],[-120.62301602215,39.703867323697,2224.1],[-120.62299079262,39.703874532133,2225.3],[-120.6229246594,39.703913927078,2225.2],[-120.62289113179,39.703925829381,2225.2],[-120.62286288477,39.703908059746,2225.8],[-120.62283882871,39.703865395859,2224.6],[-120.62281468883,39.703831113875,2224.6],[-120.6227779761,39.703822480515,2225.4],[-120.62273464166,39.703818289563,2225.4],[-120.62269340269,39.703779648989,2225.4],[-120.622670101,39.703745199367,2224.4],[-120.62266331166,39.703703373671,2224.4],[-120.62269549817,39.703630283475,2222.5],[-120.6227810774,39.703607652336,2222.0],[-120.62284436077,39.703586027026,2222.0],[-120.62295014039,39.703549733385,2220.4],[-120.62300705351,39.703548895195,2220.0],[-120.62305491418,39.703549146652,2219.6],[-120.62308869325,39.703540010378,2219.6],[-120.62313261442,39.703532382846,2219.6],[-120.62319573015,39.70353464596,2219.1],[-120.62324384227,39.703540261835,2219.1],[-120.62328541651,39.703549146652,2218.6],[-120.62330813147,39.703537076712,2218.6],[-120.62334869988,39.70351821743,2218.1],[-120.62337325886,39.703503549099,2218.1],[-120.6233734265,39.703491898254,2218.1],[-120.62336085364,39.703472787514,2216.0],[-120.62332841568,39.703453006223,2216.6],[-120.62328441069,39.703432135284,2216.6],[-120.62324216589,39.703409001231,2217.2],[-120.62316941097,39.703368516639,2215.1],[-120.62313873321,39.703352339566,2215.7],[-120.62310378067,39.703327948228,2215.7],[-120.62306463718,39.703308586031,2215.7],[-120.62302432023,39.703292073682,2214.0],[-120.62293161638,39.703252259642,2214.5],[-120.62272785231,39.703177576885,2213.2],[-120.62268527225,39.703176906332,2213.2],[-120.6226564385,39.703174727038,2213.7],[-120.62263581902,39.703170368448,2213.7],[-120.62260120176,39.7031692788,2213.7],[-120.62255845405,39.703153269365,2214.1],[-120.62252442352,39.703138098121,2214.1],[-120.62249835581,39.703123262152,2214.1],[-120.62237480655,39.703072551638,2212.8],[-120.62222854234,39.702986218035,2210.7],[-120.62220272608,39.702938022092,2211.2],[-120.62219643965,39.702902063727,2208.7],[-120.62220892869,39.702849090099,2208.7],[-120.62224782072,39.702813215554,2206.7],[-120.62236642465,39.702793015167,2206.4],[-120.62241856009,39.702794104815,2206.0],[-120.6224802509,39.702794775367,2206.0],[-120.62254303135,39.702796703205,2205.7],[-120.62257706188,39.702804582193,2205.7],[-120.62261670828,39.702806174755,2205.3],[-120.62269181013,39.702809276059,2204.9],[-120.62273170799,39.702824698761,2204.9],[-120.62277738936,39.702829476446,2204.5],[-120.62282684259,39.702818915248,2204.5],[-120.62288727611,39.70278840512,2204.2],[-120.62295022421,39.702747836709,2204.2],[-120.6230254937,39.702713890001,2202.2],[-120.62316195108,39.702661084011,2201.2],[-120.62322464772,39.702622778714,2199.7],[-120.62324535102,39.702571816742,2199.3],[-120.62324367464,39.70252873376,2197.8],[-120.62322397716,39.702484477311,2198.3],[-120.62307419255,39.702454637736,2198.7],[-120.62295818701,39.70241272822,2197.8],[-120.62291619368,39.702390432358,2198.3],[-120.62286305241,39.702357826754,2198.3],[-120.62281670049,39.702313654125,2197.5],[-120.62277705409,39.702266547829,2197.5],[-120.6227277685,39.702213406563,2196.7],[-120.62267521396,39.702173341066,2196.7],[-120.62257220037,39.702115673572,2196.4],[-120.622508917,39.702069908381,2195.0],[-120.62242384069,39.701990783215,2195.4],[-120.62236810103,39.701953819022,2194.5],[-120.6223067455,39.701924063265,2194.5],[-120.62219283544,39.701853068545,2193.9],[-120.62215805054,39.701808728278,2193.9],[-120.62213734724,39.701759107411,2192.5],[-120.62211572193,39.701697584242,2191.2],[-120.62208378688,39.701584093273,2190.6],[-120.62210482545,39.701530952007,2189.9],[-120.62213910744,39.701498430222,2188.7],[-120.62220373191,39.701476553455,2188.7],[-120.62227305025,39.701476218179,2187.9],[-120.62234840356,39.701502369717,2187.0],[-120.62243389897,39.701543357223,2187.6],[-120.62250698917,39.701577723026,2186.8],[-120.62256867997,39.701595157385,2186.8],[-120.62266364694,39.701619045809,2187.8],[-120.6227374915,39.70165181905,2187.1],[-120.62279398553,39.701680988073,2186.6],[-120.62285316177,39.701714431867,2188.3],[-120.62290303409,39.701749384403,2187.7],[-120.62296045013,39.701785678044,2187.1],[-120.62302750535,39.701816691086,2188.8],[-120.62308332883,39.701825994998,2188.2],[-120.62312691472,39.701828006655,2187.6],[-120.62317812815,39.701834125444,2187.6],[-120.62323655002,39.701863378286,2187.0],[-120.62328751199,39.70189506188,2188.5],[-120.62333570793,39.701915681362,2187.8],[-120.62339999713,39.701940324157,2187.8],[-120.62345372513,39.701964799315,2187.1],[-120.62353343703,39.70198684372,2186.4],[-120.62368255109,39.702006625012,2187.0],[-120.62384759076,39.702048366889,2185.0],[-120.62391095795,39.702076362446,2183.9],[-120.62397918664,39.702103855088,2183.8],[-120.62405546196,39.702143752947,2182.1],[-120.62410298735,39.702162109315,2182.1],[-120.6241644267,39.702203683555,2181.7],[-120.62421362847,39.702257746831,2181.7],[-120.62433013692,39.702377691865,2180.4],[-120.62438964844,39.702414907515,2180.4],[-120.62441471033,39.702440304682,2178.6],[-120.62443365343,39.702462349087,2179.8],[-120.62446684577,39.702500570565,2179.8],[-120.62448880635,39.702531667426,2179.8],[-120.6245053187,39.702562429011,2179.2],[-120.62451881357,39.70259193331,2179.2],[-120.62453817576,39.702613474801,2179.2],[-120.62453943305,39.702652199194,2180.3],[-120.62453775667,39.702667873353,2180.3],[-120.62456206419,39.702689917758,2180.3],[-120.62458997592,39.702707855031,2180.3],[-120.62461436726,39.702729647979,2179.5],[-120.62471662648,39.702869541943,2178.7],[-120.62473230064,39.702910864726,2178.7],[-120.62474654987,39.702948834747,2179.7],[-120.62476725318,39.703029720113,2180.5],[-120.62477446161,39.703057548031,2180.5],[-120.62477957457,39.703076407313,2180.5],[-120.624794662,39.703107252717,2179.6],[-120.62481150962,39.703139439225,2179.6],[-120.62482500449,39.703165171668,2179.6],[-120.62486758456,39.703237172216,2180.5],[-120.62489490956,39.703252343461,2178.7],[-120.62492558733,39.703276315704,2178.7],[-120.62494520098,39.703300790861,2179.6],[-120.62502290122,39.703416461125,2178.6],[-120.62504469417,39.703461220488,2178.6],[-120.62507327646,39.703545290977,2177.6],[-120.62509154901,39.703579992056,2178.3],[-120.625108229,39.703617291525,2178.3],[-120.62513144687,39.703651405871,2178.3],[-120.62514695339,39.703730028123,2177.3],[-120.62514586374,39.703754754737,2177.3],[-120.62514024787,39.703802531585,2179.8],[-120.62514385208,39.703874029219,2180.5],[-120.62515106052,39.703909652308,2178.6],[-120.62516631559,39.703944856301,2179.1],[-120.62518408522,39.703988023102,2179.1],[-120.625198083,39.704049462453,2179.7],[-120.62518031336,39.704116014764,2179.7],[-120.62517997809,39.704131772742,2180.1],[-120.62517310493,39.70415180549,2180.1],[-120.62517109327,39.704173682258,2180.1],[-120.62516539358,39.704196900129,2180.1],[-120.62516095117,39.704232858494,2180.6],[-120.62514938414,39.70426353626,2180.6],[-120.62508551404,39.704381972551,2182.9],[-120.62505542301,39.704407118261,2183.4],[-120.62502055429,39.704420696944,2186.1],[-120.62498811632,39.704399742186,2186.1],[-120.62496188097,39.704358670861,2185.4],[-120.62494411133,39.704319192097,2188.5],[-120.62491997145,39.70429035835,2187.6],[-120.62488174997,39.704274013638,2187.6],[-120.62487730756,39.704272672534,2187.6],[-120.62488837168,39.704289520159,2187.6],[-120.62489180826,39.704297985882,2187.6],[-120.62488962896,39.704318940639,2188.5],[-120.62488728203,39.704335704446,2188.5],[-120.62489281408,39.704358922318,2188.5],[-120.62490102835,39.704378535971,2188.5],[-120.62491083518,39.704411644489,2189.4],[-120.62491812743,39.704442154616,2189.4],[-120.62493497506,39.704473754391,2189.4],[-120.62493983656,39.704509126022,2190.5],[-120.62494821846,39.704543324187,2187.0],[-120.62495567836,39.704577354714,2187.0],[-120.62495416962,39.704605098814,2187.4],[-120.62497311272,39.70463225618,2187.4],[-120.62496799976,39.704658072442,2187.4],[-120.62493883073,39.704681206495,2190.9],[-120.62491544522,39.704700149596,2190.9],[-120.62491309829,39.704716661945,2190.9],[-120.62491234392,39.704744406044,2190.9],[-120.62490320764,39.704778604209,2190.3],[-120.62488870695,39.704802576452,2190.3],[-120.62487672083,39.704828560352,2190.3],[-120.6248607114,39.704856388271,2189.5],[-120.62484210357,39.704879773781,2189.5],[-120.62482056208,39.704895699397,2191.7],[-120.62481083907,39.704919587821,2191.7],[-120.62480715103,39.704935764894,2191.7],[-120.6248136051,39.704947918653,2190.6],[-120.62481771223,39.704952025786,2190.6],[-120.62483506277,39.704982032999,2188.6],[-120.62485459261,39.704996114597,2188.6],[-120.62491569668,39.70504950732,2188.6],[-120.62492952682,39.705092422664,2187.5],[-120.62494369224,39.705139696598,2185.8],[-120.62496850267,39.705180600286,2185.2],[-120.62500806525,39.705211948603,2185.2],[-120.62504989095,39.705228628591,2183.7],[-120.62508475967,39.705223347992,2183.7],[-120.62511342578,39.705220079049,2183.7],[-120.62516447157,39.705218570307,2182.1],[-120.6252148468,39.705207170919,2182.1],[-120.62525952235,39.705182360485,2180.6],[-120.62529841438,39.705154616386,2180.6],[-120.62532808632,39.70512653701,2179.0],[-120.62540293671,39.7050304804,2179.6],[-120.62542825006,39.704981278628,2178.1],[-120.62544006854,39.704905087128,2178.0],[-120.62542003579,39.704856052995,2178.0],[-120.62538097613,39.704819926992,2179.6],[-120.62534200028,39.704778939486,2179.5],[-120.62531274743,39.704732168466,2181.0],[-120.62529833056,39.704695874825,2180.6],[-120.6252949778,39.704662347212,2180.6],[-120.62531006522,39.704619515687,2180.6],[-120.62531911768,39.704558076337,2178.6],[-120.62532825395,39.704495044425,2178.2],[-120.62534350902,39.704386582598,2177.7],[-120.62533118762,39.704336291179,2177.7],[-120.62531467527,39.70429203473,2177.3],[-120.62526052818,39.704217184335,2178.9],[-120.62522213906,39.704131186008,2178.4],[-120.62521082349,39.704055245966,2177.9],[-120.62525046989,39.703910741955,2176.8],[-120.62526673079,39.703846117482,2176.8],[-120.62526689842,39.703769003972,2176.2],[-120.62525725923,39.703702954575,2175.6],[-120.62525046989,39.703540345654,2174.3],[-120.62529648654,39.703312274069,2172.9],[-120.62530671246,39.703223342076,2170.7],[-120.62530964613,39.703160896897,2169.9],[-120.62530889176,39.703104738146,2169.1],[-120.62530654483,39.703050926328,2169.1],[-120.62531316653,39.702997701243,2168.1],[-120.62531316653,39.702932322398,2168.1],[-120.62529556453,39.702848587185,2168.8],[-120.62528936192,39.702742304653,2167.8],[-120.6253139209,39.702702239156,2164.9],[-120.62537519261,39.702690923586,2164.9],[-120.62541307881,39.702705675736,2163.1],[-120.62546865083,39.702740292996,2163.1],[-120.62552506104,39.70277021639,2162.5],[-120.62558297999,39.702801732346,2160.8],[-120.6257050205,39.70288362354,2160.1],[-120.62577006407,39.702941291034,2159.6],[-120.62586687505,39.703043550253,2159.5],[-120.62589981593,39.703102810308,2159.5],[-120.62594482675,39.703165758401,2158.8],[-120.62607415952,39.703314872459,2159.4],[-120.62613023445,39.703374048695,2158.5],[-120.62616284005,39.703435404226,2159.5],[-120.6261969544,39.703491646796,2160.6],[-120.62624154612,39.703538417816,2159.6],[-120.62629904598,39.703590972349,2160.1],[-120.62637188472,39.703646712005,2158.7],[-120.62641270459,39.703711504117,2157.4],[-120.62643122859,39.703754922375,2157.4],[-120.62644380145,39.703802783042,2157.8],[-120.62645536847,39.703830443323,2157.8],[-120.6264774967,39.703862126917,2158.4],[-120.62649694271,39.703887943178,2158.4],[-120.62653130852,39.703915352002,2156.9],[-120.62656517141,39.703957429156,2157.7],[-120.62658830546,39.703993638977,2157.7],[-120.62668469734,39.704159852117,2156.8],[-120.62675644644,39.704253226519,2154.5],[-120.62678636983,39.704300584272,2154.5],[-120.62684864737,39.704391863197,2152.0],[-120.62687236816,39.704452045262,2152.1],[-120.62688896433,39.704515328631,2149.9],[-120.62691251747,39.704633513466,2150.1],[-120.62693682499,39.704695371911,2150.5],[-120.62696616165,39.704752452672,2150.5],[-120.62702517025,39.704881282523,2149.7],[-120.62704889104,39.704942721874,2149.7],[-120.62707487494,39.704990331084,2148.9],[-120.6271037925,39.705031821504,2148.9],[-120.62713698484,39.705072222278,2149.8],[-120.62717068009,39.705118658021,2149.8],[-120.62720060349,39.705161489546,2149.1],[-120.62722692266,39.705205494538,2149.1],[-120.62726941891,39.705259138718,2148.6],[-120.62732297927,39.705324685201,2148.6],[-120.62738358043,39.705398194492,2147.6],[-120.62743797898,39.705451922491,2147.8],[-120.62753428705,39.70556113869,2145.3],[-120.62756814994,39.705619309098,2142.5],[-120.62760788016,39.705675719306,2142.5],[-120.62772824429,39.705797256902,2140.2],[-120.6278190203,39.705936899409,2140.1],[-120.62783419155,39.705991800874,2140.0],[-120.6278436631,39.706044690683,2140.0],[-120.6278489437,39.706095317379,2141.9],[-120.62785523012,39.706149883568,2141.9],[-120.62786017545,39.706217106432,2143.5],[-120.62788473442,39.706279383972,2145.1],[-120.62800409272,39.706412404776,2144.9],[-120.62806678936,39.706478789449,2144.3],[-120.6281101238,39.706537127495,2142.9],[-120.62816435471,39.706594543532,2143.6],[-120.62825999223,39.706713734195,2142.2],[-120.62826577574,39.706811215729,2142.2],[-120.62825085595,39.706855975091,2141.8],[-120.62827683985,39.706897800788,2141.8],[-120.62831413932,39.706953624263,2139.5],[-120.62834892422,39.707012968138,2138.9],[-120.62837960199,39.707118747756,2136.8],[-120.62839427032,39.707164848223,2136.8],[-120.62842234969,39.707229053602,2136.4],[-120.62845512293,39.707308514044,2136.2],[-120.62853039242,39.707523593679,2134.0],[-120.62853240408,39.707600036636,2133.8],[-120.62851941213,39.707671198994,2133.5],[-120.62850994058,39.707792652771,2133.2],[-120.62850952148,39.707856271416,2132.7],[-120.6285012234,39.707920057699,2132.7],[-120.6284738984,39.708009408787,2132.1],[-120.62837163918,39.708215435967,2131.8],[-120.62827063724,39.708453817293,2131.4],[-120.62825345434,39.70851810649,2131.0],[-120.62822671607,39.708604943007,2130.5],[-120.62822671607,39.708649534732,2130.5],[-120.62825228088,39.708668645471,2130.5],[-120.62828203663,39.708661017939,2130.5],[-120.62830307521,39.708641655743,2129.8],[-120.6283439789,39.708614079282,2129.8],[-120.62839485705,39.70859002322,2129.0],[-120.62844975851,39.708562446758,2129.4],[-120.62851111405,39.708527242765,2128.6],[-120.62857456505,39.708488602191,2129.1],[-120.62863198109,39.708460355178,2128.2],[-120.62880054116,39.708388019353,2126.8],[-120.62886474654,39.708365555853,2125.8],[-120.62909038737,39.708215603605,2124.1],[-120.62921158969,39.708102447912,2123.0],[-120.62925727107,39.708068333566,2121.6],[-120.62929566018,39.708039248362,2121.6],[-120.62931787223,39.7079892084,2120.1],[-120.62932776287,39.707936989143,2120.1],[-120.62934871763,39.707886027172,2120.3],[-120.62938149087,39.707839256153,2120.4],[-120.62946053222,39.707716712728,2119.0],[-120.62955130823,39.707617303357,2117.5],[-120.62964241952,39.707519570366,2115.9],[-120.62970670871,39.707420328632,2114.4],[-120.62975138426,39.70733307302,2114.9],[-120.62977074645,39.707287643105,2115.6],[-120.62979765236,39.707233412191,2114.0],[-120.62982330099,39.707194017246,2115.2],[-120.62983780168,39.707156214863,2115.2],[-120.62987233512,39.707111287862,2115.2],[-120.62990225852,39.70706560649,2115.8],[-120.62994902954,39.707034593448,2115.8],[-120.62999236397,39.707005340606,2115.6],[-120.63003544696,39.706960245967,2115.6],[-120.63007727265,39.706917414442,2114.3],[-120.63010795042,39.706870308146,2114.3],[-120.63018196262,39.706758409739,2113.3],[-120.63021892682,39.706717422232,2113.0],[-120.63027986325,39.706637794152,2111.6],[-120.63032512553,39.706611474976,2111.6],[-120.63037860207,39.70662061125,2110.4],[-120.63041347079,39.706650031731,2111.1],[-120.63043928705,39.70666998066,2111.1],[-120.63046820462,39.706691186875,2109.9],[-120.63048304059,39.706703843549,2109.9],[-120.63050508499,39.706726558506,2109.9],[-120.6305091083,39.706729911268,2109.9],[-120.63051070087,39.706725720316,2109.9],[-120.63051288016,39.706720523536,2109.9],[-120.63052612357,39.706702083349,2109.9],[-120.63054582104,39.70669596456,2109.9],[-120.63055001199,39.70669336617,2109.9],[-120.63056250103,39.706679955125,2107.8],[-120.6305610761,39.706668974832,2107.8],[-120.63054875471,39.706627232954,2108.6],[-120.63055110164,39.706621365622,2108.6],[-120.63055889681,39.706628825516,2106.2],[-120.63056048937,39.706636033952,2106.2],[-120.63056233339,39.706651456654,2107.8],[-120.63057507388,39.706663358957,2107.8],[-120.63057708554,39.706666627899,2107.8],[-120.63059418462,39.706670315936,2107.8],[-120.63059175387,39.706673584878,2107.8],[-120.63058546744,39.706668136641,2107.8],[-120.63057834283,39.706662688404,2106.2],[-120.63056719489,39.706671489403,2107.8],[-120.63055772334,39.706675596535,2109.9],[-120.63055118546,39.706681296229,2109.9],[-120.63054758124,39.706682385877,2109.9],[-120.63055026345,39.706687415019,2109.9],[-120.63056258485,39.706706777215,2109.9],[-120.63056778163,39.706726055592,2107.8],[-120.63060097396,39.706847593188,2108.9],[-120.63068412244,39.706954965368,2108.6],[-120.63071932644,39.706981033087,2108.6],[-120.63075310551,39.707018248737,2108.6],[-120.63078026287,39.707058733329,2106.4],[-120.63081395812,39.707094356418,2106.4],[-120.63090532087,39.707138193771,2103.7],[-120.63093608245,39.707143977284,2103.7],[-120.63097354956,39.70714347437,2101.6],[-120.63098754734,39.707132661715,2101.6],[-120.63099643216,39.707121932879,2101.6],[-120.63100238331,39.70710709691,2101.6],[-120.63102845103,39.707109024748,2099.8],[-120.63104890287,39.707124950364,2099.8],[-120.63106323592,39.707167949528,2099.8],[-120.63107773662,39.707206338644,2099.6],[-120.63108226284,39.707287140191,2099.6],[-120.63107882626,39.707364169881,2099.1],[-120.63106608577,39.707481013611,2096.7],[-120.63102677464,39.707566509023,2096.5],[-120.63100263476,39.70759970136,2096.5],[-120.63096558675,39.707665918395,2094.8],[-120.63094370998,39.707720400766,2094.8],[-120.63090540469,39.707859624177,2092.6],[-120.63090087846,39.707922153175,2092.6],[-120.63086701557,39.707982502878,2090.9],[-120.6308455579,39.708095910028,2089.1],[-120.63087103888,39.708216609433,2087.6],[-120.63089367002,39.70829824917,2087.1],[-120.63091143966,39.708392964676,2087.4],[-120.63092200086,39.708469323814,2087.7],[-120.63091454096,39.708544844761,2087.6],[-120.63085871749,39.708694210276,2087.1],[-120.63083130866,39.708760092035,2088.7],[-120.63078034669,39.708817424253,2087.8],[-120.63072687015,39.708865620196,2087.8],[-120.63070868142,39.708894370124,2087.8],[-120.63069862314,39.708935776725,2087.8],[-120.6307002157,39.7089933604,2086.4],[-120.63071974553,39.709051782265,2085.5],[-120.63075260259,39.70911280252,2085.5],[-120.63078193925,39.709165273234,2083.3],[-120.63081052154,39.709219168872,2083.3],[-120.63083734363,39.709273148328,2083.3],[-120.63086458482,39.709333246574,2080.4],[-120.63089593314,39.709373731166,2080.4],[-120.63091496006,39.709419747815,2080.1],[-120.63087757677,39.709494346753,2080.1],[-120.6308473181,39.709582524374,2079.6],[-120.6308178138,39.709643628448,2080.8],[-120.63080155291,39.709694841877,2080.8],[-120.6307852082,39.709751252085,2079.2],[-120.63078051433,39.709781594574,2079.2],[-120.63078872859,39.709818055853,2077.4],[-120.63078990206,39.709845967591,2077.4],[-120.63078738749,39.709866503254,2077.4],[-120.63077833503,39.709901874885,2075.3],[-120.63076551072,39.709943616763,2075.3],[-120.63076182269,39.709979239851,2073.4],[-120.63076274469,39.710017293692,2073.4],[-120.63069703057,39.710131371394,2074.0],[-120.63067548908,39.710173448548,2072.8],[-120.63064900227,39.71021736972,2074.5],[-120.63062117435,39.710269672796,2073.2],[-120.63059879467,39.710321053863,2073.2],[-120.63058856875,39.710382074118,2072.0],[-120.63059493899,39.710430521518,2072.0],[-120.63060214743,39.710469413549,2071.0],[-120.6306011416,39.710515094921,2071.0],[-120.63059284352,39.710541414097,2069.9],[-120.63059242442,39.710580809042,2069.9],[-120.63058546744,39.710621712729,2068.9],[-120.63058270141,39.710662616417,2068.9],[-120.63054774888,39.710789266974,2069.0],[-120.6304848846,39.710939889774,2066.5],[-120.6304729823,39.711004933342,2065.0],[-120.63047382049,39.711046591401,2065.0],[-120.63050575554,39.711135523394,2063.5],[-120.63049963675,39.711158573627,2063.5],[-120.63049963675,39.711198052391,2062.2],[-120.6304905843,39.711233004928,2062.2],[-120.63039067201,39.711328307167,2062.9],[-120.63029612415,39.711416400969,2063.0],[-120.63026636839,39.711454287171,2063.1],[-120.63024172559,39.711482869461,2063.1],[-120.63020082191,39.711520755664,2063.1],[-120.63015446998,39.711558055133,2062.9],[-120.63010560349,39.711592253298,2062.9],[-120.63000896014,39.711676072329,2062.2],[-120.62987627462,39.711774308234,2062.7],[-120.62982263044,39.711830215529,2061.2],[-120.62978222966,39.711883440614,2062.4],[-120.62974182889,39.711938844994,2060.9],[-120.62970184721,39.711987124756,2060.7],[-120.62966069207,39.712046971545,2060.7],[-120.62961601652,39.712107405066,2058.7],[-120.62957008369,39.712217459455,2057.5],[-120.62955876812,39.712272863835,2054.8],[-120.62954954803,39.712333213538,2054.8],[-120.62954091467,39.712397754192,2052.3],[-120.62950856052,39.71245684661,2051.3],[-120.62946589664,39.712514514104,2051.3],[-120.62938719057,39.712586766109,2050.3],[-120.62930060551,39.712620209903,2051.6],[-120.62922047451,39.712613169104,2052.7],[-120.62913657166,39.712614258751,2053.7],[-120.62903598882,39.712623562664,2054.6],[-120.62892911956,39.712639991194,2052.8],[-120.62883105129,39.712647451088,2053.3],[-120.62873759307,39.712656838819,2053.4],[-120.62853617594,39.712638314813,2052.7],[-120.62843525782,39.712596656755,2054.2],[-120.62835873105,39.712567068636,2052.9],[-120.62828798778,39.712527422234,2053.8],[-120.62821020372,39.712507808581,2052.0],[-120.62813401222,39.712479142472,2049.9],[-120.62805295922,39.712462797761,2049.9],[-120.62796042301,39.712414769456,2049.7],[-120.62791583128,39.712378475815,2047.4],[-120.62786696479,39.712341763079,2049.3],[-120.62778130174,39.712279904634,2046.8],[-120.62764895149,39.712142189965,2044.8],[-120.62759052962,39.712117295712,2044.8],[-120.62756219879,39.712105812505,2041.5],[-120.62755197287,39.712102627382,2041.5],[-120.62755675055,39.712104303762,2041.5],[-120.62757376581,39.712120397016,2041.5],[-120.62761584297,39.712152834982,2044.8],[-120.62774173915,39.712238162756,2046.2],[-120.6278035976,39.712311588228,2046.8],[-120.62781935558,39.712348384783,2046.8],[-120.62784332782,39.712404711172,2045.1],[-120.62787610106,39.71245508641,2045.3],[-120.62795262784,39.712545359507,2043.3],[-120.62800853513,39.712605625391,2045.5],[-120.6280682981,39.712662538514,2045.2],[-120.62816485763,39.712780723348,2044.9],[-120.62832998112,39.713096972555,2039.2],[-120.62836091034,39.713168302551,2039.2],[-120.62840474769,39.713213145733,2037.0],[-120.62846568413,39.713277686387,2038.3],[-120.62856894918,39.713445995003,2035.4],[-120.62860239297,39.713525958359,2033.3],[-120.62863315456,39.713619584218,2032.5],[-120.62863977626,39.713677251711,2030.6],[-120.62865394168,39.713752185926,2029.0],[-120.62868512236,39.713859390467,2027.6],[-120.6287293788,39.71398729831,2026.9],[-120.62875670381,39.714023089036,2025.6],[-120.62880297191,39.714055527002,2026.0],[-120.62887002714,39.714095089585,2026.0],[-120.62892383896,39.714134652168,2023.9],[-120.62896432355,39.7141665034,2023.9],[-120.62901436351,39.714208580554,2021.5],[-120.629053507,39.714243449271,2021.5],[-120.6290847715,39.71425912343,2021.4],[-120.62915023416,39.714275719598,2021.4],[-120.62919717282,39.714288292453,2021.1],[-120.62926908955,39.714308911934,2018.7],[-120.62933136709,39.714316958562,2018.7],[-120.62938392162,39.714329699054,2018.3],[-120.62944921665,39.714348558336,2018.0],[-120.62959305011,39.714399520308,2015.4],[-120.6296788808,39.714469844475,2015.7],[-120.62966521829,39.714499013498,2013.3],[-120.62963169068,39.714509742334,2013.3],[-120.62958542258,39.71451879479,2013.0],[-120.62953303568,39.714531870559,2013.0],[-120.62942499295,39.714562548324,2014.1],[-120.62937679701,39.714584760368,2012.1],[-120.62933170237,39.714614516124,2012.9],[-120.62927671708,39.714636392891,2012.9],[-120.62918183394,39.714628346264,2013.1],[-120.62913590111,39.714622143656,2013.0],[-120.62907152809,39.714614097029,2013.0],[-120.62901553698,39.714604038745,2012.8],[-120.62896247953,39.714602027088,2012.7],[-120.6287196558,39.71458626911,2013.2],[-120.62865394168,39.714567326009,2011.6],[-120.62857330777,39.714542012662,2009.7],[-120.6284514349,39.714485350996,2010.9],[-120.62837474048,39.714466072619,2008.6],[-120.62829812989,39.71443916671,2006.1],[-120.62822218984,39.7143897973,2006.6],[-120.62815957703,39.714329950511,2009.6],[-120.62810123898,39.714259039611,2006.8],[-120.62803426757,39.714169269428,2006.7],[-120.62796922401,39.714097771794,2008.9],[-120.62787149101,39.714034488425,2005.5],[-120.62775942497,39.713942706585,2005.0],[-120.62773981132,39.713917560875,2005.0],[-120.62773193233,39.713918482885,2005.0],[-120.62774668448,39.713939856738,2005.0],[-120.62778046355,39.7139881365,2002.7],[-120.62778381631,39.714010516182,2002.7],[-120.62778750435,39.714033314958,2002.7],[-120.62779605389,39.714053180069,2005.5],[-120.6278137397,39.714071704075,2003.3],[-120.62785045244,39.714102465659,2003.3],[-120.62787794508,39.714134819806,2003.3],[-120.62790661119,39.714164491743,2003.9],[-120.62792714685,39.714189972728,2003.9],[-120.62796603888,39.714301032946,2001.7],[-120.62798975967,39.714335817844,2004.2],[-120.62801490538,39.714363897219,2001.6],[-120.62809512019,39.714450230822,2001.2],[-120.62813811935,39.714501360431,2001.2],[-120.62817659229,39.714547963813,2000.9],[-120.62821799889,39.714590543881,2000.9],[-120.62825638801,39.714620299637,2000.6],[-120.62828991562,39.714637566358,2000.6],[-120.62831514515,39.714657431468,2000.6],[-120.62834096141,39.714678553864,2002.7],[-120.62837566249,39.714695485309,2002.7],[-120.62841547653,39.7147152666,1999.8],[-120.62844875269,39.714740831405,2001.8],[-120.62849602662,39.714762708172,2001.8],[-120.62853642739,39.714778969064,2003.7],[-120.62855972908,39.714792631567,2000.9],[-120.62856576405,39.714793385938,2000.9],[-120.628569033,39.714805958793,2000.9],[-120.62856987119,39.714817274362,2000.9],[-120.62856953591,39.714814675972,2000.9],[-120.62858671881,39.714835127816,2000.9],[-120.62863307074,39.714861782268,2002.5],[-120.62873206101,39.714971417561,1998.0],[-120.62876424752,39.715018104762,1998.0],[-120.62880850397,39.715058421716,1999.4],[-120.62895066105,39.715180546045,1994.6],[-120.62907865271,39.715312058106,1992.6],[-120.62914528884,39.715355141088,1990.7],[-120.62920873985,39.715378610417,1991.0],[-120.6292627193,39.715385818854,1991.0],[-120.62931695022,39.715386237949,1991.0],[-120.62937336043,39.715383891016,1990.8],[-120.62942868099,39.715386237949,1990.8],[-120.62948341481,39.715388165787,1990.4],[-120.62954460271,39.71540694125,1990.4],[-120.62960528769,39.715432422236,1989.9],[-120.62966597266,39.715450359508,1986.6],[-120.62977854162,39.715445246547,1985.6],[-120.62995472923,39.715376012027,1987.6],[-120.63004324213,39.715369222686,1988.0],[-120.63022093847,39.715403420851,1986.9],[-120.63024541363,39.715444492176,1986.9],[-120.63023166731,39.715483384207,1983.8],[-120.63020308502,39.715518923476,1983.8],[-120.63017198816,39.715551780537,1980.8],[-120.63005313277,39.715692345053,1978.0],[-120.62999060377,39.715737355873,1977.6],[-120.62988155521,39.715810865164,1978.8],[-120.6298343651,39.715872136876,1977.1],[-120.62980293296,39.715919159353,1974.9],[-120.62979505397,39.715930307284,1974.9],[-120.62980435789,39.715920165181,1974.9],[-120.62983671203,39.715901138261,1977.1],[-120.62988566235,39.715879177675,1977.1],[-120.62996847555,39.715870544314,1976.1],[-120.63001482747,39.715890241787,1976.1],[-120.63008959405,39.715985627845,1972.8],[-120.63008733094,39.716016054153,1970.7],[-120.63006302342,39.716026615351,1970.7],[-120.62992078252,39.716085037217,1971.5],[-120.62961475924,39.716150248423,1969.3],[-120.62953454442,39.716140441597,1968.7],[-120.62945608981,39.716129545122,1967.8],[-120.62939532101,39.716110266745,1967.8],[-120.62934385613,39.716098364443,1966.7],[-120.62931200489,39.716107584536,1966.7],[-120.62931091525,39.716129796579,1966.7],[-120.62931837514,39.716136418283,1966.7],[-120.62933413312,39.716140609235,1966.7],[-120.62935894355,39.716180255637,1964.4],[-120.62946162187,39.71627689898,1963.9],[-120.62953320332,39.716315707192,1963.9],[-120.62967452221,39.716355018318,1962.3],[-120.62973193824,39.716367423534,1962.3],[-120.62975448556,39.716366585344,1962.4],[-120.62980092131,39.716374883428,1962.4],[-120.6298616901,39.716398352757,1962.3],[-120.629941402,39.716417463496,1962.1],[-120.63001784496,39.716431712732,1961.6],[-120.6301615946,39.716465324163,1957.3],[-120.63023342751,39.716481501237,1956.2],[-120.63030903228,39.716486195102,1954.9],[-120.63043358736,39.716428276151,1955.8],[-120.63045957126,39.716314617544,1958.5],[-120.63044716604,39.716269858181,1958.5],[-120.63046711497,39.716235911474,1961.0],[-120.63049033284,39.716215878725,1959.5],[-120.63051531091,39.716202802956,1959.5],[-120.63054531813,39.716181345284,1959.5],[-120.63058211468,39.716153182089,1961.0],[-120.63063223846,39.716136837378,1961.0],[-120.63068856485,39.71612887457,1960.2],[-120.63074497506,39.716118229553,1960.2],[-120.63079174608,39.716100376099,1958.8],[-120.63087539747,39.716037679464,1960.4],[-120.63089970499,39.716008761898,1960.4],[-120.63092057593,39.715989818797,1960.4],[-120.63093826175,39.715966600925,1960.1],[-120.63095971942,39.715934246778,1960.1],[-120.63097539358,39.715897114947,1960.1],[-120.6310252659,39.715815139934,1959.7],[-120.63106239773,39.715786557645,1961.5],[-120.63114789315,39.715734841302,1960.2],[-120.63118762337,39.715700810775,1962.3],[-120.63128300942,39.715649764985,1962.6],[-120.63141770661,39.715518923476,1966.2],[-120.63149138354,39.715506602079,1969.0],[-120.63154108822,39.715504003689,1969.0],[-120.63157184981,39.715487658978,1969.0],[-120.63158668578,39.71547097899,1968.4],[-120.63159397803,39.715468632057,1968.4],[-120.63159565441,39.715468967333,1968.4],[-120.63159917481,39.715471062809,1968.4],[-120.63175298274,39.715475924313,1967.9],[-120.63183847815,39.715459831059,1967.2],[-120.63188700937,39.715440049767,1966.4],[-120.63192984089,39.71543116495,1968.3],[-120.63199044205,39.715421274304,1967.3],[-120.63206017949,39.715395122766,1966.1],[-120.63209865242,39.715384896845,1966.1],[-120.63214265741,39.715383639559,1964.8],[-120.63234910369,39.715372910723,1961.7],[-120.63239537179,39.715364445001,1961.7],[-120.63243241981,39.715356649831,1959.9],[-120.63246854581,39.71533510834,1960.9],[-120.63251204789,39.715295461938,1959.2],[-120.63256166875,39.715254474431,1959.2],[-120.63261506148,39.715215079486,1958.7],[-120.63266929239,39.715197142214,1958.7],[-120.63276099041,39.715256402269,1955.9],[-120.63278596848,39.715301999822,1955.9],[-120.63282335177,39.715356482193,1953.5],[-120.63282838091,39.715413730592,1953.5],[-120.63282779418,39.715483468026,1952.6],[-120.63281086273,39.715538201854,1951.6],[-120.63277817331,39.715585391968,1953.1],[-120.63273961656,39.715625206009,1952.1],[-120.6326926779,39.715655799955,1953.4],[-120.63263216056,39.715679353103,1953.4],[-120.63255814835,39.715714557096,1954.6],[-120.63248363324,39.715786892921,1954.0],[-120.63240224496,39.715859480202,1953.4],[-120.63232177868,39.715903149918,1953.4],[-120.63219596632,39.715987388045,1953.5],[-120.63215103932,39.716023094952,1950.3],[-120.63213871792,39.71602586098,1950.3],[-120.63214424998,39.716000128537,1953.5],[-120.63216688111,39.715981017798,1953.5],[-120.63221398741,39.715959811583,1953.5],[-120.63228280284,39.715932738036,1952.6],[-120.63238698989,39.715911783278,1953.4],[-120.63253182918,39.715895941481,1951.0],[-120.63266283832,39.715927876532,1947.4],[-120.63272050582,39.715941455215,1946.3],[-120.63283232041,39.715940617025,1945.3],[-120.63291194849,39.715921757743,1946.4],[-120.63297799788,39.715902395546,1945.2],[-120.63306164928,39.71587616019,1944.2],[-120.63315225765,39.715830814093,1944.9],[-120.63321562484,39.715807009488,1944.9],[-120.63325040974,39.715770967305,1944.9],[-120.63325325958,39.715735679492,1946.0],[-120.63327840529,39.715697122738,1945.0],[-120.63332224265,39.715688154101,1945.0],[-120.63337789848,39.71569083631,1944.0],[-120.63340622932,39.715672815219,1944.0],[-120.63343238086,39.715638868511,1943.7],[-120.63345341943,39.71561732702,1943.7],[-120.63347814605,39.715580195189,1943.7],[-120.63350873999,39.715529736131,1944.5],[-120.63354520127,39.715504590422,1943.3],[-120.63359222375,39.715480199084,1944.0],[-120.6336272601,39.715448850766,1942.8],[-120.63368040137,39.715367713943,1943.5],[-120.63369398005,39.715331671759,1943.5],[-120.63371317461,39.715300407261,1942.1],[-120.63374552876,39.715266041458,1943.0],[-120.63379313797,39.715230586007,1943.0],[-120.63383236527,39.715200494975,1942.7],[-120.63386916183,39.715160094202,1942.7],[-120.63390268944,39.715117430314,1941.5],[-120.63403344713,39.715080633759,1940.9],[-120.63407879323,39.715098571032,1939.0],[-120.63412019983,39.715141989291,1937.9],[-120.63414844684,39.715203596279,1937.9],[-120.63417971134,39.715348351747,1931.2],[-120.63418105245,39.715405013412,1928.6],[-120.63418264501,39.715442899615,1928.6],[-120.63420217484,39.715492855757,1925.5],[-120.63421281986,39.71553677693,1925.5],[-120.6341975648,39.715579440817,1925.5],[-120.6341760233,39.715618919581,1923.3],[-120.63417744823,39.71566233784,1923.3],[-120.63420812599,39.715738361701,1921.5],[-120.63423000276,39.715788820758,1920.0],[-120.63424148597,39.71583458595,1920.0],[-120.63422380015,39.715880099684,1918.5],[-120.63414685428,39.715936426073,1922.6],[-120.63406622037,39.715974731371,1924.8],[-120.63403453678,39.716007420793,1924.8],[-120.63402950764,39.716025609523,1924.8],[-120.63403939828,39.716039439663,1923.1],[-120.63405121677,39.716079672799,1923.1],[-120.6340289209,39.716124767438,1923.1],[-120.6340254005,39.716171035543,1921.2],[-120.63399950042,39.716215124354,1924.8],[-120.63392775133,39.71625703387,1922.9],[-120.6337540783,39.716329872608,1926.9],[-120.63372658566,39.716406147927,1924.4],[-120.63369247131,39.716465072706,1926.5],[-120.63366187736,39.716508239508,1923.9],[-120.63363388181,39.716552244499,1923.9],[-120.63361024484,39.716594489291,1926.0],[-120.63360253349,39.716629022732,1923.4],[-120.63358970918,39.71668635495,1923.4],[-120.63357948326,39.716743770987,1920.7],[-120.63357101753,39.716807305813,1918.1],[-120.63353857957,39.716915516183,1914.6],[-120.63348786905,39.716948121786,1917.0],[-120.63342869282,39.716964382678,1918.3],[-120.63337253407,39.716987852007,1914.6],[-120.63331578858,39.717023726553,1916.4],[-120.63326105475,39.717060606927,1912.1],[-120.6332035549,39.717103438452,1914.3],[-120.63315871172,39.717145515606,1914.3],[-120.63312174752,39.717198321596,1911.0],[-120.6330894772,39.71725079231,1911.0],[-120.6330216676,39.717337125912,1907.6],[-120.63298663124,39.717380963266,1902.7],[-120.63295318745,39.717424381524,1904.3],[-120.63292318024,39.717464866117,1893.7],[-120.63290641643,39.717500573024,1893.7],[-120.63288956881,39.717536363751,1889.4],[-120.63288244419,39.717578524724,1889.4],[-120.63286039978,39.717624373734,1889.0],[-120.63282863237,39.717665780336,1889.0],[-120.63275981694,39.717813218012,1888.1],[-120.63273165375,39.717897456139,1888.1],[-120.63272913918,39.717978928238,1887.8],[-120.63270240091,39.718138771132,1889.8],[-120.63268312253,39.718197863549,1888.9],[-120.63263216056,39.718245305121,1888.9],[-120.63256091438,39.718294087797,1889.3],[-120.6325248722,39.718335159123,1891.1],[-120.6324746646,39.718399532139,1889.3],[-120.63241850585,39.718454433605,1890.9],[-120.63239688054,39.718501288444,1889.4],[-120.63238036819,39.718540515751,1889.4],[-120.63237056136,39.718594579026,1888.8],[-120.63238849863,39.718747800216,1887.9],[-120.63238145784,39.718833798543,1887.4],[-120.63238698989,39.718898674473,1887.4],[-120.6323808711,39.718936979771,1887.0],[-120.63232420944,39.718961035833,1887.8],[-120.63224072568,39.71900369972,1888.6],[-120.63218113035,39.719052482396,1887.5],[-120.63211214729,39.71910235472,1888.1],[-120.632065963,39.719156837091,1887.3],[-120.63202640042,39.719209223986,1887.3],[-120.63198281452,39.719244511798,1884.8],[-120.63191969879,39.71926940605,1885.0],[-120.63184551895,39.719285499305,1885.3],[-120.63175365329,39.719307962805,1882.7],[-120.63164619729,39.719320703298,1883.0],[-120.63153061084,39.719336628914,1883.2],[-120.63124076463,39.719436876476,1881.3],[-120.63110204414,39.71955514513,1878.9],[-120.63101948239,39.719593869522,1876.4],[-120.63091814518,39.719651285559,1876.3],[-120.63083248213,39.719664361328,1876.3],[-120.63077481464,39.719660170376,1876.1],[-120.63075486571,39.719637539238,1876.1],[-120.6307588052,39.719622535631,1876.1],[-120.63079903834,39.719632426277,1876.3],[-120.63084991649,39.719636365771,1876.3],[-120.63091487624,39.719644412398,1876.3],[-120.63097321428,39.71965639852,1876.4],[-120.63108243048,39.719673749059,1873.9],[-120.6311776489,39.719674251974,1873.9],[-120.63123791479,39.719670480117,1873.9],[-120.63132936135,39.719653716311,1876.2],[-120.63138015568,39.719654973596,1876.0],[-120.63143480569,39.719653381035,1875.8],[-120.63158492558,39.719630749896,1875.6],[-120.63166849315,39.71960702911,1875.5],[-120.63175549731,39.719595964998,1875.4],[-120.63193084672,39.719584984705,1875.5],[-120.6320466008,39.719585319981,1875.8],[-120.63216319308,39.719600658864,1876.9],[-120.63233518973,39.719622032717,1877.7],[-120.63243711367,39.719632510096,1878.5],[-120.63252110034,39.719627313316,1879.0],[-120.63259435818,39.719595545903,1878.9],[-120.63266878948,39.719565873966,1880.0],[-120.63273567706,39.71952136606,1879.5],[-120.63280113973,39.719478534535,1879.5],[-120.63286316581,39.719433858991,1879.6],[-120.63292024657,39.719398654997,1878.5],[-120.63297380693,39.719361606985,1879.5],[-120.63302460127,39.719345849007,1878.2],[-120.63308092766,39.719317266718,1878.2],[-120.6331185624,39.719279380515,1876.8],[-120.63314949162,39.719230681658,1876.8],[-120.63321520574,39.719094894826,1875.4],[-120.63325409777,39.71902968362,1875.7],[-120.63330246136,39.718962628394,1873.5],[-120.63338703476,39.718834804371,1873.1],[-120.63354075886,39.71875266172,1872.0],[-120.63363941386,39.71876473166,1870.5],[-120.63371510245,39.718808652833,1869.2],[-120.63377453014,39.718868415803,1867.6],[-120.63381358981,39.718900099397,1867.6],[-120.63385558315,39.718941505998,1865.4],[-120.6338787172,39.718976207078,1863.9],[-120.63391853124,39.719053236768,1861.4],[-120.63392775133,39.71908852458,1858.7],[-120.63393336721,39.719111742452,1858.7],[-120.63394158147,39.719136720523,1858.7],[-120.63394577242,39.719157926738,1856.5],[-120.63391408883,39.719183994457,1859.0],[-120.6338888593,39.719213498756,1859.0],[-120.63389464281,39.71923914738,1857.3],[-120.63393881544,39.719294384122,1854.6],[-120.63395859674,39.71932397224,1854.0],[-120.63397217542,39.719354985282,1854.0],[-120.63397645019,39.719386165962,1854.0],[-120.63397259451,39.719421286136,1854.5],[-120.63396178186,39.719458334148,1854.5],[-120.63394996338,39.719495130703,1855.0],[-120.63393437304,39.719531591982,1855.0],[-120.63391467556,39.719608537853,1857.6],[-120.63393102027,39.719710461795,1855.9],[-120.63392104581,39.719743402675,1858.0],[-120.63390159979,39.719767458737,1858.0],[-120.63387611881,39.719781959429,1858.2],[-120.63385357149,39.71979143098,1858.2],[-120.63383622095,39.719798471779,1860.2],[-120.63382800668,39.719798555598,1860.2],[-120.63382574357,39.71980358474,1860.2],[-120.63381426036,39.719816409051,1860.2],[-120.63379531726,39.719831999391,1860.2],[-120.63376916572,39.719855133444,1860.2],[-120.63374075107,39.719882626086,1861.9],[-120.63371543773,39.719917159528,1861.9],[-120.63364720903,39.720063172281,1865.5],[-120.63363170251,39.720103656873,1865.5],[-120.63361192122,39.720145901665,1866.8],[-120.63352692872,39.720222428441,1866.2],[-120.63325786963,39.72028135322,1865.2],[-120.63323456794,39.720318736508,1864.1],[-120.63320967369,39.720366345719,1864.1],[-120.63315904699,39.720410853624,1863.9],[-120.63309459016,39.720438178629,1861.7],[-120.63301697373,39.720456618816,1861.7],[-120.63294254243,39.720476567745,1860.3],[-120.63289853744,39.720502048731,1857.4],[-120.63289845362,39.720533564687,1857.4],[-120.63292795792,39.720565751195,1858.5],[-120.63297405839,39.720599027351,1857.3],[-120.63301311806,39.720641691238,1858.6],[-120.63303474337,39.720711680129,1858.0],[-120.63304622658,39.720769515261,1858.0],[-120.63302753493,39.720853753388,1857.4],[-120.63299635425,39.7209167853,1855.5],[-120.63297464512,39.720987947658,1855.0],[-120.6329437159,39.721102528274,1854.4],[-120.63291756436,39.721181234345,1853.5],[-120.63290851191,39.721280140802,1849.6],[-120.63292074949,39.721379550174,1852.2],[-120.63292175531,39.721561353654,1851.7],[-120.63291219994,39.721746845171,1847.4],[-120.63287833706,39.721822030842,1847.0],[-120.63280566595,39.721886403859,1843.6],[-120.63276367262,39.721926050261,1843.2],[-120.63274590299,39.721940634772,1843.2],[-120.63270776533,39.721937617287,1840.6],[-120.63267348334,39.721919763833,1840.6],[-120.63264548779,39.72190191038,1840.9],[-120.63259896822,39.721875172108,1838.8],[-120.63256770372,39.721865952015,1838.8],[-120.63256342895,39.721955722198,1838.5],[-120.63256896101,39.721999978647,1838.5],[-120.63262143172,39.722139788792,1837.7],[-120.63263844699,39.722331399098,1838.9],[-120.63262511976,39.722455199808,1838.4],[-120.63260743394,39.722542958334,1836.1],[-120.63258371316,39.722640607506,1835.8],[-120.63253526576,39.722785530612,1835.0],[-120.6325090304,39.722879910842,1833.0],[-120.63250651583,39.72298736684,1832.6],[-120.6325112097,39.723066827282,1832.0],[-120.63250718638,39.723158022389,1831.4],[-120.63250131905,39.723227256909,1830.4],[-120.63248631544,39.723288528621,1830.4],[-120.63243074343,39.723367234692,1827.5],[-120.6323998142,39.723415179178,1826.1],[-120.63233728521,39.723486090079,1824.2],[-120.63229269348,39.723547780886,1823.2],[-120.63225950114,39.723632438108,1822.0],[-120.63218456693,39.723787084222,1818.5],[-120.63215673901,39.72384785302,1818.5],[-120.63215087168,39.723986070603,1814.5],[-120.63213368878,39.724060585722,1814.5],[-120.63211038709,39.724069889635,1813.1],[-120.6320849061,39.724075840786,1813.1],[-120.63206319697,39.724087575451,1812.8],[-120.63204894774,39.724106434733,1812.8],[-120.63203377649,39.724128646776,1812.8],[-120.63201022334,39.724186398089,1811.7],[-120.63199823722,39.724224703386,1811.7],[-120.63196253031,39.724257392809,1810.3],[-120.6319087185,39.724277509376,1810.3],[-120.63181299716,39.724312545732,1809.7],[-120.6317990832,39.724345235154,1809.2],[-120.63181266189,39.724367447197,1809.2],[-120.6318373885,39.724369877949,1809.2],[-120.63185867853,39.724365435541,1809.2],[-120.63188063912,39.724367698655,1809.2],[-120.63189321198,39.724398544058,1809.2],[-120.6318805553,39.72443039529,1809.2],[-120.63185482286,39.724457301199,1808.1],[-120.63180520199,39.724492924288,1808.1],[-120.63174426556,39.72452913411,1806.5],[-120.63169875182,39.724560985342,1806.0],[-120.63166514039,39.724609265104,1804.2],[-120.63152918592,39.724697526544,1802.0],[-120.63136523589,39.724755780771,1801.4],[-120.63132877462,39.724781597033,1800.2],[-120.63130505383,39.724821830168,1800.7],[-120.63131494448,39.724862147123,1800.7],[-120.6313265115,39.724902128801,1799.8],[-120.63131921925,39.724947558716,1799.8],[-120.63127211295,39.724984187633,1798.2],[-120.63119734637,39.72501209937,1799.0],[-120.63113699667,39.725027941167,1798.4],[-120.63106214628,39.725050739944,1798.0],[-120.63104471192,39.725088961422,1797.3],[-120.63102694228,39.725133134052,1797.3],[-120.63098855317,39.725187784061,1796.7],[-120.63098369166,39.725240338594,1796.7],[-120.630980758,39.725306974724,1795.8],[-120.63095116988,39.725348632783,1794.2],[-120.63089593314,39.725429434329,1794.2],[-120.63083021902,39.725447623059,1792.1],[-120.63078621402,39.725464638323,1790.4],[-120.63077456318,39.725502440706,1790.4],[-120.63074841164,39.725545020774,1790.2],[-120.63071496785,39.725587265566,1790.2],[-120.63067582436,39.725629091263,1788.5],[-120.63062905334,39.725671838969,1788.5],[-120.63058161177,39.725713832304,1787.4],[-120.63054800034,39.725754903629,1787.4],[-120.63052461483,39.725796058774,1787.4],[-120.63049821183,39.725830927491,1786.2],[-120.63047247939,39.72586562857,1786.2],[-120.6304526981,39.72591675818,1786.2],[-120.63043786213,39.72600501962,1785.5],[-120.6304231938,39.726069308817,1785.5],[-120.63040927984,39.726124629378,1784.3],[-120.63038715161,39.726184392348,1784.3],[-120.63036535867,39.726244490594,1782.0],[-120.63031724654,39.72637985833,1772.0],[-120.63028229401,39.726443393156,1775.0],[-120.63024734147,39.72650106065,1771.3],[-120.6302131433,39.726559482515,1769.0],[-120.63018464483,39.726623771712,1771.0],[-120.63016561791,39.726699795574,1770.0],[-120.63013812527,39.726769616827,1768.7],[-120.63011465594,39.726845473051,1769.9],[-120.63008355908,39.727008920163,1768.6],[-120.63004416414,39.727086117491,1766.9],[-120.63000418246,39.727159710601,1768.5],[-120.62986680306,39.727283259854,1769.3],[-120.62981307507,39.727326259017,1769.6],[-120.62978776172,39.727348722517,1769.6],[-120.62977409922,39.72739867866,1766.9],[-120.62976211309,39.727472774684,1766.9],[-120.62974710949,39.727557934821,1767.1],[-120.62974258326,39.727632533759,1764.5],[-120.62973294407,39.727707132697,1762.2],[-120.62971760519,39.727784581482,1759.9],[-120.62969128601,39.727856917307,1759.9],[-120.62959531322,39.728019190952,1758.2],[-120.62953479588,39.728057328612,1758.7],[-120.62944703735,39.7280929517,1761.4],[-120.6294084806,39.72812849097,1761.4],[-120.62939900905,39.728167634457,1758.8],[-120.62939951196,39.728204095736,1758.8],[-120.62940194272,39.728252962232,1756.4],[-120.62939557247,39.728345163167,1756.4],[-120.62935584225,39.728377852589,1756.4],[-120.62930513173,39.728399142623,1756.4],[-120.62927110121,39.728427473456,1756.3],[-120.62924788333,39.728459240869,1756.3],[-120.62925903127,39.728495869786,1756.3],[-120.62929448672,39.72853526473,1752.3],[-120.62932021916,39.728588154539,1752.3],[-120.62929130159,39.728682031855,1750.3],[-120.62925014645,39.728716062382,1750.2],[-120.62920773402,39.728754535317,1750.2],[-120.6291746255,39.728805916384,1749.5],[-120.62914235517,39.728872301057,1749.5],[-120.62910865992,39.728963747621,1747.3],[-120.62908234075,39.72903734073,1746.8],[-120.62905384228,39.729108251631,1743.4],[-120.62900028192,39.729188466445,1742.5],[-120.62892065383,39.729259209707,1736.5],[-120.62885996886,39.729319727048,1741.1],[-120.62871286646,39.729446209967,1735.1],[-120.62852921896,39.729563975707,1734.7],[-120.62844598666,39.729625079781,1730.3],[-120.62835889868,39.729670342058,1732.3],[-120.628184136,39.729778300971,1732.0],[-120.62801004387,39.729816103354,1731.1],[-120.62793469056,39.729830855504,1731.6],[-120.62787685543,39.729858683422,1731.0],[-120.62784592621,39.729896653444,1729.0],[-120.62782681547,39.729930348694,1729.0],[-120.62778700143,39.729965049773,1728.4],[-120.62774442136,39.730006959289,1726.4],[-120.62770594843,39.730050126091,1726.4],[-120.62767585739,39.730091113597,1724.6],[-120.62764559872,39.730134615675,1724.6],[-120.62760653906,39.730178033933,1724.1],[-120.62752783298,39.73027442582,1723.3],[-120.62748416327,39.730323795229,1721.7],[-120.62743688934,39.730367716402,1721.7],[-120.62739615329,39.730411218479,1719.9],[-120.62737151049,39.730441225693,1719.9],[-120.62737704255,39.730462767184,1719.9],[-120.62740780413,39.730472825468,1719.9],[-120.62744267285,39.730476262048,1719.7],[-120.62746630982,39.730485230684,1717.0],[-120.62746312469,39.730505095795,1717.0],[-120.6274349615,39.730524374172,1717.0],[-120.62740051188,39.73054532893,1717.7],[-120.6273653917,39.730568127707,1717.7],[-120.62733488157,39.730600398034,1715.4],[-120.62727344222,39.730628142133,1715.8],[-120.62715986744,39.730620849878,1715.5],[-120.62713296153,39.730587489903,1714.6],[-120.62711929902,39.730533091351,1715.3],[-120.627116533,39.730488415807,1715.3],[-120.62711276114,39.730393616483,1715.4],[-120.6271161139,39.730354556814,1715.4],[-120.62712323852,39.730308372527,1715.4],[-120.62712516636,39.730304516852,1715.4],[-120.62713220716,39.730309210718,1717.6],[-120.62715492211,39.73027694039,1717.8],[-120.6271962449,39.730179291219,1717.8],[-120.62721451744,39.730134699494,1717.8],[-120.62726925127,39.729899503291,1718.9],[-120.6272724364,39.729831609875,1718.9],[-120.6272544153,39.729708479717,1717.7],[-120.62722273171,39.729676544666,1715.2],[-120.62718107365,39.729661038145,1715.2],[-120.62713354826,39.729666234925,1712.6],[-120.62708233483,39.729688027874,1712.6],[-120.62700279057,39.729751730338,1711.1],[-120.62693330459,39.729823311791,1708.7],[-120.62689608894,39.729859437793,1710.0],[-120.62686935067,39.729895899072,1707.9],[-120.62685510144,39.729933449998,1709.0],[-120.6268461328,39.729970665649,1709.0],[-120.62683414668,39.730010228232,1709.9],[-120.62680506147,39.73003285937,1709.9],[-120.62678175978,39.730058340356,1709.9],[-120.62675544061,39.730087006465,1708.6],[-120.62671914697,39.730113912374,1708.6],[-120.62668159604,39.730136543512,1707.3],[-120.6266435422,39.730157330632,1707.3],[-120.62660297379,39.730173172429,1707.3],[-120.62657162547,39.730187337846,1704.8],[-120.62655637041,39.73021809943,1704.8],[-120.62652560882,39.730280712247,1704.1],[-120.62650892884,39.73031423986,1703.0],[-120.62648193911,39.730348605663,1703.0],[-120.6264409516,39.730384228751,1703.3],[-120.62642066739,39.730422114953,1703.3],[-120.62641924247,39.730457654223,1703.3],[-120.62640985474,39.730486823246,1701.8],[-120.62639392912,39.730499396101,1701.8],[-120.62635931186,39.730511466041,1701.8],[-120.62632368878,39.730533258989,1700.5],[-120.6262692064,39.730580365285,1700.7],[-120.62623727135,39.730609282851,1700.7],[-120.6262449827,39.730642642826,1700.7],[-120.62624037266,39.73066736944,1699.9],[-120.6262282189,39.730686563998,1699.9],[-120.62619712204,39.730700394139,1699.7],[-120.62615898438,39.730717241764,1699.7],[-120.62611841597,39.730742052197,1698.8],[-120.62604138628,39.730800054967,1697.6],[-120.62599880621,39.730828888714,1696.7],[-120.6259529572,39.730861494318,1695.2],[-120.62589000911,39.730936093256,1695.1],[-120.62586687505,39.730971045792,1694.3],[-120.62583695166,39.730999544263,1694.9],[-120.6257622689,39.731031982228,1694.9],[-120.62572765164,39.731050925329,1694.9],[-120.62569454312,39.731079591438,1694.9],[-120.62563226558,39.731139019132,1695.2],[-120.62559454702,39.731164751574,1695.2],[-120.62554836273,39.731195010245,1695.8],[-120.62550796196,39.731226526201,1695.1],[-120.62546546571,39.731252510101,1696.1],[-120.62542322092,39.731281176209,1696.1],[-120.62538441271,39.731302633882,1696.1],[-120.62530327588,39.731335155666,1695.6],[-120.62525759451,39.73135208711,1695.2],[-120.62522498891,39.73138670437,1695.2],[-120.62519674189,39.731415873393,1693.3],[-120.6251699198,39.731451412663,1693.0],[-120.62514225952,39.731492148712,1691.3],[-120.62510898337,39.73152785562,1691.3],[-120.62507738359,39.731556018814,1691.2],[-120.62500798143,39.731602622196,1689.6],[-120.62496037222,39.731598263606,1689.6],[-120.62492491677,39.73156766966,1690.9],[-120.62490161508,39.73152173683,1690.1],[-120.6248897966,39.73144562915,1690.7],[-120.62486968003,39.731356278062,1692.3],[-120.62486498617,39.731285953894,1693.5],[-120.62489314936,39.731230465695,1693.5],[-120.62489910051,39.731185622513,1693.2],[-120.62489373609,39.731156202033,1693.2],[-120.62486188486,39.731133738533,1693.2],[-120.62482802197,39.731133319438,1693.2],[-120.62480388209,39.731146814302,1692.8],[-120.62476976775,39.731159890071,1692.8],[-120.62473221682,39.731172546744,1692.8],[-120.62468938529,39.731188053265,1691.9],[-120.62465317547,39.731194423512,1691.9],[-120.62462073751,39.731203140691,1691.9],[-120.62459416687,39.731211606413,1691.6],[-120.6245639082,39.731230298057,1691.6],[-120.62452971004,39.731255359948,1691.6],[-120.62449509278,39.731278410181,1690.6],[-120.62445578165,39.731298275292,1689.9],[-120.62440230511,39.731304813176,1688.3],[-120.624364838,39.731299364939,1688.3],[-120.62432628125,39.73130187951,1687.6],[-120.62428981997,39.731308249757,1687.6],[-120.62425134704,39.731310680509,1687.6],[-120.62421446666,39.731318056583,1687.4],[-120.62418328598,39.731329120696,1687.4],[-120.62415696681,39.73134345375,1687.1],[-120.6241318211,39.731361558661,1687.1],[-120.62411639839,39.731387207285,1686.5],[-120.62409435399,39.731414029375,1686.5],[-120.62396342866,39.731502206996,1685.8],[-120.6238993071,39.73149063997,1685.8],[-120.62386225909,39.731461387128,1685.4],[-120.6238125544,39.731383938342,1685.4],[-120.62377952971,39.731291569769,1683.5],[-120.62377139926,39.731257203966,1683.6],[-120.62376134098,39.731220826507,1683.6],[-120.62373870984,39.731192998588,1683.5],[-120.62369914725,39.731166260317,1682.1],[-120.62363603152,39.731153771281,1682.1],[-120.62358473428,39.731130134314,1680.6],[-120.62354173511,39.731108173728,1680.6],[-120.62353318557,39.731069365516,1679.2],[-120.62354357913,39.731031982228,1679.2],[-120.62356310897,39.7310032323,1676.8],[-120.6235553138,39.730963334441,1676.8],[-120.62354810536,39.730952437967,1676.8],[-120.62352119945,39.730955203995,1676.8],[-120.62347568572,39.730961322784,1675.3],[-120.62327401713,39.730931483209,1673.5],[-120.62322506681,39.730924945325,1673.2],[-120.62317318283,39.73092100583,1673.2],[-120.62311685644,39.730911199003,1670.4],[-120.62305851839,39.730904242024,1670.0],[-120.62299473211,39.730899548158,1670.0],[-120.62274889089,39.730877084658,1669.2],[-120.62265803106,39.730866607279,1668.6],[-120.62257069163,39.730866439641,1667.8],[-120.62241126783,39.730909019709,1665.2],[-120.62233356759,39.730937518179,1667.1],[-120.62225922011,39.73096693866,1665.2],[-120.62220490538,39.731006082147,1664.3],[-120.62218571082,39.73104396835,1664.3],[-120.62218093313,39.731071460992,1664.3],[-120.62215670943,39.731085710227,1664.3],[-120.62212435529,39.731082106009,1664.3],[-120.62210532837,39.731065174565,1663.2],[-120.62208529562,39.731045141816,1663.2],[-120.62206618488,39.731007004157,1663.2],[-120.6220697891,39.730972303078,1661.9],[-120.62209996395,39.730894602835,1660.2],[-120.62212108634,39.730853280053,1660.2],[-120.62219610438,39.730692850426,1657.5],[-120.62227439135,39.730636775494,1658.9],[-120.62233298086,39.730596793815,1657.4],[-120.62237849459,39.730564858764,1657.4],[-120.62239098363,39.730550777167,1657.4],[-120.62238913961,39.730546502396,1657.4],[-120.6223622337,39.730552202091,1657.4],[-120.62233298086,39.730566870421,1657.4],[-120.62229350209,39.730563601479,1656.1],[-120.62225067057,39.730554465204,1656.1],[-120.62220783904,39.730555135757,1654.8],[-120.62217255123,39.730563685298,1654.8],[-120.62209015712,39.730586567894,1653.7],[-120.62205847353,39.730620933697,1653.7],[-120.62203911133,39.730658316985,1656.0],[-120.62201547436,39.730699220672,1654.5],[-120.62198152766,39.730738028884,1656.7],[-120.62191128731,39.730793600902,1654.9],[-120.62186786905,39.73083442077,1657.6],[-120.62177776359,39.730888819322,1655.6],[-120.62167542055,39.730999376625,1657.2],[-120.62167223543,39.731036256999,1657.2],[-120.62170492485,39.731068527326,1657.2],[-120.62175680883,39.731091326103,1658.8],[-120.621791007,39.731107922271,1658.8],[-120.62183610164,39.731124602258,1660.7],[-120.62185739167,39.731119489297,1660.7],[-120.62187465839,39.731116890907,1660.7],[-120.62190567143,39.731137007475,1660.7],[-120.62195126899,39.731163661927,1661.9],[-120.62203919515,39.731200542301,1660.4],[-120.6220697891,39.731214120984,1660.4],[-120.62210734002,39.731225604191,1661.4],[-120.62214153819,39.731236249208,1661.4],[-120.62218202278,39.731255276129,1661.4],[-120.62232208438,39.731333479285,1661.9],[-120.62243079767,39.731423752382,1659.2],[-120.62246952206,39.73149231635,1655.6],[-120.62249123119,39.731538584456,1657.8],[-120.62250740826,39.731588121504,1655.7],[-120.6224868726,39.731747629121,1657.6],[-120.62242442742,39.731912584975,1656.8],[-120.62240598723,39.731952566653,1658.8],[-120.62239165418,39.731983747333,1658.8],[-120.62237774022,39.73201174289,1660.1],[-120.62237111852,39.732045270503,1660.1],[-120.62229962088,39.732146104798,1658.7],[-120.62226827256,39.732179129496,1655.5],[-120.62225293368,39.732209220529,1655.2],[-120.6222565379,39.732236294076,1655.2],[-120.62226408161,39.732262445614,1655.2],[-120.62228889205,39.732289770618,1656.0],[-120.62232451513,39.73231734708,1656.0],[-120.62237991951,39.732343666255,1657.6],[-120.62243658118,39.732362106442,1657.6],[-120.62249014154,39.732376020402,1656.7],[-120.62256046571,39.732390521094,1657.8],[-120.62262475491,39.73240996711,1657.8],[-120.62273908406,39.732438130304,1658.3],[-120.6227740366,39.732441231608,1658.5],[-120.6228070613,39.732449445873,1658.5],[-120.62283321284,39.732457324862,1658.5],[-120.62284863554,39.732466042042,1656.9],[-120.6228731107,39.732478950173,1656.9],[-120.6228990946,39.732491606846,1656.9],[-120.62304359861,39.732600571588,1658.1],[-120.62310285866,39.732654299587,1658.1],[-120.62311434187,39.732721606269,1658.5],[-120.62310797162,39.73274406977,1658.5],[-120.62307897024,39.732756474987,1659.0],[-120.6230307743,39.732767203823,1657.5],[-120.62299112789,39.7327882424,1657.5],[-120.62296774238,39.732815651223,1657.5],[-120.6229559239,39.732843898237,1656.9],[-120.62288065441,39.732933081686,1655.6],[-120.62283379957,39.732972225174,1653.8],[-120.62278082594,39.733026372269,1653.8],[-120.62275090255,39.733047159389,1652.0],[-120.62272106297,39.733082614839,1652.0],[-120.62261452898,39.733195351437,1650.8],[-120.62255225144,39.733206247911,1650.5],[-120.62250279821,39.733231225982,1649.9],[-120.62246005051,39.733261400834,1649.6],[-120.62243649736,39.733308926225,1649.6],[-120.62237950042,39.733397942036,1648.7],[-120.62236282043,39.733438929543,1648.7],[-120.62233985402,39.733477653936,1648.7],[-120.62230775133,39.733516713604,1649.1],[-120.62227623537,39.733558958396,1648.6],[-120.6221873872,39.733720226213,1649.3],[-120.6221006345,39.733844865113,1650.4],[-120.62202670611,39.733926169574,1652.6],[-120.62198521569,39.733955170959,1651.8],[-120.62192838639,39.733969587833,1653.9],[-120.62186602503,39.733972270042,1653.1],[-120.62168925069,39.733965061605,1649.6],[-120.62158900313,39.733982998878,1650.9],[-120.62154508196,39.733989872038,1650.3],[-120.6215030048,39.734002444893,1650.3],[-120.62146453187,39.734018789604,1650.3],[-120.62143460847,39.734026584774,1650.1],[-120.6214166712,39.734032787383,1650.1],[-120.62140560709,39.734041169286,1650.1],[-120.62138917856,39.734059274197,1651.7],[-120.62138079666,39.734077211469,1651.7],[-120.62136495486,39.734096657485,1651.5],[-120.62132044695,39.734130939469,1651.5],[-120.62127476558,39.734146948904,1653.1],[-120.6212541461,39.734145021066,1653.1],[-120.62123880722,39.734143763781,1653.1],[-120.62122413889,39.73414468579,1653.1],[-120.62121123075,39.734152816236,1653.1],[-120.6211916171,39.734165221453,1653.1],[-120.62116663903,39.734184248373,1652.3],[-120.62114769593,39.73420528695,1652.3],[-120.62114166096,39.734234204516,1655.2],[-120.62112933956,39.734259014949,1655.2],[-120.62110905536,39.734287094325,1655.2],[-120.62107896432,39.734322382137,1656.7],[-120.62104837038,39.734340403229,1656.7],[-120.62102942728,39.734359933063,1656.7],[-120.6210242305,39.734383653849,1656.7],[-120.62101098709,39.734404105693,1656.7],[-120.62099791132,39.734430424869,1658.4],[-120.62099204399,39.734459845349,1657.4],[-120.62097159214,39.73449010402,1657.4],[-120.62093823217,39.73451692611,1658.9],[-120.62091467902,39.734542407095,1658.9],[-120.62088777311,39.734556404874,1658.0],[-120.6208538264,39.734566127881,1658.0],[-120.62081367709,39.734584232792,1658.0],[-120.62079104595,39.73459739238,1658.8],[-120.62078266405,39.734616503119,1658.8],[-120.62076330185,39.734631925821,1658.8],[-120.62074821442,39.734652880579,1658.8],[-120.6207296066,39.73466402851,1658.8],[-120.62070026994,39.734684899449,1659.4],[-120.62066850252,39.734699400142,1659.4],[-120.62063422054,39.734711302444,1659.4],[-120.62060153112,39.734721444547,1659.4],[-120.62057529576,39.734728569165,1659.4],[-120.62055358663,39.734729407355,1659.4],[-120.62052961439,39.734730999917,1659.4],[-120.62049323693,39.734729994088,1659.7],[-120.62044252641,39.734728569165,1659.7],[-120.62038578093,39.734727060422,1660.1],[-120.62033037655,39.734704680741,1660.6],[-120.62028092332,39.734678361565,1658.6],[-120.6202275306,39.734649276361,1659.4],[-120.62016231939,39.734620526433,1660.4],[-120.62011269853,39.734612060711,1660.4],[-120.62006835826,39.734607702121,1661.3],[-120.62000985257,39.734632344916,1661.3],[-120.61994749121,39.734629159793,1662.0],[-120.61990415677,39.73462253809,1662.0],[-120.61986467801,39.734611557797,1662.6],[-120.61981237493,39.734588172287,1660.4],[-120.61974163167,39.73453595303,1661.1],[-120.61969343573,39.734507454559,1661.8],[-120.61965538189,39.734490271658,1659.6],[-120.61961011961,39.734478536993,1659.6],[-120.6195761729,39.734461940825,1660.2],[-120.61953485012,39.734435956925,1660.2],[-120.6194920186,39.734403267503,1658.7],[-120.61945036054,39.734391784295,1658.7],[-120.6194048468,39.734391197562,1659.3],[-120.61936863698,39.734389185905,1659.3],[-120.61933234334,39.734387509525,1659.9],[-120.61928967945,39.734384994954,1659.9],[-120.61919982545,39.73433948122,1660.6],[-120.61915146187,39.734290698543,1659.0],[-120.61910460703,39.734254488721,1659.9],[-120.61905532144,39.734231773764,1660.7],[-120.61899270862,39.734205035493,1659.0],[-120.61893160455,39.734194641933,1659.9],[-120.61884367839,39.734196737409,1660.5],[-120.61878743581,39.73417846486,1660.5],[-120.61873546802,39.734164215624,1660.8],[-120.61869221739,39.734171172604,1660.8],[-120.61864586547,39.73419313319,1660.4],[-120.6186125055,39.734223810956,1660.4],[-120.6185649801,39.734273599461,1659.1],[-120.61851234175,39.734363872558,1658.6],[-120.61853178777,39.734414666891,1658.6],[-120.6185825821,39.734474932775,1658.1],[-120.61865533702,39.734567804262,1660.0],[-120.61869221739,39.734679032117,1661.7],[-120.61870177276,39.734738711268,1661.2],[-120.61871233396,39.7347965464,1660.4],[-120.61873035505,39.734856979921,1660.4],[-120.61876555905,39.734916994348,1659.3],[-120.61876421794,39.73497306928,1657.6],[-120.61874569394,39.735091589391,1655.3],[-120.61875667423,39.735219413415,1653.0],[-120.6187732704,39.735279092565,1653.0],[-120.61879137531,39.735323935747,1653.0],[-120.61878953129,39.735353440046,1649.8],[-120.61875633895,39.735368862748,1647.5],[-120.6187054608,39.735369365662,1647.5],[-120.61865751632,39.735349165276,1645.6],[-120.61860797927,39.7353210859,1648.0],[-120.6185138505,39.735264005139,1645.8],[-120.61846230179,39.735226621851,1645.5],[-120.61840807088,39.735182952136,1645.5],[-120.61829181388,39.735092427582,1642.6],[-120.6182385888,39.735035765916,1643.7],[-120.61813146807,39.73490643315,1642.0],[-120.6180629041,39.734855638817,1639.6],[-120.61798629351,39.734801826999,1636.6],[-120.61790691689,39.734741309658,1634.5],[-120.61784204096,39.734681798145,1634.9],[-120.61779711396,39.734633350745,1632.8],[-120.61776802875,39.73461038433,1632.8],[-120.61775227077,39.734611473978,1632.8],[-120.61774766073,39.734622035176,1632.8],[-120.61774481088,39.734638379887,1632.8],[-120.61774497852,39.734685318545,1632.6],[-120.6176995486,39.734786069021,1630.5],[-120.61767306179,39.734866367653,1630.5],[-120.61765068211,39.735049847513,1629.6],[-120.61762042344,39.735111789778,1626.9],[-120.61754146591,39.735202314332,1624.0],[-120.61747013591,39.7352708783,1622.9],[-120.61741649173,39.73534011282,1620.6],[-120.61737558804,39.735415047035,1620.6],[-120.61737013981,39.735498195514,1620.0],[-120.61737868935,39.735574973747,1619.5],[-120.61740316451,39.735641190782,1619.2],[-120.61744079925,39.735697014257,1619.2],[-120.61748907901,39.735754011199,1620.4],[-120.6175339222,39.735822491348,1620.3],[-120.61760701239,39.735913854092,1621.6],[-120.61760365963,39.736077301204,1620.7],[-120.61755001545,39.73616422154,1619.5],[-120.61749595217,39.736246531829,1618.9],[-120.61741598882,39.736328925937,1616.7],[-120.61734792776,39.736383156851,1614.6],[-120.61724550091,39.736438980326,1613.9],[-120.61711750925,39.736514752731,1612.1],[-120.61699060723,39.736555991694,1609.0],[-120.61690754257,39.736589686945,1609.0],[-120.61684543267,39.736613659188,1608.0],[-120.61678969301,39.736594632268,1606.9],[-120.61672640964,39.736537383869,1608.3],[-120.6166676525,39.736424982548,1607.6],[-120.61655282043,39.73630017601,1606.0],[-120.61650345102,39.736258182675,1604.1],[-120.61645693146,39.736226834357,1604.1],[-120.6163752079,39.736128598452,1601.8],[-120.61636338942,39.736066907644,1600.9],[-120.61636556871,39.736026925966,1600.9],[-120.616366826,39.735991219059,1600.9],[-120.61636883765,39.735948974267,1600.0],[-120.61637093313,39.735907902941,1600.0],[-120.6163685862,39.735891977325,1599.0],[-120.61636590399,39.735890133306,1599.0],[-120.61639507301,39.735903041437,1600.0],[-120.61637897976,39.735933216289,1600.0],[-120.61635324731,39.735963558778,1600.0],[-120.61632248573,39.735999600962,1599.2],[-120.61627621762,39.736046623439,1599.2],[-120.616241768,39.736094735563,1598.4],[-120.6161730364,39.736197246239,1599.3],[-120.61612182297,39.73629238084,1598.6],[-120.61610028148,39.736344097182,1598.6],[-120.6160823442,39.736398160458,1599.0],[-120.61605334282,39.736449206248,1597.5],[-120.61600296758,39.736575772986,1597.7],[-120.6159893889,39.736650204286,1598.0],[-120.61598712578,39.736727066338,1597.2],[-120.61600053683,39.736777022481,1597.2],[-120.61601570807,39.736827062443,1595.7],[-120.61604068615,39.736876180395,1595.7],[-120.61607488431,39.736910881475,1595.7],[-120.6161105074,39.736938709393,1594.3],[-120.61614545994,39.736954467371,1594.3],[-120.61618032865,39.736966453493,1594.8],[-120.61623539776,39.736991850659,1594.8],[-120.61628191732,39.737013895065,1592.7],[-120.61643882655,39.737071646377,1593.3],[-120.61655935831,39.737077262253,1594.6],[-120.61661845073,39.737084638327,1592.1],[-120.61680469662,39.737143982202,1593.3],[-120.61685943045,39.737167367712,1594.0],[-120.61691181734,39.737200140953,1592.1],[-120.616967557,39.737243140116,1592.1],[-120.6170226261,39.737284798175,1590.3],[-120.61707694083,39.737327294424,1590.3],[-120.61713754199,39.737374903634,1588.2],[-120.61720359139,39.737418908626,1588.5],[-120.6172631029,39.737459728494,1588.5],[-120.61731599271,39.737504739314,1586.1],[-120.61736913398,39.737550253049,1583.6],[-120.61742948368,39.737586127594,1583.6],[-120.61749670655,39.737607501447,1583.9],[-120.61756837182,39.73761588335,1584.0],[-120.61763500795,39.737620661035,1584.0],[-120.6177017279,39.737641699612,1584.1],[-120.61773869209,39.737649243325,1581.3],[-120.61775470152,39.737639604136,1584.2],[-120.61775981449,39.737638263032,1584.2],[-120.61777381226,39.73764446564,1581.3],[-120.61780105345,39.737645639107,1581.3],[-120.61784061603,39.737638765946,1584.2],[-120.6179113593,39.737623007968,1584.3],[-120.61806390993,39.73760381341,1584.4],[-120.61815569177,39.737617140636,1584.5],[-120.61827203259,39.737637676299,1584.7],[-120.61835275032,39.73763843067,1585.2],[-120.618411256,39.737624432892,1585.7],[-120.61847898178,39.737622588873,1585.8],[-120.61855207197,39.73762200214,1585.8],[-120.61863346025,39.737623175606,1585.5],[-120.61885222793,39.737705150619,1578.7],[-120.61891727149,39.73776910454,1577.1],[-120.61898172833,39.737828364596,1574.7],[-120.6190278288,39.737875973806,1570.6],[-120.6190590933,39.737932216376,1570.5],[-120.61907292344,39.737996002659,1570.5],[-120.61907376163,39.738065823913,1570.6],[-120.61906521209,39.738126341254,1570.5],[-120.61906194314,39.738173866645,1570.5],[-120.61908180825,39.738221811131,1569.9],[-120.61912011355,39.738271096721,1567.2],[-120.6191489473,39.738336727023,1566.8],[-120.61914215796,39.738384084776,1565.7],[-120.61913846992,39.738425407559,1565.7],[-120.6191436667,39.738459438086,1565.7],[-120.61918431893,39.738535629585,1564.7],[-120.6192216184,39.738596146926,1562.6],[-120.61923645437,39.738639900461,1562.6],[-120.61922572553,39.738683318719,1561.4],[-120.61921432614,39.73874467425,1561.4],[-120.61921013519,39.738813405856,1560.5],[-120.6191766914,39.738881047815,1562.5],[-120.6191383861,39.738979367539,1562.1],[-120.61911617406,39.739040220156,1561.6],[-120.61910494231,39.739104174078,1561.6],[-120.61911148019,39.739159829915,1561.0],[-120.61910234392,39.739220431075,1560.4],[-120.61908943579,39.739269381389,1560.4],[-120.61906152405,39.73931254819,1562.0],[-120.61904710717,39.739347836003,1562.0],[-120.61903554015,39.73939737305,1562.0],[-120.61902556568,39.739445485175,1560.9],[-120.61900343746,39.739523269236,1559.3],[-120.61899882741,39.739563418552,1559.3],[-120.61899430119,39.739606333897,1557.8],[-120.61897267587,39.739645477384,1560.5],[-120.61894870363,39.739688141271,1559.1],[-120.61893822625,39.739725440741,1559.1],[-120.61892816797,39.73975494504,1559.1],[-120.61890872195,39.739774055779,1557.3],[-120.61888827011,39.739774558693,1557.3],[-120.61887159012,39.739762907848,1561.0],[-120.61886203475,39.739751005545,1561.0],[-120.61885239556,39.739730805159,1561.0],[-120.61884535477,39.739709347486,1561.0],[-120.6188441813,39.7396873869,1561.0],[-120.61884275638,39.739664336666,1561.0],[-120.61884216964,39.739646483213,1562.3],[-120.61884116381,39.739618068561,1562.3],[-120.61880948022,39.739531064406,1563.2],[-120.61879313551,39.739474235103,1563.8],[-120.61877687462,39.739400306717,1563.3],[-120.61876337975,39.739350266755,1563.0],[-120.6187578477,39.739306177944,1563.0],[-120.6187627092,39.739269465208,1562.9],[-120.61876388267,39.739233171567,1562.9],[-120.61875793152,39.739183383062,1563.0],[-120.61874678358,39.739121189341,1563.0],[-120.61872742139,39.73900526762,1563.6],[-120.61871141195,39.738948438317,1562.2],[-120.61868601479,39.738900577649,1562.6],[-120.61864946969,39.738865708932,1562.6],[-120.6186050456,39.738841401413,1561.1],[-120.61855492182,39.738807119429,1561.6],[-120.61849415302,39.738771915436,1560.1],[-120.61832970008,39.738723384216,1558.2],[-120.61825878918,39.738680552691,1558.2],[-120.61814848334,39.738643169403,1557.7],[-120.61813046224,39.73865641281,1557.7],[-120.61812216416,39.738693125546,1556.1],[-120.61812970787,39.738746182993,1556.1],[-120.6181443762,39.738778620958,1554.6],[-120.61817337759,39.738786164671,1555.8],[-120.6182205677,39.738785829395,1555.8],[-120.6182813365,39.738798988983,1557.1],[-120.61832919717,39.738847352564,1555.9],[-120.61836180277,39.738901248202,1557.6],[-120.61837269925,39.738960843533,1556.4],[-120.61836968176,39.739076094702,1555.2],[-120.6183799915,39.739181958139,1553.8],[-120.61838376336,39.739272985607,1552.3],[-120.61839239672,39.739387230948,1550.9],[-120.61837286688,39.739486891776,1550.4],[-120.61832257546,39.739596946165,1548.4],[-120.61833581887,39.739678502083,1548.4],[-120.61831251718,39.739797692746,1548.7],[-120.61831989326,39.739854605868,1548.7],[-120.61830497347,39.739914955571,1548.8],[-120.61831025407,39.739989889786,1549.1],[-120.61829407699,39.740053759888,1549.2],[-120.61823523603,39.74020329304,1547.5],[-120.61820472591,39.740278059617,1547.8],[-120.61817279086,39.740352742374,1548.0],[-120.61813180335,39.740419546142,1546.1],[-120.61809173785,39.740486266091,1546.5],[-120.61806256883,39.740550555289,1547.0],[-120.61802786775,39.740612581372,1544.9],[-120.61799601652,39.740684162825,1545.5],[-120.61797724105,39.740758510306,1546.1],[-120.617945306,39.740842916071,1544.3],[-120.61787213199,39.740985576063,1545.0],[-120.61786517501,39.741082387045,1543.2],[-120.61786240898,39.741241978481,1543.8],[-120.61786609702,39.741316912696,1543.0],[-120.61787531711,39.741389416158,1542.3],[-120.61786215752,39.741447921842,1541.5],[-120.61781295575,39.741493603215,1540.3],[-120.61774464324,39.741514138877,1539.8],[-120.61768773012,39.741507684812,1539.8],[-120.61764003709,39.741498129442,1538.9],[-120.6175819505,39.741477929056,1537.3],[-120.61752227135,39.741456387565,1538.7],[-120.61744825915,39.741437947378,1537.5],[-120.61737416312,39.741436103359,1535.8],[-120.61732864939,39.741441551596,1535.8],[-120.61731029302,39.741460913792,1532.5],[-120.61730333604,39.741509528831,1532.5],[-120.61732412316,39.741569124162,1530.8],[-120.6173414737,39.741627713665,1530.8],[-120.6173555553,39.741694601253,1527.1],[-120.61733141541,39.741749754176,1522.6],[-120.61728372239,39.741796609014,1523.0],[-120.61722546816,39.741842290387,1518.6],[-120.61713779345,39.741866011173,1519.1],[-120.61706554145,39.741854779422,1519.1],[-120.61700787395,39.741833489388,1519.5],[-120.61694970354,39.741806248203,1523.3],[-120.61689262278,39.741782359779,1523.3],[-120.61675541103,39.741694685072,1523.5],[-120.61670076102,39.741650344804,1523.5],[-120.61663588509,39.741611201316,1523.1],[-120.61656103469,39.741574991494,1521.8],[-120.61641979963,39.741538697854,1521.0],[-120.61638744548,39.741554455832,1519.3],[-120.6163840089,39.741584127769,1519.3],[-120.61640747823,39.741616230458,1520.6],[-120.61644846573,39.741652859375,1519.9],[-120.61648735777,39.741694433615,1521.1],[-120.61652574688,39.741747910157,1519.8],[-120.61657235026,39.741797698662,1520.8],[-120.61663202941,39.741853354499,1518.3],[-120.61667452566,39.741901634261,1518.8],[-120.61670855619,39.74195368588,1516.1],[-120.61670528725,39.742045886815,1513.1],[-120.6166192051,39.742084527388,1513.3],[-120.6165324524,39.742121323943,1509.0],[-120.61642482877,39.74216055125,1509.7],[-120.61622760259,39.742195922881,1507.0],[-120.61613397673,39.742201790214,1507.7],[-120.61604990624,39.742176476866,1507.9],[-120.61589651741,39.742114366964,1510.2],[-120.61581789516,39.742100285366,1509.1],[-120.61573407613,39.74209039472,1508.1],[-120.6156537775,39.742087377235,1508.1],[-120.61558613554,39.742087628692,1507.2],[-120.61551094986,39.742086539045,1506.4],[-120.6152794417,39.742089053616,1504.2],[-120.61513954774,39.74205410108,1504.1],[-120.61507475562,39.74202635698,1503.4],[-120.61500971206,39.741999283433,1503.4],[-120.61495271511,39.741961145774,1503.0],[-120.61489563435,39.741912782192,1502.4],[-120.61484014615,39.741882188246,1502.8],[-120.61478138901,39.741859389469,1502.1],[-120.61472757719,39.741837177426,1501.3],[-120.61466211453,39.741805996746,1501.3],[-120.61458332464,39.741774396971,1500.7],[-120.61445097439,39.741703737527,1499.7],[-120.61439221725,39.741679597646,1499.8],[-120.61432826333,39.74165503867,1499.4],[-120.614242265,39.741613129154,1499.0],[-120.61418124475,39.741604495794,1499.0],[-120.61412676238,39.741588989273,1498.7],[-120.61408560723,39.741590665653,1498.7],[-120.61405543238,39.741606675088,1498.3],[-120.61403539963,39.741628803313,1498.3],[-120.61403556727,39.741651937366,1498.3],[-120.61402098276,39.741682028398,1498.3],[-120.61400287785,39.741712287068,1498.2],[-120.61399399303,39.741742964834,1498.2],[-120.61397848651,39.74180733785,1497.7],[-120.61395107768,39.741879338399,1497.7],[-120.61389558949,39.742013951764,1496.6],[-120.61383163556,39.742067847401,1496.6],[-120.6137331482,39.742112606764,1495.4],[-120.61364069581,39.742142781615,1494.9],[-120.61355561949,39.742145380005,1494.2],[-120.61347540468,39.742148062214,1493.1],[-120.61339301057,39.742170693353,1492.1],[-120.613300642,39.742216542363,1490.4],[-120.61321447603,39.742233725265,1490.0],[-120.61305915937,39.742249650881,1489.6],[-120.61297441833,39.742236323655,1489.4],[-120.61288699508,39.742221739143,1489.2],[-120.61281474307,39.742216207087,1489.2],[-120.61271868646,39.742195252329,1489.0],[-120.61265766621,39.742157869041,1490.3],[-120.61261894181,39.742134986445,1490.3],[-120.61256814748,39.742090981454,1490.2],[-120.6125078816,39.742062231526,1491.0],[-120.61246764846,39.742025434971,1491.0],[-120.61244158074,39.742000289261,1491.0],[-120.61241693795,39.741986710578,1491.9],[-120.61237318441,39.742000708356,1490.8],[-120.61231861822,39.742019567639,1490.5],[-120.61223488301,39.74201512523,1490.5],[-120.61216070317,39.742005821317,1490.2],[-120.61210781336,39.741968102753,1491.1],[-120.61201695353,39.741910854355,1490.8],[-120.61196833849,39.741883194074,1491.9],[-120.61193145812,39.741861987859,1491.6],[-120.6119141914,39.741853773594,1491.6],[-120.61191570014,39.741856036708,1491.6],[-120.61194051057,39.741856455803,1491.6],[-120.61196858995,39.741852516308,1491.9],[-120.61197345145,39.741854025051,1491.9],[-120.61197026633,39.741851929575,1491.9],[-120.61197998933,39.741846984252,1491.9],[-120.61199247837,39.741852013394,1491.9],[-120.61201821081,39.74186190404,1491.9],[-120.61203723773,39.741869447753,1491.9],[-120.61205366626,39.741881350055,1492.2],[-120.61209272593,39.741955948994,1491.1],[-120.61211242341,39.741997439414,1490.1],[-120.61212667264,39.742037169635,1490.1],[-120.61215357855,39.742178823799,1487.3],[-120.6121384073,39.742240430787,1486.8],[-120.61211619526,39.742303462699,1484.1],[-120.61209063046,39.742363477126,1484.1],[-120.61206213199,39.742444697767,1482.0],[-120.61204394326,39.742499934509,1480.7],[-120.6120155286,39.742536982521,1480.7],[-120.61194621027,39.742559865117,1483.4],[-120.61185627244,39.742582496256,1482.2],[-120.61178619973,39.742617951706,1482.2],[-120.61164186336,39.742720378563,1481.4],[-120.61159743927,39.742786679417,1483.8],[-120.61156433076,39.742858428508,1482.9],[-120.61155108735,39.742934787646,1483.5],[-120.61154966243,39.743015002459,1482.8],[-120.61155636795,39.743088008836,1482.8],[-120.61158319004,39.743170905858,1483.8],[-120.61162887141,39.743255060166,1480.8],[-120.61170958914,39.743320774287,1479.3],[-120.61188016087,39.743381878361,1483.4],[-120.61200949363,39.743432840332,1481.5],[-120.61211116612,39.743484808132,1479.4],[-120.61218970455,39.743533926085,1480.7],[-120.61229690909,39.743594359607,1477.6],[-120.61241995543,39.74364163354,1479.8],[-120.61254585162,39.743694858626,1477.6],[-120.61271265149,39.743775660172,1477.1],[-120.61285212636,39.743857132271,1474.6],[-120.61312856153,39.744016388431,1472.4],[-120.6134182401,39.744148487225,1467.4],[-120.61368302442,39.74424932152,1465.1],[-120.61382099055,39.744296176359,1466.9],[-120.61394814402,39.744343366474,1463.9],[-120.61407336965,39.74439131096,1465.0],[-120.61422365718,39.744451576844,1462.7],[-120.61432247981,39.744484182447,1462.7],[-120.61446782202,39.744512932375,1461.0],[-120.61458768323,39.74451687187,1460.4],[-120.61469874345,39.744504047558,1460.4],[-120.61479622498,39.744479656219,1459.4],[-120.61488423496,39.744445206597,1457.9],[-120.61494785361,39.744411930442,1458.6],[-120.61502102762,39.74437052384,1456.6],[-120.61509001069,39.744327776134,1459.1],[-120.6151495222,39.744267677888,1456.3],[-120.6152169127,39.744205903262,1454.8],[-120.61529620551,39.744151672348,1451.9],[-120.61537005007,39.744084198028,1454.3],[-120.61545060016,39.744026698172,1455.9],[-120.61556224711,39.743973808363,1453.5],[-120.61564665288,39.743938017637,1456.2],[-120.61577104032,39.743913793936,1454.7],[-120.61585879885,39.743927707896,1454.1],[-120.61596281826,39.744012532756,1452.1],[-120.61607873999,39.744107499719,1451.5],[-120.61618410051,39.744187714532,1451.4],[-120.61625383794,39.744252925739,1451.8],[-120.61629507691,39.744307240471,1451.8],[-120.6163025368,39.744340851903,1452.2],[-120.61628594063,39.744357615709,1451.8],[-120.61628770083,39.744382007048,1451.8],[-120.6162888743,39.744402375072,1451.8],[-120.6163029559,39.744418552145,1451.8],[-120.61631343327,39.744434477761,1452.3],[-120.61632466502,39.744459455833,1452.2],[-120.61633413658,39.744491474703,1452.2],[-120.61636305414,39.744532126933,1452.2],[-120.61640638858,39.744546459988,1452.5],[-120.61645550653,39.744543107226,1452.5],[-120.61651619151,39.74453589879,1453.2],[-120.61658240855,39.744525589049,1453.2],[-120.61664829031,39.74452030845,1453.6],[-120.61671911739,39.744517207146,1454.0],[-120.61700929888,39.744523074478,1454.9],[-120.61716377735,39.744540341198,1454.1],[-120.61740794219,39.744583675638,1453.5],[-120.61760449782,39.744637571275,1451.5],[-120.61766048893,39.744658442214,1449.9],[-120.6177149713,39.744676379487,1450.0],[-120.6177739799,39.744695741683,1450.0],[-120.61783181503,39.744717450812,1451.4],[-120.61797791161,39.744808394462,1453.5],[-120.61802711338,39.74483538419,1453.4],[-120.61807857826,39.744863631204,1454.0],[-120.61812979169,39.744896488264,1454.0],[-120.6182395108,39.744968404993,1454.7],[-120.61829667538,39.745009727776,1455.5],[-120.61834235676,39.745057169348,1456.4],[-120.61844528653,39.745236709714,1457.7],[-120.61852273531,39.745384985581,1459.5],[-120.61855291016,39.745464781299,1459.5],[-120.61862013303,39.745607608929,1461.3],[-120.61871845275,39.745827885345,1464.1],[-120.6187627092,39.745990829542,1465.2],[-120.61875801533,39.746063835919,1466.0],[-120.61874611303,39.746133238077,1468.5],[-120.61872725375,39.74621521309,1468.5],[-120.61870386824,39.746291320771,1470.4],[-120.61867302284,39.746368015185,1467.6],[-120.61863915995,39.746429622173,1469.2],[-120.61860253103,39.74648360163,1465.7],[-120.61857118271,39.746543448418,1467.5],[-120.61853472143,39.746597092599,1470.4],[-120.6184905488,39.746663561091,1465.3],[-120.61845861375,39.746724497527,1467.5],[-120.61843665317,39.746788451448,1470.0],[-120.61842047609,39.746855339035,1470.0],[-120.61840161681,39.746909234673,1466.8],[-120.61837940477,39.746978888288,1470.8],[-120.61835811473,39.74704711698,1470.8],[-120.6183385849,39.747116602957,1473.4],[-120.61831997707,39.747184161097,1471.5],[-120.61830271035,39.747248953208,1472.5],[-120.61828628182,39.747315086424,1472.5],[-120.61827085912,39.747381052002,1473.6],[-120.61825216748,39.74744617939,1475.3],[-120.61823263764,39.747510887682,1473.5],[-120.61821000651,39.747572746128,1473.5],[-120.61817832291,39.747633682564,1475.1],[-120.61815108173,39.747691601515,1475.1],[-120.61812954023,39.747746083885,1473.4],[-120.618115291,39.747806852683,1474.8],[-120.6180924084,39.747864520177,1474.8],[-120.61806583777,39.747923277318,1475.9],[-120.61803784221,39.747986393049,1473.9],[-120.61801554635,39.748049005866,1473.9],[-120.61800674535,39.748114887625,1475.0],[-120.6179924123,39.748176829889,1476.1],[-120.61798025854,39.748236676678,1476.1],[-120.61797087081,39.748294427991,1476.9],[-120.6179712899,39.748368440196,1477.5],[-120.61797464266,39.748417055234,1477.5],[-120.61798453331,39.748485451564,1478.0],[-120.61799928546,39.748542867601,1478.3],[-120.6180131156,39.748586621135,1478.3],[-120.6180324778,39.748656190932,1479.0],[-120.61804781668,39.74869793281,1479.0],[-120.61807187274,39.748760880902,1481.4],[-120.61809123494,39.748812261969,1481.4],[-120.61811235733,39.74886498414,1481.7],[-120.61813666485,39.748916784301,1481.6],[-120.6181672588,39.748968752101,1482.7],[-120.61821126379,39.749014601111,1482.4],[-120.61825761572,39.74904502742,1483.2],[-120.61830178834,39.749093391001,1483.2],[-120.61834671535,39.74913588725,1482.8],[-120.61839440838,39.7491766233,1483.3],[-120.61844377778,39.749211659655,1483.7],[-120.61848468147,39.749246444553,1483.7],[-120.61852416024,39.749281648546,1483.4],[-120.61855710112,39.749314673245,1483.6],[-120.61859473586,39.749338645488,1483.6],[-120.61862348579,39.749358762056,1483.6],[-120.61863329262,39.749389104545,1482.5],[-120.61864703894,39.749429756775,1482.5],[-120.61865885742,39.749473091215,1482.5],[-120.6186689157,39.749516509473,1480.3],[-120.61868735589,39.749561101198,1480.3],[-120.61870026402,39.749612649903,1478.3],[-120.61872029677,39.749665874988,1478.3],[-120.61874384992,39.749718848616,1476.6],[-120.61876723543,39.749775845557,1477.2],[-120.61882121488,39.749825969338,1477.2],[-120.61888005584,39.74986653775,1476.9],[-120.61894174665,39.74989855662,1476.0],[-120.61900964007,39.749923367053,1476.0],[-120.61909563839,39.749954380095,1476.3],[-120.61919320375,39.749992517754,1476.6],[-120.61929311603,39.75004314445,1477.0],[-120.61939462088,39.750108690932,1475.4],[-120.61947802082,39.750181278214,1472.2],[-120.61956745572,39.750266689807,1470.5],[-120.61965697445,39.750351598486,1469.6],[-120.61973685399,39.750440195203,1470.1],[-120.61986509711,39.750614119694,1467.5],[-120.61993676238,39.750703386962,1466.2],[-120.62001119368,39.750800784677,1465.1],[-120.62007187866,39.750903462991,1460.3],[-120.62012451701,39.75101175718,1459.1],[-120.62016877346,39.751122063026,1455.7],[-120.62022082508,39.751332700253,1455.7],[-120.62023230828,39.751429930329,1453.4],[-120.62021763995,39.75152682513,1455.0],[-120.62013734132,39.751608297229,1454.2],[-120.62001245096,39.751686919481,1455.4],[-120.61983156949,39.751751124859,1453.2],[-120.61967499554,39.751813402399,1449.8],[-120.61952529475,39.751873333007,1449.3],[-120.6193942856,39.751945501193,1447.3],[-120.61924207024,39.752020183951,1445.8],[-120.61907376163,39.752083551139,1445.9],[-120.61879078858,39.752230737358,1438.7],[-120.6186627131,39.752319585532,1436.4],[-120.61852608807,39.752384210005,1433.3],[-120.61837697402,39.752437267452,1432.9],[-120.61823364347,39.752475824207,1430.1],[-120.61808184721,39.752531396225,1429.1],[-120.61794203706,39.752567270771,1426.6],[-120.6177946832,39.75255603902,1423.3],[-120.617666943,39.752536593005,1423.2],[-120.61754766852,39.752505663782,1422.0],[-120.61741984449,39.752435842529,1421.1],[-120.6173102092,39.752345820889,1421.7],[-120.61721306294,39.752232078463,1421.9],[-120.61711658724,39.752122191712,1421.5],[-120.61701256782,39.752045916393,1420.8],[-120.6169085484,39.751983974129,1420.1],[-120.61680746265,39.75193711929,1418.0],[-120.61671442352,39.75189562887,1417.0],[-120.61663052067,39.751831674948,1414.9],[-120.61655877158,39.751754896715,1413.9],[-120.61648903415,39.751681303605,1412.9],[-120.61643505469,39.751618774608,1413.0],[-120.61638543382,39.751573763788,1411.9],[-120.61634159647,39.751540403813,1411.9],[-120.61629968695,39.751518946141,1411.5],[-120.61626900919,39.751489693299,1411.5],[-120.61625383794,39.751457506791,1411.5],[-120.61624294147,39.751422386616,1412.1],[-120.61623799615,39.751393301412,1412.1],[-120.61622911133,39.751357426867,1412.1],[-120.61621016823,39.751315265894,1412.1],[-120.6161448732,39.751248881221,1412.6],[-120.61610883102,39.751234883443,1412.0],[-120.61608687043,39.751224573702,1412.0],[-120.61606993899,39.751222897321,1412.0],[-120.61606817879,39.751233123243,1412.0],[-120.61605879106,39.751237314194,1412.0],[-120.61604353599,39.751238990575,1411.4],[-120.61602249742,39.751241253689,1411.4],[-120.61598788016,39.751262376085,1411.4],[-120.61595577747,39.751281989738,1410.9],[-120.61590297148,39.751356672496,1410.2],[-120.61588109471,39.751415010542,1409.4],[-120.61587044969,39.751481479034,1408.4],[-120.61585888267,39.751628413796,1407.2],[-120.61585301533,39.751704102382,1405.7],[-120.6158422865,39.751858077943,1403.6],[-120.61584471725,39.751939550042,1402.7],[-120.61584698036,39.752016663551,1402.1],[-120.61583868228,39.752176171169,1401.6],[-120.61583457515,39.752241633832,1401.1],[-120.61580029316,39.7524885647,1399.4],[-120.61578906141,39.752562996,1398.9],[-120.61577305198,39.752810345963,1397.6],[-120.61575410888,39.753000279889,1395.9],[-120.61573851854,39.753309404477,1393.1],[-120.61571882106,39.7535187006,1391.7],[-120.61571161263,39.753836123273,1389.9],[-120.61566417105,39.754051622003,1388.3],[-120.61565017328,39.75413502194,1387.8],[-120.61564732343,39.754242813215,1387.4],[-120.61564757489,39.754348257557,1386.9],[-120.61564120464,39.754471555352,1386.4],[-120.6156273745,39.754676409066,1385.1],[-120.61560465954,39.754806580022,1384.8],[-120.61559284106,39.754903642461,1384.4],[-120.61558211222,39.755006991327,1383.9],[-120.61556601897,39.75520404987,1383.1],[-120.61556685716,39.755380824208,1382.4],[-120.61556375585,39.75548626855,1382.0],[-120.61555344611,39.755591461435,1381.2],[-120.61553039588,39.755817269906,1380.5],[-120.61551949941,39.755890863016,1380.2],[-120.61550843529,39.756000917405,1379.9],[-120.6155040767,39.756088927388,1379.4],[-120.61550189741,39.756172914058,1379.0],[-120.61550298706,39.756249859929,1378.4],[-120.61550307088,39.756310964003,1378.4],[-120.61550307088,39.756356393918,1377.7],[-120.6155009754,39.756385311484,1377.7],[-120.61549452133,39.756418168545,1376.9],[-120.61548840255,39.756444320083,1376.9],[-120.61549033038,39.756485139951,1376.9],[-120.61548940837,39.756534425542,1376.1],[-120.61548580416,39.756586141884,1376.1],[-120.6154868938,39.756640372798,1375.3],[-120.61548303813,39.756695525721,1374.5],[-120.61546233483,39.756826870143,1373.6],[-120.61541832983,39.757101293653,1371.1],[-120.61541506089,39.757189722732,1370.6],[-120.61540290713,39.757357109338,1369.5],[-120.61539595015,39.757535476238,1368.4],[-120.6153917592,39.757739491761,1367.4],[-120.61537801288,39.757951553911,1366.4],[-120.61535940506,39.758061105385,1365.8],[-120.61533283442,39.758272161707,1364.6],[-120.61531565152,39.758353717625,1364.1],[-120.6152935233,39.758472908288,1363.0],[-120.61527810059,39.758581537753,1362.4],[-120.61526477337,39.75868916139,1361.9],[-120.61522655189,39.759013457224,1360.1],[-120.61519813724,39.759180927649,1359.0],[-120.61517693102,39.759284527972,1358.7],[-120.61516821384,39.75937211886,1358.3],[-120.61515513808,39.759464152157,1357.9],[-120.61514306813,39.759564986452,1357.5],[-120.61514080502,39.759667664766,1356.6],[-120.61512613669,39.759876877069,1355.8],[-120.61512647197,39.760106373578,1355.0],[-120.61509713531,39.760395884514,1353.8],[-120.61508992687,39.760481128469,1353.4],[-120.61509336345,39.760558828712,1352.9],[-120.61509286053,39.760635187849,1352.4],[-120.61508439481,39.760701740161,1352.0],[-120.61506377533,39.76076846011,1351.6],[-120.61505581252,39.760850854218,1351.6],[-120.61506461352,39.761002650484,1350.9],[-120.61508590356,39.761134749278,1350.6],[-120.61516159214,39.761384278536,1350.2],[-120.61518807895,39.761590892449,1350.2],[-120.61519570649,39.76167647168,1350.4],[-120.61517382972,39.761876296252,1350.1],[-120.61514616944,39.761970089749,1349.8],[-120.61503862962,39.76215608418,1348.4],[-120.61502521858,39.762239903212,1348.4],[-120.61500568874,39.762319363654,1348.2],[-120.61496696435,39.762417431921,1347.0],[-120.61491482891,39.762507453561,1347.0],[-120.61487970874,39.762579035014,1345.3],[-120.61484743841,39.76264600642,1345.1],[-120.61482279561,39.762716749683,1345.2],[-120.6148170121,39.762790175155,1345.2],[-120.61481231824,39.762852704152,1345.1],[-120.61479077674,39.763046409935,1343.3],[-120.61482137069,39.763158559799,1342.8],[-120.61484098434,39.763208515942,1341.9],[-120.61487166211,39.763266099617,1341.9],[-120.61490753666,39.763324605301,1341.8],[-120.61495020054,39.763376824558,1341.5],[-120.61500040814,39.763428205624,1341.8],[-120.61516989022,39.763581845909,1341.2],[-120.61522814445,39.763621827587,1341.5],[-120.61529503204,39.763655271381,1341.3],[-120.61543383636,39.763723164797,1341.5],[-120.61556895263,39.763797093183,1341.5],[-120.61570239253,39.763853168115,1341.2],[-120.61576341279,39.763877475634,1341.5],[-120.61582921073,39.76390119642,1341.7],[-120.61589844525,39.76392114535,1341.7],[-120.6159704458,39.763935729861,1341.2],[-120.61621385626,39.76399993524,1340.9],[-120.61637721956,39.764084005728,1339.4],[-120.61644553207,39.764123233035,1339.4],[-120.61649867333,39.76415055804,1338.0],[-120.61654745601,39.764183582738,1338.0],[-120.6166006811,39.764215182513,1337.7],[-120.6166570913,39.764245525002,1336.3],[-120.61678784899,39.764341413975,1334.9],[-120.61684987508,39.764404445887,1334.6],[-120.61697384343,39.764532521367,1333.2],[-120.61704249121,39.764581890777,1332.9],[-120.61725002714,39.764744834974,1331.3],[-120.6173912622,39.764889338985,1330.0],[-120.61752671376,39.765031328425,1330.0],[-120.61758882366,39.765088073909,1330.3],[-120.6176612433,39.765142807737,1330.3],[-120.61782611534,39.765262417495,1331.3],[-120.6180734653,39.765490824357,1331.8],[-120.61812392436,39.765541534871,1331.9],[-120.61816751026,39.765586378053,1332.1],[-120.61821185052,39.765628119931,1332.1],[-120.61825694516,39.765673549846,1332.2],[-120.6183077395,39.765723254532,1332.3],[-120.61841410585,39.765824088827,1332.4],[-120.61847143807,39.76586884819,1332.5],[-120.61853027903,39.765921486542,1332.8],[-120.61859104782,39.765977980569,1332.8],[-120.61872406863,39.766094237566,1333.2],[-120.61899857596,39.766358351335,1333.3],[-120.61912405305,39.766507884488,1333.1],[-120.61936243437,39.766919771209,1332.1],[-120.6193911843,39.766987999901,1331.9],[-120.61952646822,39.767336267978,1331.3],[-120.61958229169,39.767506923527,1331.2],[-120.61962897889,39.767666682601,1330.7],[-120.61965471134,39.767741113901,1330.7],[-120.61965756118,39.767813282087,1330.7],[-120.61964314431,39.767870111391,1330.6],[-120.61961280182,39.767915457487,1330.6],[-120.61955496669,39.767947476357,1330.6],[-120.61948900111,39.767976896837,1330.8],[-120.61940107495,39.768009670079,1331.1],[-120.61929378659,39.768040515482,1331.1],[-120.6191692315,39.76809097454,1331.2],[-120.61911215074,39.76810824126,1331.2],[-120.61900754459,39.768141768873,1331.1],[-120.61890863813,39.768190635368,1331.1],[-120.61886672862,39.768218044192,1330.9],[-120.61882146634,39.768253332004,1330.9],[-120.6187767908,39.768309155479,1330.8],[-120.61873236671,39.768352489918,1330.8],[-120.6186931394,39.768402948976,1330.6],[-120.61864410527,39.768500179052,1330.4],[-120.61862155795,39.768544603139,1330.4],[-120.61860010028,39.768584500998,1330.3],[-120.61858627014,39.768670247868,1330.3],[-120.61858065426,39.768720371649,1330.1],[-120.61857269146,39.768770243973,1330.0],[-120.6185618788,39.768828162923,1330.0],[-120.61852030456,39.768918184564,1329.9],[-120.61851074919,39.768959339708,1329.8],[-120.61852105893,39.769002255052,1329.8],[-120.61853564344,39.769039889798,1329.8],[-120.61855668202,39.769076099619,1329.7],[-120.61857872643,39.769110130146,1329.7],[-120.61859984882,39.769142484292,1329.6],[-120.61861451715,39.769165031612,1329.6],[-120.61862549745,39.769181376323,1329.6],[-120.6186345499,39.769199648872,1329.6],[-120.61864418909,39.769216664135,1329.6],[-120.61864980496,39.769224878401,1329.4],[-120.61865198426,39.769227812067,1329.4],[-120.61865399592,39.769230745733,1329.4],[-120.61864787713,39.769246503711,1329.4],[-120.61864636838,39.769239211455,1329.4],[-120.61864620075,39.769234014675,1329.4],[-120.61864594929,39.769252957776,1329.4],[-120.61865248717,39.769260082394,1329.4],[-120.6186384894,39.769267709926,1329.4],[-120.61863253824,39.769260250032,1329.4],[-120.61862918548,39.769257064909,1329.4],[-120.61863010749,39.769250694662,1329.4],[-120.61862700619,39.769246503711,1329.4],[-120.6186279282,39.769243737683,1329.4],[-120.6186279282,39.769242396578,1329.4],[-120.61862901784,39.76923963055,1329.4],[-120.61863178387,39.769241306931,1329.4],[-120.61863094568,39.769257903099,1329.4],[-120.61863203533,39.769267961383,1329.4],[-120.61864100397,39.769280869514,1329.4],[-120.61866019852,39.769291011617,1329.4],[-120.61868811026,39.769270978868,1329.4],[-120.61869096011,39.769262513146,1329.4],[-120.61869096011,39.769261004403,1329.4],[-120.61868760735,39.769256394356,1329.4],[-120.61869523488,39.769258154556,1329.4],[-120.6186966598,39.769254801795,1329.4],[-120.6187005993,39.769258741289,1329.4],[-120.61871166341,39.769267039374,1329.4],[-120.61871442944,39.769269302487,1329.4],[-120.61871828511,39.769273912534,1329.4],[-120.61870981939,39.769271230325,1329.4],[-120.61868584715,39.769274666905,1329.4],[-120.61868266203,39.769271062687,1329.4],[-120.61868031509,39.769257316366,1329.4],[-120.61867176555,39.769272655249,1329.4],[-120.61866288073,39.769279025495,1329.4],[-120.61865005642,39.769288832322,1329.4],[-120.61863991432,39.769296711311,1329.3],[-120.61863639392,39.769309954718,1329.3],[-120.61863295734,39.769330909476,1329.3],[-120.61862323433,39.769347338006,1329.3],[-120.61860881746,39.769358905032,1329.3],[-120.61859129928,39.769371058792,1329.3],[-120.61857151799,39.769384386018,1329.3],[-120.61855022795,39.769400898367,1329.1],[-120.61853648163,39.769427804276,1329.1],[-120.61856095679,39.76954607293,1329.0],[-120.61857319437,39.769580103457,1328.9],[-120.61862993985,39.769712202251,1328.7],[-120.61861443333,39.769747406244,1328.7],[-120.61858459376,39.769780850038,1328.5],[-120.61851393431,39.769846312702,1328.5],[-120.61846540309,39.769878918305,1328.4],[-120.61840848997,39.76990875788,1328.4],[-120.61828586273,39.769971454516,1328.3],[-120.61806273647,39.770016381517,1328.4],[-120.61798679642,39.770024847239,1328.4],[-120.61756133102,39.770059464499,1328.1],[-120.61741691083,39.770063823089,1328.1],[-120.61734180897,39.770063152537,1328.1],[-120.61727525666,39.77006717585,1328.2],[-120.61716293916,39.770112019032,1328.2],[-120.61712329276,39.770168261603,1328.1],[-120.61709781177,39.770239507779,1328.2],[-120.61706294306,39.770371355116,1327.9],[-120.61703762971,39.770428687334,1327.9],[-120.61700318009,39.77047923021,1327.8],[-120.61696470715,39.770529773086,1327.7],[-120.61692556366,39.770582159981,1327.7],[-120.61670193449,39.770851889625,1327.4],[-120.61662859283,39.770967224613,1327.3],[-120.6165487133,39.771286407486,1326.7],[-120.61654276215,39.771342566237,1326.7],[-120.6165223103,39.771393612027,1326.5],[-120.61649213545,39.771442227066,1326.5],[-120.6164373178,39.771483801305,1326.4],[-120.61636213213,39.771516909823,1326.2],[-120.61628233641,39.771542726085,1326.1],[-120.61620069668,39.7715639323,1326.0],[-120.61611696146,39.771585725248,1326.0],[-120.61568738893,39.771700389683,1326.2],[-120.61550742947,39.771756883711,1326.1],[-120.61522127129,39.771816311404,1325.9],[-120.61504315585,39.771863501519,1326.0],[-120.61467887834,39.77194740437,1325.8],[-120.61450160109,39.771995935589,1325.8],[-120.61380607076,39.77216382511,1325.5],[-120.61372141354,39.77218193002,1325.4],[-120.61356098391,39.77221746929,1325.3],[-120.61348177493,39.772242195904,1325.2],[-120.61340097338,39.772264743224,1325.2],[-120.61332017183,39.772286536172,1325.1],[-120.61324230395,39.772309837863,1325.1],[-120.61316921376,39.772335235029,1325.0],[-120.61295011081,39.772402038798,1325.1],[-120.61249790713,39.772562468424,1324.8],[-120.61228324659,39.772647293285,1324.6],[-120.61214284971,39.772706134245,1324.4],[-120.61207327992,39.772733459249,1324.4],[-120.61200588942,39.772759946063,1324.3],[-120.6119397562,39.772790791467,1324.3],[-120.61187437735,39.772825241089,1324.1],[-120.61174009927,39.772890117019,1323.7],[-120.61167128384,39.772919369861,1323.0],[-120.6116019655,39.77294283919,1321.7],[-120.61153868213,39.772964129224,1321.1],[-120.61147489585,39.772982317954,1321.1],[-120.61141404323,39.772999584675,1320.8],[-120.61136366799,39.77301735431,1320.8],[-120.61131848954,39.773033531383,1321.3],[-120.61127532274,39.773048618808,1321.3],[-120.6112284679,39.773070327938,1322.0],[-120.61118077487,39.773093964905,1322.8],[-120.61113802716,39.773119948804,1323.3],[-120.61100542545,39.773183148354,1324.0],[-120.61095412821,39.773214245215,1324.9],[-120.61092051677,39.773298986256,1324.9],[-120.61091749929,39.773348271847,1325.3],[-120.61095915735,39.773454302922,1325.6],[-120.61098732054,39.773499397561,1325.4],[-120.6110311579,39.77356955409,1325.7],[-120.61107717454,39.773624371737,1325.7],[-120.61111598276,39.773679776117,1325.4],[-120.61118421145,39.773793267086,1325.0],[-120.61121916398,39.773850766942,1325.3],[-120.61124774627,39.773903237656,1325.3],[-120.61126970686,39.773953696713,1324.7],[-120.61134422198,39.774259217083,1325.9],[-120.61139895581,39.774369522929,1325.3],[-120.61144765466,39.774470860139,1325.7],[-120.61148587614,39.774596756324,1325.8],[-120.61152786948,39.774712845683,1326.2],[-120.6115429569,39.774758191779,1326.2],[-120.61157790944,39.774886937812,1326.1],[-120.61158637516,39.774926751852,1326.1],[-120.61159458943,39.774974444881,1326.4],[-120.61161571182,39.775037141517,1326.8],[-120.61163465492,39.77507838048,1326.8],[-120.61166013591,39.775126827881,1326.0],[-120.61168880202,39.77517192252,1326.3],[-120.61170657165,39.77521433495,1326.3],[-120.61172853224,39.775259513408,1325.9],[-120.61180899851,39.775394964963,1326.2],[-120.61183766462,39.775448273867,1325.6],[-120.61187211424,39.77552245371,1325.9],[-120.61191285029,39.775644829497,1326.1],[-120.61192860827,39.775703921914,1325.5],[-120.61194176786,39.775741891935,1325.5],[-120.61196741648,39.775848761201,1325.7],[-120.61205064878,39.77602452971,1325.5],[-120.61209993437,39.776137601584,1325.1],[-120.61211921275,39.776189737022,1325.7],[-120.61213949695,39.776241788641,1326.5],[-120.61216095462,39.776291074231,1326.5],[-120.61217394657,39.776344383135,1327.6],[-120.61219582334,39.776396686211,1327.6],[-120.61221610755,39.776446558535,1328.8],[-120.61223496683,39.776498358697,1328.8],[-120.61224728823,39.776546135545,1330.2],[-120.61226095073,39.776594834402,1330.2],[-120.61227159575,39.776646886021,1330.9],[-120.61228190549,39.776698686182,1330.9],[-120.61229548417,39.776745038107,1331.5],[-120.61231258325,39.77679063566,1331.4],[-120.61233026907,39.776838831604,1331.4],[-120.61235658824,39.776880238205,1331.4],[-120.61237729155,39.77692918852,1331.7],[-120.61238994822,39.776967158541,1331.0],[-120.6124088075,39.777057850733,1331.3],[-120.61241048388,39.777116775513,1331.7],[-120.61241459101,39.777153739706,1332.0],[-120.61242314056,39.777200343087,1332.0],[-120.61242850497,39.777248036116,1332.5],[-120.61243613251,39.777302686125,1332.5],[-120.61246278696,39.777357419953,1333.1],[-120.61248558573,39.777415757999,1332.6],[-120.61251534149,39.777478035539,1333.3],[-120.61255624518,39.777541318908,1333.8],[-120.61261684634,39.777599489316,1333.4],[-120.61269119382,39.777660509571,1333.3],[-120.61276612803,39.777729492635,1333.1],[-120.61281901784,39.777771485969,1333.1],[-120.61286780052,39.777806354687,1332.3],[-120.61290442944,39.777839630842,1332.9],[-120.61294122599,39.777871314436,1332.9],[-120.61296964064,39.777905931696,1332.1],[-120.61298858374,39.777948344126,1333.0],[-120.61300107278,39.777990756556,1333.0],[-120.61302739196,39.778031576425,1334.3],[-120.61305790208,39.778074324131,1333.4],[-120.6130927708,39.778117407113,1335.3],[-120.61313250102,39.77815923281,1334.2],[-120.61317340471,39.778195442632,1334.2],[-120.61323735863,39.778232155368,1334.6],[-120.61329452321,39.778250679374,1334.6],[-120.61337515712,39.778271466494,1333.5],[-120.61345897615,39.778291415423,1332.5],[-120.61354547739,39.77830901742,1332.7],[-120.61364807189,39.778327709064,1331.7],[-120.61372015625,39.778340449557,1330.9],[-120.61383104883,39.778369702399,1330.3],[-120.61390598305,39.778391914442,1331.3],[-120.61399307102,39.778416221961,1330.9],[-120.61408041045,39.778443714604,1330.5],[-120.6143862661,39.778587883338,1331.1],[-120.6145126652,39.778699614108,1331.2],[-120.61457066797,39.778766669333,1330.9],[-120.61461551115,39.778826599941,1329.6],[-120.61465247534,39.778885943815,1330.5],[-120.61470000073,39.77894696407,1331.9],[-120.61476244591,39.779022568837,1330.6],[-120.61479119584,39.779070429504,1331.9],[-120.6148174312,39.779117871076,1330.7],[-120.61484634876,39.779174700379,1332.0],[-120.61498004012,39.779391875491,1333.2],[-120.61506595463,39.779495224357,1335.0],[-120.61517148279,39.779589604586,1334.6],[-120.61522814445,39.779627490789,1334.6],[-120.61527810059,39.779676273465,1334.9],[-120.61534029432,39.779841816053,1336.0],[-120.61536946334,39.77989923209,1336.4],[-120.61545638368,39.780003754422,1336.7],[-120.61554405838,39.780094949529,1337.0],[-120.61559284106,39.780137194321,1337.0],[-120.61561848968,39.780177008361,1337.3],[-120.61564262956,39.780213721097,1337.3],[-120.61566668563,39.780250350013,1338.2],[-120.61567858793,39.780294438824,1338.2],[-120.61566341668,39.780335091054,1339.2],[-120.61564480886,39.780368618667,1339.2],[-120.61564053409,39.780397284776,1339.2],[-120.61564824544,39.780420418829,1339.2],[-120.61568127014,39.78043936193,1340.0],[-120.61572996899,39.780459143221,1339.6],[-120.61578453518,39.780478756875,1339.6],[-120.61584555544,39.780500046909,1339.1],[-120.61591168866,39.780530473217,1339.4],[-120.61597312801,39.780560899526,1339.4],[-120.61602895148,39.780586464331,1338.9],[-120.6160823442,39.780612951145,1339.7],[-120.61613406055,39.78064538911,1339.3],[-120.61618468724,39.780679587275,1338.9],[-120.61623640358,39.780706996098,1339.5],[-120.61628904194,39.780742535368,1339.2],[-120.61634000391,39.780779415742,1339.2],[-120.61639004387,39.780819732696,1339.5],[-120.61642616987,39.780863570049,1339.5],[-120.61645810492,39.78095183149,1340.1],[-120.6164130941,39.780994663015,1340.6],[-120.61635199003,39.781031627208,1340.9],[-120.61623497866,39.781047552824,1341.3],[-120.61613867059,39.78105048649,1341.6],[-120.61597933061,39.781006649137,1342.5],[-120.61590841971,39.780968511477,1342.9],[-120.61584463343,39.780931212008,1342.4],[-120.61578143388,39.780892236158,1342.8],[-120.61571840197,39.780858037993,1342.7],[-120.61559644528,39.780799364671,1343.1],[-120.61552813277,39.780762987211,1342.9],[-120.61548345722,39.780743960291,1342.9],[-120.61543165706,39.780723424628,1343.3],[-120.61536787078,39.780690316111,1343.3],[-120.61532277614,39.780667601153,1343.2],[-120.61527231708,39.780642371625,1343.2],[-120.61522118747,39.780615717173,1343.7],[-120.61517089605,39.780587218702,1343.2],[-120.61511842534,39.780556038022,1343.7],[-120.61506469734,39.78053022176,1343.7],[-120.61501482502,39.780511362478,1343.4],[-120.61498180032,39.780505914241,1343.4],[-120.61497417279,39.780517145991,1343.4],[-120.61496537179,39.780535921454,1344.6],[-120.61495615169,39.780559977517,1344.6],[-120.6149508711,39.780584452674,1344.6],[-120.61495061964,39.780602892861,1344.6],[-120.61494324356,39.780608592555,1344.6],[-120.61494014226,39.780608257279,1344.6],[-120.61493226327,39.780606077984,1344.6],[-120.61492916197,39.780604150146,1344.6],[-120.61492966488,39.78060817346,1344.6],[-120.6149248872,39.780617309734,1345.3],[-120.61491625383,39.780623177066,1345.3],[-120.61491164379,39.7806237638,1345.3],[-120.61491281725,39.780632900074,1345.3],[-120.61490979977,39.780632061884,1345.3],[-120.61488574371,39.78063323535,1345.3],[-120.61486520804,39.780642287806,1345.3],[-120.61484676786,39.780658632517,1345.8],[-120.61481005512,39.780659889802,1345.8],[-120.61479027383,39.78065921925,1345.8],[-120.61476353556,39.780657626688,1346.5],[-120.61472070403,39.780656788498,1346.5],[-120.6146232225,39.780662152916,1347.7],[-120.61460888945,39.78067564778,1347.7],[-120.61459992081,39.780700290576,1348.2],[-120.61459355056,39.780735746026,1348.2],[-120.61452498659,39.78086348623,1350.2],[-120.61440009624,39.781009163707,1352.3],[-120.61436723918,39.781045541167,1352.3],[-120.61433144845,39.78108770214,1351.5],[-120.61427202076,39.781155847013,1351.0],[-120.61424327083,39.781185016036,1351.0],[-120.61420831829,39.781214017421,1351.2],[-120.61415031552,39.781245784834,1350.8],[-120.61410019174,39.781249472871,1351.2],[-120.61404705048,39.781256094575,1351.2],[-120.61399457976,39.781232960522,1351.8],[-120.6139480602,39.781195493415,1351.8],[-120.61388536356,39.781172527,1352.5],[-120.61381671578,39.781144531444,1353.8],[-120.61375904828,39.781115110964,1353.8],[-120.6136882212,39.781081248075,1353.7],[-120.61360800639,39.781045960262,1354.2],[-120.6135323178,39.781013773754,1354.0],[-120.61345210299,39.780976977199,1353.8],[-120.61338772997,39.780938085169,1354.2],[-120.61331899837,39.780904306099,1354.0],[-120.61324255541,39.780870610848,1353.8],[-120.61316041276,39.780829120427,1353.9],[-120.61308807693,39.78079341352,1353.7],[-120.61301808804,39.780757622793,1354.1],[-120.61295019463,39.780721329153,1353.9],[-120.6128866598,39.780687298626,1353.7],[-120.61281801201,39.780655447394,1353.9],[-120.61276394874,39.780630385503,1353.9],[-120.61268918216,39.78059258312,1354.1],[-120.61263168231,39.780557462946,1353.9],[-120.61258792877,39.780529551208,1353.9],[-120.6125250645,39.780486719683,1354.2],[-120.61247921549,39.780454281718,1354.2],[-120.61244652607,39.780429890379,1354.2],[-120.6124281697,39.780417820439,1354.2],[-120.61240830459,39.78041253984,1354.7],[-120.61239154078,39.780409522355,1354.7],[-120.61238776892,39.780406001955,1354.7],[-120.61240872368,39.780410276726,1354.7],[-120.61240905896,39.780412288383,1354.7],[-120.61239430681,39.780417904258,1354.2],[-120.61237787828,39.780420083553,1354.2],[-120.6123480387,39.780417233706,1355.1],[-120.61231819913,39.780417233706,1355.1],[-120.61226950027,39.780421424657,1355.1],[-120.61221082695,39.78043936193,1357.2],[-120.61215081252,39.780465262011,1358.4],[-120.61210923828,39.780494598672,1358.4],[-120.61208694242,39.780545141548,1358.1],[-120.61208476312,39.780601132661,1359.0],[-120.61209708452,39.780691657215,1361.8],[-120.61214335263,39.780719652772,1361.8],[-120.61220085248,39.780740942806,1361.2],[-120.61235491186,39.780784361064,1362.5],[-120.61246991158,39.780822163448,1361.4],[-120.61250871979,39.780834568664,1361.4],[-120.61253646389,39.780861893669,1361.4],[-120.61257074587,39.780896175653,1363.9],[-120.61259480193,39.780929954723,1363.9],[-120.61261232011,39.780940096825,1363.9],[-120.61262665316,39.780977480114,1366.5],[-120.61263377778,39.781009079888,1366.5],[-120.61264215969,39.781041936949,1366.2],[-120.61265548691,39.781076554209,1367.4],[-120.6126717478,39.78111284785,1367.4],[-120.61268633232,39.781139167026,1367.4],[-120.61268155463,39.781185938045,1368.1],[-120.61264861375,39.781211670488,1368.1],[-120.61260863207,39.781224578619,1368.4],[-120.61257585883,39.781242180616,1369.0],[-120.61252866872,39.781249137595,1369.3],[-120.6124906987,39.781253663823,1369.3],[-120.61246236786,39.781244611368,1369.3],[-120.61242833734,39.781242432073,1369.6],[-120.61238952912,39.781270092353,1369.6],[-120.61237066984,39.781303117052,1369.6],[-120.61233026907,39.781334968284,1370.5],[-120.61226648279,39.781369334087,1370.5],[-120.61219423078,39.781371429563,1370.8],[-120.61214176007,39.781372183934,1370.8],[-120.61209096573,39.781363215297,1370.8],[-120.61207763851,39.781361455098,1370.8],[-120.61205467209,39.781363550574,1370.3],[-120.61201368459,39.78136732243,1370.3],[-120.61195400544,39.781384337693,1370.2],[-120.61191796325,39.781403113157,1370.2],[-120.61188619584,39.781421218067,1370.2],[-120.61186976731,39.781446615234,1371.7],[-120.61186289415,39.781469246373,1371.7],[-120.61187454499,39.781508138403,1371.7],[-120.61187705956,39.781545102596,1373.8],[-120.61188175343,39.781572427601,1373.8],[-120.61186037958,39.78160360828,1373.8],[-120.61183347367,39.781636381522,1375.4],[-120.6118164584,39.781662449241,1375.4],[-120.61182123609,39.781694887206,1375.4],[-120.61182484031,39.781710309908,1376.8],[-120.61183590442,39.781733946875,1376.8],[-120.61185535043,39.781749285758,1376.8],[-120.61186457053,39.78176118806,1376.8],[-120.6118794065,39.781768061221,1376.8],[-120.61189021915,39.781778370962,1376.8],[-120.61190983281,39.781809886917,1377.8],[-120.6119256746,39.781843582168,1377.0],[-120.61193942092,39.781871829182,1377.0],[-120.6119432766,39.781909128651,1377.7],[-120.61192114837,39.781936872751,1377.7],[-120.61190832406,39.781963275746,1378.7],[-120.61187580228,39.781978530809,1379.3],[-120.61182718724,39.781998144463,1379.3],[-120.61177069321,39.782026223838,1380.0],[-120.61170179397,39.782043658197,1380.7],[-120.61163230799,39.78204684332,1380.5],[-120.61158671044,39.782035863027,1380.5],[-120.61154278927,39.782016836107,1379.5],[-120.61149735935,39.781998731196,1379.5],[-120.61147497967,39.781997222453,1379.5],[-120.61145905405,39.781995043159,1378.5],[-120.61145444401,39.781993031502,1378.5],[-120.61144581065,39.781966125593,1378.5],[-120.61144287698,39.781962772831,1378.5],[-120.61144245788,39.781958498061,1378.5],[-120.61144002713,39.78195078671,1377.9],[-120.61143022031,39.781944248825,1377.9],[-120.61142669991,39.781941482797,1377.9],[-120.61143700965,39.781944165006,1377.9]]}}
