{"type":"Feature","properties":{"name":"Mt Elwell","sourceLabel":"Trailforks ride log","sourceUrl":"https://www.trailforks.com/ridelog/view/118174069/","retrievedAt":"2026-09-28","gpxSha256":"d0a878478c4ca538bdbef44a94ed9884220aad9c50f94f23c5659fc779dfe30f","dataUsePolicy":"https://www.trailforks.com/about/data/","licenseNote":"Downloaded through the source page export. No agreement checkbox was presented for this ride-log or route-plan export. Trailforks attribution retained; commercial permission has not been established.","elevationSource":"Original GPX recording"},"geometry":{"type":"LineString","coordinates":[[-120.617551,39.748465,1462.9],[-120.618283,39.748695,1485.9],[-120.618289,39.74868,1485.9],[-120.618281,39.74865,1485.9],[-120.618312,39.748646,1485.9],[-120.618288,39.74861,1485.9],[-120.618317,39.748568,1486.3],[-120.618312,39.748531,1486.3],[-120.618345,39.748494,1488.8],[-120.618374,39.748452,1488.8],[-120.618406,39.748418,1488.8],[-120.618426,39.748392,1489.4],[-120.618445,39.748374,1491.2],[-120.61846,39.748362,1491.2],[-120.618469,39.748347,1491.2],[-120.618516,39.748334,1492.9],[-120.618549,39.748322,1492.9],[-120.618582,39.74831,1494.1],[-120.618681,39.748275,1496.6],[-120.618919,39.748211,1501.5],[-120.619004,39.748216,1501.2],[-120.619142,39.748203,1502.5],[-120.619256,39.748233,1501.9],[-120.6193,39.748242,1502.3],[-120.619348,39.748253,1502.3],[-120.619365,39.748252,1502.7],[-120.619382,39.748251,1502.7],[-120.619398,39.74825,1502.7],[-120.619499,39.748243,1503.0],[-120.620345,39.74829,1505.4],[-120.620354,39.748281,1505.4],[-120.620364,39.748272,1505.4],[-120.620373,39.748262,1505.1],[-120.620382,39.748253,1505.1],[-120.620392,39.748244,1505.1],[-120.620401,39.748235,1505.1],[-120.620435,39.748194,1505.7],[-120.62047,39.748158,1505.6],[-120.620485,39.748128,1505.6],[-120.620514,39.748103,1506.1],[-120.620547,39.748076,1506.1],[-120.620579,39.748048,1506.0],[-120.620561,39.748043,1506.0],[-120.620562,39.74803,1506.0],[-120.620553,39.748001,1506.7],[-120.62055,39.747978,1506.7],[-120.620562,39.74795,1506.7],[-120.620575,39.747927,1507.3],[-120.620601,39.747897,1507.3],[-120.620623,39.747874,1507.3],[-120.620641,39.747845,1507.3],[-120.620662,39.747814,1508.0],[-120.620707,39.747785,1508.0],[-120.620752,39.747756,1507.8],[-120.620826,39.74772,1508.6],[-120.620865,39.747686,1508.6],[-120.620903,39.747652,1508.6],[-120.620951,39.747637,1509.6],[-120.620983,39.747608,1509.6],[-120.621015,39.747578,1509.6],[-120.621045,39.747562,1510.3],[-120.621024,39.747549,1510.3],[-120.62102,39.747535,1510.3],[-120.621014,39.747522,1510.3],[-120.620999,39.747511,1510.3],[-120.620992,39.747501,1510.3],[-120.621017,39.747495,1510.3],[-120.621036,39.747493,1510.3],[-120.621068,39.747488,1510.3],[-120.621093,39.747489,1510.3],[-120.621153,39.747488,1510.3],[-120.621216,39.74748,1510.4],[-120.621278,39.747463,1511.0],[-120.621332,39.747439,1511.1],[-120.621365,39.747418,1511.1],[-120.621398,39.747397,1511.1],[-120.621442,39.747371,1511.7],[-120.621508,39.747342,1511.9],[-120.621532,39.747327,1511.9],[-120.621548,39.747308,1511.9],[-120.621586,39.747283,1512.4],[-120.621628,39.747271,1512.7],[-120.621654,39.747263,1512.7],[-120.62167,39.747249,1512.7],[-120.621685,39.747235,1513.3],[-120.62172,39.747217,1513.3],[-120.621731,39.747207,1513.3],[-120.621755,39.747191,1513.7],[-120.621757,39.74718,1513.7],[-120.621759,39.747166,1513.7],[-120.621756,39.74716,1513.7],[-120.621767,39.747153,1513.7],[-120.621779,39.747147,1514.3],[-120.621804,39.747117,1514.3],[-120.62184,39.747091,1514.7],[-120.621853,39.747069,1514.7],[-120.621866,39.747046,1514.7],[-120.621924,39.747015,1515.2],[-120.621963,39.747007,1515.6],[-120.621988,39.747001,1516.0],[-120.621994,39.746983,1516.0],[-120.622016,39.746954,1516.0],[-120.622044,39.746926,1516.4],[-120.622063,39.746893,1516.9],[-120.622081,39.74686,1516.9],[-120.62212,39.74682,1517.3],[-120.622148,39.746773,1517.7],[-120.62221,39.746721,1518.4],[-120.622284,39.746679,1519.1],[-120.622298,39.746647,1519.1],[-120.622325,39.746615,1519.6],[-120.622375,39.746571,1520.4],[-120.622429,39.746518,1521.9],[-120.622483,39.746461,1521.9],[-120.622551,39.746398,1523.5],[-120.622611,39.746342,1524.2],[-120.622664,39.746299,1525.3],[-120.622719,39.74626,1526.8],[-120.622713,39.746226,1526.8],[-120.622707,39.746192,1525.5],[-120.622684,39.746185,1525.5],[-120.622659,39.746173,1525.5],[-120.622652,39.746154,1525.6],[-120.622661,39.746135,1525.6],[-120.622685,39.746109,1525.6],[-120.622682,39.746075,1525.6],[-120.622679,39.746041,1525.6],[-120.622698,39.746005,1525.6],[-120.622717,39.745969,1527.5],[-120.622781,39.745932,1527.5],[-120.622816,39.745893,1529.6],[-120.622827,39.745885,1529.6],[-120.622839,39.745876,1529.6],[-120.62285,39.745868,1529.6],[-120.622862,39.745859,1529.6],[-120.622873,39.745851,1529.6],[-120.623101,39.745681,1537.1],[-120.623475,39.745366,1541.2],[-120.623209,39.745367,1537.3],[-120.623228,39.745286,1536.5],[-120.623259,39.745224,1535.7],[-120.62328,39.745207,1535.7],[-120.6233,39.745189,1537.0],[-120.623329,39.745159,1536.3],[-120.623382,39.745145,1536.3],[-120.623436,39.745131,1537.5],[-120.623491,39.745114,1538.9],[-120.623556,39.745095,1538.9],[-120.623626,39.745072,1539.4],[-120.623661,39.74506,1539.4],[-120.62367,39.745065,1539.4],[-120.623678,39.745071,1540.9],[-120.623687,39.745076,1540.9],[-120.623695,39.745082,1541.7],[-120.623704,39.745087,1541.7],[-120.623712,39.745092,1541.7],[-120.623721,39.745098,1541.7],[-120.623729,39.745103,1541.7],[-120.623738,39.745108,1541.7],[-120.623746,39.745114,1541.7],[-120.623755,39.745119,1543.2],[-120.623763,39.745125,1543.2],[-120.623772,39.74513,1543.9],[-120.623756,39.745152,1543.9],[-120.623719,39.745168,1542.5],[-120.623702,39.745172,1542.5],[-120.623677,39.745181,1542.5],[-120.623682,39.745172,1542.5],[-120.623705,39.745153,1542.5],[-120.623726,39.745138,1542.5],[-120.623752,39.745121,1543.2],[-120.623785,39.745107,1543.2],[-120.623808,39.745099,1543.2],[-120.623826,39.745085,1543.2],[-120.623862,39.745073,1544.7],[-120.6239,39.745061,1544.7],[-120.623912,39.745057,1544.7],[-120.623928,39.745041,1546.1],[-120.623958,39.745018,1545.6],[-120.62398,39.745003,1545.6],[-120.623995,39.744992,1545.6],[-120.624007,39.744982,1545.6],[-120.624019,39.744972,1545.6],[-120.624007,39.744965,1545.6],[-120.624015,39.744956,1545.6],[-120.623985,39.744946,1545.6],[-120.623939,39.744949,1545.6],[-120.623935,39.744949,1545.6],[-120.623932,39.744948,1545.6],[-120.623928,39.744948,1545.6],[-120.623925,39.744947,1545.6],[-120.623921,39.744947,1545.6],[-120.623917,39.744946,1545.6],[-120.623914,39.744946,1545.6],[-120.62391,39.744945,1545.6],[-120.623907,39.744945,1545.6],[-120.623903,39.744945,1545.6],[-120.623899,39.744944,1545.6],[-120.623896,39.744944,1545.6],[-120.623892,39.744943,1545.6],[-120.623889,39.744943,1545.6],[-120.623885,39.744942,1545.6],[-120.623723,39.744922,1541.7],[-120.623691,39.744999,1540.9],[-120.623687,39.745008,1540.9],[-120.623659,39.745052,1541.7],[-120.623626,39.745081,1541.7],[-120.623657,39.745065,1541.7],[-120.623733,39.74501,1542.4],[-120.623772,39.744956,1542.4],[-120.623946,39.744886,1544.9],[-120.623961,39.744873,1544.9],[-120.623996,39.744842,1546.3],[-120.624028,39.744809,1545.7],[-120.62405,39.744768,1545.7],[-120.624074,39.744731,1546.5],[-120.624107,39.744703,1546.5],[-120.624145,39.744688,1546.5],[-120.624181,39.744669,1547.5],[-120.624223,39.744646,1547.1],[-120.624266,39.744626,1548.1],[-120.62429,39.744613,1548.1],[-120.624304,39.7446,1548.1],[-120.624295,39.744584,1548.1],[-120.624311,39.744569,1548.1],[-120.624323,39.744548,1547.9],[-120.624338,39.744529,1547.9],[-120.624344,39.744515,1547.9],[-120.624359,39.744507,1548.8],[-120.62437,39.744501,1548.8],[-120.624398,39.744479,1548.8],[-120.624461,39.74444,1549.1],[-120.624513,39.744401,1549.1],[-120.624546,39.744368,1549.4],[-120.624583,39.744327,1549.4],[-120.624603,39.744305,1549.4],[-120.624608,39.744289,1548.9],[-120.624632,39.744265,1549.8],[-120.624677,39.744238,1549.8],[-120.624729,39.744203,1551.2],[-120.624757,39.744159,1550.4],[-120.624772,39.74413,1550.4],[-120.624806,39.74409,1550.4],[-120.624852,39.744049,1552.3],[-120.624894,39.744013,1553.2],[-120.624944,39.743982,1555.6],[-120.624966,39.74396,1555.6],[-120.624973,39.743935,1555.6],[-120.624994,39.743902,1556.0],[-120.625026,39.743873,1558.0],[-120.625036,39.743848,1558.0],[-120.625045,39.743825,1557.9],[-120.625072,39.743795,1557.9],[-120.625094,39.743764,1557.9],[-120.625115,39.743734,1559.2],[-120.625153,39.743696,1559.2],[-120.625199,39.743657,1560.9],[-120.625233,39.743626,1560.5],[-120.625267,39.743602,1560.5],[-120.625311,39.743577,1562.1],[-120.62533,39.743545,1561.8],[-120.625335,39.743519,1561.8],[-120.625355,39.743486,1561.8],[-120.625375,39.743457,1561.9],[-120.625374,39.743433,1561.9],[-120.625381,39.743411,1563.8],[-120.625399,39.743391,1563.8],[-120.625421,39.74337,1563.8],[-120.625474,39.743345,1566.0],[-120.625526,39.74332,1566.0],[-120.625568,39.743288,1568.4],[-120.625595,39.743255,1568.2],[-120.625625,39.743221,1568.2],[-120.625636,39.743193,1568.2],[-120.625653,39.743167,1570.7],[-120.625657,39.743135,1570.7],[-120.625659,39.743101,1570.7],[-120.625666,39.743065,1570.8],[-120.625675,39.743034,1570.8],[-120.625698,39.743004,1570.8],[-120.625694,39.742984,1570.9],[-120.625702,39.742955,1570.9],[-120.625694,39.742935,1570.9],[-120.625685,39.742915,1570.9],[-120.625677,39.742896,1571.0],[-120.625652,39.742836,1571.0],[-120.625648,39.742801,1571.2],[-120.625666,39.742765,1571.2],[-120.625703,39.742727,1571.2],[-120.625724,39.742709,1571.4],[-120.625756,39.742695,1573.7],[-120.625766,39.742674,1573.7],[-120.625775,39.742653,1573.7],[-120.625868,39.742531,1575.9],[-120.62605,39.74234,1578.1],[-120.626121,39.742282,1580.0],[-120.626184,39.742248,1578.7],[-120.626219,39.742222,1581.0],[-120.62626,39.742197,1581.0],[-120.626262,39.742187,1581.0],[-120.626255,39.742177,1581.0],[-120.626244,39.742169,1579.3],[-120.626256,39.742159,1579.3],[-120.626274,39.742146,1579.3],[-120.62629,39.742132,1579.3],[-120.626303,39.742116,1582.2],[-120.626312,39.742096,1582.2],[-120.62633,39.742068,1580.4],[-120.626348,39.742037,1580.4],[-120.62635,39.742011,1580.4],[-120.626351,39.741985,1578.0],[-120.626349,39.741958,1578.0],[-120.626362,39.741922,1578.0],[-120.626359,39.741887,1575.6],[-120.62635,39.741877,1575.6],[-120.626341,39.741866,1575.6],[-120.626333,39.741856,1575.6],[-120.626324,39.741845,1575.6],[-120.626254,39.741762,1570.8],[-120.625915,39.741931,1567.0],[-120.625875,39.741974,1567.0],[-120.625835,39.742018,1566.3],[-120.625754,39.742104,1571.3],[-120.625709,39.742118,1568.0],[-120.625687,39.742119,1568.0],[-120.625664,39.74212,1568.0],[-120.625642,39.742121,1564.9],[-120.62562,39.742123,1564.9],[-120.625598,39.742124,1564.9],[-120.625575,39.742125,1564.9],[-120.625553,39.742126,1564.9],[-120.625611,39.742043,1565.3],[-120.625528,39.741976,1569.0],[-120.625432,39.741912,1573.5],[-120.625315,39.741862,1575.1],[-120.625195,39.741816,1578.3],[-120.625113,39.741773,1579.5],[-120.625092,39.741729,1579.5],[-120.625078,39.741678,1582.9],[-120.625059,39.741631,1585.4],[-120.625041,39.741583,1585.4],[-120.625045,39.741535,1587.2],[-120.625063,39.741495,1587.2],[-120.625088,39.741457,1588.5],[-120.625106,39.741427,1588.5],[-120.625122,39.741396,1588.5],[-120.625114,39.741355,1589.7],[-120.625106,39.741308,1589.7],[-120.625107,39.741261,1590.7],[-120.625095,39.741214,1590.7],[-120.625079,39.741175,1591.3],[-120.625071,39.741141,1591.3],[-120.625048,39.741115,1591.3],[-120.625051,39.741081,1592.3],[-120.625055,39.741048,1592.3],[-120.625023,39.741021,1592.3],[-120.624966,39.740991,1592.7],[-120.624946,39.740958,1592.7],[-120.624955,39.740926,1592.7],[-120.624975,39.740896,1593.2],[-120.624997,39.74086,1593.2],[-120.624983,39.74083,1593.2],[-120.624994,39.740794,1593.5],[-120.624996,39.74076,1593.5],[-120.624986,39.740732,1593.5],[-120.624985,39.74071,1593.8],[-120.624986,39.740689,1593.8],[-120.624993,39.740667,1593.8],[-120.625005,39.740646,1594.6],[-120.625003,39.740641,1594.6],[-120.625021,39.740637,1594.6],[-120.625044,39.740631,1594.6],[-120.625071,39.740623,1594.7],[-120.625104,39.740614,1595.6],[-120.625123,39.740603,1595.6],[-120.625158,39.740597,1595.6],[-120.625185,39.740604,1596.4],[-120.625218,39.740614,1596.4],[-120.625265,39.740623,1596.4],[-120.625315,39.740635,1596.2],[-120.625377,39.74065,1596.5],[-120.625429,39.740665,1596.5],[-120.62548,39.740679,1596.7],[-120.625645,39.740731,1597.6],[-120.625975,39.740792,1596.0],[-120.626215,39.740844,1593.8],[-120.626519,39.740909,1590.8],[-120.626562,39.740918,1590.8],[-120.626606,39.740911,1589.4],[-120.626645,39.740905,1589.4],[-120.626687,39.740908,1588.8],[-120.62671,39.740904,1588.8],[-120.626721,39.740898,1588.8],[-120.626738,39.740881,1588.8],[-120.626755,39.740852,1588.8],[-120.626738,39.740842,1595.7],[-120.626752,39.74083,1595.7],[-120.626752,39.740824,1595.7],[-120.62674,39.74082,1595.7],[-120.626722,39.740819,1595.7],[-120.626715,39.740814,1595.7],[-120.626723,39.740806,1595.7],[-120.626741,39.740791,1595.7],[-120.626777,39.740768,1594.9],[-120.6268,39.740734,1600.6],[-120.626887,39.740706,1599.6],[-120.626988,39.740675,1598.7],[-120.627047,39.740653,1598.8],[-120.627098,39.740629,1602.6],[-120.627141,39.740606,1602.2],[-120.62717,39.740588,1602.2],[-120.6272,39.740569,1602.2],[-120.627229,39.740551,1607.3],[-120.627543,39.740416,1609.8],[-120.627921,39.740363,1613.7],[-120.627996,39.740362,1614.7],[-120.628061,39.740365,1614.7],[-120.628126,39.740369,1616.1],[-120.628178,39.740373,1617.9],[-120.628227,39.740382,1617.9],[-120.628289,39.740396,1619.3],[-120.628371,39.740411,1620.8],[-120.628439,39.740399,1620.8],[-120.628507,39.740388,1622.3],[-120.628642,39.740364,1625.0],[-120.62885,39.740268,1628.3],[-120.628872,39.740256,1628.3],[-120.628983,39.740194,1630.1],[-120.629269,39.740068,1636.5],[-120.629484,39.739974,1637.3],[-120.62951,39.739934,1637.3],[-120.629537,39.739895,1637.7],[-120.629563,39.739855,1637.7],[-120.629589,39.739815,1637.0],[-120.629587,39.739781,1637.0],[-120.629629,39.739748,1636.9],[-120.629706,39.739717,1635.7],[-120.629721,39.739688,1635.6],[-120.629698,39.73967,1635.7],[-120.629716,39.739648,1635.6],[-120.629734,39.739626,1635.6],[-120.629797,39.739463,1633.8],[-120.62982,39.73942,1633.1],[-120.629858,39.739389,1633.1],[-120.629896,39.739357,1633.8],[-120.629933,39.739326,1635.0],[-120.629971,39.739294,1635.0],[-120.629995,39.739249,1635.0],[-120.630039,39.739194,1636.0],[-120.630051,39.739142,1636.9],[-120.630082,39.73909,1637.0],[-120.630104,39.73904,1637.8],[-120.630123,39.738996,1637.8],[-120.630154,39.738948,1639.0],[-120.630151,39.738902,1639.0],[-120.630139,39.738873,1639.9],[-120.630108,39.738864,1639.9],[-120.630103,39.738838,1639.9],[-120.630097,39.738812,1639.9],[-120.630127,39.738766,1640.9],[-120.630214,39.73875,1641.1],[-120.630276,39.738741,1641.4],[-120.630322,39.738735,1641.4],[-120.630367,39.738729,1641.6],[-120.63055,39.738704,1643.4],[-120.630745,39.738689,1644.3],[-120.630746,39.738724,1644.3],[-120.630784,39.738761,1643.6],[-120.630843,39.738807,1644.3],[-120.630902,39.738828,1644.6],[-120.630961,39.73885,1644.6],[-120.63108,39.738892,1645.0],[-120.631174,39.73889,1645.2],[-120.631217,39.738881,1645.6],[-120.631236,39.738871,1645.6],[-120.631242,39.738865,1645.6],[-120.631194,39.738857,1645.6],[-120.631189,39.738844,1645.6],[-120.631186,39.738825,1645.6],[-120.631212,39.738796,1645.9],[-120.63121,39.738778,1645.9],[-120.631192,39.738763,1645.9],[-120.631168,39.738754,1645.9],[-120.631167,39.738745,1645.9],[-120.631172,39.738735,1646.3],[-120.631194,39.738717,1646.3],[-120.631226,39.738689,1646.3],[-120.631243,39.738663,1646.3],[-120.631222,39.738606,1647.1],[-120.63121,39.738589,1647.1],[-120.631228,39.738569,1647.1],[-120.63124,39.738553,1648.1],[-120.631271,39.738536,1648.4],[-120.631302,39.738513,1648.4],[-120.63134,39.738487,1648.9],[-120.631397,39.738454,1650.7],[-120.631453,39.73842,1651.5],[-120.631501,39.73839,1651.5],[-120.631553,39.738365,1654.2],[-120.63162,39.738339,1655.2],[-120.631658,39.738319,1655.2],[-120.631673,39.738296,1656.6],[-120.631692,39.738266,1657.6],[-120.631724,39.738228,1657.6],[-120.631753,39.738196,1659.0],[-120.631795,39.738172,1660.0],[-120.631806,39.738153,1660.0],[-120.631832,39.738133,1660.0],[-120.63183,39.738128,1660.0],[-120.631828,39.73813,1660.0],[-120.631827,39.738138,1660.0],[-120.631827,39.73815,1660.0],[-120.631822,39.738169,1660.0],[-120.63182,39.738189,1660.0],[-120.631847,39.738194,1658.6],[-120.631873,39.738198,1659.7],[-120.6319,39.738203,1659.7],[-120.631926,39.738207,1659.7],[-120.63197,39.738211,1661.1],[-120.632016,39.738219,1661.1],[-120.632056,39.738225,1662.9],[-120.632095,39.73823,1662.9],[-120.632186,39.738222,1665.3],[-120.63226,39.738212,1667.7],[-120.63232,39.738207,1667.7],[-120.632381,39.738207,1669.8],[-120.632436,39.738209,1672.0],[-120.63249,39.73821,1672.0],[-120.6326,39.738188,1674.9],[-120.632797,39.73815,1684.6],[-120.632915,39.738127,1687.4],[-120.633033,39.738104,1690.7],[-120.63319,39.738073,1697.8],[-120.633348,39.738042,1699.9],[-120.633544,39.738004,1700.7],[-120.633623,39.737988,1702.4],[-120.63378,39.737958,1701.4],[-120.633977,39.737919,1694.1],[-120.634213,39.737873,1690.1],[-120.634331,39.73785,1684.8],[-120.634528,39.737811,1679.9],[-120.634685,39.737781,1678.5],[-120.634882,39.737742,1674.6],[-120.635039,39.737711,1673.4],[-120.635197,39.73768,1667.9],[-120.635315,39.737657,1665.1],[-120.635433,39.737634,1660.5],[-120.635629,39.737596,1659.9],[-120.635826,39.737557,1657.7],[-120.635944,39.737534,1657.0],[-120.636062,39.737511,1657.7],[-120.636259,39.737473,1658.8],[-120.636298,39.737465,1658.8],[-120.636218,39.737312,1659.5],[-120.636175,39.737286,1659.5],[-120.63619,39.737252,1662.2],[-120.636198,39.737223,1662.2],[-120.636251,39.737159,1661.3],[-120.63636,39.737074,1662.5],[-120.636413,39.737036,1664.1],[-120.636456,39.736998,1664.3],[-120.636428,39.736963,1666.0],[-120.636218,39.736927,1669.5],[-120.636147,39.736908,1671.6],[-120.636112,39.736817,1673.4],[-120.636085,39.73674,1675.2],[-120.63608,39.736706,1675.2],[-120.636058,39.736676,1677.0],[-120.636024,39.736647,1679.2],[-120.635993,39.736614,1679.2],[-120.635984,39.736605,1679.2],[-120.635974,39.736596,1680.6],[-120.635965,39.736587,1680.6],[-120.635955,39.736578,1682.7],[-120.63588,39.736506,1683.9],[-120.635762,39.736406,1690.4],[-120.635768,39.736393,1687.7],[-120.635734,39.736364,1690.4],[-120.635699,39.736333,1690.4],[-120.635685,39.736291,1692.6],[-120.635694,39.736247,1692.6],[-120.63575,39.736201,1692.1],[-120.635808,39.736166,1692.1],[-120.635817,39.736141,1692.1],[-120.6358,39.736116,1694.0],[-120.635784,39.736089,1694.0],[-120.635775,39.736057,1694.0],[-120.635755,39.73602,1695.5],[-120.635752,39.73599,1695.5],[-120.635749,39.73596,1695.5],[-120.635737,39.735929,1697.8],[-120.635717,39.735904,1697.8],[-120.635718,39.735872,1697.8],[-120.635717,39.73584,1698.4],[-120.635693,39.735812,1698.4],[-120.63567,39.735783,1698.4],[-120.635632,39.735756,1700.1],[-120.635593,39.735721,1700.1],[-120.635568,39.735683,1701.0],[-120.635576,39.735643,1701.0],[-120.635578,39.735597,1702.2],[-120.635557,39.735554,1702.2],[-120.635554,39.735513,1702.2],[-120.635581,39.735463,1703.5],[-120.635602,39.73542,1703.5],[-120.635608,39.735384,1704.9],[-120.635627,39.735349,1704.9],[-120.635655,39.73532,1705.1],[-120.635707,39.735284,1705.1],[-120.635726,39.735256,1704.0],[-120.635726,39.735224,1705.6],[-120.635719,39.735191,1706.8],[-120.635728,39.735156,1705.6],[-120.635726,39.735121,1707.1],[-120.635743,39.735084,1707.1],[-120.63574,39.735048,1708.8],[-120.635741,39.735017,1708.8],[-120.635768,39.734991,1708.8],[-120.63579,39.734969,1708.8],[-120.635816,39.734944,1709.0],[-120.635817,39.734918,1709.0],[-120.63582,39.734894,1709.0],[-120.635811,39.73487,1711.4],[-120.635816,39.734845,1711.4],[-120.635836,39.734814,1711.4],[-120.635867,39.734782,1714.3],[-120.635879,39.734754,1714.3],[-120.635889,39.734727,1714.3],[-120.635889,39.7347,1714.3],[-120.635866,39.734675,1717.5],[-120.635887,39.734647,1717.5],[-120.635896,39.734617,1717.5],[-120.635909,39.734587,1718.6],[-120.635917,39.73456,1718.6],[-120.635926,39.734529,1718.6],[-120.635932,39.734498,1721.7],[-120.635914,39.734463,1721.7],[-120.63591,39.734423,1724.3],[-120.635901,39.734385,1724.3],[-120.635891,39.734347,1726.0],[-120.635875,39.734312,1728.4],[-120.635879,39.734275,1728.4],[-120.635875,39.734246,1728.4],[-120.635854,39.734228,1730.6],[-120.635826,39.73421,1730.6],[-120.63579,39.734197,1732.2],[-120.635764,39.734187,1732.2],[-120.635721,39.734186,1732.2],[-120.635688,39.734179,1733.4],[-120.635642,39.734171,1733.4],[-120.635593,39.734161,1734.4],[-120.635549,39.734143,1736.0],[-120.635518,39.734123,1736.5],[-120.635494,39.734099,1736.5],[-120.635474,39.734072,1736.5],[-120.635471,39.734041,1738.5],[-120.635463,39.734007,1738.5],[-120.635467,39.733976,1738.5],[-120.635471,39.733944,1740.7],[-120.635469,39.733915,1740.7],[-120.635474,39.733883,1740.7],[-120.6355,39.733853,1742.5],[-120.635525,39.733828,1742.3],[-120.635546,39.733804,1742.3],[-120.635583,39.733773,1744.5],[-120.635619,39.733745,1744.4],[-120.635652,39.733717,1744.4],[-120.635693,39.733694,1744.4],[-120.635726,39.733674,1746.0],[-120.635762,39.733653,1746.0],[-120.635802,39.733632,1745.2],[-120.635848,39.733613,1745.2],[-120.635885,39.733597,1744.0],[-120.635903,39.733579,1746.3],[-120.635911,39.733557,1746.3],[-120.635928,39.733536,1746.3],[-120.63595,39.733517,1746.3],[-120.635977,39.733499,1747.5],[-120.636014,39.733483,1747.5],[-120.636068,39.733471,1746.4],[-120.636106,39.733453,1746.4],[-120.636129,39.73343,1746.4],[-120.63616,39.733408,1747.8],[-120.636198,39.733388,1747.8],[-120.63626,39.733375,1746.5],[-120.636328,39.733363,1746.5],[-120.636387,39.733353,1744.9],[-120.63643,39.733336,1743.4],[-120.636458,39.733316,1746.9],[-120.636509,39.733294,1746.9],[-120.636558,39.733271,1745.4],[-120.636612,39.733248,1745.4],[-120.636639,39.733226,1744.0],[-120.636669,39.733206,1748.1],[-120.636712,39.733189,1746.5],[-120.636771,39.733171,1746.5],[-120.63682,39.733149,1744.9],[-120.636862,39.733125,1744.9],[-120.636909,39.7331,1747.7],[-120.636943,39.733081,1747.7],[-120.636973,39.733066,1747.7],[-120.637008,39.733048,1746.1],[-120.63704,39.733029,1751.6],[-120.637086,39.73301,1750.0],[-120.637125,39.732988,1750.0],[-120.637155,39.732967,1750.0],[-120.637182,39.732944,1748.6],[-120.637227,39.732922,1754.2],[-120.637277,39.732898,1752.7],[-120.63734,39.732873,1752.7],[-120.637375,39.732851,1751.1],[-120.637427,39.732831,1757.0],[-120.637446,39.732815,1755.4],[-120.637457,39.732803,1755.4],[-120.637494,39.732786,1755.4],[-120.637535,39.732767,1753.8],[-120.637574,39.732748,1759.4],[-120.637584,39.732735,1759.4],[-120.637599,39.732715,1759.4],[-120.637624,39.732697,1759.4],[-120.637664,39.732682,1758.1],[-120.637713,39.732669,1758.1],[-120.63777,39.732654,1761.6],[-120.637822,39.732635,1760.7],[-120.637861,39.732613,1760.7],[-120.637901,39.732594,1759.9],[-120.637944,39.732574,1759.9],[-120.63798,39.732555,1763.7],[-120.637618,39.732534,1769.0],[-120.637308,39.732516,1773.0],[-120.637185,39.732504,1774.0],[-120.637211,39.732491,1774.0],[-120.637228,39.73248,1774.0],[-120.637242,39.732463,1776.0],[-120.637227,39.732441,1776.0],[-120.637263,39.732427,1775.7],[-120.637271,39.732408,1775.7],[-120.637275,39.732385,1775.7],[-120.637309,39.732366,1778.1],[-120.637335,39.732345,1778.1],[-120.637362,39.732323,1778.2],[-120.637382,39.732304,1778.2],[-120.637415,39.732287,1780.3],[-120.637441,39.732266,1781.0],[-120.637467,39.732246,1781.0],[-120.637497,39.732222,1781.0],[-120.637531,39.7322,1780.9],[-120.63756,39.732176,1783.3],[-120.637581,39.732149,1783.3],[-120.637614,39.732127,1783.3],[-120.637649,39.732113,1783.4],[-120.637685,39.732103,1783.4],[-120.637714,39.73209,1782.7],[-120.637739,39.732066,1784.8],[-120.637772,39.73204,1784.8],[-120.6378,39.732013,1784.8],[-120.63782,39.731986,1786.3],[-120.637849,39.731963,1786.3],[-120.637881,39.731942,1786.3],[-120.637898,39.731918,1786.8],[-120.637929,39.731892,1788.6],[-120.637959,39.731864,1788.6],[-120.637967,39.731837,1788.6],[-120.637993,39.731812,1790.7],[-120.63802,39.731788,1790.7],[-120.638047,39.731767,1790.7],[-120.638077,39.731748,1793.2],[-120.638114,39.731728,1793.2],[-120.638145,39.731705,1792.2],[-120.638174,39.73168,1794.4],[-120.638202,39.731658,1794.4],[-120.638233,39.731635,1794.4],[-120.638266,39.731614,1795.1],[-120.638295,39.73159,1795.1],[-120.638319,39.731557,1795.1],[-120.638341,39.731525,1793.7],[-120.638367,39.731495,1795.8],[-120.638395,39.731471,1795.8],[-120.638423,39.731443,1795.8],[-120.638448,39.731414,1796.6],[-120.638475,39.731388,1796.6],[-120.638502,39.731363,1796.6],[-120.638526,39.731339,1795.3],[-120.638555,39.731312,1797.3],[-120.638579,39.731286,1797.3],[-120.638605,39.731262,1797.3],[-120.638627,39.731237,1797.9],[-120.63866,39.731212,1797.9],[-120.638695,39.731186,1797.9],[-120.638726,39.731157,1796.4],[-120.638752,39.731125,1798.4],[-120.638774,39.731098,1798.4],[-120.638792,39.73107,1796.8],[-120.638815,39.731044,1796.8],[-120.638841,39.731019,1798.7],[-120.638865,39.730992,1797.1],[-120.63889,39.730966,1797.1],[-120.63892,39.730941,1798.9],[-120.638954,39.730917,1798.9],[-120.638985,39.730891,1797.3],[-120.639014,39.730865,1798.9],[-120.639042,39.730838,1798.9],[-120.639069,39.73081,1797.5],[-120.639096,39.730786,1799.0],[-120.639121,39.730765,1799.0],[-120.639149,39.730741,1799.0],[-120.639179,39.730715,1799.0],[-120.639206,39.73069,1799.0],[-120.639232,39.730667,1799.0],[-120.639262,39.730641,1800.1],[-120.639293,39.730613,1798.6],[-120.639324,39.730586,1798.6],[-120.639357,39.730563,1800.3],[-120.639392,39.73054,1798.9],[-120.639428,39.730519,1798.9],[-120.639462,39.730496,1801.1],[-120.639492,39.730473,1801.1],[-120.639524,39.730448,1799.5],[-120.639557,39.73042,1802.0],[-120.639593,39.730389,1802.0],[-120.639626,39.730358,1802.0],[-120.639656,39.730333,1802.7],[-120.639688,39.730313,1802.7],[-120.639722,39.730293,1802.7],[-120.639761,39.730275,1804.9],[-120.639803,39.730254,1803.0],[-120.639841,39.730232,1805.1],[-120.639876,39.730208,1805.1],[-120.639909,39.73018,1805.1],[-120.639943,39.730157,1804.9],[-120.63998,39.730136,1804.9],[-120.640015,39.730114,1804.9],[-120.640054,39.730094,1806.4],[-120.640091,39.730074,1806.4],[-120.640128,39.730053,1806.1],[-120.640157,39.730028,1806.1],[-120.64019,39.730004,1806.1],[-120.640232,39.729977,1805.8],[-120.640271,39.729955,1805.8],[-120.640311,39.72993,1807.0],[-120.640346,39.729908,1807.0],[-120.640379,39.729885,1807.0],[-120.640412,39.729857,1806.6],[-120.64044,39.729829,1806.6],[-120.640472,39.729801,1806.6],[-120.640504,39.729772,1806.3],[-120.640536,39.729746,1806.3],[-120.640572,39.729723,1806.3],[-120.640607,39.729699,1807.2],[-120.640639,39.729676,1806.1],[-120.640673,39.729653,1806.1],[-120.640708,39.729631,1807.0],[-120.640742,39.729612,1807.0],[-120.640782,39.729594,1806.1],[-120.64083,39.729585,1807.0],[-120.64087,39.72957,1807.0],[-120.640906,39.72955,1807.9],[-120.640933,39.729521,1807.9],[-120.64096,39.72949,1807.0],[-120.640995,39.729465,1807.9],[-120.641031,39.729444,1807.9],[-120.641068,39.729429,1808.7],[-120.641105,39.729415,1808.7],[-120.64114,39.729394,1808.0],[-120.641172,39.72937,1808.8],[-120.641207,39.729343,1808.8],[-120.641238,39.729318,1808.8],[-120.641271,39.729296,1809.2],[-120.641306,39.729275,1809.2],[-120.641339,39.72925,1809.2],[-120.641373,39.729225,1809.7],[-120.641406,39.729198,1809.7],[-120.641433,39.729169,1809.7],[-120.641462,39.729143,1810.9],[-120.64149,39.729117,1810.9],[-120.641514,39.729089,1810.9],[-120.641536,39.72906,1810.5],[-120.641558,39.729026,1812.7],[-120.641579,39.728991,1812.7],[-120.641598,39.728959,1812.7],[-120.641619,39.728932,1812.3],[-120.641641,39.728904,1812.3],[-120.641675,39.728881,1814.6],[-120.641712,39.728854,1814.2],[-120.641743,39.728829,1816.1],[-120.64177,39.728797,1816.1],[-120.641791,39.728765,1816.3],[-120.641806,39.728729,1816.3],[-120.641824,39.728691,1818.0],[-120.641841,39.72865,1818.0],[-120.641858,39.728612,1818.0],[-120.641872,39.728574,1817.4],[-120.641881,39.728537,1817.4],[-120.64189,39.728499,1816.8],[-120.641906,39.728459,1818.2],[-120.641921,39.72842,1817.7],[-120.641936,39.728384,1817.7],[-120.641953,39.72835,1817.7],[-120.641965,39.728315,1817.5],[-120.641971,39.728277,1817.5],[-120.641978,39.728241,1817.5],[-120.641984,39.728205,1817.4],[-120.641991,39.72817,1818.4],[-120.641991,39.728137,1818.4],[-120.641987,39.728108,1818.4],[-120.641986,39.728078,1818.4],[-120.641986,39.728048,1818.3],[-120.641981,39.728011,1817.4],[-120.641987,39.727974,1818.4],[-120.642002,39.727943,1818.4],[-120.642024,39.727915,1818.4],[-120.642047,39.727882,1818.4],[-120.642066,39.727847,1818.4],[-120.642093,39.727818,1818.9],[-120.642124,39.727791,1818.8],[-120.642155,39.72776,1818.8],[-120.642187,39.727733,1819.3],[-120.64222,39.727708,1819.1],[-120.642253,39.727682,1819.1],[-120.642294,39.727659,1819.7],[-120.642327,39.727632,1819.7],[-120.642359,39.727606,1819.3],[-120.642394,39.727584,1819.9],[-120.642422,39.727558,1819.9],[-120.642455,39.727534,1819.9],[-120.642492,39.727512,1820.5],[-120.642521,39.727483,1820.5],[-120.642551,39.727455,1821.2],[-120.64258,39.727428,1821.1],[-120.642609,39.7274,1821.1],[-120.642638,39.727375,1821.1],[-120.642672,39.727354,1820.6],[-120.6427,39.727328,1820.6],[-120.642727,39.7273,1820.6],[-120.642757,39.727272,1821.1],[-120.642793,39.727244,1821.2],[-120.642823,39.727213,1821.6],[-120.642846,39.727183,1821.6],[-120.642864,39.727154,1821.5],[-120.642873,39.727119,1821.5],[-120.64289,39.727087,1821.5],[-120.642908,39.727054,1821.9],[-120.642925,39.727018,1821.9],[-120.642938,39.726984,1822.2],[-120.642956,39.72695,1822.2],[-120.642982,39.72692,1822.2],[-120.643006,39.72689,1822.5],[-120.643025,39.726857,1822.9],[-120.643038,39.726821,1822.9],[-120.643054,39.726788,1823.2],[-120.643069,39.726754,1823.2],[-120.643076,39.726719,1823.2],[-120.643083,39.72669,1823.3],[-120.643098,39.726665,1823.7],[-120.643113,39.726638,1823.7],[-120.643131,39.726616,1823.7],[-120.643159,39.726597,1823.7],[-120.643186,39.726579,1824.2],[-120.643202,39.726556,1824.2],[-120.643231,39.726535,1824.2],[-120.643268,39.726519,1824.6],[-120.64331,39.726502,1824.4],[-120.643348,39.726484,1824.4],[-120.643382,39.726468,1824.8],[-120.643424,39.726456,1824.8],[-120.643475,39.726451,1825.3],[-120.643531,39.726454,1825.3],[-120.643588,39.726459,1825.8],[-120.643649,39.726466,1826.3],[-120.643711,39.726467,1826.3],[-120.643769,39.726467,1826.8],[-120.643813,39.726465,1826.8],[-120.643868,39.72647,1827.3],[-120.643916,39.726474,1827.7],[-120.643965,39.72648,1827.7],[-120.644012,39.726481,1827.8],[-120.644062,39.726481,1827.8],[-120.644119,39.726488,1827.8],[-120.644177,39.726494,1827.8],[-120.644233,39.726494,1827.8],[-120.644285,39.726502,1827.8],[-120.644337,39.726518,1827.0],[-120.644382,39.726536,1826.8],[-120.644417,39.726551,1826.8],[-120.644455,39.726573,1826.8],[-120.644497,39.726602,1826.8],[-120.64454,39.726636,1826.3],[-120.644581,39.726674,1826.3],[-120.644623,39.726713,1826.1],[-120.64467,39.726754,1826.4],[-120.644721,39.7268,1826.2],[-120.644776,39.726841,1826.2],[-120.644832,39.726876,1826.6],[-120.644896,39.726914,1826.1],[-120.644973,39.72694,1826.9],[-120.645052,39.726963,1827.5],[-120.645135,39.726985,1826.8],[-120.645218,39.727004,1827.7],[-120.645306,39.727014,1828.1],[-120.645392,39.727016,1828.1],[-120.645468,39.727015,1827.9],[-120.645533,39.727007,1827.9],[-120.645601,39.726998,1827.7],[-120.645671,39.726986,1827.5],[-120.645739,39.726971,1829.1],[-120.645804,39.726951,1829.1],[-120.645863,39.726929,1829.3],[-120.645926,39.7269,1829.5],[-120.645981,39.726876,1829.5],[-120.64603,39.726852,1831.6],[-120.646178,39.726692,1834.5],[-120.646206,39.72665,1837.5],[-120.646273,39.726589,1838.3],[-120.6463,39.726553,1839.5],[-120.646319,39.726511,1839.5],[-120.646342,39.726471,1840.3],[-120.646357,39.726424,1840.3],[-120.64637,39.726375,1841.4],[-120.646387,39.726329,1842.7],[-120.646412,39.726294,1843.9],[-120.646402,39.726257,1843.9],[-120.646401,39.726214,1844.8],[-120.646384,39.726171,1844.8],[-120.646379,39.72613,1843.3],[-120.646369,39.726088,1843.9],[-120.646372,39.726049,1843.9],[-120.646383,39.726013,1844.3],[-120.646403,39.725977,1846.1],[-120.646443,39.725935,1846.6],[-120.64648,39.725892,1848.6],[-120.646511,39.725852,1849.1],[-120.646537,39.725818,1849.1],[-120.646578,39.725781,1851.1],[-120.646627,39.725741,1851.6],[-120.646662,39.725718,1853.3],[-120.646696,39.725699,1853.3],[-120.646728,39.725673,1853.3],[-120.646761,39.725647,1854.9],[-120.646794,39.725618,1854.9],[-120.646825,39.725589,1854.9],[-120.646855,39.725559,1856.2],[-120.646894,39.725534,1856.2],[-120.646931,39.725508,1856.2],[-120.646964,39.725481,1857.2],[-120.646994,39.725458,1857.2],[-120.647008,39.725434,1857.2],[-120.647027,39.72541,1857.2],[-120.647055,39.725388,1858.1],[-120.647087,39.725369,1858.1],[-120.647126,39.725351,1858.1],[-120.647157,39.725328,1859.2],[-120.647197,39.725304,1859.2],[-120.647226,39.725272,1859.2],[-120.647247,39.725241,1860.4],[-120.64727,39.725209,1860.4],[-120.647297,39.725177,1860.4],[-120.647322,39.725151,1861.7],[-120.647345,39.725132,1861.7],[-120.647391,39.725114,1861.7],[-120.647438,39.725094,1862.9],[-120.647481,39.725064,1862.9],[-120.647504,39.725028,1864.1],[-120.647532,39.72499,1864.2],[-120.647574,39.724962,1864.2],[-120.647621,39.724932,1865.4],[-120.647659,39.724897,1865.5],[-120.647685,39.724862,1867.2],[-120.64771,39.724829,1867.0],[-120.647736,39.724797,1867.0],[-120.647779,39.724771,1869.1],[-120.647819,39.724747,1869.1],[-120.647859,39.724722,1871.2],[-120.647865,39.724688,1871.2],[-120.64789,39.724655,1871.2],[-120.647919,39.724628,1870.8],[-120.647946,39.724597,1873.1],[-120.64797,39.724567,1873.1],[-120.647994,39.724539,1872.5],[-120.648018,39.724512,1872.5],[-120.64804,39.724484,1872.5],[-120.648052,39.724465,1874.1],[-120.648075,39.72444,1874.1],[-120.648116,39.724416,1874.1],[-120.64817,39.724382,1876.7],[-120.64822,39.724351,1875.8],[-120.648254,39.724323,1878.6],[-120.648277,39.72429,1878.6],[-120.648306,39.724261,1877.5],[-120.648336,39.72423,1877.5],[-120.648365,39.724199,1881.1],[-120.648411,39.724167,1879.8],[-120.648458,39.724129,1884.6],[-120.648504,39.72409,1883.3],[-120.648545,39.724053,1888.6],[-120.64858,39.724022,1888.6],[-120.648608,39.723993,1891.5],[-120.648629,39.723958,1891.5],[-120.648636,39.723922,1891.5],[-120.648643,39.723892,1889.5],[-120.648657,39.723868,1889.5],[-120.648667,39.723848,1889.5],[-120.648685,39.723831,1889.5],[-120.648702,39.723815,1891.3],[-120.648725,39.723813,1891.3],[-120.648718,39.723796,1891.3],[-120.648724,39.723793,1891.3],[-120.648725,39.723793,1891.3],[-120.64872,39.723801,1891.3],[-120.648717,39.723801,1891.3],[-120.648721,39.723822,1892.7],[-120.648751,39.723833,1892.7],[-120.648745,39.723832,1892.7],[-120.648768,39.723822,1892.7],[-120.648765,39.723819,1892.7],[-120.648799,39.723823,1892.7],[-120.648803,39.723846,1892.7],[-120.648803,39.723868,1892.7],[-120.6488,39.723868,1892.7],[-120.648716,39.723826,1892.7],[-120.648688,39.723814,1887.4],[-120.648694,39.723819,1889.5],[-120.64871,39.723828,1892.7],[-120.648732,39.72384,1892.7],[-120.64873,39.723838,1892.7],[-120.648735,39.723842,1892.7],[-120.648725,39.723839,1892.7],[-120.648681,39.723793,1887.4],[-120.648713,39.72379,1891.3],[-120.648724,39.723786,1891.3],[-120.64874,39.723785,1891.3],[-120.648733,39.723771,1891.3],[-120.648734,39.723771,1891.3],[-120.648711,39.723743,1891.3],[-120.648715,39.723741,1891.3],[-120.648707,39.723722,1891.3],[-120.648713,39.723727,1891.3],[-120.648715,39.723726,1891.3],[-120.648712,39.723724,1891.3],[-120.648704,39.72371,1890.1],[-120.648702,39.723708,1890.1],[-120.648702,39.7237,1890.1],[-120.648692,39.723683,1885.7],[-120.648684,39.723594,1884.7],[-120.648701,39.723535,1889.7],[-120.6487,39.723502,1889.9],[-120.648698,39.723443,1889.9],[-120.648716,39.723414,1890.3],[-120.648719,39.723383,1890.3],[-120.648721,39.723352,1890.3],[-120.648737,39.723325,1890.6],[-120.64875,39.7233,1890.6],[-120.648758,39.723274,1890.6],[-120.648763,39.723246,1891.0],[-120.648774,39.72322,1891.0],[-120.648782,39.723187,1895.4],[-120.648789,39.723152,1895.7],[-120.648807,39.723118,1895.7],[-120.648821,39.723087,1895.7],[-120.648837,39.723055,1895.7],[-120.648835,39.723024,1895.7],[-120.648835,39.722989,1895.3],[-120.648841,39.722954,1895.3],[-120.648845,39.722916,1895.3],[-120.648847,39.722882,1893.7],[-120.648852,39.722849,1893.7],[-120.648868,39.722814,1897.9],[-120.64888,39.722778,1896.2],[-120.648898,39.722746,1896.2],[-120.648916,39.722713,1896.2],[-120.648933,39.72268,1894.3],[-120.648949,39.722647,1898.9],[-120.648961,39.722613,1898.9],[-120.648962,39.722562,1897.3],[-120.648964,39.722517,1897.3],[-120.648963,39.722472,1895.6],[-120.648977,39.722425,1895.6],[-120.648974,39.722373,1894.1],[-120.649015,39.722338,1894.1],[-120.649032,39.722301,1892.6],[-120.649062,39.722264,1897.2],[-120.649089,39.722227,1895.7],[-120.649099,39.722201,1895.7],[-120.64911,39.722161,1895.7],[-120.649137,39.72212,1899.6],[-120.649155,39.722077,1899.6],[-120.649165,39.722043,1898.9],[-120.649171,39.72201,1898.9],[-120.649196,39.721977,1898.9],[-120.649208,39.721943,1903.1],[-120.649208,39.72191,1903.1],[-120.649214,39.721876,1903.1],[-120.649231,39.721839,1902.5],[-120.649244,39.721802,1902.5],[-120.64926,39.721766,1902.5],[-120.649273,39.721728,1901.9],[-120.649289,39.721688,1905.9],[-120.649308,39.721645,1905.4],[-120.649324,39.721607,1905.4],[-120.649339,39.721569,1904.9],[-120.649355,39.72153,1904.9],[-120.64937,39.721491,1908.3],[-120.649382,39.721453,1907.7],[-120.649398,39.721418,1907.7],[-120.64942,39.721382,1907.2],[-120.649435,39.721341,1907.2],[-120.649438,39.7213,1906.7],[-120.649445,39.721257,1906.7],[-120.64946,39.721215,1909.7],[-120.649476,39.721174,1909.5],[-120.649491,39.721138,1909.5],[-120.649509,39.721104,1909.5],[-120.649527,39.721071,1909.5],[-120.649543,39.721037,1913.0],[-120.649556,39.721,1913.5],[-120.649562,39.720964,1913.5],[-120.649554,39.720928,1913.9],[-120.649554,39.720892,1913.9],[-120.649569,39.720855,1913.9],[-120.64959,39.720816,1914.4],[-120.64961,39.720776,1914.4],[-120.649621,39.720731,1915.0],[-120.649631,39.720684,1915.0],[-120.649643,39.720645,1918.8],[-120.64966,39.720608,1918.8],[-120.649676,39.72057,1919.1],[-120.649689,39.72053,1919.1],[-120.649706,39.720487,1919.5],[-120.649729,39.72045,1922.6],[-120.649744,39.720415,1922.6],[-120.649752,39.720378,1922.8],[-120.649766,39.720344,1922.8],[-120.649778,39.720307,1922.8],[-120.649801,39.720272,1922.9],[-120.649822,39.720241,1926.9],[-120.649828,39.720208,1926.9],[-120.649844,39.720175,1926.7],[-120.649854,39.720138,1926.7],[-120.649869,39.720103,1926.7],[-120.649883,39.720061,1926.5],[-120.649898,39.72002,1926.5],[-120.649908,39.719975,1926.4],[-120.64992,39.719933,1930.5],[-120.649939,39.719892,1930.4],[-120.649953,39.71985,1930.4],[-120.649963,39.719806,1930.2],[-120.649974,39.719768,1930.2],[-120.649989,39.719731,1930.2],[-120.649994,39.719686,1930.0],[-120.65,39.71964,1929.8],[-120.650018,39.7196,1933.9],[-120.650041,39.719563,1933.9],[-120.650058,39.719525,1933.7],[-120.650071,39.719485,1933.7],[-120.650082,39.719447,1933.4],[-120.650093,39.719407,1933.4],[-120.650095,39.719361,1933.1],[-120.650102,39.719317,1937.1],[-120.650108,39.719276,1936.8],[-120.650125,39.719237,1936.8],[-120.650145,39.719199,1936.8],[-120.650156,39.719158,1936.6],[-120.650173,39.719119,1936.6],[-120.65019,39.719071,1939.9],[-120.6502,39.719021,1939.9],[-120.650213,39.718976,1939.6],[-120.650222,39.718928,1939.6],[-120.650236,39.718883,1938.7],[-120.650258,39.718845,1938.7],[-120.650279,39.718805,1940.0],[-120.650297,39.718762,1940.0],[-120.650302,39.718713,1937.9],[-120.650329,39.718676,1937.9],[-120.650359,39.718639,1935.5],[-120.650387,39.7186,1938.4],[-120.650409,39.71856,1935.9],[-120.650433,39.718521,1935.9],[-120.650452,39.718481,1935.9],[-120.650478,39.718445,1935.4],[-120.650507,39.718411,1935.4],[-120.650528,39.718376,1933.2],[-120.650546,39.718342,1934.8],[-120.650563,39.718307,1934.8],[-120.650576,39.71827,1932.7],[-120.650585,39.718231,1932.7],[-120.6506,39.718194,1930.9],[-120.650619,39.718156,1930.9],[-120.650634,39.718115,1930.9],[-120.650646,39.718073,1930.8],[-120.650658,39.718032,1930.8],[-120.650671,39.717995,1929.4],[-120.650681,39.717954,1929.4],[-120.650696,39.717915,1929.1],[-120.650712,39.71788,1929.1],[-120.65072,39.717842,1929.1],[-120.650733,39.717806,1929.5],[-120.650745,39.717769,1929.5],[-120.650759,39.717735,1931.9],[-120.650768,39.717697,1931.9],[-120.650781,39.71766,1931.9],[-120.650803,39.717622,1932.2],[-120.650816,39.717583,1932.2],[-120.650831,39.717543,1932.5],[-120.650852,39.717509,1932.5],[-120.650872,39.717473,1934.3],[-120.65089,39.717432,1934.1],[-120.650911,39.71739,1934.1],[-120.65094,39.717346,1933.9],[-120.650961,39.717299,1935.3],[-120.650976,39.717253,1935.0],[-120.650988,39.717203,1935.0],[-120.651003,39.717152,1934.7],[-120.651017,39.717103,1934.7],[-120.651031,39.717054,1934.5],[-120.65104,39.717008,1935.5],[-120.651039,39.71696,1935.5],[-120.651045,39.71691,1935.5],[-120.651058,39.716862,1935.5],[-120.651071,39.716818,1935.6],[-120.651089,39.716778,1935.6],[-120.651101,39.716732,1935.7],[-120.651111,39.716678,1935.7],[-120.651115,39.716624,1936.0],[-120.651123,39.716583,1936.0],[-120.651128,39.716538,1936.3],[-120.651124,39.716499,1936.3],[-120.65111,39.716466,1936.3],[-120.651101,39.71643,1936.9],[-120.651094,39.716389,1936.9],[-120.651074,39.716348,1937.6],[-120.651053,39.716311,1937.6],[-120.651012,39.716277,1936.5],[-120.650976,39.716231,1937.5],[-120.650936,39.716196,1936.3],[-120.650894,39.716157,1937.4],[-120.650872,39.716116,1937.4],[-120.650847,39.716073,1937.6],[-120.650819,39.716032,1937.6],[-120.650778,39.715993,1939.5],[-120.650744,39.715955,1938.2],[-120.650718,39.715917,1938.2],[-120.650664,39.715879,1940.1],[-120.650594,39.71584,1938.8],[-120.650519,39.7158,1939.4],[-120.650463,39.715758,1937.6],[-120.650429,39.715711,1939.3],[-120.650393,39.715665,1939.3],[-120.65039,39.715622,1940.6],[-120.650391,39.715579,1940.6],[-120.650379,39.715537,1939.9],[-120.650377,39.715485,1939.9],[-120.650381,39.715434,1941.3],[-120.650386,39.715375,1943.3],[-120.65039,39.715309,1944.5],[-120.650382,39.715246,1943.4],[-120.650364,39.715175,1943.4],[-120.650344,39.715094,1944.1],[-120.650315,39.715027,1944.8],[-120.650291,39.714953,1945.6],[-120.650264,39.714881,1943.5],[-120.65013,39.71459,1942.6],[-120.650098,39.714515,1940.6],[-120.650022,39.714273,1941.1],[-120.649978,39.714118,1938.7],[-120.64995,39.714044,1938.7],[-120.649876,39.71396,1935.6],[-120.649807,39.713882,1932.1],[-120.649728,39.713803,1929.4],[-120.649604,39.713651,1928.3],[-120.649519,39.713578,1926.3],[-120.649438,39.713503,1926.1],[-120.649377,39.713418,1927.9],[-120.6493,39.713223,1928.6],[-120.649228,39.713117,1927.3],[-120.649168,39.713016,1927.9],[-120.649127,39.712914,1925.8],[-120.649109,39.712813,1925.8],[-120.649107,39.712707,1925.5],[-120.649101,39.712603,1924.9],[-120.649091,39.712498,1923.8],[-120.649091,39.712284,1921.4],[-120.649052,39.71207,1916.3],[-120.648966,39.711868,1913.8],[-120.648896,39.711783,1913.7],[-120.648818,39.71171,1912.8],[-120.648713,39.711645,1910.6],[-120.648599,39.711585,1909.3],[-120.648482,39.711524,1907.6],[-120.648367,39.711458,1906.3],[-120.648273,39.711383,1905.4],[-120.648206,39.711298,1904.8],[-120.648155,39.711208,1904.3],[-120.648104,39.711113,1905.0],[-120.648043,39.711015,1904.3],[-120.647976,39.710919,1904.1],[-120.647831,39.710726,1903.9],[-120.647763,39.710625,1902.7],[-120.647618,39.710421,1902.3],[-120.64755,39.710328,1903.7],[-120.647487,39.710148,1906.1],[-120.647474,39.710051,1907.0],[-120.647478,39.709952,1908.0],[-120.647468,39.709873,1908.0],[-120.647432,39.709789,1907.6],[-120.647398,39.709718,1907.7],[-120.647361,39.709639,1907.7],[-120.647324,39.709567,1906.5],[-120.647293,39.709509,1906.5],[-120.647294,39.709434,1906.3],[-120.647278,39.70936,1906.4],[-120.647269,39.709273,1906.6],[-120.64722,39.709202,1905.4],[-120.646947,39.709073,1901.2],[-120.646879,39.709062,1898.1],[-120.646797,39.709047,1898.1],[-120.646702,39.709004,1892.1],[-120.646612,39.708954,1890.6],[-120.64652,39.708895,1890.1],[-120.646467,39.708814,1890.1],[-120.646408,39.708745,1889.8],[-120.646283,39.708592,1889.4],[-120.646218,39.7085,1888.7],[-120.646161,39.708399,1888.7],[-120.646129,39.708303,1888.3],[-120.646134,39.708131,1888.6],[-120.646162,39.708043,1889.1],[-120.646202,39.707963,1889.3],[-120.646244,39.707892,1889.9],[-120.646285,39.707821,1889.9],[-120.646322,39.70775,1890.3],[-120.646356,39.707672,1890.3],[-120.646393,39.707582,1890.6],[-120.646413,39.707503,1892.3],[-120.646414,39.707434,1892.9],[-120.646419,39.707364,1892.9],[-120.646413,39.707295,1893.5],[-120.646404,39.707228,1891.6],[-120.646409,39.707163,1893.7],[-120.646419,39.7071,1893.7],[-120.646428,39.707035,1893.1],[-120.646424,39.706971,1892.4],[-120.646411,39.706908,1892.4],[-120.646383,39.706852,1891.2],[-120.646349,39.706799,1891.2],[-120.646307,39.706746,1892.4],[-120.646245,39.706696,1891.0],[-120.646187,39.706644,1890.4],[-120.646151,39.706591,1890.4],[-120.64612,39.706515,1890.0],[-120.646114,39.706493,1890.1],[-120.646112,39.706468,1890.1],[-120.646112,39.70644,1890.1],[-120.646121,39.706415,1890.3],[-120.646124,39.70639,1890.3],[-120.646142,39.706366,1890.3],[-120.646155,39.706339,1890.3],[-120.646159,39.706304,1890.9],[-120.646174,39.706183,1892.2],[-120.646187,39.706142,1892.2],[-120.646191,39.706102,1892.8],[-120.646191,39.706056,1892.8],[-120.646204,39.706007,1892.1],[-120.646266,39.705904,1895.3],[-120.646269,39.70585,1894.9],[-120.646224,39.705753,1894.3],[-120.646183,39.705713,1894.3],[-120.646134,39.705682,1891.8],[-120.646021,39.705621,1892.0],[-120.645962,39.705592,1892.0],[-120.645904,39.705558,1891.5],[-120.645848,39.705518,1890.6],[-120.645683,39.705359,1890.3],[-120.645652,39.705296,1890.1],[-120.645609,39.705234,1890.1],[-120.645555,39.705114,1889.8],[-120.645533,39.705059,1889.9],[-120.645493,39.705003,1890.0],[-120.645462,39.704947,1889.7],[-120.645434,39.704893,1889.8],[-120.6454,39.704788,1889.9],[-120.645376,39.704735,1889.8],[-120.645366,39.704681,1889.8],[-120.645366,39.704628,1889.9],[-120.645365,39.704573,1889.9],[-120.645378,39.704514,1890.0],[-120.645388,39.704455,1890.1],[-120.645386,39.7044,1890.1],[-120.645378,39.704349,1890.1],[-120.645378,39.704307,1890.1],[-120.645379,39.70424,1890.2],[-120.645391,39.704181,1890.2],[-120.645424,39.70402,1890.4],[-120.645429,39.703975,1890.4],[-120.645443,39.703933,1890.4],[-120.645454,39.703891,1890.3],[-120.645458,39.703847,1890.3],[-120.645455,39.70381,1890.1],[-120.645444,39.703756,1890.1],[-120.645403,39.703609,1889.9],[-120.645335,39.7035,1890.1],[-120.645267,39.703306,1890.1],[-120.645301,39.703187,1890.2],[-120.645323,39.703131,1890.5],[-120.645325,39.703074,1890.6],[-120.645313,39.703017,1890.4],[-120.6453,39.702961,1890.5],[-120.645281,39.702901,1890.5],[-120.645248,39.702841,1890.7],[-120.64521,39.702782,1890.9],[-120.645162,39.702731,1890.9],[-120.645134,39.702684,1891.0],[-120.645091,39.702637,1891.0],[-120.645036,39.702597,1891.2],[-120.644976,39.702559,1891.2],[-120.64491,39.702523,1891.5],[-120.644848,39.702493,1891.0],[-120.644782,39.702464,1891.0],[-120.644715,39.702445,1891.1],[-120.644674,39.702432,1890.8],[-120.644622,39.702423,1890.8],[-120.644569,39.702415,1890.5],[-120.644519,39.7024,1890.5],[-120.644474,39.702378,1890.3],[-120.644407,39.702352,1890.5],[-120.644259,39.702278,1890.4],[-120.644198,39.702243,1890.7],[-120.644132,39.702199,1890.7],[-120.644083,39.702159,1891.0],[-120.644022,39.702117,1890.8],[-120.643945,39.702082,1890.8],[-120.643863,39.702044,1891.1],[-120.643838,39.702007,1891.0],[-120.643781,39.701979,1891.6],[-120.643736,39.701954,1891.5],[-120.643692,39.701932,1891.5],[-120.643647,39.701911,1891.2],[-120.643587,39.701879,1891.8],[-120.643534,39.701844,1891.4],[-120.643472,39.70181,1891.0],[-120.643412,39.701777,1891.4],[-120.643356,39.701736,1890.9],[-120.643316,39.701693,1891.1],[-120.643291,39.701648,1890.5],[-120.643281,39.701602,1890.7],[-120.643266,39.701548,1890.7],[-120.643271,39.701492,1890.8],[-120.643299,39.701438,1891.4],[-120.643336,39.70139,1891.5],[-120.64337,39.701347,1891.5],[-120.643402,39.701298,1892.2],[-120.643428,39.701243,1892.4],[-120.643445,39.701191,1892.4],[-120.643464,39.701139,1892.8],[-120.643484,39.701089,1893.3],[-120.64351,39.701042,1893.6],[-120.643544,39.701003,1893.6],[-120.643586,39.700972,1894.1],[-120.643611,39.700933,1894.5],[-120.643657,39.700896,1895.0],[-120.643698,39.700861,1895.3],[-120.643742,39.700836,1895.3],[-120.643804,39.700805,1895.7],[-120.643855,39.700771,1896.5],[-120.643906,39.700732,1896.5],[-120.643953,39.700681,1897.3],[-120.643977,39.700633,1897.3],[-120.644006,39.700578,1897.6],[-120.644025,39.700522,1897.6],[-120.644035,39.700469,1898.3],[-120.644035,39.700411,1898.5],[-120.64402,39.700352,1897.9],[-120.644009,39.700297,1898.1],[-120.643986,39.700243,1898.1],[-120.643976,39.700189,1898.3],[-120.643979,39.700135,1898.3],[-120.643994,39.700089,1898.2],[-120.644008,39.700043,1898.2],[-120.643981,39.69999,1898.2],[-120.643983,39.69994,1898.4],[-120.643992,39.699889,1898.4],[-120.644022,39.699843,1898.5],[-120.644063,39.699802,1899.1],[-120.644105,39.699763,1899.1],[-120.644146,39.699719,1899.7],[-120.644194,39.699667,1900.0],[-120.64424,39.699619,1900.2],[-120.644287,39.699569,1900.1],[-120.644365,39.699477,1900.5],[-120.644416,39.699378,1901.2],[-120.644443,39.699333,1901.2],[-120.644542,39.699165,1901.6],[-120.644564,39.69912,1901.5],[-120.644585,39.699071,1902.0],[-120.644602,39.69902,1901.9],[-120.644614,39.698967,1901.9],[-120.644625,39.698919,1901.9],[-120.644641,39.698862,1901.9],[-120.644655,39.698804,1901.9],[-120.64466,39.69875,1902.1],[-120.644647,39.698695,1902.1],[-120.644629,39.698639,1902.3],[-120.644607,39.698586,1902.3],[-120.644583,39.698533,1902.4],[-120.644565,39.698482,1902.1],[-120.644552,39.698432,1902.1],[-120.644537,39.698378,1902.2],[-120.644516,39.698318,1902.2],[-120.64449,39.698252,1902.4],[-120.644456,39.698198,1901.9],[-120.644422,39.698145,1902.1],[-120.644401,39.698089,1902.3],[-120.644379,39.698033,1902.5],[-120.644367,39.697972,1902.7],[-120.644354,39.697922,1902.7],[-120.644336,39.697879,1902.9],[-120.644305,39.697843,1902.9],[-120.644267,39.697809,1903.2],[-120.644235,39.697773,1903.2],[-120.644216,39.697734,1903.2],[-120.644188,39.697697,1903.6],[-120.644159,39.697655,1903.6],[-120.644142,39.697606,1903.8],[-120.644134,39.697554,1903.8],[-120.64411,39.69751,1904.2],[-120.644099,39.697464,1904.5],[-120.644068,39.697414,1904.9],[-120.644043,39.697365,1905.6],[-120.644018,39.697315,1905.6],[-120.643984,39.697267,1906.6],[-120.643938,39.697221,1906.6],[-120.643906,39.697178,1907.6],[-120.643887,39.697126,1907.6],[-120.643897,39.697096,1907.6],[-120.6439,39.697052,1908.4],[-120.643908,39.697006,1908.4],[-120.643902,39.696958,1909.7],[-120.643887,39.696913,1909.7],[-120.64387,39.696873,1910.8],[-120.643842,39.696833,1910.8],[-120.643813,39.696795,1911.4],[-120.643792,39.696755,1911.4],[-120.643782,39.696722,1912.0],[-120.643768,39.696683,1912.0],[-120.643748,39.69664,1912.0],[-120.643712,39.696601,1912.7],[-120.643669,39.696564,1912.7],[-120.643629,39.696522,1913.3],[-120.643576,39.696472,1913.3],[-120.643529,39.696419,1913.7],[-120.643476,39.696368,1913.7],[-120.643423,39.696319,1914.1],[-120.643403,39.696268,1914.1],[-120.643377,39.696217,1914.7],[-120.643363,39.696173,1914.7],[-120.643354,39.69614,1915.0],[-120.643309,39.696099,1915.0],[-120.643329,39.696061,1915.6],[-120.64332,39.696017,1915.6],[-120.643321,39.695973,1915.6],[-120.643312,39.695927,1916.1],[-120.643289,39.695888,1916.1],[-120.643304,39.69584,1916.7],[-120.643309,39.695789,1916.7],[-120.643303,39.695738,1917.2],[-120.643272,39.695693,1917.9],[-120.643236,39.695649,1917.8],[-120.643161,39.695606,1917.6],[-120.643102,39.695572,1918.3],[-120.643047,39.69554,1918.2],[-120.642997,39.695505,1918.8],[-120.642945,39.695468,1918.5],[-120.642888,39.695431,1918.2],[-120.642838,39.695393,1918.8],[-120.642811,39.69535,1918.8],[-120.64279,39.695308,1919.4],[-120.642759,39.69527,1919.4],[-120.64273,39.69523,1920.1],[-120.642695,39.695188,1919.8],[-120.642647,39.695143,1919.8],[-120.642596,39.695092,1920.0],[-120.642525,39.695036,1920.6],[-120.642457,39.694988,1920.6],[-120.642395,39.694945,1921.0],[-120.642357,39.6949,1921.0],[-120.642321,39.694851,1921.5],[-120.642285,39.694797,1921.5],[-120.642245,39.694745,1922.1],[-120.642203,39.694699,1922.1],[-120.642173,39.694655,1923.1],[-120.642137,39.694609,1922.7],[-120.642097,39.694564,1923.8],[-120.642065,39.694531,1923.4],[-120.642019,39.694487,1924.4],[-120.641977,39.694436,1923.7],[-120.641942,39.694388,1924.8],[-120.64189,39.694344,1924.8],[-120.641809,39.6943,1924.7],[-120.641744,39.694252,1923.7],[-120.641694,39.694209,1924.3],[-120.641645,39.69417,1923.3],[-120.641598,39.694134,1922.3],[-120.641551,39.694099,1922.9],[-120.641499,39.694043,1922.0],[-120.641314,39.693889,1922.0],[-120.641262,39.693839,1922.9],[-120.641155,39.693771,1922.1],[-120.64111,39.693643,1923.2],[-120.641122,39.693594,1923.2],[-120.641133,39.693536,1924.2],[-120.64115,39.693481,1925.0],[-120.641166,39.69342,1926.0],[-120.641135,39.693361,1925.8],[-120.641088,39.693248,1926.4],[-120.641066,39.693192,1927.1],[-120.641043,39.69314,1926.3],[-120.641018,39.693088,1927.1],[-120.640987,39.693032,1927.1],[-120.640949,39.692976,1927.3],[-120.640914,39.692935,1927.3],[-120.640866,39.692899,1927.4],[-120.640834,39.692866,1927.4],[-120.640806,39.692833,1929.3],[-120.640775,39.692796,1927.8],[-120.640734,39.692754,1927.8],[-120.640704,39.692718,1930.0],[-120.640661,39.692669,1928.2],[-120.640611,39.692621,1930.4],[-120.640561,39.692575,1928.6],[-120.640522,39.692546,1930.7],[-120.640498,39.692517,1930.7],[-120.640481,39.692488,1929.0],[-120.640435,39.692457,1930.7],[-120.640384,39.692425,1928.9],[-120.640345,39.692398,1928.9],[-120.640311,39.692376,1930.3],[-120.64029,39.692355,1928.5],[-120.640242,39.692331,1928.5],[-120.640199,39.692312,1927.2],[-120.64015,39.692289,1927.2],[-120.640097,39.692268,1927.0],[-120.640038,39.692248,1927.0],[-120.639986,39.692226,1926.8],[-120.639941,39.692204,1926.8],[-120.639909,39.692185,1928.4],[-120.639895,39.692158,1928.4],[-120.639885,39.692132,1928.4],[-120.63987,39.692105,1930.0],[-120.639847,39.692079,1930.0],[-120.639808,39.692051,1929.9],[-120.639765,39.692022,1931.6],[-120.639741,39.691988,1931.5],[-120.63973,39.691956,1931.5],[-120.639701,39.691924,1931.5],[-120.639679,39.691893,1933.2],[-120.63967,39.691863,1933.2],[-120.639659,39.691831,1933.2],[-120.639637,39.691797,1934.7],[-120.639615,39.69176,1934.7],[-120.639595,39.691724,1936.3],[-120.639569,39.691689,1936.3],[-120.639551,39.691641,1937.2],[-120.639534,39.691593,1937.2],[-120.639527,39.691546,1938.6],[-120.639526,39.691501,1938.6],[-120.639516,39.69146,1939.7],[-120.639502,39.691424,1939.7],[-120.639486,39.691385,1940.6],[-120.639475,39.691342,1940.6],[-120.639465,39.691298,1939.9],[-120.639456,39.691256,1940.9],[-120.639465,39.691217,1940.9],[-120.639472,39.691177,1942.3],[-120.639479,39.691137,1942.3],[-120.639479,39.691094,1943.1],[-120.639477,39.691048,1943.1],[-120.639472,39.691003,1944.1],[-120.639487,39.690966,1944.1],[-120.639518,39.690926,1944.6],[-120.639544,39.690883,1944.6],[-120.639565,39.69084,1945.5],[-120.639587,39.690793,1945.8],[-120.639623,39.69075,1945.8],[-120.639667,39.690706,1947.4],[-120.6397,39.690661,1947.4],[-120.639733,39.690617,1947.6],[-120.639762,39.690577,1948.5],[-120.639791,39.690535,1948.4],[-120.639815,39.690492,1948.4],[-120.639839,39.69045,1948.4],[-120.63987,39.690414,1945.5],[-120.639913,39.690392,1946.6],[-120.639955,39.690374,1946.6],[-120.639988,39.690349,1946.6],[-120.640017,39.690327,1947.5],[-120.640022,39.690316,1947.5],[-120.640032,39.690308,1947.5],[-120.64004,39.690305,1947.5],[-120.640075,39.690307,1947.5],[-120.640096,39.690311,1947.5],[-120.640098,39.690317,1947.5],[-120.640083,39.690317,1947.5],[-120.64009,39.690305,1947.5],[-120.640131,39.69029,1948.4],[-120.640142,39.69027,1948.2],[-120.640159,39.690252,1948.2],[-120.640176,39.690232,1948.2],[-120.640193,39.690206,1949.1],[-120.640219,39.690179,1948.9],[-120.640241,39.690144,1948.9],[-120.640264,39.690109,1948.7],[-120.640298,39.690073,1949.5],[-120.640335,39.690036,1949.5],[-120.640368,39.690001,1949.3],[-120.640391,39.689969,1949.9],[-120.640408,39.689931,1949.9],[-120.64043,39.689895,1949.6],[-120.640453,39.689856,1949.6],[-120.640487,39.689814,1949.9],[-120.640538,39.689774,1949.9],[-120.640592,39.689736,1950.4],[-120.640637,39.689705,1950.4],[-120.64067,39.689665,1951.1],[-120.64069,39.68962,1951.0],[-120.640716,39.689577,1951.0],[-120.640755,39.689543,1951.2],[-120.640792,39.689514,1951.2],[-120.640821,39.689484,1951.2],[-120.640844,39.689452,1951.2],[-120.640868,39.689415,1951.2],[-120.640906,39.689377,1950.8],[-120.640946,39.689337,1951.2],[-120.640983,39.689294,1951.2],[-120.641018,39.689267,1950.7],[-120.641037,39.689246,1951.1],[-120.641057,39.689228,1951.1],[-120.641054,39.689205,1951.1],[-120.641058,39.689202,1951.1],[-120.641055,39.689201,1951.1],[-120.641044,39.689209,1951.1],[-120.641041,39.689213,1951.1],[-120.641043,39.689216,1951.1],[-120.641045,39.689228,1951.1],[-120.641045,39.689237,1951.1],[-120.641057,39.689249,1951.1],[-120.641075,39.68925,1951.1],[-120.64109,39.689242,1951.1],[-120.641104,39.689269,1951.1],[-120.641123,39.689279,1951.4],[-120.641128,39.68928,1951.4],[-120.641127,39.689285,1951.8],[-120.641113,39.689289,1951.8],[-120.641116,39.68929,1951.8],[-120.641116,39.689288,1951.8],[-120.641113,39.689276,1951.4],[-120.64112,39.689264,1951.4],[-120.641132,39.689258,1951.4],[-120.641149,39.689255,1951.4],[-120.641191,39.689247,1951.4],[-120.641219,39.68924,1951.9],[-120.6412,39.68924,1951.9],[-120.641199,39.68924,1951.9],[-120.6412,39.689238,1951.9],[-120.6412,39.689237,1951.9],[-120.641192,39.689234,1951.4],[-120.641184,39.68923,1951.4],[-120.641197,39.689199,1951.4],[-120.641209,39.689187,1951.9],[-120.641231,39.689167,1951.6],[-120.641245,39.689167,1951.6],[-120.641274,39.689173,1951.6],[-120.641245,39.689176,1951.6],[-120.641229,39.689167,1951.6],[-120.641221,39.689157,1951.6],[-120.641215,39.689154,1951.1],[-120.641209,39.689157,1951.1],[-120.641198,39.68916,1951.1],[-120.641174,39.689166,1951.1],[-120.641144,39.689174,1951.1],[-120.641144,39.689175,1951.1],[-120.641138,39.689176,1951.1],[-120.641138,39.689174,1951.1],[-120.641153,39.689175,1951.1],[-120.64115,39.689172,1951.1],[-120.641146,39.689168,1951.1],[-120.641132,39.689169,1951.1],[-120.641131,39.68917,1951.1],[-120.641059,39.689238,1951.1],[-120.641017,39.689245,1951.1],[-120.641014,39.689248,1951.1],[-120.640991,39.689252,1950.7],[-120.640979,39.689254,1950.7],[-120.640984,39.689254,1950.7],[-120.640978,39.689255,1950.7],[-120.640986,39.689256,1950.7],[-120.640973,39.689259,1950.7],[-120.640975,39.689259,1950.7],[-120.640949,39.68926,1950.7],[-120.640911,39.689258,1950.4],[-120.640893,39.68926,1950.4],[-120.640884,39.689258,1950.4],[-120.640908,39.689234,1950.4],[-120.640978,39.68921,1950.7],[-120.641006,39.689206,1950.7],[-120.641017,39.689206,1951.1],[-120.641015,39.689208,1951.1],[-120.641004,39.689215,1950.7],[-120.640949,39.68922,1950.7],[-120.640918,39.689231,1950.7],[-120.64093,39.689248,1950.7],[-120.640941,39.68925,1950.7],[-120.64098,39.689254,1950.7],[-120.641033,39.689255,1951.1],[-120.641055,39.689258,1951.1],[-120.641057,39.68926,1951.1],[-120.641074,39.689261,1951.1],[-120.641095,39.689263,1951.1],[-120.64112,39.689265,1951.4],[-120.641166,39.689268,1951.4],[-120.641189,39.689295,1951.8],[-120.641232,39.689315,1952.2],[-120.641229,39.689324,1952.2],[-120.6412,39.689318,1951.8],[-120.641169,39.689316,1951.8],[-120.641123,39.689321,1951.8],[-120.641077,39.689326,1951.5],[-120.641092,39.68933,1951.5],[-120.641106,39.689334,1951.5],[-120.641121,39.689337,1951.8],[-120.641135,39.689341,1951.8],[-120.64115,39.689345,1951.8],[-120.641246,39.689369,1952.2],[-120.641525,39.689458,1954.4],[-120.641431,39.68945,1953.8],[-120.641536,39.689415,1954.4],[-120.641498,39.689401,1954.4],[-120.641488,39.689398,1954.4],[-120.64139,39.689392,1953.8],[-120.641304,39.68939,1953.2],[-120.641265,39.689379,1952.2],[-120.641246,39.689377,1952.2],[-120.641213,39.689369,1952.2],[-120.641191,39.689364,1951.8],[-120.641185,39.689365,1951.8],[-120.641224,39.6894,1952.7],[-120.641164,39.689411,1952.4],[-120.641188,39.689391,1951.8],[-120.641251,39.689287,1951.9],[-120.641256,39.689273,1951.9],[-120.641256,39.689271,1951.9],[-120.641264,39.689265,1951.9],[-120.64126,39.68924,1951.9],[-120.641256,39.689232,1951.9],[-120.64126,39.689232,1951.9],[-120.641259,39.689244,1951.9],[-120.641417,39.689252,1953.1],[-120.641453,39.689276,1953.1],[-120.641464,39.689271,1953.1],[-120.641458,39.689265,1953.1],[-120.641458,39.689261,1953.1],[-120.641453,39.689254,1953.1],[-120.64145,39.689251,1953.1],[-120.641451,39.689248,1953.1],[-120.641453,39.689256,1953.1],[-120.641353,39.689302,1952.7],[-120.641357,39.689304,1952.7],[-120.641349,39.68934,1952.7],[-120.641446,39.689363,1953.3],[-120.641421,39.689275,1953.1],[-120.641311,39.689273,1952.4],[-120.641295,39.689256,1951.9],[-120.641368,39.689218,1952.4],[-120.641429,39.689195,1952.8],[-120.641438,39.68921,1953.1],[-120.641368,39.688982,1952.1],[-120.641299,39.689002,1951.5],[-120.641282,39.689035,1951.5],[-120.641271,39.689069,1951.5],[-120.641259,39.689103,1951.5],[-120.641317,39.689206,1952.1],[-120.641367,39.689291,1952.4],[-120.641392,39.689316,1952.7],[-120.641406,39.689336,1952.7],[-120.641404,39.689348,1952.7],[-120.641396,39.689351,1952.7],[-120.641414,39.689332,1953.3],[-120.641344,39.689302,1952.4],[-120.641311,39.689299,1951.9],[-120.641151,39.689245,1951.4],[-120.641151,39.689192,1951.1],[-120.641213,39.689147,1951.1],[-120.641227,39.689132,1951.1],[-120.641232,39.689154,1951.6],[-120.641264,39.689161,1951.6],[-120.641295,39.689143,1951.6],[-120.641359,39.689144,1952.1],[-120.641441,39.689151,1952.8],[-120.641494,39.689157,1952.8],[-120.641491,39.689158,1952.8],[-120.641484,39.689132,1952.8],[-120.641492,39.689108,1952.7],[-120.641531,39.689076,1953.5],[-120.641501,39.689058,1952.7],[-120.641451,39.689065,1952.7],[-120.641262,39.689044,1951.5],[-120.641189,39.689028,1951.0],[-120.641174,39.689022,1951.0],[-120.641191,39.689033,1951.0],[-120.641179,39.689039,1951.0],[-120.641177,39.689035,1951.0],[-120.641179,39.689031,1951.0],[-120.641176,39.689028,1951.0],[-120.641305,39.689037,1951.5],[-120.641197,39.68923,1951.4],[-120.641162,39.6892,1951.1],[-120.641146,39.689199,1951.1],[-120.641201,39.689248,1951.4],[-120.641267,39.689253,1951.9],[-120.641355,39.689233,1952.4],[-120.641462,39.689202,1953.1],[-120.641488,39.689193,1952.8],[-120.641507,39.689198,1953.5],[-120.641532,39.689268,1953.8],[-120.641547,39.689303,1954.0],[-120.641568,39.689319,1954.0],[-120.641588,39.689334,1954.0],[-120.641571,39.689328,1954.0],[-120.641378,39.689259,1952.4],[-120.641361,39.689253,1952.4],[-120.641342,39.689226,1952.4],[-120.641443,39.689132,1952.8],[-120.641427,39.689111,1952.8],[-120.641446,39.689105,1952.7],[-120.641463,39.689109,1952.7],[-120.641476,39.689125,1952.8],[-120.64151,39.689149,1952.8],[-120.641543,39.689188,1953.5],[-120.641645,39.689169,1954.3],[-120.641674,39.689171,1954.3],[-120.641576,39.689189,1953.5],[-120.641548,39.689192,1953.5],[-120.641493,39.689198,1952.8],[-120.641465,39.689201,1952.8],[-120.641418,39.689211,1952.4],[-120.641414,39.689222,1952.4],[-120.641369,39.689228,1952.4],[-120.641312,39.689237,1951.9],[-120.641274,39.689233,1951.9],[-120.641211,39.689209,1951.4],[-120.641206,39.68922,1951.4],[-120.641188,39.689236,1951.4],[-120.64117,39.689237,1951.1],[-120.641155,39.689238,1951.1],[-120.641145,39.68924,1951.1],[-120.641258,39.689236,1951.4],[-120.641307,39.689243,1951.9],[-120.641531,39.689261,1953.1],[-120.641629,39.689266,1953.8],[-120.641641,39.68927,1953.8],[-120.641614,39.68927,1953.8],[-120.641592,39.689269,1953.8],[-120.641571,39.689262,1953.8],[-120.641544,39.689254,1953.1],[-120.641543,39.689243,1953.1],[-120.64154,39.68923,1953.1],[-120.641552,39.689216,1953.1],[-120.641538,39.689204,1953.1],[-120.641536,39.689204,1953.1],[-120.641526,39.689198,1953.1],[-120.641513,39.689192,1953.1],[-120.641496,39.689182,1952.8],[-120.641469,39.689178,1952.8],[-120.641443,39.689174,1952.1],[-120.641422,39.689173,1952.1],[-120.641413,39.689178,1952.4],[-120.64138,39.689178,1952.4],[-120.64138,39.689179,1952.4],[-120.641385,39.689178,1952.4],[-120.641379,39.689179,1952.4],[-120.641369,39.689182,1952.4],[-120.641376,39.689178,1952.4],[-120.641386,39.689174,1952.4],[-120.641377,39.689176,1952.4],[-120.641383,39.689175,1952.4],[-120.641376,39.689188,1952.4],[-120.641431,39.689171,1952.1],[-120.641426,39.689168,1952.1],[-120.641416,39.689158,1952.1],[-120.641425,39.689147,1952.1],[-120.64142,39.689165,1952.1],[-120.64141,39.689183,1952.4],[-120.641366,39.689212,1952.4],[-120.641345,39.689226,1951.9],[-120.641323,39.689241,1951.9],[-120.641301,39.689255,1951.9],[-120.641272,39.689319,1952.2],[-120.641167,39.689379,1952.0],[-120.641164,39.689365,1952.0],[-120.641162,39.68936,1951.5],[-120.64114,39.689359,1951.5],[-120.641269,39.689264,1951.9],[-120.641244,39.68926,1951.4],[-120.641147,39.689251,1951.1],[-120.641145,39.689179,1951.1],[-120.641293,39.689139,1951.6],[-120.641353,39.689124,1952.1],[-120.641392,39.689115,1952.1],[-120.641464,39.689151,1952.8],[-120.64129,39.689202,1951.9],[-120.641287,39.6892,1951.9],[-120.641244,39.689241,1951.4],[-120.641327,39.689287,1952.2],[-120.641375,39.689267,1952.7],[-120.641389,39.689239,1952.4],[-120.641356,39.689219,1952.4],[-120.641237,39.689291,1951.8],[-120.641234,39.689289,1951.8],[-120.641061,39.689249,1951.1],[-120.641138,39.689223,1951.1],[-120.64116,39.68922,1951.4],[-120.641297,39.689258,1952.2],[-120.641451,39.689299,1953.3],[-120.641471,39.689308,1953.3],[-120.641492,39.689319,1953.3],[-120.641513,39.689335,1953.3],[-120.641533,39.68936,1954.4],[-120.641528,39.68937,1953.8],[-120.641528,39.689391,1953.8],[-120.641535,39.689421,1954.4],[-120.641537,39.689487,1954.7],[-120.641512,39.689515,1954.3],[-120.641487,39.689545,1954.3],[-120.641464,39.689575,1954.3],[-120.641441,39.689603,1954.3],[-120.641417,39.689628,1954.3],[-120.641393,39.689655,1954.3],[-120.641374,39.689685,1954.3],[-120.641349,39.689702,1954.4],[-120.641315,39.689714,1954.0],[-120.641284,39.689734,1954.0],[-120.641257,39.689746,1954.0],[-120.641237,39.689751,1954.0],[-120.641229,39.689764,1953.6],[-120.641228,39.689783,1953.6],[-120.641226,39.6898,1954.1],[-120.641225,39.689801,1954.1],[-120.641228,39.689806,1954.1],[-120.64123,39.68981,1954.1],[-120.641238,39.689842,1954.4],[-120.641257,39.689886,1954.4],[-120.64128,39.689925,1954.8],[-120.641306,39.68996,1954.8],[-120.641361,39.690007,1955.3],[-120.641379,39.690022,1955.3],[-120.641385,39.690036,1955.3],[-120.641394,39.690055,1955.3],[-120.641407,39.690074,1955.6],[-120.641419,39.690093,1955.6],[-120.641426,39.69011,1955.6],[-120.641431,39.690135,1955.6],[-120.641439,39.690158,1955.6],[-120.641454,39.690184,1955.5],[-120.641475,39.690212,1955.5],[-120.641496,39.69024,1955.5],[-120.641513,39.690265,1955.3],[-120.641526,39.690286,1955.3],[-120.641532,39.690307,1955.3],[-120.641541,39.690337,1955.3],[-120.641543,39.690343,1955.3],[-120.641558,39.690359,1955.6],[-120.641573,39.690374,1955.6],[-120.641593,39.69039,1955.9],[-120.641623,39.690418,1955.9],[-120.641655,39.690452,1955.5],[-120.641686,39.690479,1955.7],[-120.641715,39.690504,1955.7],[-120.641742,39.690531,1955.7],[-120.641746,39.690532,1955.7],[-120.641753,39.690544,1955.1],[-120.641771,39.690558,1955.4],[-120.641791,39.690568,1955.4],[-120.641812,39.690572,1955.4],[-120.641846,39.690588,1955.4],[-120.641882,39.690604,1955.4],[-120.641917,39.69062,1955.4],[-120.641951,39.690634,1955.1],[-120.641983,39.690641,1955.1],[-120.64203,39.69065,1955.1],[-120.642072,39.690668,1955.4],[-120.642102,39.69069,1955.4],[-120.642108,39.690694,1955.4],[-120.642115,39.690698,1955.4],[-120.64212,39.690698,1955.4],[-120.642141,39.690709,1955.8],[-120.642148,39.690719,1955.8],[-120.642158,39.690727,1955.8],[-120.64216,39.69073,1955.8],[-120.642219,39.690761,1955.4],[-120.64223,39.690769,1955.9],[-120.642231,39.690767,1955.9],[-120.64223,39.690765,1955.9],[-120.642228,39.690764,1955.9],[-120.642223,39.690765,1955.4],[-120.642222,39.690766,1955.4],[-120.642224,39.690765,1955.4],[-120.642227,39.690767,1955.4],[-120.642237,39.690769,1955.9],[-120.642244,39.690773,1955.9],[-120.642259,39.690788,1955.9],[-120.642252,39.690822,1955.9],[-120.642246,39.690822,1955.9],[-120.642251,39.690832,1955.9],[-120.642263,39.690853,1955.4],[-120.642277,39.690874,1955.4],[-120.642344,39.69089,1956.2],[-120.642389,39.690897,1956.2],[-120.642447,39.690912,1956.7],[-120.642497,39.690925,1956.7],[-120.642567,39.690935,1957.0],[-120.64261,39.690953,1957.2],[-120.642643,39.690976,1957.2],[-120.642666,39.690993,1957.2],[-120.642688,39.691011,1957.2],[-120.642712,39.691028,1957.2],[-120.642736,39.691041,1957.2],[-120.64275,39.691054,1957.2],[-120.64277,39.691072,1957.2],[-120.642781,39.691085,1957.2],[-120.642795,39.691097,1957.2],[-120.64284,39.691122,1957.2],[-120.642875,39.691127,1957.2],[-120.642979,39.691145,1957.2],[-120.643101,39.691174,1958.0],[-120.643149,39.691204,1958.2],[-120.643165,39.691228,1958.2],[-120.643181,39.691256,1958.8],[-120.643213,39.691292,1959.5],[-120.643251,39.691326,1959.5],[-120.643291,39.69138,1959.6],[-120.6433,39.6914,1960.6],[-120.643308,39.691424,1960.6],[-120.643322,39.691454,1960.6],[-120.643352,39.691519,1961.7],[-120.643382,39.691574,1960.7],[-120.643385,39.691604,1961.1],[-120.643397,39.691652,1961.1],[-120.643399,39.691693,1961.4],[-120.643391,39.691711,1961.4],[-120.64339,39.691713,1961.4],[-120.643396,39.691728,1961.4],[-120.643408,39.691753,1961.4],[-120.643426,39.691783,1961.6],[-120.643457,39.691811,1961.6],[-120.643496,39.691834,1960.3],[-120.643546,39.691858,1960.3],[-120.643617,39.691886,1959.1],[-120.643669,39.691907,1958.1],[-120.643701,39.691909,1958.1],[-120.643722,39.691899,1958.1],[-120.643736,39.691883,1958.1],[-120.643758,39.691857,1957.4],[-120.643788,39.691852,1957.4],[-120.643833,39.691849,1957.4],[-120.643908,39.691839,1956.9],[-120.643936,39.691829,1956.5],[-120.643968,39.691812,1956.5],[-120.644013,39.691798,1956.5],[-120.644048,39.691778,1955.8],[-120.644125,39.691743,1956.0],[-120.644261,39.691702,1955.9],[-120.644304,39.691695,1955.8],[-120.644352,39.691685,1955.8],[-120.644554,39.691611,1956.6],[-120.644591,39.691598,1956.5],[-120.64462,39.691588,1956.5],[-120.64464,39.691577,1957.8],[-120.644656,39.691568,1957.8],[-120.644674,39.691564,1957.4],[-120.644683,39.691564,1957.4],[-120.644693,39.691568,1957.4],[-120.644724,39.691579,1957.4],[-120.644754,39.69158,1957.4],[-120.644783,39.69157,1956.9],[-120.644806,39.691552,1956.9],[-120.644825,39.691532,1956.9],[-120.644849,39.691519,1956.9],[-120.644873,39.691507,1956.5],[-120.644902,39.691495,1956.5],[-120.644937,39.691483,1958.1],[-120.644966,39.691474,1958.1],[-120.645027,39.691467,1958.1],[-120.645066,39.691466,1958.1],[-120.645111,39.691465,1958.1],[-120.645193,39.691468,1958.1],[-120.645236,39.691474,1958.1],[-120.645317,39.6915,1956.6],[-120.64535,39.691508,1956.8],[-120.645378,39.691514,1956.8],[-120.645406,39.691521,1956.8],[-120.645436,39.69153,1957.2],[-120.645469,39.69154,1957.2],[-120.645528,39.691557,1957.6],[-120.645554,39.691556,1957.6],[-120.645585,39.691548,1957.6],[-120.645613,39.691532,1958.0],[-120.64564,39.691516,1958.0],[-120.645672,39.691503,1958.0],[-120.645701,39.691485,1958.4],[-120.645742,39.691464,1959.9],[-120.645782,39.691452,1959.9],[-120.645805,39.691442,1960.5],[-120.645831,39.691439,1960.5],[-120.645856,39.691442,1960.5],[-120.645877,39.691444,1960.5],[-120.645895,39.691448,1961.2],[-120.6459,39.69145,1961.2],[-120.645905,39.691448,1961.2],[-120.645923,39.691446,1961.2],[-120.645942,39.691449,1961.2],[-120.64596,39.691457,1962.0],[-120.645974,39.691473,1962.0],[-120.645984,39.69149,1960.4],[-120.645994,39.691507,1960.4],[-120.646014,39.69152,1960.4],[-120.646042,39.691529,1960.4],[-120.64607,39.691532,1961.1],[-120.646092,39.691528,1961.1],[-120.646117,39.691526,1961.1],[-120.646312,39.691549,1962.5],[-120.646341,39.691542,1963.2],[-120.646364,39.691537,1963.2],[-120.646386,39.691538,1963.2],[-120.646411,39.691543,1963.2],[-120.646441,39.691546,1963.9],[-120.646474,39.691544,1963.9],[-120.646505,39.691541,1963.9],[-120.646529,39.69154,1963.9],[-120.646556,39.69154,1964.5],[-120.646586,39.69154,1964.5],[-120.646616,39.691546,1964.5],[-120.646649,39.69156,1965.0],[-120.646681,39.691579,1963.1],[-120.646709,39.691597,1963.1],[-120.646732,39.691595,1963.6],[-120.646766,39.691598,1963.6],[-120.646805,39.691601,1963.6],[-120.646834,39.6916,1964.0],[-120.646863,39.691592,1964.0],[-120.646941,39.691573,1964.4],[-120.646966,39.691575,1964.4],[-120.646997,39.691583,1964.7],[-120.647032,39.691594,1964.7],[-120.647054,39.691604,1964.7],[-120.647072,39.691614,1964.7],[-120.647091,39.691627,1965.2],[-120.647116,39.691642,1965.2],[-120.647158,39.691664,1963.8],[-120.647192,39.69167,1964.5],[-120.647224,39.691676,1964.5],[-120.647256,39.691677,1964.5],[-120.647286,39.691677,1964.5],[-120.64732,39.691678,1965.3],[-120.647356,39.691675,1965.3],[-120.647369,39.691671,1965.3],[-120.647385,39.691674,1966.1],[-120.647498,39.691704,1966.8],[-120.64753,39.691716,1966.8],[-120.647559,39.691729,1966.8],[-120.647591,39.691742,1967.3],[-120.647673,39.691767,1967.0],[-120.647782,39.691799,1967.3],[-120.647769,39.691789,1967.3],[-120.647768,39.691778,1967.3],[-120.647782,39.691783,1967.3],[-120.647799,39.691794,1967.3],[-120.647787,39.691787,1967.3],[-120.647776,39.69178,1967.3],[-120.647806,39.691794,1967.3],[-120.647848,39.691801,1967.7],[-120.64789,39.691814,1967.7],[-120.647908,39.691834,1967.7],[-120.647939,39.691854,1967.0],[-120.647949,39.691856,1967.2],[-120.647971,39.69188,1967.2],[-120.647983,39.691897,1967.2],[-120.647992,39.691909,1967.2],[-120.648023,39.691933,1967.2],[-120.648022,39.691929,1967.2],[-120.648025,39.691947,1966.3],[-120.64805,39.692035,1965.6],[-120.648045,39.692137,1964.4],[-120.648068,39.692282,1963.7],[-120.648067,39.692326,1962.4],[-120.648067,39.692345,1962.4],[-120.648067,39.692362,1962.4],[-120.648077,39.692375,1962.4],[-120.648095,39.692387,1962.4],[-120.648097,39.692394,1962.4],[-120.648099,39.692434,1961.4],[-120.64813,39.692556,1961.3],[-120.648138,39.692606,1962.5],[-120.648142,39.692641,1962.5],[-120.648141,39.69264,1962.5],[-120.648143,39.692641,1962.5],[-120.648147,39.692643,1962.5],[-120.648149,39.692645,1962.5],[-120.648148,39.69265,1962.5],[-120.648142,39.692658,1962.5],[-120.648126,39.692658,1962.5],[-120.648109,39.692657,1962.5],[-120.648106,39.692658,1962.5],[-120.648101,39.692657,1962.5],[-120.648095,39.692655,1962.5],[-120.648092,39.692656,1962.5],[-120.648086,39.692681,1963.7],[-120.6481,39.692685,1963.7],[-120.648132,39.692699,1963.7],[-120.648145,39.692714,1963.7],[-120.648165,39.692743,1963.7],[-120.648185,39.692764,1964.2],[-120.648201,39.692763,1964.2],[-120.648216,39.692758,1964.2],[-120.648235,39.692754,1964.2],[-120.64827,39.692752,1964.6],[-120.648292,39.692753,1964.6],[-120.648329,39.692744,1964.6],[-120.648344,39.692735,1964.6],[-120.648359,39.692721,1964.6],[-120.648383,39.692711,1965.1],[-120.648407,39.69271,1965.1],[-120.648434,39.692711,1965.1],[-120.648469,39.69271,1965.6],[-120.648495,39.692705,1965.6],[-120.648521,39.692701,1965.6],[-120.648549,39.692696,1966.2],[-120.648574,39.692693,1966.2],[-120.648603,39.692696,1966.2],[-120.648633,39.6927,1967.0],[-120.648656,39.692702,1967.0],[-120.64868,39.692704,1967.0],[-120.648705,39.692705,1967.0],[-120.648733,39.692702,1967.9],[-120.648743,39.692701,1967.9],[-120.648754,39.6927,1967.9],[-120.648784,39.692705,1967.9],[-120.648818,39.692704,1967.9],[-120.64885,39.692706,1968.8],[-120.648874,39.69271,1968.8],[-120.648898,39.692719,1968.8],[-120.648926,39.692728,1969.7],[-120.648932,39.692734,1969.7],[-120.648943,39.692734,1969.7],[-120.648964,39.692741,1969.7],[-120.648973,39.692745,1969.7],[-120.648979,39.692748,1969.7],[-120.648989,39.692758,1969.7],[-120.648993,39.692764,1969.7],[-120.649002,39.692769,1969.7],[-120.649023,39.692789,1972.3],[-120.649055,39.692814,1972.3],[-120.649093,39.692835,1972.3],[-120.649124,39.692853,1972.8],[-120.649146,39.692871,1974.6],[-120.649158,39.692887,1974.6],[-120.649178,39.692904,1974.6],[-120.649197,39.692924,1974.6],[-120.649222,39.692945,1975.1],[-120.649242,39.692961,1976.6],[-120.649262,39.692978,1976.6],[-120.649269,39.692985,1976.6],[-120.649274,39.692988,1976.6],[-120.649286,39.693,1976.6],[-120.649298,39.693014,1976.8],[-120.649302,39.693019,1976.8],[-120.649304,39.69302,1976.8],[-120.649314,39.69303,1976.8],[-120.649319,39.69304,1977.8],[-120.64932,39.693051,1977.8],[-120.649323,39.693069,1977.8],[-120.649333,39.693095,1977.8],[-120.649336,39.693101,1977.8],[-120.649342,39.693113,1977.8],[-120.649352,39.693121,1978.8],[-120.649366,39.693132,1978.8],[-120.649379,39.693148,1978.8],[-120.649389,39.693163,1978.8],[-120.649398,39.693173,1979.2],[-120.649414,39.693186,1979.2],[-120.649438,39.693197,1979.2],[-120.649462,39.693207,1979.2],[-120.649482,39.693212,1979.2],[-120.649501,39.693217,1979.6],[-120.649529,39.693224,1980.6],[-120.649557,39.693231,1980.6],[-120.64958,39.693232,1980.6],[-120.649604,39.693232,1981.0],[-120.649633,39.693236,1981.0],[-120.649657,39.693241,1981.0],[-120.649683,39.693246,1981.4],[-120.649702,39.693247,1981.4],[-120.649719,39.693248,1981.4],[-120.649735,39.693253,1981.4],[-120.649764,39.693261,1981.8],[-120.649787,39.69327,1981.8],[-120.64981,39.693285,1981.8],[-120.649835,39.693304,1982.9],[-120.649867,39.693318,1982.9],[-120.649895,39.693322,1983.2],[-120.649917,39.693319,1983.2],[-120.649937,39.693318,1983.2],[-120.649957,39.693317,1983.2],[-120.649982,39.693316,1983.6],[-120.650008,39.69332,1983.6],[-120.650035,39.693322,1983.6],[-120.65006,39.693322,1983.9],[-120.65008,39.693319,1983.9],[-120.650087,39.693311,1983.9],[-120.650092,39.693306,1983.9],[-120.650104,39.693312,1983.9],[-120.650121,39.693312,1983.9],[-120.65014,39.693312,1983.9],[-120.650156,39.693309,1984.2],[-120.650172,39.693305,1984.2],[-120.650192,39.693306,1984.2],[-120.650219,39.693306,1984.2],[-120.650245,39.693304,1984.5],[-120.650266,39.693303,1984.5],[-120.650293,39.693306,1984.5],[-120.650332,39.693314,1984.9],[-120.650378,39.693322,1984.9],[-120.650403,39.693323,1985.4],[-120.65042,39.69332,1985.4],[-120.650428,39.693319,1985.4],[-120.650448,39.693318,1985.4],[-120.650497,39.693317,1985.6],[-120.650538,39.69332,1985.6],[-120.650585,39.693337,1985.8],[-120.650624,39.693355,1985.8],[-120.650648,39.693366,1985.8],[-120.650663,39.69337,1985.8],[-120.650669,39.693372,1985.8],[-120.650672,39.693377,1987.0],[-120.650672,39.693372,1985.8],[-120.650665,39.693343,1985.8],[-120.650668,39.693347,1985.8],[-120.650673,39.693347,1985.8],[-120.650692,39.693342,1986.2],[-120.650796,39.693392,1987.5],[-120.650816,39.693406,1987.5],[-120.650835,39.693419,1987.5],[-120.650855,39.69343,1987.5],[-120.650906,39.693455,1987.9],[-120.650927,39.69346,1987.9],[-120.650943,39.693463,1987.9],[-120.650955,39.693465,1987.9],[-120.650969,39.69345,1988.2],[-120.650963,39.69343,1987.9],[-120.650941,39.693323,1987.0],[-120.650961,39.693301,1986.2],[-120.650986,39.693282,1986.8],[-120.651006,39.693265,1986.8],[-120.651026,39.693248,1986.8],[-120.651046,39.693231,1986.8],[-120.651061,39.693211,1987.1],[-120.65108,39.693191,1987.1],[-120.651102,39.693177,1987.1],[-120.651147,39.69316,1987.7],[-120.651164,39.693163,1987.7],[-120.65118,39.69317,1987.7],[-120.651194,39.693176,1987.7],[-120.651208,39.693182,1987.7],[-120.651233,39.693192,1988.4],[-120.651247,39.693201,1988.4],[-120.651264,39.69321,1988.4],[-120.651271,39.693215,1989.0],[-120.651278,39.693215,1989.0],[-120.651301,39.693222,1989.0],[-120.651335,39.693229,1989.9],[-120.651368,39.693243,1989.9],[-120.651374,39.693246,1989.9],[-120.651375,39.693253,1989.9],[-120.651375,39.693257,1989.9],[-120.65138,39.693265,1989.9],[-120.651382,39.693274,1989.9],[-120.651391,39.693287,1989.9],[-120.651398,39.693303,1990.6],[-120.651399,39.693303,1990.6],[-120.651404,39.693305,1991.4],[-120.651414,39.69331,1991.4],[-120.651432,39.693319,1991.4],[-120.651454,39.693333,1991.4],[-120.651478,39.69335,1991.4],[-120.651496,39.693367,1992.1],[-120.651513,39.693377,1992.1],[-120.65153,39.693387,1992.1],[-120.651551,39.693403,1992.9],[-120.651579,39.693425,1992.9],[-120.651588,39.693429,1993.7],[-120.65159,39.693442,1993.7],[-120.651589,39.693445,1993.7],[-120.651601,39.693461,1993.7],[-120.651625,39.693485,1993.7],[-120.651657,39.693511,1994.9],[-120.651686,39.693528,1995.6],[-120.651693,39.693532,1995.6],[-120.651701,39.693539,1995.6],[-120.65172,39.693559,1995.6],[-120.651743,39.693585,1996.9],[-120.651749,39.693587,1996.9],[-120.651758,39.693589,1996.9],[-120.651763,39.693591,1997.7],[-120.651772,39.693605,1997.7],[-120.651787,39.693621,1997.7],[-120.651808,39.693639,1997.7],[-120.651839,39.693653,1997.7],[-120.65188,39.693668,1998.3],[-120.651909,39.69367,1998.3],[-120.651933,39.693673,1998.3],[-120.651967,39.693682,2000.3],[-120.652025,39.693697,2000.3],[-120.652091,39.693715,2001.1],[-120.652132,39.693714,2001.9],[-120.652155,39.693708,2001.9],[-120.65217,39.693696,2001.9],[-120.652189,39.693684,2001.9],[-120.652211,39.693676,2000.1],[-120.652237,39.693676,2000.8],[-120.652269,39.693684,2002.7],[-120.652301,39.693695,2002.7],[-120.652326,39.693706,2003.5],[-120.652331,39.693712,2003.5],[-120.652339,39.693714,2003.5],[-120.652351,39.693721,2003.5],[-120.65237,39.693729,2003.5],[-120.652394,39.693739,2003.5],[-120.652417,39.693749,2004.1],[-120.652439,39.693759,2004.1],[-120.652449,39.69377,2006.3],[-120.652459,39.693783,2006.3],[-120.652488,39.693799,2006.3],[-120.652526,39.69381,2007.0],[-120.652559,39.693817,2007.0],[-120.652585,39.693821,2007.0],[-120.652613,39.693824,2007.6],[-120.652644,39.693832,2007.6],[-120.652678,39.693834,2007.6],[-120.652717,39.693837,2008.3],[-120.652751,39.693835,2008.3],[-120.652782,39.693825,2008.9],[-120.652816,39.693825,2008.9],[-120.652849,39.693827,2008.9],[-120.65288,39.693832,2009.3],[-120.652916,39.693839,2009.3],[-120.652945,39.693835,2009.3],[-120.652966,39.693815,2009.3],[-120.652996,39.693805,2009.6],[-120.653046,39.69382,2009.6],[-120.6531,39.693839,2009.8],[-120.653139,39.693842,2009.8],[-120.653168,39.693835,2010.0],[-120.65319,39.693825,2010.0],[-120.65321,39.693817,2010.0],[-120.653234,39.693809,2010.0],[-120.653269,39.693795,2010.1],[-120.653282,39.693789,2010.1],[-120.653309,39.693785,2010.1],[-120.653355,39.693775,2010.2],[-120.653398,39.693764,2010.2],[-120.653484,39.693753,2008.7],[-120.653525,39.693748,2008.7],[-120.653555,39.693723,2008.9],[-120.653591,39.693708,2008.9],[-120.653629,39.693699,2009.0],[-120.653716,39.6937,2009.2],[-120.653755,39.693702,2009.2],[-120.653779,39.693691,2009.2],[-120.653796,39.693681,2009.2],[-120.65382,39.69368,2009.3],[-120.653868,39.693686,2009.3],[-120.653925,39.693689,2009.4],[-120.653986,39.693691,2009.7],[-120.654024,39.693696,2009.7],[-120.654048,39.693696,2009.7],[-120.654071,39.693695,2009.7],[-120.654111,39.693695,2010.0],[-120.654143,39.69369,2010.0],[-120.654167,39.693676,2010.0],[-120.654195,39.693661,2009.4],[-120.654231,39.693656,2009.4],[-120.654267,39.693664,2010.1],[-120.654303,39.693673,2010.1],[-120.654341,39.693671,2010.1],[-120.654376,39.693653,2010.7],[-120.65441,39.693645,2010.7],[-120.654447,39.693638,2010.7],[-120.654473,39.69362,2011.0],[-120.6545,39.693592,2010.3],[-120.654533,39.693563,2010.3],[-120.654565,39.693535,2010.7],[-120.654576,39.693506,2010.7],[-120.654553,39.693473,2010.2],[-120.654538,39.693448,2009.6],[-120.654534,39.693441,2009.6],[-120.654529,39.693435,2009.6],[-120.654522,39.693419,2009.2],[-120.654522,39.693401,2009.2],[-120.654582,39.693402,2009.6],[-120.654706,39.69344,2010.6],[-120.654749,39.693456,2010.7],[-120.654784,39.693474,2010.7],[-120.654819,39.69349,2010.7],[-120.654862,39.693508,2011.4],[-120.654902,39.693517,2011.4],[-120.65494,39.693523,2011.5],[-120.65497,39.69353,2011.5],[-120.655003,39.693538,2011.5],[-120.655041,39.693559,2011.5],[-120.655079,39.693555,2011.5],[-120.655213,39.693602,2012.0],[-120.655235,39.693607,2012.0],[-120.655256,39.693615,2012.0],[-120.655281,39.693618,2012.0],[-120.655304,39.693613,2011.6],[-120.655328,39.693599,2011.6],[-120.655355,39.693579,2011.3],[-120.655424,39.69353,2011.4],[-120.655458,39.69352,2011.4],[-120.655488,39.693508,2011.4],[-120.655507,39.693492,2011.5],[-120.655528,39.693476,2011.7],[-120.655556,39.693462,2011.7],[-120.655582,39.693449,2012.0],[-120.655612,39.693439,2012.0],[-120.655641,39.693428,2012.0],[-120.655661,39.693417,2012.0],[-120.655681,39.693401,2012.3],[-120.655706,39.693385,2012.6],[-120.655726,39.693364,2012.6],[-120.655748,39.693352,2012.6],[-120.65577,39.693348,2012.8],[-120.655793,39.693342,2012.8],[-120.655815,39.693331,2012.8],[-120.655835,39.693317,2012.8],[-120.655854,39.693306,2012.8],[-120.655874,39.6933,2013.3],[-120.655899,39.693299,2013.3],[-120.655925,39.693297,2013.3],[-120.655952,39.693295,2013.5],[-120.655979,39.693286,2013.5],[-120.656009,39.693275,2013.5],[-120.656031,39.693258,2013.5],[-120.656057,39.693243,2013.6],[-120.656084,39.693229,2013.6],[-120.656118,39.693217,2013.6],[-120.656152,39.693204,2013.7],[-120.656181,39.693194,2014.3],[-120.656202,39.693187,2014.3],[-120.656212,39.693188,2014.3],[-120.656216,39.693187,2014.3],[-120.656232,39.693189,2014.5],[-120.656251,39.693193,2014.5],[-120.656269,39.693197,2014.5],[-120.656289,39.693203,2014.5],[-120.656307,39.693208,2014.0],[-120.656324,39.693206,2014.2],[-120.656351,39.693203,2014.2],[-120.656391,39.69321,2014.2],[-120.656434,39.693216,2014.3],[-120.65648,39.693221,2014.3],[-120.656526,39.693219,2014.4],[-120.656575,39.693208,2014.4],[-120.656624,39.693192,2014.4],[-120.656666,39.693173,2014.7],[-120.656711,39.693151,2014.5],[-120.65675,39.693131,2014.5],[-120.656974,39.693083,2013.3],[-120.657017,39.693067,2013.3],[-120.657089,39.693026,2013.1],[-120.657123,39.693001,2013.9],[-120.657165,39.692978,2013.7],[-120.657208,39.692957,2013.7],[-120.657266,39.692913,2013.4],[-120.657294,39.692888,2014.1],[-120.65732,39.692864,2014.1],[-120.657355,39.69284,2013.7],[-120.65739,39.692817,2013.7],[-120.657439,39.692768,2013.8],[-120.657456,39.692743,2013.8],[-120.657447,39.692705,2014.5],[-120.657481,39.692672,2014.5],[-120.657533,39.692615,2014.6],[-120.657555,39.692588,2014.6],[-120.657576,39.692566,2014.6],[-120.657593,39.692546,2014.6],[-120.657606,39.692529,2015.3],[-120.657616,39.69251,2014.7],[-120.65762,39.692483,2014.7],[-120.657617,39.692456,2014.7],[-120.657626,39.692426,2015.3],[-120.657634,39.692396,2015.3],[-120.657636,39.692367,2015.3],[-120.657639,39.692277,2016.3],[-120.657645,39.692255,2017.4],[-120.657685,39.692146,2018.9],[-120.657703,39.692119,2018.0],[-120.657717,39.692088,2018.0],[-120.657728,39.692061,2019.5],[-120.657754,39.692047,2019.5],[-120.657787,39.692031,2019.5],[-120.65782,39.692014,2019.0],[-120.65787,39.692009,2019.0],[-120.657924,39.692003,2018.4],[-120.657978,39.69201,2018.4],[-120.65803,39.692026,2017.7],[-120.658081,39.69205,2017.7],[-120.658123,39.692071,2017.1],[-120.658159,39.692087,2015.7],[-120.658187,39.692097,2015.4],[-120.658216,39.692107,2015.4],[-120.658263,39.692112,2014.7],[-120.658307,39.692114,2014.7],[-120.658346,39.69211,2014.7],[-120.658406,39.692124,2014.0],[-120.65847,39.692121,2013.3],[-120.658544,39.692117,2013.3],[-120.658617,39.692108,2012.5],[-120.658687,39.692098,2011.8],[-120.658939,39.692063,2009.7],[-120.659027,39.692035,2008.7],[-120.659184,39.691959,2008.6],[-120.659211,39.691899,2008.7],[-120.659248,39.691855,2008.7],[-120.659314,39.691763,2009.1],[-120.659333,39.691713,2009.1],[-120.659363,39.691672,2010.4],[-120.659398,39.691644,2009.9],[-120.659442,39.691623,2009.9],[-120.659486,39.691608,2010.4],[-120.659529,39.69159,2010.4],[-120.659564,39.69157,2010.4],[-120.659592,39.691543,2009.4],[-120.659659,39.691464,2010.7],[-120.659688,39.691432,2011.0],[-120.659728,39.691367,2011.0],[-120.659748,39.691334,2011.0],[-120.659767,39.691304,2012.0],[-120.659792,39.691277,2012.0],[-120.65982,39.691257,2012.0],[-120.659846,39.691241,2013.6],[-120.659867,39.691217,2013.6],[-120.659885,39.691195,2013.6],[-120.659904,39.691175,2013.6],[-120.659915,39.691149,2015.0],[-120.659924,39.691117,2015.0],[-120.659925,39.69108,2015.0],[-120.659934,39.691014,2016.3],[-120.659944,39.690994,2016.2],[-120.659964,39.690885,2017.1],[-120.659965,39.690859,2017.7],[-120.65998,39.690821,2017.7],[-120.659991,39.690802,2017.7],[-120.659998,39.690782,2018.1],[-120.660005,39.690759,2018.1],[-120.660009,39.690737,2018.1],[-120.660016,39.690711,2018.1],[-120.660025,39.690684,2017.6],[-120.660068,39.690612,2017.6],[-120.660073,39.690586,2017.7],[-120.660099,39.690477,2017.9],[-120.66012,39.69042,2016.9],[-120.660124,39.690404,2016.9],[-120.660126,39.690387,2016.9],[-120.660113,39.690359,2017.7],[-120.660096,39.690329,2017.5],[-120.660088,39.690308,2017.5],[-120.660088,39.690289,2017.5],[-120.660086,39.69027,2017.5],[-120.660086,39.690253,2017.7],[-120.660083,39.690229,2017.7],[-120.660081,39.690204,2017.7],[-120.660079,39.690185,2017.7],[-120.660077,39.690165,2017.9],[-120.66008,39.690149,2017.9],[-120.660076,39.690126,2017.9],[-120.660093,39.690112,2017.9],[-120.660108,39.690104,2017.9],[-120.660116,39.690093,2016.8],[-120.660124,39.69008,2016.8],[-120.660132,39.690064,2017.0],[-120.660143,39.690051,2017.0],[-120.660151,39.690036,2017.0],[-120.660159,39.690024,2017.0],[-120.660162,39.690012,2017.0],[-120.660159,39.689997,2017.0],[-120.660156,39.689982,2017.0],[-120.660151,39.689963,2017.3],[-120.660149,39.689948,2017.3],[-120.660143,39.689929,2017.3],[-120.66014,39.689913,2017.3],[-120.660136,39.689897,2017.3],[-120.660094,39.689849,2018.8],[-120.660075,39.689822,2018.8],[-120.66004,39.689775,2019.4],[-120.660017,39.689729,2019.4],[-120.65998,39.689673,2021.3],[-120.66002,39.689637,2020.2],[-120.660175,39.689532,2019.6],[-120.660184,39.689493,2020.4],[-120.660194,39.689423,2021.1],[-120.660194,39.689402,2021.1],[-120.660193,39.68938,2021.1],[-120.660198,39.689355,2021.1],[-120.660211,39.689329,2020.7],[-120.660267,39.689269,2020.7],[-120.660304,39.689237,2020.5],[-120.660401,39.689149,2020.8],[-120.660434,39.689122,2020.8],[-120.660479,39.689092,2020.0],[-120.660534,39.689066,2021.4],[-120.660607,39.689013,2020.7],[-120.660638,39.688985,2022.3],[-120.660679,39.68895,2021.6],[-120.660728,39.688916,2021.6],[-120.660823,39.688889,2022.7],[-120.660876,39.688874,2021.8],[-120.660912,39.688854,2021.8],[-120.660931,39.688824,2021.8],[-120.660949,39.688788,2021.9],[-120.66101,39.688696,2022.7],[-120.661048,39.688656,2021.0],[-120.661085,39.68862,2021.7],[-120.661122,39.68859,2020.2],[-120.661179,39.688544,2020.2],[-120.661211,39.688518,2019.2],[-120.661233,39.688493,2019.2],[-120.661249,39.688466,2019.2],[-120.661289,39.688441,2019.5],[-120.661339,39.688405,2018.2],[-120.661424,39.688338,2017.8],[-120.661455,39.688305,2017.8],[-120.66151,39.688258,2017.7],[-120.661542,39.688246,2017.7],[-120.661572,39.688234,2017.7],[-120.661593,39.688219,2016.5],[-120.661613,39.6882,2016.5],[-120.661639,39.688184,2018.1],[-120.661672,39.688169,2016.8],[-120.661706,39.688158,2016.8],[-120.661737,39.688147,2016.8],[-120.661754,39.688133,2016.8],[-120.661772,39.68812,2015.8],[-120.6618,39.688109,2015.8],[-120.661834,39.688091,2017.5],[-120.661875,39.68808,2016.7],[-120.661911,39.688065,2016.7],[-120.661978,39.688028,2016.0],[-120.662056,39.687981,2017.6],[-120.662089,39.687971,2017.6],[-120.662122,39.68796,2017.6],[-120.662154,39.68795,2017.2],[-120.662191,39.687947,2017.2],[-120.662233,39.687949,2017.1],[-120.662274,39.687949,2017.1],[-120.662313,39.687944,2017.1],[-120.662326,39.687943,2017.3],[-120.662354,39.687943,2017.3],[-120.662381,39.687936,2017.3],[-120.662444,39.687931,2017.6],[-120.662482,39.687931,2017.6],[-120.662517,39.687921,2019.2],[-120.662638,39.687881,2019.2],[-120.662782,39.687791,2020.6],[-120.662818,39.687766,2020.4],[-120.662923,39.687689,2021.4],[-120.66297,39.687657,2020.8],[-120.662989,39.687638,2022.3],[-120.663012,39.687621,2022.3],[-120.663035,39.687606,2022.3],[-120.66306,39.687594,2021.5],[-120.663092,39.687583,2021.5],[-120.663114,39.687572,2021.5],[-120.663135,39.687564,2021.5],[-120.663148,39.687548,2021.5],[-120.663157,39.687528,2022.3],[-120.663164,39.687506,2022.3],[-120.663175,39.687486,2022.3],[-120.663187,39.687465,2022.3],[-120.663207,39.687448,2023.6],[-120.663232,39.687436,2023.6],[-120.663274,39.687427,2023.1],[-120.663324,39.687416,2023.1],[-120.66337,39.687406,2022.5],[-120.663414,39.687396,2022.5],[-120.663453,39.687386,2021.6],[-120.663487,39.687378,2021.6],[-120.66352,39.687371,2021.6],[-120.663544,39.68736,2021.6],[-120.663566,39.687346,2021.6],[-120.663593,39.687336,2021.6],[-120.663618,39.68732,2021.6],[-120.663649,39.6873,2021.1],[-120.663695,39.687289,2021.1],[-120.663744,39.687275,2020.9],[-120.663804,39.687268,2021.8],[-120.663876,39.687272,2021.6],[-120.663972,39.687284,2020.8],[-120.664023,39.687296,2020.9],[-120.664075,39.687307,2020.9],[-120.664131,39.687322,2021.4],[-120.664174,39.687356,2021.4],[-120.66431,39.687456,2021.8],[-120.664327,39.68747,2020.8],[-120.664346,39.687488,2020.8],[-120.664366,39.687504,2021.4],[-120.664385,39.687525,2021.4],[-120.664406,39.687549,2021.4],[-120.664443,39.687589,2020.6],[-120.664449,39.687597,2020.6],[-120.664458,39.687609,2020.7],[-120.664514,39.687693,2019.7],[-120.66454,39.687733,2019.7],[-120.664583,39.687841,2019.3],[-120.66462,39.687897,2019.3],[-120.664642,39.687943,2019.8],[-120.66466,39.687968,2019.8],[-120.664682,39.687994,2019.8],[-120.664713,39.68803,2020.4],[-120.664745,39.688061,2021.2],[-120.664776,39.688091,2021.2],[-120.664807,39.68812,2021.0],[-120.664837,39.688147,2021.8],[-120.664867,39.688173,2021.8],[-120.664891,39.688191,2021.9],[-120.664907,39.688211,2021.9],[-120.664918,39.688237,2022.8],[-120.664919,39.688265,2022.8],[-120.664916,39.688293,2022.8],[-120.664921,39.688332,2022.8],[-120.664927,39.688375,2022.6],[-120.664929,39.68842,2022.6],[-120.664922,39.68846,2022.8],[-120.664912,39.688493,2022.8],[-120.664899,39.68852,2022.0],[-120.664885,39.688546,2022.3],[-120.664878,39.688573,2022.3],[-120.664886,39.688608,2022.3],[-120.664902,39.688644,2023.7],[-120.66492,39.688676,2023.7],[-120.664944,39.688699,2023.7],[-120.664971,39.688716,2024.5],[-120.664994,39.688723,2025.2],[-120.665024,39.688728,2025.2],[-120.66506,39.688738,2025.2],[-120.665088,39.688742,2025.8],[-120.665109,39.688734,2025.8],[-120.665128,39.688725,2025.8],[-120.665152,39.688715,2025.1],[-120.66518,39.688698,2025.9],[-120.665213,39.688683,2025.9],[-120.665253,39.688664,2025.9],[-120.665281,39.688654,2027.6],[-120.665301,39.688643,2027.6],[-120.665321,39.688629,2027.8],[-120.665348,39.688617,2027.8],[-120.665376,39.688607,2030.6],[-120.665407,39.688599,2030.6],[-120.665431,39.688591,2030.6],[-120.665449,39.688583,2030.6],[-120.665467,39.68857,2032.8],[-120.665483,39.688556,2032.8],[-120.665498,39.68854,2032.8],[-120.665515,39.688522,2033.2],[-120.665536,39.688509,2034.3],[-120.665566,39.688504,2034.3],[-120.665589,39.688496,2034.3],[-120.665602,39.688481,2034.3],[-120.665604,39.688459,2034.3],[-120.665617,39.68844,2035.4],[-120.665627,39.688418,2035.4],[-120.665633,39.688397,2036.3],[-120.665635,39.688374,2036.3],[-120.665634,39.688348,2037.8],[-120.66563,39.688321,2037.8],[-120.665635,39.688302,2037.8],[-120.665648,39.688283,2037.8],[-120.665659,39.688263,2039.1],[-120.66567,39.688247,2039.1],[-120.665672,39.688243,2039.1],[-120.665678,39.688244,2039.1],[-120.665688,39.688233,2039.1],[-120.665698,39.688216,2039.1],[-120.66571,39.6882,2039.1],[-120.665721,39.68818,2039.7],[-120.665731,39.68816,2040.9],[-120.665748,39.688145,2040.9],[-120.665763,39.688127,2040.9],[-120.665782,39.688108,2040.9],[-120.665802,39.688087,2041.9],[-120.665826,39.688068,2042.5],[-120.665841,39.688041,2042.5],[-120.665849,39.688015,2042.5],[-120.665856,39.687992,2043.4],[-120.665862,39.687968,2043.4],[-120.665871,39.687948,2043.4],[-120.665874,39.687927,2043.4],[-120.665876,39.687907,2043.4],[-120.66588,39.687888,2043.4],[-120.665888,39.68787,2043.4],[-120.665895,39.687851,2043.9],[-120.665903,39.687834,2043.9],[-120.665916,39.687817,2044.7],[-120.665936,39.687804,2044.7],[-120.665965,39.687793,2044.7],[-120.665991,39.687777,2045.4],[-120.666012,39.68776,2045.4],[-120.666031,39.687746,2045.4],[-120.666047,39.687737,2045.4],[-120.666066,39.687733,2045.9],[-120.66609,39.687728,2047.0],[-120.666114,39.687722,2047.0],[-120.666135,39.687714,2047.0],[-120.666154,39.687706,2047.0],[-120.66618,39.687693,2047.8],[-120.666208,39.687676,2047.8],[-120.666237,39.687662,2047.8],[-120.666261,39.687647,2049.7],[-120.66628,39.68763,2049.7],[-120.666298,39.687612,2049.7],[-120.666317,39.687597,2049.7],[-120.666336,39.687583,2049.7],[-120.666356,39.687566,2050.3],[-120.666374,39.687549,2051.3],[-120.666389,39.687529,2051.3],[-120.666403,39.687512,2051.3],[-120.666414,39.687492,2051.3],[-120.666427,39.687471,2051.9],[-120.666444,39.687453,2052.4],[-120.666465,39.687439,2052.4],[-120.66649,39.687423,2052.4],[-120.666517,39.687405,2052.4],[-120.666541,39.687393,2052.4],[-120.666569,39.687383,2053.2],[-120.666596,39.687375,2053.2],[-120.666619,39.687368,2053.2],[-120.666642,39.687356,2052.7],[-120.666672,39.687341,2052.7],[-120.666706,39.687325,2052.7],[-120.666744,39.68731,2052.0],[-120.666781,39.687291,2052.7],[-120.666816,39.687275,2052.7],[-120.666856,39.687261,2051.6],[-120.6669,39.687244,2051.6],[-120.666942,39.687219,2050.3],[-120.666985,39.687191,2050.3],[-120.667078,39.687148,2048.8],[-120.667183,39.687123,2047.4],[-120.667286,39.687075,2046.0],[-120.667369,39.686998,2044.9],[-120.667413,39.686957,2043.5],[-120.667473,39.686923,2044.6],[-120.667541,39.6869,2043.7],[-120.667607,39.686878,2042.9],[-120.667663,39.686854,2042.9],[-120.667713,39.686824,2043.6],[-120.667761,39.686789,2043.6],[-120.667796,39.686751,2044.1],[-120.667843,39.686683,2044.1],[-120.667872,39.686653,2044.8],[-120.667892,39.686624,2044.8],[-120.667925,39.686598,2044.8],[-120.667964,39.686582,2045.2],[-120.668002,39.686573,2045.2],[-120.668034,39.686564,2045.2],[-120.668065,39.686559,2044.4],[-120.668148,39.686539,2043.6],[-120.66818,39.68652,2043.6],[-120.668212,39.686494,2043.6],[-120.668248,39.686472,2043.6],[-120.668332,39.686424,2043.6],[-120.66838,39.6864,2042.7],[-120.668565,39.686299,2041.1],[-120.668576,39.686272,2041.1],[-120.668573,39.686244,2041.1],[-120.668561,39.686219,2041.1],[-120.668538,39.686192,2041.1],[-120.668521,39.686168,2041.1],[-120.668516,39.686144,2041.1],[-120.668514,39.686119,2041.1],[-120.668526,39.686103,2041.1],[-120.668548,39.686094,2041.1],[-120.668571,39.686084,2041.1],[-120.66856,39.686052,2041.1],[-120.668559,39.686025,2042.0],[-120.668556,39.686001,2042.0],[-120.668624,39.685991,2039.4],[-120.668647,39.685992,2039.4],[-120.668648,39.685976,2039.4],[-120.668656,39.685941,2040.6],[-120.668686,39.685934,2040.6],[-120.668724,39.685924,2038.7],[-120.668762,39.685913,2038.7],[-120.668798,39.6859,2037.7],[-120.668841,39.685886,2037.7],[-120.668905,39.68588,2037.2],[-120.669012,39.685855,2038.0],[-120.669053,39.685834,2038.0],[-120.669141,39.68578,2037.3],[-120.669187,39.685754,2037.7],[-120.669243,39.685732,2037.0],[-120.66961,39.685622,2036.2],[-120.669669,39.685617,2036.2],[-120.669716,39.685617,2036.3],[-120.669759,39.685625,2036.3],[-120.669799,39.685634,2036.2],[-120.669835,39.685642,2036.2],[-120.669873,39.68565,2036.2],[-120.669913,39.685657,2036.1],[-120.669946,39.685665,2035.5],[-120.669983,39.685669,2035.4],[-120.670123,39.685673,2035.1],[-120.670217,39.685676,2034.7],[-120.670254,39.685666,2035.1],[-120.670281,39.685648,2035.1],[-120.670313,39.685633,2035.1],[-120.670351,39.685624,2034.9],[-120.670386,39.685613,2034.9],[-120.670412,39.685598,2034.9],[-120.670428,39.68558,2034.9],[-120.670444,39.685558,2035.5],[-120.670474,39.68555,2035.5],[-120.670512,39.68555,2035.5],[-120.670547,39.685551,2035.6],[-120.670575,39.685542,2035.6],[-120.670598,39.685527,2035.6],[-120.67068,39.685422,2035.9],[-120.670725,39.685369,2035.9],[-120.670766,39.685359,2035.9],[-120.670884,39.685361,2035.7],[-120.670915,39.685358,2035.7],[-120.670948,39.685355,2035.7],[-120.671012,39.685332,2035.9],[-120.671052,39.685321,2035.9],[-120.671086,39.68531,2036.2],[-120.671116,39.685296,2036.2],[-120.671139,39.685271,2035.8],[-120.671169,39.685249,2035.8],[-120.671193,39.685227,2036.1],[-120.671214,39.685211,2036.1],[-120.671249,39.685184,2035.7],[-120.671287,39.685157,2035.8],[-120.671326,39.685128,2035.8],[-120.671439,39.685057,2035.5],[-120.671522,39.685002,2035.3],[-120.671634,39.684926,2035.2],[-120.671672,39.684912,2035.9],[-120.671712,39.684903,2035.9],[-120.671755,39.684895,2035.7],[-120.671789,39.684881,2035.7],[-120.671821,39.684863,2035.7],[-120.671881,39.68483,2035.5],[-120.671894,39.684807,2036.2],[-120.671906,39.684778,2036.2],[-120.671927,39.684751,2036.2],[-120.67194,39.684723,2036.7],[-120.671962,39.684704,2036.3],[-120.671953,39.684664,2036.7],[-120.671947,39.684629,2037.3],[-120.671945,39.684597,2037.3],[-120.671946,39.684569,2037.3],[-120.671947,39.684544,2038.3],[-120.671945,39.68452,2038.3],[-120.671948,39.6845,2038.3],[-120.671969,39.684484,2036.9],[-120.671997,39.684466,2036.9],[-120.672029,39.684444,2037.5],[-120.672058,39.684414,2035.6],[-120.672127,39.684365,2035.6],[-120.672164,39.684345,2034.3],[-120.672201,39.684329,2034.3],[-120.672219,39.684301,2034.3],[-120.672242,39.684275,2033.8],[-120.67226,39.684251,2033.8],[-120.672303,39.684204,2033.8],[-120.672407,39.68413,2034.6],[-120.67244,39.684119,2034.1],[-120.67247,39.684108,2034.1],[-120.6725,39.684103,2034.1],[-120.672536,39.684103,2033.8],[-120.672566,39.684099,2033.8],[-120.672593,39.684095,2033.8],[-120.672615,39.684091,2033.7],[-120.672637,39.684085,2033.7],[-120.672668,39.684085,2033.7],[-120.672707,39.684093,2033.8],[-120.672827,39.684124,2034.4],[-120.672851,39.684123,2034.4],[-120.672883,39.684134,2034.4],[-120.672918,39.68415,2034.9],[-120.672984,39.684171,2034.9],[-120.673008,39.684177,2034.9],[-120.673034,39.684195,2034.9],[-120.673053,39.684208,2034.9],[-120.673074,39.684213,2034.9],[-120.673093,39.684222,2034.6],[-120.673114,39.684231,2034.6],[-120.673122,39.684237,2034.6],[-120.673132,39.684235,2034.6],[-120.673144,39.684238,2034.6],[-120.673163,39.684243,2034.6],[-120.673185,39.684263,2034.0],[-120.673194,39.684264,2034.0],[-120.673212,39.684271,2034.0],[-120.673234,39.684277,2034.0],[-120.673254,39.684279,2034.0],[-120.673272,39.684279,2034.3],[-120.673277,39.68428,2034.3],[-120.67329,39.684279,2034.3],[-120.673313,39.684278,2034.3],[-120.673346,39.684278,2034.3],[-120.673372,39.684273,2034.7],[-120.673402,39.684274,2034.7],[-120.673429,39.684273,2034.7],[-120.673451,39.684273,2035.2],[-120.673471,39.684264,2035.2],[-120.673499,39.684263,2035.2],[-120.673521,39.684263,2035.2],[-120.673542,39.684259,2035.7],[-120.673569,39.684254,2035.7],[-120.673596,39.684252,2035.7],[-120.673618,39.684247,2035.7],[-120.67364,39.684243,2036.4],[-120.673658,39.684236,2037.3],[-120.673675,39.684231,2037.3],[-120.673691,39.684233,2037.3],[-120.673711,39.684238,2037.3],[-120.673741,39.684244,2037.6],[-120.673774,39.684245,2037.6],[-120.673804,39.684243,2037.6],[-120.673825,39.684236,2039.9],[-120.673839,39.684228,2039.9],[-120.67385,39.684218,2039.9],[-120.673866,39.684211,2039.9],[-120.673875,39.684212,2039.9],[-120.673875,39.68421,2039.9],[-120.673873,39.684204,2039.9],[-120.673872,39.684195,2039.9],[-120.673869,39.684192,2039.9],[-120.673883,39.684205,2039.9],[-120.673891,39.684207,2039.9],[-120.673896,39.684208,2041.8],[-120.673896,39.684209,2041.8],[-120.6739,39.684211,2041.8],[-120.673899,39.684201,2041.8],[-120.673975,39.684152,2042.2],[-120.674084,39.684127,2044.4],[-120.674101,39.684127,2044.4],[-120.674135,39.684128,2044.4],[-120.67417,39.684119,2044.4],[-120.674228,39.684098,2045.4],[-120.674244,39.684093,2045.4],[-120.674261,39.684078,2046.5],[-120.674282,39.684065,2046.5],[-120.674298,39.684059,2046.5],[-120.674312,39.684051,2046.5],[-120.67433,39.684042,2046.5],[-120.67435,39.684036,2046.4],[-120.674365,39.68403,2046.4],[-120.674397,39.684028,2046.4],[-120.674419,39.684027,2046.4],[-120.674436,39.68401,2046.4],[-120.674451,39.684006,2047.1],[-120.674466,39.684005,2047.1],[-120.674478,39.684008,2047.1],[-120.674497,39.684007,2047.1],[-120.674518,39.684007,2047.1],[-120.674538,39.684004,2047.1],[-120.674556,39.684,2048.2],[-120.674574,39.683998,2048.2],[-120.674593,39.683996,2048.2],[-120.674614,39.683997,2048.2],[-120.674635,39.683999,2050.2],[-120.674652,39.683996,2050.2],[-120.674667,39.68399,2050.2],[-120.674688,39.683986,2050.2],[-120.674705,39.683983,2050.2],[-120.674721,39.68398,2052.7],[-120.674741,39.683974,2051.9],[-120.674758,39.683973,2051.9],[-120.674774,39.683966,2051.9],[-120.674787,39.683956,2051.9],[-120.6748,39.683949,2051.9],[-120.674812,39.683943,2054.4],[-120.674818,39.683936,2054.4],[-120.674821,39.683923,2054.4],[-120.674823,39.683902,2054.4],[-120.674826,39.683876,2055.3],[-120.674834,39.683849,2055.3],[-120.67484,39.683831,2055.3],[-120.674848,39.683815,2057.5],[-120.674852,39.683799,2057.5],[-120.67486,39.683788,2057.5],[-120.674862,39.683775,2057.5],[-120.674862,39.68376,2057.5],[-120.674863,39.683743,2057.5],[-120.674872,39.683729,2057.5],[-120.674865,39.68371,2059.8],[-120.674857,39.683692,2059.8],[-120.674851,39.683674,2059.8],[-120.674853,39.683657,2059.8],[-120.674848,39.683642,2059.8],[-120.674846,39.683629,2059.8],[-120.674848,39.683616,2062.5],[-120.674852,39.683597,2062.5],[-120.674853,39.683577,2062.5],[-120.67485,39.68356,2062.5],[-120.674845,39.683551,2062.5],[-120.674841,39.683547,2062.5],[-120.674839,39.683552,2062.5],[-120.67483,39.683542,2062.5],[-120.674817,39.68353,2062.8],[-120.674813,39.683515,2064.8],[-120.674805,39.683498,2064.8],[-120.674799,39.683484,2064.8],[-120.674794,39.683471,2064.8],[-120.67479,39.683459,2064.8],[-120.674782,39.683447,2064.8],[-120.674771,39.683436,2064.8],[-120.674756,39.683423,2064.8],[-120.674741,39.683412,2067.0],[-120.674728,39.683402,2067.0],[-120.674712,39.683394,2067.0],[-120.674697,39.683388,2067.0],[-120.674686,39.683378,2067.0],[-120.674677,39.683369,2067.0],[-120.674669,39.68336,2067.0],[-120.674661,39.68335,2067.0],[-120.674653,39.683342,2067.0],[-120.67464,39.683327,2069.0],[-120.674636,39.683315,2069.0],[-120.674636,39.683301,2069.0],[-120.674633,39.683286,2069.0],[-120.674633,39.683271,2069.0],[-120.674636,39.683259,2069.0],[-120.674639,39.683246,2069.0],[-120.674641,39.683228,2071.2],[-120.67465,39.683212,2071.5],[-120.674655,39.683195,2071.5],[-120.674673,39.683183,2071.5],[-120.674696,39.683175,2071.5],[-120.674706,39.683167,2071.5],[-120.674715,39.68316,2071.5],[-120.67472,39.683158,2071.5],[-120.674725,39.683157,2071.5],[-120.674722,39.683149,2073.9],[-120.674717,39.683144,2073.9],[-120.674714,39.683142,2073.9],[-120.674716,39.683147,2073.9],[-120.67472,39.683147,2073.9],[-120.674738,39.683153,2071.7],[-120.67475,39.683156,2071.7],[-120.674763,39.683159,2071.7],[-120.674753,39.683157,2071.7],[-120.674742,39.68315,2074.1],[-120.674737,39.683151,2073.9],[-120.674734,39.683148,2073.9],[-120.674727,39.683142,2073.9],[-120.674737,39.683139,2073.9],[-120.674758,39.683131,2074.1],[-120.674765,39.68313,2074.1],[-120.674794,39.683122,2074.1],[-120.674805,39.683113,2074.1],[-120.674819,39.6831,2074.1],[-120.674842,39.683091,2074.1],[-120.6749,39.68308,2074.4],[-120.674921,39.683074,2074.4],[-120.674937,39.683068,2077.4],[-120.674945,39.683065,2077.4],[-120.674951,39.683065,2077.4],[-120.674986,39.683067,2077.4],[-120.675009,39.683068,2077.4],[-120.675034,39.683067,2077.8],[-120.675076,39.683071,2077.8],[-120.675094,39.683075,2077.8],[-120.675108,39.683078,2077.8],[-120.675123,39.683076,2078.5],[-120.675141,39.683074,2078.5],[-120.675163,39.68307,2078.5],[-120.675187,39.683073,2078.5],[-120.675203,39.68308,2074.8],[-120.675217,39.683085,2076.4],[-120.675232,39.683095,2076.4],[-120.675247,39.68311,2076.4],[-120.675252,39.683116,2076.4],[-120.675256,39.683125,2076.4],[-120.675268,39.683131,2076.4],[-120.675284,39.683135,2076.4],[-120.675299,39.683139,2076.4],[-120.675312,39.683145,2079.2],[-120.675327,39.683148,2079.2],[-120.675347,39.68316,2079.2],[-120.675366,39.683178,2077.5],[-120.675388,39.683198,2077.5],[-120.675402,39.683217,2077.5],[-120.675416,39.68323,2080.3],[-120.675432,39.683239,2080.3],[-120.675442,39.683253,2080.3],[-120.675451,39.683268,2078.7],[-120.67547,39.683291,2078.7],[-120.675494,39.68331,2078.7],[-120.675524,39.68333,2081.2],[-120.675544,39.683348,2081.2],[-120.675548,39.683354,2081.2],[-120.675556,39.683357,2081.2],[-120.675571,39.683364,2079.3],[-120.675585,39.683371,2079.3],[-120.675597,39.683379,2079.3],[-120.675601,39.683382,2079.3],[-120.675612,39.683388,2081.7],[-120.675616,39.683392,2081.7],[-120.67563,39.683408,2081.7],[-120.675653,39.683434,2081.7],[-120.675676,39.683464,2080.0],[-120.6757,39.683488,2080.0],[-120.675718,39.683502,2082.3],[-120.675733,39.683515,2082.3],[-120.675752,39.683529,2082.3],[-120.675766,39.683537,2082.3],[-120.675776,39.68355,2081.0],[-120.67579,39.683569,2081.0],[-120.675795,39.683576,2081.0],[-120.675803,39.683583,2081.0],[-120.675819,39.683595,2082.9],[-120.675829,39.683608,2082.9],[-120.675837,39.683624,2082.9],[-120.675843,39.683643,2081.7],[-120.675847,39.683659,2081.7],[-120.675853,39.683673,2081.7],[-120.675854,39.683691,2081.7],[-120.675852,39.683715,2081.7],[-120.675851,39.683739,2081.1],[-120.675849,39.683763,2081.1],[-120.675842,39.68378,2081.1],[-120.675836,39.683799,2081.1],[-120.675831,39.683815,2081.1],[-120.675822,39.683833,2081.2],[-120.675817,39.68386,2078.1],[-120.675818,39.683884,2078.1],[-120.675821,39.683908,2078.1],[-120.675824,39.683942,2076.6],[-120.675823,39.683967,2076.6],[-120.675823,39.683989,2076.6],[-120.675817,39.684001,2076.6],[-120.675808,39.684008,2077.3],[-120.675795,39.684017,2077.3],[-120.675784,39.684028,2077.3],[-120.675779,39.684048,2077.3],[-120.675779,39.68406,2077.3],[-120.675778,39.684074,2077.3],[-120.675775,39.684103,2077.3],[-120.675773,39.684123,2080.7],[-120.675773,39.684138,2080.7],[-120.675774,39.684151,2080.7],[-120.675775,39.684168,2080.7],[-120.675777,39.684184,2080.7],[-120.675781,39.684215,2083.7],[-120.675787,39.684242,2083.7],[-120.675795,39.684258,2083.7],[-120.675802,39.684269,2083.7],[-120.675813,39.684285,2085.4],[-120.675826,39.684295,2087.7],[-120.675844,39.684303,2087.7],[-120.675863,39.684308,2087.7],[-120.675885,39.684312,2087.7],[-120.675908,39.684313,2087.7],[-120.675933,39.684312,2089.4],[-120.675956,39.684308,2089.4],[-120.67598,39.684299,2089.4],[-120.676003,39.684291,2089.4],[-120.676024,39.68428,2089.4],[-120.676047,39.684271,2090.8],[-120.676073,39.684263,2090.8],[-120.676096,39.684255,2090.8],[-120.676118,39.684248,2090.8],[-120.676138,39.684245,2091.4],[-120.676163,39.684248,2091.4],[-120.67618,39.684249,2091.4],[-120.676185,39.684249,2091.4],[-120.67622,39.684288,2090.5],[-120.676255,39.684322,2090.5],[-120.676288,39.684354,2090.5],[-120.676304,39.684369,2090.5],[-120.676321,39.684379,2090.3],[-120.676367,39.684398,2089.2],[-120.676394,39.684398,2088.9],[-120.676424,39.684397,2088.9],[-120.676452,39.684393,2088.9],[-120.67648,39.684387,2088.7],[-120.676508,39.684379,2089.6],[-120.676582,39.684355,2089.5],[-120.676626,39.68434,2089.5],[-120.676668,39.684318,2089.5],[-120.676682,39.684307,2089.5],[-120.676696,39.684301,2089.5],[-120.676719,39.684299,2089.5],[-120.676738,39.684297,2089.5],[-120.676755,39.684293,2089.5],[-120.676763,39.684283,2089.5],[-120.676764,39.684266,2090.2],[-120.676759,39.684246,2090.2],[-120.676744,39.684222,2090.2],[-120.676736,39.684193,2090.2],[-120.676728,39.684165,2090.8],[-120.676723,39.684119,2090.8],[-120.676719,39.684099,2091.3],[-120.676721,39.684082,2091.3],[-120.676722,39.684063,2091.3],[-120.676724,39.684049,2091.3],[-120.676724,39.684031,2091.3],[-120.676721,39.684013,2091.3],[-120.676727,39.683992,2091.7],[-120.676739,39.683977,2091.7],[-120.676752,39.68396,2091.7],[-120.676771,39.683948,2091.7],[-120.676783,39.683932,2091.7],[-120.676793,39.683917,2092.0],[-120.676807,39.683876,2092.0],[-120.676806,39.683855,2092.0],[-120.676805,39.683835,2092.0],[-120.6768,39.683826,2092.8],[-120.67679,39.683807,2093.4],[-120.676782,39.683789,2093.4],[-120.676785,39.683776,2093.4],[-120.676786,39.683764,2093.4],[-120.67678,39.683754,2093.4],[-120.67677,39.683743,2093.4],[-120.676757,39.683729,2094.3],[-120.676742,39.68372,2094.3],[-120.676727,39.683705,2094.3],[-120.676713,39.68369,2094.3],[-120.676702,39.68368,2093.9],[-120.676689,39.683673,2093.9],[-120.676671,39.683663,2093.9],[-120.676649,39.683653,2093.9],[-120.67663,39.683646,2093.9],[-120.676608,39.683636,2094.8],[-120.676581,39.683619,2094.1],[-120.676558,39.683598,2094.1],[-120.676544,39.683575,2094.1],[-120.676538,39.683552,2094.1],[-120.676544,39.683535,2095.4],[-120.676555,39.683524,2095.4],[-120.676564,39.683523,2095.4],[-120.676571,39.683513,2095.4],[-120.676577,39.6835,2095.4],[-120.676579,39.683486,2095.4],[-120.676582,39.683472,2095.4],[-120.676581,39.683455,2095.4],[-120.676573,39.68344,2096.5],[-120.676555,39.683425,2096.5],[-120.676534,39.68341,2096.5],[-120.67652,39.6834,2096.5],[-120.676508,39.683389,2096.5],[-120.676502,39.683385,2095.7],[-120.676501,39.683384,2095.7],[-120.676498,39.683382,2095.7],[-120.676498,39.683379,2095.7],[-120.676498,39.68337,2095.7],[-120.676498,39.683365,2095.7],[-120.676501,39.683361,2095.7],[-120.676504,39.68335,2095.7],[-120.676506,39.683339,2095.7],[-120.676502,39.683327,2097.3],[-120.676498,39.683321,2097.3],[-120.67648,39.683283,2097.3],[-120.676469,39.683262,2097.3],[-120.676454,39.683219,2099.2],[-120.676445,39.683183,2099.2],[-120.676445,39.683173,2099.2],[-120.676443,39.683168,2099.2],[-120.676444,39.683169,2099.2],[-120.676439,39.683165,2099.2],[-120.676433,39.683163,2099.2],[-120.676428,39.683152,2099.2],[-120.676442,39.683148,2099.2],[-120.676449,39.683143,2099.2],[-120.676452,39.683134,2101.5],[-120.676449,39.683126,2101.5],[-120.676446,39.683123,2101.5],[-120.676442,39.683118,2101.5],[-120.676441,39.683112,2101.5],[-120.67644,39.683108,2101.5],[-120.67644,39.683107,2101.5],[-120.67644,39.683105,2101.5],[-120.676445,39.683107,2101.5],[-120.676436,39.683099,2101.5],[-120.676437,39.683094,2101.5],[-120.676435,39.683091,2101.5],[-120.676438,39.683092,2101.5],[-120.676436,39.683087,2101.5],[-120.676433,39.683083,2101.5],[-120.676432,39.68308,2101.5],[-120.676431,39.683078,2101.5],[-120.676429,39.683075,2101.5],[-120.676427,39.683061,2101.5],[-120.676436,39.683054,2101.5],[-120.676442,39.683055,2101.5],[-120.676441,39.683052,2104.2],[-120.676447,39.683059,2101.2],[-120.676441,39.683056,2101.2],[-120.676439,39.683054,2101.2],[-120.676463,39.683066,2101.2],[-120.676455,39.683087,2101.2],[-120.676451,39.68309,2101.2],[-120.676452,39.683086,2101.2],[-120.676468,39.683049,2104.2],[-120.676474,39.683044,2104.2],[-120.676458,39.683027,2104.2],[-120.676452,39.682995,2104.2],[-120.676448,39.682962,2104.2],[-120.676451,39.682946,2107.2],[-120.676466,39.682916,2107.2],[-120.67648,39.682901,2107.2],[-120.676495,39.682891,2108.8],[-120.676513,39.682885,2108.8],[-120.676544,39.682866,2111.7],[-120.676547,39.682854,2111.7],[-120.676548,39.682838,2111.7],[-120.676546,39.682834,2111.7],[-120.676544,39.682834,2111.7],[-120.676539,39.682829,2111.7],[-120.676528,39.682828,2111.7],[-120.676527,39.682825,2111.7],[-120.676528,39.682823,2111.7],[-120.676527,39.682816,2111.7],[-120.676526,39.682812,2111.7],[-120.676525,39.68281,2111.7],[-120.676527,39.682803,2111.7],[-120.676529,39.682797,2111.7],[-120.676532,39.682795,2111.7],[-120.676532,39.682791,2111.7],[-120.676533,39.682785,2111.7],[-120.676538,39.682778,2111.7],[-120.676546,39.682772,2114.2],[-120.676548,39.68277,2114.2],[-120.676551,39.682765,2114.2],[-120.676551,39.682762,2114.2],[-120.676555,39.682762,2114.2],[-120.676555,39.68276,2114.2],[-120.676555,39.682756,2114.2],[-120.676552,39.682754,2114.2],[-120.676548,39.682753,2114.2],[-120.676556,39.682751,2114.2],[-120.676563,39.682738,2114.2],[-120.67658,39.682726,2116.2],[-120.676584,39.682717,2116.2],[-120.676587,39.682707,2116.2],[-120.676593,39.682697,2116.2],[-120.676593,39.682693,2116.2],[-120.676603,39.682688,2116.2],[-120.676609,39.682682,2116.2],[-120.676609,39.682679,2116.2],[-120.676615,39.682675,2116.2],[-120.67662,39.682665,2116.2],[-120.676627,39.68265,2121.1],[-120.676632,39.682641,2121.1],[-120.676638,39.682638,2121.1],[-120.676638,39.682635,2121.1],[-120.676644,39.682636,2121.1],[-120.676647,39.682637,2121.1],[-120.676657,39.682626,2121.1],[-120.676673,39.68262,2121.1],[-120.676691,39.682614,2121.1],[-120.67671,39.682609,2121.1],[-120.676726,39.682599,2120.3],[-120.676735,39.68259,2120.3],[-120.676767,39.68256,2124.3],[-120.676776,39.682545,2124.3],[-120.676777,39.682531,2124.3],[-120.676774,39.682513,2124.3],[-120.676776,39.682501,2124.3],[-120.676802,39.682471,2127.5],[-120.676818,39.68246,2126.6],[-120.676837,39.682442,2126.6],[-120.676853,39.682422,2126.6],[-120.676888,39.682395,2126.6],[-120.676933,39.682378,2129.7],[-120.676956,39.682371,2129.7],[-120.677006,39.682366,2127.8],[-120.677025,39.682376,2127.8],[-120.677048,39.682384,2127.8],[-120.677076,39.682375,2125.7],[-120.677089,39.682362,2125.7],[-120.677093,39.682349,2125.7],[-120.677091,39.682327,2125.7],[-120.6771,39.682314,2125.7],[-120.677119,39.68231,2125.7],[-120.677137,39.682311,2125.7],[-120.677156,39.682304,2125.7],[-120.677169,39.682295,2132.1],[-120.67718,39.682285,2130.9],[-120.677195,39.682274,2130.9],[-120.677206,39.682258,2130.9],[-120.677211,39.682244,2130.9],[-120.677214,39.682232,2130.9],[-120.677214,39.682228,2130.9],[-120.677215,39.682228,2130.9],[-120.677213,39.68222,2130.9],[-120.677213,39.682212,2130.9],[-120.677219,39.682205,2135.9],[-120.677229,39.682196,2135.9],[-120.677236,39.682192,2135.9],[-120.677238,39.68219,2135.9],[-120.677244,39.682185,2135.9],[-120.677251,39.682179,2135.9],[-120.677261,39.682166,2135.2],[-120.677263,39.682164,2135.2],[-120.67727,39.682156,2135.2],[-120.677268,39.682148,2135.2],[-120.677269,39.682145,2135.2],[-120.677275,39.682144,2135.2],[-120.677278,39.682146,2135.2],[-120.67728,39.682139,2135.2],[-120.67728,39.682129,2135.2],[-120.677286,39.682122,2135.2],[-120.67729,39.682123,2135.2],[-120.677291,39.682128,2135.2],[-120.677293,39.682125,2135.2],[-120.677295,39.682122,2135.2],[-120.677303,39.682118,2135.2],[-120.677314,39.682108,2135.2],[-120.677337,39.682071,2139.0],[-120.677347,39.68206,2139.0],[-120.677362,39.682053,2139.0],[-120.677378,39.682051,2139.0],[-120.677391,39.682045,2139.0],[-120.677403,39.682035,2139.0],[-120.677423,39.682012,2142.3],[-120.677431,39.682003,2142.3],[-120.677452,39.681969,2142.2],[-120.677452,39.681953,2142.2],[-120.677451,39.681949,2142.2],[-120.677455,39.681951,2142.2],[-120.677459,39.681951,2142.2],[-120.677461,39.681949,2142.2],[-120.677466,39.681945,2142.2],[-120.67747,39.681943,2142.2],[-120.677475,39.681943,2142.2],[-120.677487,39.681946,2142.2],[-120.677492,39.681948,2142.2],[-120.677493,39.681944,2142.2],[-120.677496,39.681939,2142.2],[-120.677495,39.681934,2142.2],[-120.677495,39.681931,2142.2],[-120.677496,39.68193,2142.2],[-120.677493,39.681925,2144.0],[-120.677494,39.681916,2144.0],[-120.67749,39.681909,2144.0],[-120.677487,39.681907,2144.0],[-120.677491,39.681902,2144.0],[-120.677489,39.681898,2144.0],[-120.677485,39.681897,2144.0],[-120.677479,39.681893,2144.0],[-120.677474,39.681888,2144.0],[-120.67747,39.681883,2144.0],[-120.677469,39.681879,2144.0],[-120.677468,39.681877,2144.0],[-120.677469,39.681871,2144.0],[-120.677468,39.681868,2144.0],[-120.677471,39.681868,2144.0],[-120.677468,39.681866,2144.0],[-120.67745,39.681864,2144.0],[-120.677438,39.681853,2144.4],[-120.677422,39.681811,2146.2],[-120.677424,39.681798,2146.2],[-120.677426,39.681789,2146.2],[-120.67743,39.681774,2146.2],[-120.677432,39.681758,2146.2],[-120.677433,39.681701,2147.6],[-120.677445,39.681683,2147.6],[-120.677483,39.681664,2147.5],[-120.677506,39.681652,2148.8],[-120.677523,39.681638,2148.8],[-120.677537,39.681628,2148.8],[-120.677553,39.681618,2148.9],[-120.677597,39.681586,2148.9],[-120.677614,39.681582,2148.9],[-120.677632,39.681581,2148.9],[-120.677652,39.681581,2149.2],[-120.677666,39.681575,2149.2],[-120.677728,39.681562,2149.2],[-120.677761,39.681551,2150.5],[-120.6778,39.681522,2150.5],[-120.677807,39.681503,2150.5],[-120.677819,39.681459,2151.5],[-120.677832,39.681445,2151.5],[-120.677875,39.681394,2151.9],[-120.677884,39.681376,2151.9],[-120.677893,39.681362,2151.9],[-120.677897,39.681353,2153.0],[-120.677904,39.681338,2153.0],[-120.677918,39.68132,2153.0],[-120.67793,39.681305,2153.0],[-120.677939,39.681292,2153.5],[-120.677997,39.681193,2154.7],[-120.678013,39.681108,2155.3],[-120.678006,39.681093,2155.3],[-120.678004,39.681084,2155.7],[-120.678004,39.681066,2155.7],[-120.677999,39.681051,2155.7],[-120.677995,39.681039,2155.7],[-120.677994,39.681026,2155.7],[-120.677996,39.681011,2155.7],[-120.678003,39.681006,2155.7],[-120.678007,39.680989,2155.8],[-120.678006,39.680969,2155.8],[-120.678007,39.680954,2155.8],[-120.678007,39.680941,2155.8],[-120.678005,39.680922,2155.8],[-120.677995,39.680896,2155.9],[-120.677987,39.680866,2155.9],[-120.677986,39.680852,2155.9],[-120.67798,39.680832,2155.9],[-120.67798,39.680821,2155.9],[-120.677981,39.680805,2156.0],[-120.677987,39.680786,2156.0],[-120.677987,39.680768,2156.0],[-120.677985,39.680753,2156.0],[-120.67798,39.680729,2156.0],[-120.677981,39.68071,2155.9],[-120.677983,39.680696,2155.9],[-120.677984,39.680684,2155.9],[-120.677982,39.680673,2155.9],[-120.677978,39.680668,2155.9],[-120.677963,39.680661,2155.9],[-120.677946,39.680657,2155.9],[-120.677926,39.680652,2155.2],[-120.677902,39.680652,2155.2],[-120.677806,39.680617,2154.5],[-120.677754,39.6806,2154.5],[-120.677733,39.680579,2153.6],[-120.677746,39.680539,2154.5],[-120.677821,39.68048,2154.5],[-120.677868,39.680441,2155.3],[-120.67791,39.680397,2155.3],[-120.677978,39.680304,2156.2],[-120.678005,39.680258,2156.2],[-120.678028,39.680213,2157.1],[-120.678043,39.680172,2157.1],[-120.678048,39.680135,2157.2],[-120.678048,39.680095,2157.2],[-120.678049,39.680051,2157.3],[-120.678038,39.680017,2157.3],[-120.678029,39.679989,2157.3],[-120.678028,39.679967,2156.9],[-120.67803,39.679962,2156.9],[-120.678029,39.679959,2156.9],[-120.678028,39.679947,2156.9],[-120.678011,39.679906,2156.4],[-120.678004,39.679892,2156.4],[-120.677995,39.679876,2156.4],[-120.67797,39.679846,2155.9],[-120.677962,39.679833,2155.9],[-120.677945,39.679797,2155.9],[-120.677947,39.67978,2155.6],[-120.677952,39.679768,2155.6],[-120.677951,39.679766,2155.6],[-120.67795,39.679771,2155.6],[-120.677963,39.679772,2155.6],[-120.677967,39.679771,2155.6],[-120.677951,39.679765,2155.6],[-120.677941,39.67975,2155.6],[-120.677938,39.679733,2155.6],[-120.677939,39.679711,2155.6],[-120.677948,39.679698,2155.6],[-120.677958,39.679684,2155.0],[-120.677961,39.679679,2155.0],[-120.677961,39.679681,2155.0],[-120.677959,39.679684,2155.0],[-120.677938,39.679682,2155.0],[-120.677934,39.679681,2155.0],[-120.677919,39.679665,2155.0],[-120.677908,39.679653,2155.0],[-120.677891,39.679638,2155.0],[-120.677887,39.679631,2155.0],[-120.677889,39.679627,2155.0],[-120.677891,39.679626,2155.0],[-120.677894,39.679624,2155.0],[-120.677898,39.67962,2155.0],[-120.677904,39.679607,2155.0],[-120.677911,39.679588,2155.5],[-120.677918,39.679576,2155.5],[-120.677923,39.679562,2155.6],[-120.677923,39.679549,2155.6],[-120.677928,39.679534,2155.6],[-120.677938,39.679516,2155.6],[-120.677948,39.679499,2156.1],[-120.677944,39.67948,2156.1],[-120.677935,39.679458,2156.1],[-120.677935,39.679447,2156.1],[-120.677936,39.679432,2156.1],[-120.677938,39.679427,2156.1],[-120.677945,39.679421,2156.5],[-120.677963,39.679416,2156.5],[-120.677983,39.679411,2156.5],[-120.678004,39.679401,2156.5],[-120.678016,39.679384,2156.8],[-120.678027,39.679367,2156.8],[-120.678037,39.679354,2156.8],[-120.678045,39.679338,2157.6],[-120.678051,39.679318,2157.6],[-120.678062,39.679311,2157.6],[-120.678077,39.679301,2157.6],[-120.678102,39.679293,2158.0],[-120.678128,39.679287,2158.0],[-120.67815,39.679274,2158.0],[-120.678171,39.679269,2158.0],[-120.678188,39.679263,2158.0],[-120.678215,39.679248,2159.8],[-120.678239,39.679239,2159.8],[-120.678257,39.679235,2159.8],[-120.678271,39.679231,2159.8],[-120.678291,39.679225,2159.9],[-120.678307,39.679219,2159.9],[-120.678332,39.679212,2159.9],[-120.678357,39.67921,2159.9],[-120.678388,39.679211,2161.3],[-120.678413,39.679204,2161.3],[-120.678417,39.6792,2161.3],[-120.678421,39.679202,2161.3],[-120.678425,39.679206,2161.3],[-120.678415,39.679199,2161.3],[-120.678416,39.679194,2161.3],[-120.678406,39.679185,2161.3],[-120.678402,39.67918,2161.3],[-120.678399,39.679176,2161.3],[-120.678386,39.679157,2164.0],[-120.678391,39.679147,2164.0],[-120.678397,39.679139,2164.0],[-120.678392,39.67913,2164.0],[-120.67839,39.679127,2164.0],[-120.678387,39.679121,2164.0],[-120.678384,39.679114,2164.0],[-120.678384,39.679106,2164.0],[-120.678378,39.679097,2164.0],[-120.678384,39.679092,2164.0],[-120.678383,39.679078,2166.4],[-120.678374,39.679066,2166.4],[-120.67837,39.679064,2166.4],[-120.678373,39.679067,2166.4],[-120.678376,39.679066,2166.4],[-120.678376,39.679059,2166.4],[-120.678379,39.679048,2166.4],[-120.678378,39.679045,2166.4],[-120.678385,39.679037,2166.4],[-120.678387,39.679035,2166.4],[-120.67839,39.679033,2166.4],[-120.678398,39.679028,2166.4],[-120.678414,39.678985,2166.4],[-120.678415,39.678923,2167.8],[-120.678426,39.67888,2167.8],[-120.678435,39.678862,2168.6],[-120.678467,39.678817,2171.0],[-120.678471,39.678791,2171.4],[-120.678469,39.678767,2171.4],[-120.678477,39.678752,2171.4],[-120.678473,39.67874,2171.4],[-120.678468,39.678733,2171.4],[-120.678476,39.678724,2171.4],[-120.678478,39.678701,2171.4],[-120.678481,39.678698,2171.4],[-120.678484,39.678696,2171.4],[-120.678485,39.678694,2171.4],[-120.678485,39.678691,2171.4],[-120.678483,39.67869,2171.4],[-120.67848,39.678689,2171.4],[-120.678489,39.678689,2171.4],[-120.678486,39.678689,2171.4],[-120.678482,39.678689,2171.4],[-120.678482,39.678683,2171.7],[-120.678491,39.678669,2171.7],[-120.678504,39.678611,2171.7],[-120.678503,39.6786,2171.7],[-120.678505,39.678589,2172.6],[-120.678512,39.678556,2172.6],[-120.678514,39.678535,2172.6],[-120.678508,39.678522,2172.6],[-120.67851,39.678518,2172.6],[-120.678509,39.678516,2172.6],[-120.678509,39.678514,2172.6],[-120.678505,39.678515,2172.6],[-120.678502,39.678517,2172.6],[-120.678488,39.678519,2172.6],[-120.678471,39.678519,2172.6],[-120.678464,39.678507,2172.6],[-120.678468,39.678477,2176.2],[-120.678469,39.678462,2176.2],[-120.678476,39.678445,2176.2],[-120.678513,39.678379,2179.3],[-120.678574,39.678301,2180.9],[-120.67858,39.678286,2180.9],[-120.678584,39.678277,2180.9],[-120.6786,39.678269,2180.9],[-120.678614,39.678262,2180.9],[-120.678634,39.678257,2180.9],[-120.678652,39.678251,2182.1],[-120.678663,39.678246,2182.1],[-120.678694,39.678227,2182.1],[-120.678712,39.678217,2182.1],[-120.678724,39.678207,2182.1],[-120.678738,39.678199,2186.2],[-120.678748,39.678192,2186.2],[-120.678756,39.67818,2186.2],[-120.678757,39.678176,2186.2],[-120.678755,39.678173,2186.2],[-120.678756,39.67817,2186.2],[-120.678754,39.678167,2186.2],[-120.678753,39.678161,2186.2],[-120.678753,39.678157,2186.2],[-120.678746,39.678155,2186.2],[-120.678754,39.678146,2186.2],[-120.678755,39.678144,2186.2],[-120.678753,39.678139,2186.2],[-120.678753,39.678136,2186.2],[-120.678748,39.67813,2186.2],[-120.678755,39.678123,2186.2],[-120.678765,39.678116,2186.6],[-120.678769,39.678105,2186.6],[-120.678768,39.678102,2186.6],[-120.678765,39.678095,2186.6],[-120.678764,39.67808,2186.6],[-120.678767,39.678067,2186.6],[-120.678768,39.678065,2186.6],[-120.678763,39.678063,2186.6],[-120.678765,39.678061,2186.6],[-120.678762,39.67806,2186.6],[-120.678761,39.678058,2186.6],[-120.678764,39.678058,2186.6],[-120.678766,39.678057,2186.6],[-120.678755,39.678041,2186.6],[-120.678752,39.678031,2186.6],[-120.678751,39.67802,2186.6],[-120.678749,39.678011,2188.8],[-120.67875,39.678005,2188.8],[-120.67875,39.678002,2188.8],[-120.678752,39.678002,2188.8],[-120.678747,39.678001,2188.8],[-120.678752,39.677994,2188.8],[-120.678751,39.677998,2188.8],[-120.678754,39.677996,2188.8],[-120.678751,39.677998,2188.8],[-120.678749,39.678001,2188.8],[-120.678741,39.678005,2188.8],[-120.678743,39.678007,2188.8],[-120.678744,39.67801,2188.8],[-120.678746,39.678003,2188.8],[-120.678739,39.677999,2186.5],[-120.678738,39.677993,2186.5],[-120.678739,39.677996,2186.5],[-120.678731,39.677991,2186.5],[-120.678731,39.677987,2186.5],[-120.678741,39.677991,2186.5],[-120.678724,39.677972,2186.5],[-120.678726,39.677957,2186.5],[-120.678751,39.677905,2191.4],[-120.67876,39.677894,2191.4],[-120.678823,39.677769,2192.4],[-120.678825,39.677751,2193.0],[-120.678853,39.677664,2194.6],[-120.678867,39.677656,2194.6],[-120.678881,39.677654,2194.6],[-120.678896,39.677638,2194.6],[-120.678906,39.677624,2194.6],[-120.678916,39.677608,2194.6],[-120.678913,39.677591,2195.4],[-120.67891,39.677573,2195.4],[-120.678908,39.677557,2195.4],[-120.678904,39.677536,2195.4],[-120.6789,39.677522,2195.4],[-120.678903,39.677508,2195.4],[-120.678907,39.677495,2195.4],[-120.678908,39.677486,2197.4],[-120.67891,39.677476,2197.4],[-120.678915,39.677463,2197.4],[-120.678921,39.677447,2197.4],[-120.678924,39.677429,2197.4],[-120.678926,39.677412,2197.4],[-120.678921,39.677397,2201.3],[-120.678922,39.677387,2201.3],[-120.678923,39.677371,2201.3],[-120.678924,39.677358,2201.3],[-120.678923,39.677345,2201.3],[-120.67892,39.677332,2201.3],[-120.678914,39.677319,2201.3],[-120.678918,39.677301,2204.5],[-120.678924,39.677284,2204.5],[-120.678925,39.677267,2204.5],[-120.678929,39.677252,2204.5],[-120.678948,39.67724,2204.5],[-120.678965,39.677229,2205.1],[-120.678976,39.677212,2206.9],[-120.678983,39.677199,2206.9],[-120.678986,39.677185,2206.9],[-120.678987,39.677171,2206.9],[-120.678992,39.677156,2206.9],[-120.679003,39.677142,2206.9],[-120.679015,39.677129,2206.9],[-120.679027,39.677117,2206.9],[-120.679038,39.677102,2208.8],[-120.679048,39.67709,2208.8],[-120.679061,39.677073,2209.1],[-120.679068,39.677059,2209.1],[-120.679073,39.677042,2209.1],[-120.679083,39.677027,2209.1],[-120.679087,39.677006,2210.5],[-120.679095,39.676988,2210.5],[-120.679104,39.676973,2210.5],[-120.679113,39.676962,2210.5],[-120.679122,39.67695,2210.5],[-120.679131,39.676941,2210.5],[-120.679139,39.676933,2211.1],[-120.679148,39.676925,2211.8],[-120.679154,39.676914,2211.8],[-120.679157,39.676906,2211.8],[-120.679162,39.676897,2211.8],[-120.679171,39.676884,2211.8],[-120.679182,39.676874,2211.8],[-120.679191,39.676862,2211.8],[-120.679201,39.676852,2211.8],[-120.679209,39.676846,2211.8],[-120.679215,39.676839,2213.2],[-120.679217,39.676823,2213.2],[-120.679223,39.676808,2213.2],[-120.679226,39.676791,2213.2],[-120.67923,39.67678,2213.2],[-120.679235,39.676774,2213.2],[-120.679243,39.676762,2213.2],[-120.67925,39.676754,2213.2],[-120.679264,39.67674,2213.2],[-120.679274,39.676729,2213.2],[-120.679285,39.676718,2213.2],[-120.679298,39.676705,2213.2],[-120.679312,39.676695,2213.2],[-120.679325,39.676685,2214.9],[-120.679344,39.676676,2214.9],[-120.679359,39.676668,2214.9],[-120.679376,39.676666,2214.9],[-120.679398,39.676662,2214.9],[-120.679414,39.676657,2216.6],[-120.679429,39.676647,2216.7],[-120.679444,39.676634,2216.7],[-120.679455,39.676626,2216.7],[-120.679469,39.676618,2216.7],[-120.679485,39.676611,2218.4],[-120.679502,39.676604,2218.4],[-120.679522,39.676593,2218.4],[-120.679543,39.676582,2218.4],[-120.679565,39.676566,2218.4],[-120.679584,39.676548,2220.2],[-120.679596,39.676534,2220.2],[-120.679619,39.676519,2220.2],[-120.679643,39.67651,2220.2],[-120.679671,39.676509,2220.2],[-120.679692,39.676503,2222.2],[-120.67971,39.676498,2222.2],[-120.67973,39.676494,2222.2],[-120.679749,39.676488,2222.2],[-120.679767,39.676485,2224.1],[-120.679793,39.676481,2224.1],[-120.67982,39.676476,2224.1],[-120.679846,39.676467,2225.6],[-120.679876,39.676461,2225.6],[-120.679907,39.676453,2225.6],[-120.679926,39.676445,2225.6],[-120.679946,39.676436,2227.5],[-120.679964,39.676426,2227.5],[-120.67998,39.676414,2227.5],[-120.680007,39.676404,2227.5],[-120.680028,39.6764,2229.4],[-120.680053,39.676393,2229.4],[-120.680074,39.676388,2229.4],[-120.680091,39.676384,2229.4],[-120.680105,39.676379,2229.4],[-120.68011,39.676368,2230.1],[-120.680119,39.676351,2230.1],[-120.680136,39.676335,2230.1],[-120.680161,39.676322,2230.1],[-120.680188,39.676318,2230.1],[-120.680213,39.676312,2231.8],[-120.680232,39.676301,2231.8],[-120.680242,39.676286,2230.6],[-120.680243,39.676268,2230.6],[-120.680249,39.67625,2230.6],[-120.680264,39.676233,2230.6],[-120.680283,39.676218,2230.6],[-120.680302,39.676206,2231.1],[-120.680306,39.676184,2231.1],[-120.680315,39.676171,2231.1],[-120.680326,39.676159,2231.1],[-120.680337,39.676147,2231.1],[-120.680343,39.676134,2231.1],[-120.680348,39.676115,2231.1],[-120.680354,39.676096,2229.9],[-120.680367,39.676075,2229.9],[-120.680378,39.676057,2229.9],[-120.680387,39.676041,2231.6],[-120.680396,39.676025,2231.6],[-120.680402,39.676004,2230.5],[-120.680418,39.675976,2230.5],[-120.680437,39.675944,2230.5],[-120.680447,39.675913,2229.4],[-120.68045,39.675885,2229.4],[-120.680453,39.675857,2229.4],[-120.680464,39.675832,2228.4],[-120.680478,39.675811,2230.2],[-120.680495,39.675792,2230.2],[-120.68051,39.675779,2230.2],[-120.680525,39.675768,2230.2],[-120.68054,39.675751,2229.5],[-120.680563,39.675736,2231.4],[-120.680583,39.675719,2231.4],[-120.680592,39.675695,2231.4],[-120.680595,39.675675,2231.4],[-120.680602,39.675663,2231.4],[-120.680614,39.675652,2231.4],[-120.680628,39.675637,2230.6],[-120.680644,39.675627,2230.6],[-120.68066,39.675616,2232.3],[-120.680675,39.675606,2232.3],[-120.680687,39.675598,2232.3],[-120.680695,39.675588,2232.3],[-120.6807,39.675584,2232.3],[-120.680707,39.675578,2232.3],[-120.680714,39.675572,2232.3],[-120.680724,39.675564,2232.3],[-120.680734,39.675555,2231.6],[-120.68074,39.675541,2233.0],[-120.680757,39.675521,2233.0],[-120.680771,39.675503,2233.0],[-120.680782,39.675488,2233.0],[-120.680791,39.675473,2233.0],[-120.680804,39.675458,2232.6],[-120.680823,39.675439,2232.6],[-120.680843,39.675418,2233.9],[-120.680867,39.675396,2233.9],[-120.680885,39.675383,2233.9],[-120.680903,39.675369,2233.9],[-120.680913,39.675358,2233.7],[-120.680922,39.675349,2234.8],[-120.680935,39.675334,2234.8],[-120.680952,39.675313,2234.8],[-120.680962,39.675294,2234.8],[-120.680965,39.675279,2234.8],[-120.680967,39.675263,2234.8],[-120.680976,39.675247,2234.7],[-120.680984,39.675231,2234.7],[-120.680997,39.675218,2234.7],[-120.681021,39.675206,2234.7],[-120.681049,39.675198,2235.3],[-120.681081,39.675197,2235.3],[-120.681105,39.675198,2235.3],[-120.681132,39.675188,2235.1],[-120.681153,39.675176,2235.1],[-120.681174,39.675163,2235.1],[-120.681188,39.675148,2235.1],[-120.681201,39.67513,2235.1],[-120.681211,39.675117,2235.1],[-120.681227,39.675108,2234.2],[-120.681246,39.6751,2234.2],[-120.681269,39.67509,2234.2],[-120.681296,39.675085,2234.2],[-120.681325,39.675083,2233.4],[-120.681355,39.675084,2233.4],[-120.681387,39.675097,2233.4],[-120.681419,39.67512,2232.7],[-120.681458,39.675147,2232.7],[-120.681507,39.675178,2231.5],[-120.681555,39.675206,2231.5],[-120.681593,39.67523,2230.1],[-120.681624,39.675256,2230.1],[-120.681649,39.675284,2230.1],[-120.681675,39.675317,2228.5],[-120.681701,39.675351,2228.5],[-120.681717,39.675376,2228.2],[-120.681734,39.675401,2228.2],[-120.681756,39.675426,2228.2],[-120.681813,39.675465,2225.8],[-120.681852,39.675483,2223.6],[-120.681903,39.675504,2223.6],[-120.682019,39.675542,2222.1],[-120.682067,39.67557,2220.6],[-120.6821,39.675606,2221.0],[-120.682116,39.675645,2221.0],[-120.682115,39.675687,2221.0],[-120.682104,39.67573,2221.1],[-120.682078,39.675768,2221.1],[-120.682045,39.67581,2221.0],[-120.682017,39.675844,2222.4],[-120.681995,39.675882,2222.4],[-120.681983,39.675915,2222.2],[-120.681973,39.675953,2222.2],[-120.681972,39.675982,2221.7],[-120.681975,39.676006,2221.7],[-120.681979,39.67603,2221.7],[-120.681985,39.676056,2221.7],[-120.681993,39.676081,2221.2],[-120.682003,39.676106,2221.2],[-120.682008,39.676127,2221.2],[-120.682013,39.676146,2219.6],[-120.68205,39.676288,2217.9],[-120.682064,39.676357,2217.0],[-120.682082,39.676372,2217.0],[-120.682125,39.67638,2215.2],[-120.682216,39.67639,2213.2],[-120.682267,39.676407,2213.2],[-120.6823,39.676423,2211.6],[-120.682345,39.67645,2210.8],[-120.682392,39.676495,2209.4],[-120.682412,39.676544,2208.6],[-120.682427,39.676598,2208.6],[-120.682445,39.676655,2209.0],[-120.682454,39.676696,2209.0],[-120.682456,39.676734,2210.9],[-120.682451,39.676761,2210.9],[-120.682432,39.676779,2210.9],[-120.682408,39.676816,2213.0],[-120.682397,39.676855,2213.0],[-120.682402,39.676887,2213.0],[-120.682426,39.676918,2215.0],[-120.682496,39.676966,2213.1],[-120.682532,39.676978,2213.1],[-120.682564,39.676986,2212.8],[-120.682585,39.676991,2212.8],[-120.682606,39.676996,2212.8],[-120.682626,39.677003,2212.8],[-120.682642,39.677015,2212.8],[-120.682653,39.67703,2211.2],[-120.682663,39.67704,2211.2],[-120.682668,39.67705,2211.2],[-120.68267,39.677065,2211.9],[-120.682672,39.677081,2211.9],[-120.682678,39.677095,2211.9],[-120.682707,39.677129,2211.9],[-120.682754,39.677209,2210.6],[-120.682768,39.677237,2210.6],[-120.682776,39.677258,2211.1],[-120.682783,39.677274,2211.1],[-120.682793,39.677291,2211.1],[-120.68283,39.67732,2209.0],[-120.682853,39.677325,2209.0],[-120.682868,39.677329,2209.0],[-120.682888,39.677334,2209.7],[-120.682905,39.677344,2209.7],[-120.682924,39.677356,2207.8],[-120.682936,39.677372,2207.8],[-120.682946,39.677387,2207.8],[-120.68296,39.677406,2207.8],[-120.682976,39.677426,2208.3],[-120.68298,39.677447,2208.3],[-120.683049,39.677513,2208.5],[-120.683222,39.677618,2207.1],[-120.683259,39.677633,2207.1],[-120.683424,39.67769,2206.4],[-120.683575,39.677749,2205.1],[-120.683733,39.677804,2204.9],[-120.683791,39.677836,2204.3],[-120.683828,39.677862,2204.3],[-120.683854,39.67788,2204.4],[-120.683875,39.677899,2204.4],[-120.683892,39.677923,2204.4],[-120.683922,39.677987,2205.1],[-120.683934,39.678025,2204.4],[-120.683966,39.678145,2205.2],[-120.683985,39.678173,2206.1],[-120.684014,39.678191,2206.1],[-120.684047,39.678208,2205.3],[-120.684079,39.678225,2205.3],[-120.684112,39.678238,2206.0],[-120.684148,39.678252,2205.4],[-120.684182,39.678268,2205.4],[-120.684212,39.678285,2205.4],[-120.684245,39.678309,2204.3],[-120.684309,39.678372,2204.9],[-120.684331,39.678413,2203.6],[-120.684344,39.678458,2204.2],[-120.684353,39.678494,2204.2],[-120.684367,39.678522,2204.8],[-120.684387,39.678547,2204.8],[-120.684409,39.678567,2204.8],[-120.684426,39.678586,2203.6],[-120.684443,39.678604,2204.2],[-120.684454,39.678624,2204.2],[-120.684503,39.678686,2203.3],[-120.684607,39.678767,2201.9],[-120.684637,39.678798,2202.5],[-120.684659,39.678827,2202.5],[-120.68467,39.67885,2202.5],[-120.684672,39.678873,2202.5],[-120.684671,39.6789,2203.3],[-120.684668,39.678927,2203.3],[-120.684662,39.678959,2203.3],[-120.684652,39.679045,2204.1],[-120.684678,39.679137,2204.8],[-120.684704,39.679182,2204.2],[-120.684737,39.679219,2204.2],[-120.684779,39.679245,2205.7],[-120.684821,39.679257,2204.4],[-120.684852,39.679262,2204.4],[-120.68488,39.679262,2204.4],[-120.684897,39.679266,2203.2],[-120.684921,39.679276,2203.2],[-120.684953,39.679288,2203.2],[-120.685023,39.679287,2202.1],[-120.685064,39.679277,2202.1],[-120.685102,39.679277,2200.6],[-120.685134,39.679284,2200.6],[-120.685153,39.679284,2200.6],[-120.685156,39.679284,2200.6],[-120.685152,39.679276,2200.6],[-120.685148,39.679278,2200.6],[-120.685147,39.679279,2200.6],[-120.685144,39.679277,2200.6],[-120.685148,39.679275,2200.6],[-120.685147,39.67928,2200.6],[-120.685133,39.679281,2200.6],[-120.685111,39.679274,2200.6],[-120.685066,39.679267,2200.6],[-120.685015,39.679285,2202.1],[-120.684988,39.679296,2202.1],[-120.684954,39.679304,2203.2],[-120.684893,39.679309,2203.2],[-120.684858,39.679308,2204.4],[-120.684838,39.679292,2204.4],[-120.684817,39.679279,2204.4],[-120.684797,39.679265,2204.4],[-120.684774,39.679254,2204.4],[-120.684754,39.679245,2205.7],[-120.684731,39.679243,2205.7],[-120.684704,39.679249,2205.7],[-120.684692,39.679258,2205.7],[-120.684685,39.679273,2205.7],[-120.684687,39.679291,2205.7],[-120.6847,39.679308,2208.0],[-120.684719,39.679327,2208.0],[-120.684744,39.679348,2208.0],[-120.684767,39.679369,2208.0],[-120.684778,39.679393,2212.0],[-120.684791,39.679418,2209.8],[-120.684813,39.679439,2209.8],[-120.684858,39.679462,2209.8],[-120.684914,39.67951,2211.0],[-120.684975,39.679561,2209.5],[-120.685021,39.679609,2210.4],[-120.685045,39.679644,2210.4],[-120.685066,39.679665,2208.7],[-120.685091,39.679676,2208.7],[-120.685121,39.679675,2208.7],[-120.685152,39.679678,2208.7],[-120.685177,39.679685,2206.4],[-120.685199,39.679691,2206.4],[-120.685215,39.679699,2206.4],[-120.685228,39.679708,2206.4],[-120.685232,39.679712,2206.4],[-120.685234,39.679712,2206.4],[-120.68524,39.679709,2206.4],[-120.685248,39.679718,2206.4],[-120.685249,39.679725,2206.4],[-120.685249,39.679729,2206.4],[-120.685249,39.679735,2206.4],[-120.685254,39.679737,2206.4],[-120.685248,39.67974,2206.4],[-120.685241,39.679746,2207.1],[-120.685277,39.679783,2205.0],[-120.685302,39.679809,2205.0],[-120.685314,39.679822,2205.0],[-120.685326,39.679839,2205.6],[-120.685345,39.679855,2205.6],[-120.685371,39.679868,2204.0],[-120.685444,39.679923,2205.7],[-120.685455,39.679944,2204.2],[-120.685464,39.679966,2204.2],[-120.685476,39.679993,2204.2],[-120.685532,39.68006,2206.2],[-120.685536,39.680063,2206.2],[-120.685541,39.680065,2204.7],[-120.685545,39.680068,2204.7],[-120.685549,39.68007,2204.7],[-120.685554,39.680072,2204.7],[-120.685571,39.680083,2204.7],[-120.685575,39.680085,2204.7],[-120.685588,39.680093,2204.7],[-120.685592,39.680095,2204.7],[-120.685597,39.680098,2204.7],[-120.685601,39.6801,2204.7],[-120.685605,39.680103,2204.7],[-120.685609,39.680105,2204.7],[-120.685614,39.680108,2204.7],[-120.685618,39.68011,2204.7],[-120.685622,39.68011,2204.7],[-120.6856,39.680126,2206.8],[-120.685602,39.680129,2206.8],[-120.685611,39.680148,2206.8],[-120.685631,39.680213,2206.8],[-120.685646,39.68026,2209.3],[-120.685653,39.680276,2208.0],[-120.68567,39.680312,2210.9],[-120.68568,39.680327,2210.9],[-120.685691,39.680339,2210.9],[-120.685705,39.680372,2210.9],[-120.685717,39.680382,2210.9],[-120.685735,39.680393,2210.9],[-120.68576,39.680403,2210.1],[-120.685779,39.680415,2212.8],[-120.68579,39.680434,2212.8],[-120.685798,39.680456,2212.8],[-120.685807,39.680473,2212.8],[-120.685815,39.680488,2212.8],[-120.68589,39.680565,2214.9],[-120.685907,39.680578,2214.9],[-120.685946,39.680605,2217.0],[-120.685962,39.680619,2217.0],[-120.685974,39.680632,2217.0],[-120.685982,39.680646,2217.0],[-120.685989,39.680661,2217.0],[-120.685985,39.680673,2217.0],[-120.685984,39.68068,2217.0],[-120.685991,39.680687,2217.0],[-120.686005,39.680697,2215.8],[-120.686022,39.680707,2219.0],[-120.68604,39.680718,2219.0],[-120.68606,39.680722,2219.0],[-120.686077,39.680729,2219.0],[-120.686093,39.680738,2217.3],[-120.68611,39.680747,2217.3],[-120.686125,39.680757,2217.3],[-120.686137,39.680766,2217.3],[-120.686149,39.680774,2217.3],[-120.686155,39.680782,2217.3],[-120.686155,39.680789,2220.2],[-120.686157,39.680795,2220.2],[-120.686162,39.680803,2218.1],[-120.686171,39.680813,2218.1],[-120.686184,39.680825,2218.1],[-120.686198,39.680838,2218.1],[-120.686211,39.680849,2218.1],[-120.686228,39.68086,2218.1],[-120.68624,39.680869,2218.1],[-120.686242,39.680881,2220.8],[-120.686238,39.680894,2220.8],[-120.686234,39.680908,2220.8],[-120.686236,39.680923,2220.8],[-120.686237,39.680934,2220.8],[-120.686234,39.680946,2220.8],[-120.686237,39.680956,2220.8],[-120.686239,39.68096,2220.8],[-120.686243,39.680962,2220.8],[-120.686252,39.680972,2220.8],[-120.686264,39.680984,2218.6],[-120.686277,39.680998,2218.6],[-120.686294,39.681012,2221.6],[-120.686312,39.681024,2221.6],[-120.686329,39.681035,2221.6],[-120.686345,39.681048,2221.6],[-120.686359,39.681058,2219.2],[-120.686376,39.681072,2219.2],[-120.686391,39.681084,2219.2],[-120.686407,39.681096,2219.2],[-120.686424,39.681107,2219.2],[-120.686442,39.681117,2220.4],[-120.686458,39.681125,2220.4],[-120.68647,39.681134,2220.4],[-120.686483,39.68115,2220.4],[-120.686501,39.681162,2220.4],[-120.686522,39.681174,2219.1],[-120.686539,39.681183,2219.1],[-120.686555,39.681191,2219.1],[-120.686576,39.681202,2223.1],[-120.686595,39.681214,2223.1],[-120.686612,39.681225,2221.6],[-120.686633,39.681238,2221.6],[-120.686654,39.681251,2221.6],[-120.686668,39.68126,2221.6],[-120.68668,39.681271,2221.6],[-120.686694,39.681284,2221.6],[-120.686713,39.681296,2220.8],[-120.68673,39.681303,2224.6],[-120.686741,39.681312,2224.6],[-120.686749,39.681319,2224.6],[-120.686756,39.681325,2224.6],[-120.686765,39.681333,2224.6],[-120.686778,39.681347,2224.6],[-120.686783,39.681384,2224.6],[-120.686768,39.681429,2228.0],[-120.686771,39.681457,2228.0],[-120.686778,39.681464,2228.0],[-120.686786,39.681473,2230.8],[-120.68679,39.681487,2230.8],[-120.68679,39.681504,2230.8],[-120.686794,39.681521,2230.8],[-120.686797,39.681537,2230.8],[-120.686795,39.681552,2233.7],[-120.686788,39.681566,2233.7],[-120.686784,39.681572,2233.7],[-120.686784,39.681573,2233.7],[-120.686789,39.68158,2233.7],[-120.686796,39.68159,2232.7],[-120.686805,39.681602,2232.7],[-120.686815,39.681615,2232.7],[-120.686826,39.681625,2232.7],[-120.686839,39.681639,2232.7],[-120.686849,39.681653,2235.2],[-120.686858,39.681665,2235.2],[-120.686864,39.681671,2235.2],[-120.686866,39.681674,2235.2],[-120.686872,39.681676,2235.2],[-120.686879,39.681686,2234.2],[-120.686881,39.681692,2234.2],[-120.686888,39.681686,2234.2],[-120.686897,39.681689,2234.2],[-120.686906,39.681695,2234.2],[-120.686908,39.681698,2234.2],[-120.686919,39.681698,2234.2],[-120.686947,39.681707,2234.2],[-120.686975,39.681724,2233.4],[-120.686997,39.681745,2233.4],[-120.687016,39.681762,2235.4],[-120.687036,39.681776,2235.4],[-120.687058,39.681787,2235.4],[-120.687079,39.681794,2234.8],[-120.687104,39.681803,2234.8],[-120.687125,39.681818,2234.8],[-120.68713,39.681841,2234.8],[-120.687127,39.681866,2236.8],[-120.687128,39.681871,2236.8],[-120.687137,39.681874,2236.8],[-120.687156,39.681876,2236.2],[-120.687163,39.681875,2236.2],[-120.687173,39.681882,2236.2],[-120.687195,39.681897,2236.2],[-120.687217,39.681908,2236.2],[-120.687239,39.681914,2235.8],[-120.687255,39.68192,2235.8],[-120.687258,39.681927,2237.7],[-120.687263,39.681926,2237.7],[-120.687267,39.681928,2237.7],[-120.687275,39.681932,2237.7],[-120.687297,39.681935,2237.7],[-120.687315,39.681939,2237.7],[-120.687332,39.681947,2237.4],[-120.687335,39.68195,2237.4],[-120.687341,39.681956,2237.4],[-120.687351,39.681972,2237.4],[-120.687363,39.681994,2237.4],[-120.687376,39.682014,2237.4],[-120.687389,39.682025,2239.3],[-120.687405,39.682029,2239.3],[-120.687418,39.682031,2239.3],[-120.687449,39.68203,2239.0],[-120.687493,39.682046,2239.0],[-120.687578,39.682061,2238.8],[-120.687637,39.682067,2238.8],[-120.687688,39.682082,2238.8],[-120.687736,39.682093,2238.9],[-120.687782,39.6821,2238.9],[-120.687815,39.682108,2239.2],[-120.687873,39.682126,2240.9],[-120.687906,39.682125,2241.4],[-120.687937,39.682124,2241.4],[-120.687973,39.682127,2241.4],[-120.688075,39.682127,2241.8],[-120.688101,39.682133,2242.1],[-120.68813,39.682144,2242.1],[-120.688155,39.682153,2242.1],[-120.688182,39.682156,2242.3],[-120.688206,39.682156,2242.3],[-120.688232,39.682158,2242.3],[-120.688292,39.682164,2242.2],[-120.688317,39.682175,2242.2],[-120.688333,39.682192,2242.2],[-120.688353,39.682212,2244.1],[-120.68838,39.682224,2244.1],[-120.688404,39.682237,2244.1],[-120.688434,39.682248,2244.1],[-120.688461,39.682262,2243.9],[-120.688532,39.682268,2243.9],[-120.688566,39.682273,2243.5],[-120.688606,39.68227,2243.5],[-120.688625,39.682276,2243.5],[-120.688644,39.682283,2242.7],[-120.688664,39.682291,2244.8],[-120.688692,39.682298,2244.8],[-120.688893,39.682397,2245.2],[-120.688996,39.682437,2243.9],[-120.68902,39.682446,2242.1],[-120.689047,39.682454,2242.1],[-120.689155,39.682516,2242.4],[-120.689185,39.682535,2242.4],[-120.689235,39.682573,2242.4],[-120.689262,39.682595,2242.4],[-120.689359,39.682651,2241.9],[-120.689458,39.682793,2243.2],[-120.689478,39.682813,2243.2],[-120.689495,39.682841,2245.9],[-120.689511,39.682888,2245.9],[-120.689533,39.682917,2245.9],[-120.689558,39.682938,2248.2],[-120.689577,39.682952,2248.2],[-120.689602,39.682962,2248.2],[-120.689616,39.682972,2248.2],[-120.689657,39.682976,2246.3],[-120.689675,39.68296,2246.3],[-120.689678,39.682962,2246.3],[-120.689685,39.682977,2246.3],[-120.689688,39.682977,2246.3],[-120.689697,39.682978,2246.3],[-120.689729,39.683014,2246.3],[-120.689732,39.683018,2246.3],[-120.689732,39.68306,2247.9],[-120.689732,39.683069,2247.9],[-120.689732,39.683089,2247.9],[-120.689732,39.683094,2247.9],[-120.689735,39.683098,2247.9],[-120.689738,39.6831,2247.9],[-120.68973,39.683106,2247.9],[-120.689727,39.6831,2247.9],[-120.689724,39.683101,2247.9],[-120.689732,39.683105,2247.9],[-120.689751,39.683126,2245.1],[-120.689771,39.683147,2245.1],[-120.68979,39.683175,2246.8],[-120.689808,39.683237,2246.8],[-120.689812,39.683259,2248.5],[-120.689817,39.683279,2248.5],[-120.689824,39.683297,2248.5],[-120.689826,39.683313,2248.5],[-120.689826,39.683329,2250.1],[-120.689828,39.683343,2250.1],[-120.689829,39.683358,2250.1],[-120.689832,39.683376,2250.1],[-120.689833,39.683393,2250.1],[-120.689831,39.683406,2250.1],[-120.689833,39.683421,2251.5],[-120.68984,39.683434,2247.9],[-120.689848,39.683442,2247.9],[-120.689849,39.683446,2247.9],[-120.689853,39.683467,2247.9],[-120.689855,39.683488,2247.9],[-120.689861,39.683501,2247.9],[-120.689871,39.683513,2247.9],[-120.689882,39.683527,2247.9],[-120.689893,39.683539,2249.7],[-120.689894,39.683555,2249.7],[-120.68989,39.68357,2249.7],[-120.689886,39.683582,2249.7],[-120.689883,39.683598,2249.7],[-120.689885,39.683613,2249.7],[-120.689893,39.683628,2251.9],[-120.689902,39.683641,2251.9],[-120.689913,39.683659,2251.9],[-120.689922,39.683665,2249.2],[-120.689924,39.683668,2249.2],[-120.689925,39.683669,2249.2],[-120.689923,39.683671,2249.2],[-120.689923,39.683672,2249.2],[-120.689925,39.683674,2249.2],[-120.689929,39.683677,2249.2],[-120.689931,39.68368,2249.2],[-120.689938,39.683681,2249.2],[-120.689946,39.683688,2249.2],[-120.689945,39.683699,2249.2],[-120.689946,39.683713,2249.2],[-120.68995,39.683731,2252.4],[-120.68995,39.68375,2252.4],[-120.689951,39.683763,2252.4],[-120.68995,39.683774,2252.4],[-120.68995,39.683783,2252.4],[-120.689958,39.683793,2252.4],[-120.689969,39.683804,2252.4],[-120.689982,39.683816,2252.4],[-120.689999,39.68383,2255.5],[-120.690014,39.683846,2253.6],[-120.690027,39.683858,2253.6],[-120.69004,39.683882,2253.6],[-120.690051,39.683889,2253.6],[-120.690065,39.683902,2253.6],[-120.690087,39.683919,2253.6],[-120.690117,39.683943,2254.3],[-120.69015,39.683957,2254.3],[-120.690179,39.683977,2254.3],[-120.690216,39.684002,2251.6],[-120.690263,39.684027,2254.3],[-120.690297,39.68405,2254.3],[-120.69033,39.68407,2251.3],[-120.690373,39.684082,2251.3],[-120.69042,39.684091,2247.5],[-120.690468,39.684104,2247.5],[-120.690505,39.684126,2245.8],[-120.690524,39.684156,2245.8],[-120.690533,39.684185,2245.8],[-120.69054,39.684205,2248.5],[-120.690545,39.684222,2248.5],[-120.690551,39.684242,2248.5],[-120.690553,39.684257,2248.5],[-120.690558,39.684266,2248.5],[-120.690565,39.684274,2244.3],[-120.690579,39.684286,2244.3],[-120.690595,39.684304,2247.2],[-120.690606,39.684324,2247.2],[-120.690616,39.684345,2247.2],[-120.690626,39.684365,2247.2],[-120.690664,39.684448,2245.6],[-120.690693,39.684461,2245.6],[-120.690772,39.684496,2243.2],[-120.690794,39.684519,2243.2],[-120.690803,39.68454,2243.2],[-120.690807,39.684562,2243.2],[-120.690807,39.68458,2244.3],[-120.690816,39.684594,2244.3],[-120.690833,39.684613,2241.4],[-120.690855,39.68463,2241.4],[-120.690885,39.684646,2241.4],[-120.690917,39.684665,2242.4],[-120.690938,39.684675,2240.0],[-120.690947,39.684687,2240.0],[-120.690956,39.684704,2240.0],[-120.690962,39.684722,2240.0],[-120.690966,39.684746,2240.0],[-120.690968,39.684766,2241.6],[-120.690972,39.684778,2241.6],[-120.69098,39.684785,2241.6],[-120.69099,39.684792,2241.6],[-120.691001,39.684803,2241.6],[-120.691011,39.684819,2241.6],[-120.691021,39.684828,2241.6],[-120.691029,39.684841,2241.2],[-120.691037,39.684857,2241.2],[-120.691047,39.684871,2241.2],[-120.691055,39.684883,2241.2],[-120.691084,39.684918,2241.2],[-120.691104,39.684968,2243.5],[-120.691126,39.685009,2241.1],[-120.691119,39.685025,2243.4],[-120.691111,39.685036,2245.9],[-120.691109,39.685049,2245.9],[-120.691103,39.685056,2245.9],[-120.691102,39.685072,2245.9],[-120.691104,39.68509,2245.9],[-120.691111,39.685117,2248.1],[-120.691136,39.685176,2245.5],[-120.691165,39.685226,2247.0],[-120.691177,39.685243,2247.0],[-120.691199,39.685276,2247.0],[-120.691215,39.685303,2245.6],[-120.691227,39.685355,2245.6],[-120.691234,39.685379,2245.6],[-120.691243,39.685392,2246.5],[-120.691262,39.685419,2246.5],[-120.691263,39.685425,2246.5],[-120.691267,39.685427,2246.5],[-120.691261,39.685435,2246.5],[-120.691259,39.685433,2246.5],[-120.691259,39.685436,2246.5],[-120.691257,39.68544,2246.5],[-120.691256,39.685438,2246.5],[-120.691253,39.685435,2246.5],[-120.691264,39.685462,2246.5],[-120.691268,39.685481,2247.8],[-120.691275,39.685496,2247.8],[-120.691282,39.685513,2247.8],[-120.691291,39.685528,2247.8],[-120.691298,39.685552,2247.8],[-120.691313,39.685595,2247.5],[-120.691311,39.685606,2247.5],[-120.691313,39.68562,2247.5],[-120.691316,39.685626,2247.5],[-120.691323,39.685642,2247.5],[-120.691332,39.685681,2250.1],[-120.69134,39.685713,2250.1],[-120.69135,39.685742,2250.1],[-120.691343,39.685755,2250.1],[-120.691338,39.685758,2250.1],[-120.691339,39.685767,2252.5],[-120.691343,39.685768,2252.5],[-120.691348,39.685768,2252.5],[-120.691348,39.685771,2252.5],[-120.691345,39.685781,2252.5],[-120.691351,39.685785,2252.5],[-120.691353,39.685785,2252.5],[-120.691351,39.685786,2252.5],[-120.691361,39.685802,2252.5],[-120.69137,39.685813,2252.5],[-120.691398,39.685864,2252.8],[-120.691401,39.685881,2252.8],[-120.6914,39.685898,2252.8],[-120.691399,39.685915,2252.8],[-120.691398,39.685942,2254.9],[-120.691401,39.685964,2254.9],[-120.691409,39.686028,2254.9],[-120.691396,39.686062,2256.5],[-120.691393,39.686076,2256.5],[-120.691391,39.686102,2256.5],[-120.691395,39.686114,2256.5],[-120.691401,39.686143,2257.6],[-120.691406,39.686151,2257.6],[-120.691416,39.686163,2257.6],[-120.691424,39.686183,2257.6],[-120.691428,39.686201,2257.6],[-120.691435,39.686215,2257.6],[-120.691446,39.686234,2258.3],[-120.691454,39.686252,2258.3],[-120.691457,39.686273,2258.3],[-120.691447,39.686293,2258.3],[-120.691436,39.686313,2258.3],[-120.691434,39.686328,2259.0],[-120.691453,39.686345,2259.0],[-120.691472,39.686354,2257.5],[-120.691488,39.686364,2257.5],[-120.691507,39.686365,2257.5],[-120.691521,39.686362,2257.5],[-120.691533,39.686373,2257.5],[-120.691539,39.686385,2257.5],[-120.691547,39.686403,2257.5],[-120.691554,39.68642,2256.7],[-120.691555,39.686438,2256.7],[-120.691553,39.686453,2256.7],[-120.69155,39.686465,2256.7],[-120.691543,39.686479,2258.4],[-120.691527,39.686496,2258.4],[-120.691514,39.686515,2259.8],[-120.691511,39.686539,2259.8],[-120.691505,39.686556,2259.8],[-120.691497,39.686572,2259.8],[-120.691496,39.68659,2262.2],[-120.691511,39.686613,2262.2],[-120.691525,39.686633,2262.2],[-120.691532,39.686652,2262.2],[-120.691541,39.686674,2262.2],[-120.691582,39.686752,2263.4],[-120.691588,39.686774,2263.4],[-120.691583,39.686803,2266.2],[-120.691578,39.686831,2266.2],[-120.691573,39.686855,2266.2],[-120.691569,39.686875,2267.9],[-120.691563,39.686888,2267.9],[-120.691554,39.686889,2267.9],[-120.691547,39.686891,2269.3],[-120.691548,39.686907,2269.3],[-120.691543,39.686931,2269.3],[-120.691534,39.686944,2269.3],[-120.691525,39.686958,2269.3],[-120.691518,39.686982,2269.8],[-120.691512,39.687003,2269.8],[-120.691501,39.687019,2269.8],[-120.691494,39.687029,2269.8],[-120.691494,39.687034,2269.8],[-120.691499,39.687037,2269.8],[-120.691509,39.687054,2269.8],[-120.691519,39.687075,2270.1],[-120.691529,39.687095,2270.1],[-120.691537,39.687115,2270.1],[-120.69154,39.687137,2270.1],[-120.691547,39.68715,2270.1],[-120.691564,39.687151,2270.1],[-120.691587,39.687154,2268.7],[-120.691601,39.687161,2268.7],[-120.691615,39.687169,2268.7],[-120.691633,39.687177,2268.6],[-120.691649,39.687187,2268.6],[-120.691666,39.687198,2268.6],[-120.691682,39.687206,2267.2],[-120.691694,39.687208,2267.2],[-120.691694,39.687203,2267.2],[-120.691693,39.687215,2267.2],[-120.691693,39.687218,2267.2],[-120.691694,39.687224,2267.2],[-120.691692,39.687226,2267.2],[-120.691694,39.68723,2267.2],[-120.691697,39.68724,2267.2],[-120.691696,39.687242,2267.2],[-120.691699,39.687246,2267.2],[-120.691697,39.687246,2267.2],[-120.691695,39.687244,2267.2],[-120.691698,39.687267,2267.2],[-120.691706,39.687304,2267.6],[-120.691704,39.687354,2267.6],[-120.691713,39.687367,2267.6],[-120.691726,39.687382,2268.8],[-120.691742,39.687396,2268.8],[-120.691761,39.687405,2268.3],[-120.69178,39.68742,2268.3],[-120.691817,39.687447,2268.3],[-120.691841,39.687459,2268.3],[-120.691875,39.68746,2267.7],[-120.691925,39.687457,2267.7],[-120.691979,39.687445,2266.8],[-120.692033,39.687427,2266.8],[-120.692078,39.68742,2265.4],[-120.692112,39.687435,2265.4],[-120.692142,39.687464,2263.5],[-120.692179,39.687486,2265.5],[-120.692216,39.687502,2265.5],[-120.692251,39.687508,2263.4],[-120.69227,39.687532,2263.4],[-120.692293,39.687571,2265.0],[-120.692316,39.687586,2265.0],[-120.692342,39.687585,2263.0],[-120.692372,39.68758,2263.0],[-120.692407,39.687576,2263.0],[-120.692511,39.687641,2261.2],[-120.692531,39.687668,2260.9],[-120.692544,39.687696,2260.9],[-120.692563,39.687722,2260.9],[-120.692582,39.687739,2262.7],[-120.692717,39.68783,2258.3],[-120.692759,39.687879,2260.3],[-120.692824,39.687926,2260.6],[-120.692886,39.68798,2258.8],[-120.692904,39.687998,2258.8],[-120.692921,39.688013,2258.8],[-120.692908,39.688013,2258.8],[-120.692879,39.687979,2258.8],[-120.692873,39.687975,2260.6],[-120.692859,39.687993,2260.6],[-120.692854,39.687985,2260.6],[-120.692863,39.687986,2260.6],[-120.692864,39.687986,2260.6],[-120.692866,39.687998,2260.6],[-120.692872,39.688006,2260.6],[-120.692902,39.68801,2258.8],[-120.692907,39.688012,2258.8],[-120.692919,39.688016,2258.8],[-120.692942,39.688026,2261.2],[-120.692963,39.688047,2261.2],[-120.692979,39.688066,2259.9],[-120.692992,39.688087,2259.9],[-120.693,39.68811,2259.9],[-120.693006,39.688131,2263.0],[-120.693071,39.688236,2265.6],[-120.693075,39.688259,2265.6],[-120.693083,39.688284,2265.6],[-120.693083,39.688305,2268.5],[-120.693093,39.688326,2268.5],[-120.693116,39.688367,2268.5],[-120.693164,39.688428,2270.9],[-120.693197,39.688435,2270.9],[-120.693218,39.688442,2270.9],[-120.69323,39.688453,2270.9],[-120.693247,39.68847,2270.4],[-120.693257,39.688491,2272.7],[-120.693267,39.688509,2272.7],[-120.693279,39.68852,2272.7],[-120.693292,39.688534,2272.7],[-120.693311,39.688539,2272.7],[-120.693329,39.688544,2272.7],[-120.693349,39.688546,2272.1],[-120.693361,39.688543,2272.1],[-120.693376,39.688545,2272.1],[-120.693392,39.68855,2272.1],[-120.693409,39.688556,2272.1],[-120.693431,39.688561,2274.1],[-120.693456,39.688565,2274.1],[-120.69348,39.688573,2274.1],[-120.693497,39.688583,2274.1],[-120.693514,39.688586,2274.1],[-120.693534,39.688592,2273.4],[-120.693548,39.6886,2273.4],[-120.693566,39.688604,2273.4],[-120.693585,39.688609,2273.4],[-120.693592,39.688611,2273.4],[-120.693604,39.688608,2273.4],[-120.693611,39.688605,2272.7],[-120.693614,39.688602,2272.7],[-120.693623,39.688606,2272.7],[-120.693628,39.688611,2272.7],[-120.693636,39.688619,2272.7],[-120.693649,39.688629,2272.7],[-120.693659,39.688634,2274.9],[-120.693669,39.68864,2274.9],[-120.693681,39.688644,2274.9],[-120.693704,39.688657,2273.9],[-120.69371,39.68866,2273.9],[-120.693797,39.688708,2272.6],[-120.693818,39.688715,2272.6],[-120.693926,39.688754,2271.6],[-120.693935,39.688765,2271.6],[-120.69394,39.68878,2271.6],[-120.693948,39.688798,2271.6],[-120.693959,39.688817,2272.5],[-120.693969,39.688832,2270.9],[-120.69399,39.688848,2270.9],[-120.694009,39.688864,2270.9],[-120.694031,39.688909,2271.6],[-120.694012,39.688951,2271.6],[-120.694014,39.688968,2271.6],[-120.694031,39.688997,2272.1],[-120.69404,39.689011,2272.1],[-120.694047,39.689029,2272.1],[-120.694069,39.689092,2270.9],[-120.694067,39.689107,2270.9],[-120.694082,39.689124,2270.9],[-120.694124,39.689166,2270.9],[-120.694145,39.689191,2271.1],[-120.694158,39.689213,2271.1],[-120.694175,39.689227,2269.2],[-120.69419,39.689245,2269.2],[-120.694201,39.689268,2269.2],[-120.69421,39.689306,2269.4],[-120.694213,39.689322,2269.4],[-120.694216,39.689328,2269.4],[-120.694214,39.689339,2269.4],[-120.694213,39.689345,2269.4],[-120.69422,39.689367,2269.5],[-120.69423,39.689388,2269.5],[-120.694239,39.689409,2269.5],[-120.694258,39.689475,2268.0],[-120.694256,39.689501,2268.0],[-120.69424,39.689521,2269.8],[-120.69422,39.689548,2270.0],[-120.694207,39.689579,2270.0],[-120.694195,39.689604,2270.0],[-120.694189,39.689605,2270.0],[-120.694182,39.689615,2270.0],[-120.694175,39.68961,2270.0],[-120.694164,39.689628,2270.5],[-120.694151,39.689648,2272.1],[-120.694133,39.689726,2272.8],[-120.69413,39.689752,2272.8],[-120.694129,39.689758,2272.8],[-120.694135,39.689766,2272.8],[-120.694146,39.689772,2272.8],[-120.694156,39.689779,2271.1],[-120.694164,39.689793,2271.8],[-120.694163,39.689816,2271.8],[-120.694152,39.689844,2271.8],[-120.694139,39.689864,2273.5],[-120.694117,39.689892,2274.1],[-120.694092,39.689924,2274.1],[-120.694079,39.689951,2274.1],[-120.694078,39.689964,2274.1],[-120.694097,39.689986,2274.6],[-120.694137,39.690047,2274.6],[-120.694143,39.690071,2273.2],[-120.694154,39.69008,2273.9],[-120.694164,39.690087,2273.9],[-120.694175,39.690104,2273.9],[-120.694206,39.690163,2274.6],[-120.694209,39.690202,2274.6],[-120.694193,39.690245,2274.6],[-120.694184,39.690294,2275.0],[-120.694186,39.690342,2275.0],[-120.694178,39.690386,2275.6],[-120.694084,39.690472,2276.6],[-120.694068,39.690485,2276.6],[-120.694038,39.690522,2277.1],[-120.69404,39.69055,2276.9],[-120.694039,39.690563,2276.9],[-120.694033,39.690589,2276.9],[-120.694036,39.690616,2276.9],[-120.694044,39.690643,2276.4],[-120.694047,39.690664,2276.4],[-120.694048,39.690693,2276.4],[-120.694047,39.690724,2275.6],[-120.694068,39.690793,2275.6],[-120.694103,39.690905,2273.7],[-120.694117,39.690905,2273.7],[-120.694131,39.690919,2273.7],[-120.694142,39.690933,2273.7],[-120.694146,39.690948,2273.7],[-120.694149,39.690963,2273.7],[-120.694162,39.690983,2273.7],[-120.694175,39.691004,2272.5],[-120.69421,39.691061,2272.6],[-120.694214,39.691075,2272.6],[-120.694217,39.691099,2271.2],[-120.694225,39.691132,2271.2],[-120.694244,39.691157,2271.2],[-120.69427,39.691176,2271.2],[-120.694274,39.691179,2271.2],[-120.694281,39.691184,2271.2],[-120.694293,39.691187,2271.5],[-120.694298,39.691186,2271.5],[-120.6943,39.691181,2271.5],[-120.694297,39.691178,2271.5],[-120.694301,39.691188,2271.5],[-120.694298,39.69119,2271.5],[-120.694293,39.691201,2270.1],[-120.694289,39.691215,2270.1],[-120.694264,39.691247,2269.8],[-120.694262,39.691263,2269.8],[-120.69427,39.691278,2269.8],[-120.694274,39.691284,2269.8],[-120.694276,39.691286,2269.8],[-120.694273,39.691311,2267.6],[-120.694265,39.691314,2267.6],[-120.694255,39.691314,2267.6],[-120.694255,39.691322,2267.6],[-120.694246,39.69133,2267.6],[-120.694232,39.691329,2267.6],[-120.694228,39.691326,2267.6],[-120.694224,39.691336,2267.6],[-120.69422,39.691345,2267.6],[-120.694218,39.691347,2267.6],[-120.694214,39.691365,2267.6],[-120.694209,39.691366,2267.6],[-120.694208,39.691361,2267.6],[-120.694209,39.691359,2267.6],[-120.6942,39.691361,2267.6],[-120.694199,39.691362,2267.6],[-120.694199,39.69136,2267.6],[-120.694193,39.691364,2267.6],[-120.694199,39.691371,2267.6],[-120.694195,39.691372,2267.6],[-120.694189,39.691389,2265.0],[-120.694191,39.691381,2267.6],[-120.694189,39.691375,2267.6],[-120.694191,39.691371,2267.6],[-120.69419,39.691374,2267.6],[-120.694187,39.69137,2267.6],[-120.694188,39.691368,2267.6],[-120.69419,39.691362,2267.6],[-120.69419,39.691357,2267.6],[-120.694191,39.691354,2267.6],[-120.694194,39.691353,2267.6],[-120.6942,39.691349,2267.6],[-120.694203,39.691343,2267.6],[-120.694205,39.69134,2267.6],[-120.694207,39.691335,2267.6],[-120.694211,39.691332,2267.6],[-120.694214,39.691325,2267.6],[-120.694211,39.691321,2267.6],[-120.694207,39.691298,2267.6],[-120.69423,39.69129,2267.6],[-120.694245,39.691291,2267.6],[-120.694322,39.691312,2268.0],[-120.694354,39.691329,2268.0],[-120.694389,39.691348,2268.3],[-120.694424,39.691359,2268.3],[-120.694504,39.691382,2265.7],[-120.694546,39.691388,2265.7],[-120.694585,39.691388,2265.6],[-120.69462,39.69138,2265.6],[-120.69465,39.691372,2265.6],[-120.694687,39.691371,2265.4],[-120.694787,39.69137,2264.9],[-120.694824,39.691373,2264.9],[-120.694864,39.691394,2264.0],[-120.694916,39.691407,2264.0],[-120.694954,39.691405,2262.7],[-120.694991,39.691404,2262.7],[-120.695032,39.691422,2261.0],[-120.695075,39.691454,2261.0],[-120.695216,39.691549,2257.9],[-120.695333,39.691635,2254.9],[-120.695386,39.691675,2254.9],[-120.695454,39.691721,2254.2],[-120.695629,39.69183,2250.8],[-120.695685,39.691851,2250.5],[-120.695755,39.691829,2250.5],[-120.695809,39.691808,2251.2],[-120.695856,39.691802,2251.2],[-120.695903,39.691822,2250.0],[-120.695953,39.691843,2250.0],[-120.696088,39.691927,2248.7],[-120.696173,39.691968,2248.2],[-120.696263,39.692013,2246.8],[-120.696374,39.692073,2246.2],[-120.696463,39.692137,2244.4],[-120.696547,39.692197,2240.9],[-120.696586,39.69222,2240.9],[-120.696626,39.692252,2240.3],[-120.696649,39.692285,2240.3],[-120.696661,39.692311,2236.9],[-120.696674,39.692333,2236.9],[-120.696688,39.692361,2236.9],[-120.696701,39.692392,2233.5],[-120.696719,39.69241,2233.7],[-120.696754,39.692435,2233.7],[-120.696794,39.692462,2233.7],[-120.696843,39.692489,2231.5],[-120.696906,39.692504,2232.3],[-120.696964,39.6925,2232.3],[-120.697012,39.692497,2233.2],[-120.697064,39.692494,2233.2],[-120.69712,39.692493,2234.1],[-120.697171,39.692508,2234.1],[-120.697232,39.692585,2232.6],[-120.697377,39.692755,2228.1],[-120.697467,39.692836,2225.6],[-120.697605,39.692921,2226.0],[-120.697678,39.692957,2222.9],[-120.69771,39.692991,2222.9],[-120.697767,39.693098,2220.4],[-120.697793,39.693172,2218.2],[-120.697814,39.693258,2216.0],[-120.697835,39.693332,2213.7],[-120.697883,39.693516,2209.1],[-120.697913,39.693588,2207.1],[-120.697935,39.693636,2207.1],[-120.697947,39.693691,2205.8],[-120.697966,39.693747,2205.8],[-120.697988,39.693804,2204.5],[-120.698003,39.693865,2203.5],[-120.697976,39.693898,2203.2],[-120.697926,39.693919,2203.2],[-120.697872,39.693951,2200.9],[-120.69784,39.694004,2200.9],[-120.697815,39.694049,2199.2],[-120.697813,39.694094,2199.2],[-120.697804,39.69416,2197.3],[-120.697807,39.694223,2195.8],[-120.697815,39.69426,2196.3],[-120.697838,39.694353,2195.5],[-120.69786,39.694404,2194.9],[-120.697857,39.69443,2194.9],[-120.697865,39.694441,2194.9],[-120.697896,39.69447,2194.9],[-120.697897,39.694495,2194.3],[-120.697886,39.694556,2194.3],[-120.697884,39.694578,2194.3],[-120.697882,39.694587,2193.9],[-120.697881,39.694589,2193.9],[-120.697881,39.694591,2193.9],[-120.697884,39.694596,2193.9],[-120.697897,39.694613,2193.9],[-120.697919,39.694638,2194.2],[-120.697944,39.69467,2194.2],[-120.697961,39.694695,2193.6],[-120.69798,39.694754,2193.6],[-120.697977,39.694772,2193.1],[-120.697962,39.694795,2193.1],[-120.697936,39.69482,2193.1],[-120.697911,39.694851,2192.7],[-120.697883,39.69488,2192.4],[-120.697787,39.694957,2192.1],[-120.697694,39.695002,2191.5],[-120.69766,39.695014,2191.5],[-120.697632,39.695033,2191.5],[-120.697602,39.695063,2190.9],[-120.697549,39.695125,2191.0],[-120.697526,39.695167,2191.0],[-120.697495,39.69525,2190.4],[-120.697471,39.695306,2190.4],[-120.69746,39.695348,2191.1],[-120.697444,39.695377,2191.1],[-120.697416,39.695414,2190.7],[-120.697348,39.695525,2191.4],[-120.697332,39.695623,2191.5],[-120.697344,39.695667,2191.7],[-120.69736,39.695706,2192.3],[-120.697371,39.695742,2192.3],[-120.697381,39.695843,2192.1],[-120.697378,39.695896,2191.2],[-120.6974,39.696016,2190.6],[-120.697415,39.696084,2190.3],[-120.697432,39.696169,2189.4],[-120.697434,39.69619,2189.4],[-120.697441,39.696208,2189.4],[-120.697446,39.696229,2189.4],[-120.697446,39.696234,2189.4],[-120.697434,39.696225,2189.4],[-120.697431,39.696222,2189.4],[-120.697427,39.696219,2189.4],[-120.697433,39.696227,2189.4],[-120.697422,39.696255,2189.8],[-120.697406,39.696272,2189.8],[-120.69738,39.69629,2190.1],[-120.697348,39.696314,2190.1],[-120.697316,39.696347,2190.0],[-120.697232,39.696447,2190.4],[-120.697188,39.696507,2191.3],[-120.69712,39.696621,2189.0],[-120.697095,39.696669,2189.9],[-120.697074,39.696712,2188.3],[-120.697053,39.696747,2188.3],[-120.696968,39.696833,2187.5],[-120.69694,39.696863,2191.6],[-120.696912,39.696888,2191.6],[-120.696881,39.696903,2191.6],[-120.696843,39.696917,2192.3],[-120.696685,39.697033,2192.5],[-120.696663,39.69707,2193.0],[-120.696648,39.697103,2193.0],[-120.696639,39.697138,2192.3],[-120.696632,39.69719,2192.3],[-120.696616,39.697249,2191.8],[-120.696538,39.697341,2192.1],[-120.69648,39.697383,2192.8],[-120.696445,39.697408,2191.9],[-120.696428,39.697434,2191.9],[-120.696424,39.697464,2191.9],[-120.696414,39.697495,2190.8],[-120.696389,39.697537,2191.7],[-120.696372,39.697569,2191.7],[-120.696368,39.697598,2189.9],[-120.696363,39.697636,2189.9],[-120.696351,39.697677,2189.9],[-120.696339,39.697721,2187.4],[-120.696326,39.697768,2187.4],[-120.696258,39.697856,2187.0],[-120.69622,39.697895,2187.3],[-120.696189,39.69793,2187.3],[-120.696156,39.697966,2186.1],[-120.696122,39.697999,2188.0],[-120.696094,39.698029,2188.0],[-120.696073,39.698056,2186.9],[-120.696062,39.698084,2186.9],[-120.696056,39.698111,2186.9],[-120.696044,39.698141,2186.2],[-120.696028,39.698169,2187.6],[-120.696005,39.698198,2187.6],[-120.69597,39.698228,2187.6],[-120.695932,39.698258,2188.5],[-120.69586,39.698316,2188.5],[-120.695672,39.698402,2190.0],[-120.695582,39.698478,2189.3],[-120.695549,39.698518,2187.9],[-120.695497,39.69855,2187.9],[-120.695437,39.698576,2186.5],[-120.695373,39.698603,2184.9],[-120.695316,39.698637,2184.9],[-120.695265,39.698677,2183.2],[-120.695224,39.698726,2183.7],[-120.695194,39.698774,2184.5],[-120.695177,39.698827,2182.6],[-120.695166,39.698883,2183.6],[-120.695144,39.698925,2183.6],[-120.695109,39.698955,2183.6],[-120.695064,39.698975,2181.9],[-120.695025,39.698985,2181.9],[-120.69499,39.699,2179.5],[-120.694967,39.699024,2179.5],[-120.694954,39.699053,2179.5],[-120.694935,39.699094,2180.3],[-120.694904,39.699139,2180.3],[-120.694837,39.69921,2178.8],[-120.694819,39.699251,2179.5],[-120.694767,39.699353,2178.0],[-120.694691,39.699433,2176.5],[-120.694663,39.69946,2176.5],[-120.694634,39.699489,2176.5],[-120.694606,39.699514,2174.5],[-120.69458,39.699537,2174.5],[-120.694556,39.699561,2174.5],[-120.694541,39.699597,2172.0],[-120.694527,39.699629,2172.3],[-120.694516,39.699654,2172.3],[-120.694507,39.699672,2172.3],[-120.694499,39.699689,2172.3],[-120.694486,39.699706,2172.4],[-120.694478,39.699718,2172.4],[-120.694475,39.699723,2172.4],[-120.69447,39.699742,2172.4],[-120.694464,39.699765,2172.4],[-120.69446,39.699801,2171.9],[-120.69446,39.699839,2171.9],[-120.694413,39.700086,2168.2],[-120.694367,39.700123,2166.2],[-120.694306,39.700156,2167.5],[-120.694239,39.700191,2165.7],[-120.694171,39.70024,2165.0],[-120.694056,39.700344,2165.5],[-120.694036,39.700376,2165.5],[-120.694031,39.700402,2165.5],[-120.694024,39.700425,2165.5],[-120.694029,39.700446,2166.3],[-120.694031,39.700463,2166.3],[-120.694024,39.70048,2166.3],[-120.694015,39.700495,2166.3],[-120.694004,39.70051,2165.2],[-120.693992,39.700525,2165.3],[-120.69397,39.700542,2165.3],[-120.693934,39.700578,2165.3],[-120.693929,39.700581,2165.3],[-120.693921,39.700587,2165.3],[-120.693904,39.70059,2164.2],[-120.693872,39.700585,2164.2],[-120.693871,39.700583,2164.2],[-120.693892,39.700575,2164.2],[-120.693913,39.700581,2164.2],[-120.693924,39.700595,2165.3],[-120.693913,39.700603,2164.2],[-120.693911,39.700614,2164.7],[-120.693911,39.700662,2164.7],[-120.693912,39.700689,2164.7],[-120.693908,39.700721,2164.9],[-120.693895,39.700761,2164.9],[-120.693895,39.700866,2164.2],[-120.693921,39.700902,2160.8],[-120.69394,39.700934,2160.8],[-120.693942,39.700963,2160.8],[-120.693938,39.701,2157.3],[-120.693926,39.701048,2157.3],[-120.693899,39.701108,2156.6],[-120.693883,39.70116,2156.6],[-120.693865,39.701265,2152.9],[-120.693842,39.701307,2152.9],[-120.693825,39.701321,2152.9],[-120.693808,39.701333,2159.1],[-120.69379,39.701343,2159.1],[-120.693772,39.701344,2159.1],[-120.693757,39.701339,2159.1],[-120.693733,39.701326,2159.1],[-120.693716,39.701313,2162.1],[-120.693708,39.701304,2162.1],[-120.693697,39.701294,2162.1],[-120.693686,39.701281,2162.1],[-120.693673,39.701262,2162.0],[-120.693656,39.701258,2162.0],[-120.693642,39.701262,2162.0],[-120.693632,39.70127,2162.0],[-120.693597,39.701299,2162.0],[-120.693579,39.701308,2162.0],[-120.693562,39.701319,2162.0],[-120.693543,39.701332,2162.0],[-120.693459,39.701426,2162.3],[-120.693351,39.701491,2161.7],[-120.69329,39.701513,2161.7],[-120.693247,39.70153,2159.9],[-120.693117,39.701591,2160.9],[-120.693049,39.701628,2158.7],[-120.692976,39.701651,2159.6],[-120.692841,39.701679,2157.3],[-120.692775,39.701672,2155.3],[-120.692715,39.701664,2155.3],[-120.692674,39.701679,2153.7],[-120.692616,39.701712,2152.2],[-120.692577,39.70173,2152.2],[-120.692557,39.701748,2156.8],[-120.692552,39.70177,2156.8],[-120.692541,39.701784,2156.8],[-120.692517,39.701797,2155.5],[-120.692475,39.701807,2155.5],[-120.692437,39.701813,2155.5],[-120.692381,39.701838,2153.7],[-120.69234,39.701851,2157.6],[-120.692079,39.701875,2150.3],[-120.692043,39.701885,2147.4],[-120.692015,39.701896,2147.4],[-120.691967,39.701912,2143.9],[-120.691917,39.701924,2143.9],[-120.691871,39.701939,2144.0],[-120.69183,39.701957,2144.0],[-120.691791,39.701973,2144.0],[-120.691748,39.701988,2140.6],[-120.691672,39.702021,2137.9],[-120.691645,39.702045,2140.9],[-120.691614,39.702069,2140.9],[-120.691568,39.702091,2138.6],[-120.691478,39.702144,2139.3],[-120.691407,39.702217,2137.2],[-120.691374,39.702249,2140.1],[-120.691337,39.702274,2140.1],[-120.691297,39.702296,2138.2],[-120.691258,39.702319,2138.2],[-120.691149,39.702396,2138.0],[-120.691109,39.702418,2140.8],[-120.691037,39.702465,2139.5],[-120.691009,39.702483,2139.5],[-120.690986,39.702501,2142.2],[-120.690966,39.702515,2142.2],[-120.690952,39.702533,2141.2],[-120.690954,39.702553,2141.2],[-120.690961,39.702575,2142.2],[-120.690971,39.702593,2142.2],[-120.690984,39.702601,2144.6],[-120.690998,39.702608,2144.6],[-120.691014,39.702617,2144.6],[-120.691033,39.702621,2144.6],[-120.691055,39.702623,2145.8],[-120.691079,39.702622,2145.8],[-120.691101,39.702616,2145.8],[-120.691119,39.702603,2145.8],[-120.691138,39.70259,2143.4],[-120.691161,39.702581,2144.6],[-120.691246,39.702547,2146.0],[-120.691314,39.702528,2146.0],[-120.691328,39.702524,2146.0],[-120.691341,39.702515,2147.9],[-120.691354,39.702506,2147.9],[-120.691371,39.702497,2147.9],[-120.691396,39.70249,2145.4],[-120.691427,39.702485,2145.4],[-120.691453,39.702475,2147.3],[-120.691481,39.702461,2147.3],[-120.691503,39.702454,2147.3],[-120.691523,39.702446,2147.3],[-120.691542,39.702441,2149.6],[-120.691563,39.702431,2149.6],[-120.691585,39.702418,2149.6],[-120.691603,39.702406,2149.6],[-120.691622,39.702398,2149.2],[-120.691638,39.702388,2149.2],[-120.691653,39.702379,2149.2],[-120.691671,39.702369,2149.2],[-120.691691,39.702357,2149.2],[-120.691711,39.702348,2152.1],[-120.691735,39.702338,2152.1],[-120.691755,39.702329,2152.1],[-120.691778,39.702318,2152.1],[-120.691802,39.702308,2151.7],[-120.69182,39.702297,2151.7],[-120.691837,39.702284,2151.7],[-120.691853,39.702275,2151.7],[-120.69187,39.702272,2151.7],[-120.691888,39.702269,2155.0],[-120.691912,39.702268,2155.0],[-120.691939,39.702266,2155.0],[-120.69196,39.702264,2155.0],[-120.691978,39.702264,2157.7],[-120.691997,39.702262,2157.7],[-120.69202,39.702258,2157.7],[-120.692038,39.702254,2157.7],[-120.692059,39.702252,2157.7],[-120.69208,39.70225,2159.6],[-120.692101,39.702249,2159.6],[-120.692123,39.70225,2159.6],[-120.692146,39.70225,2159.6],[-120.692174,39.702251,2161.2],[-120.692202,39.702252,2161.2],[-120.692223,39.702256,2161.2],[-120.692237,39.702264,2161.2],[-120.692253,39.70227,2161.2],[-120.692272,39.702277,2163.1],[-120.692282,39.702291,2164.8],[-120.692284,39.702296,2164.8],[-120.692282,39.702299,2164.8],[-120.69228,39.702303,2164.8],[-120.692279,39.702306,2164.8],[-120.692276,39.702308,2164.8],[-120.692277,39.702313,2164.8],[-120.692271,39.70232,2164.8],[-120.692264,39.702334,2164.8],[-120.692256,39.702353,2163.0],[-120.692251,39.702374,2163.0],[-120.692245,39.702397,2163.0],[-120.692237,39.702417,2164.6],[-120.692228,39.702439,2164.6],[-120.692213,39.702452,2164.6],[-120.692202,39.702469,2164.6],[-120.69219,39.70249,2164.6],[-120.692178,39.702512,2166.0],[-120.692173,39.702537,2164.3],[-120.692172,39.702563,2164.3],[-120.692172,39.70258,2164.3],[-120.692169,39.70259,2165.7],[-120.692165,39.702603,2165.7],[-120.692161,39.702611,2165.7],[-120.692161,39.70262,2165.7],[-120.692161,39.702633,2165.7],[-120.692162,39.702649,2165.7],[-120.692167,39.702662,2167.3],[-120.692179,39.70268,2168.7],[-120.692189,39.702698,2168.7],[-120.69219,39.702715,2168.7],[-120.692188,39.702735,2168.7],[-120.692189,39.70276,2169.9],[-120.69219,39.702779,2169.9],[-120.692187,39.70279,2169.9],[-120.692187,39.702813,2169.9],[-120.692192,39.702835,2169.9],[-120.692184,39.702852,2169.9],[-120.692176,39.702871,2171.3],[-120.692175,39.702892,2171.3],[-120.692174,39.70291,2171.3],[-120.692173,39.702931,2171.3],[-120.692174,39.702953,2173.1],[-120.692174,39.702977,2173.1],[-120.692179,39.703008,2173.1],[-120.692182,39.703034,2173.1],[-120.692179,39.703053,2175.2],[-120.692179,39.703072,2175.2],[-120.692183,39.703081,2175.2],[-120.692181,39.703085,2175.2],[-120.692181,39.703089,2175.2],[-120.692166,39.703098,2175.2],[-120.692159,39.703102,2173.3],[-120.692148,39.703106,2173.3],[-120.692141,39.703123,2173.3],[-120.692139,39.703141,2175.3],[-120.692138,39.703165,2175.3],[-120.692141,39.703194,2175.3],[-120.692138,39.703211,2175.3],[-120.692135,39.703225,2175.3],[-120.692136,39.703241,2177.3],[-120.692138,39.70326,2177.3],[-120.692143,39.703279,2177.3],[-120.692154,39.703296,2177.3],[-120.692164,39.703312,2179.0],[-120.692167,39.703328,2180.7],[-120.692172,39.703344,2180.7],[-120.692186,39.70336,2180.7],[-120.692192,39.703373,2180.7],[-120.692193,39.703384,2180.7],[-120.692187,39.703395,2180.7],[-120.692187,39.703412,2182.4],[-120.692197,39.703433,2182.4],[-120.692198,39.703437,2182.4],[-120.692197,39.70344,2182.4],[-120.692197,39.703446,2182.4],[-120.69219,39.70345,2182.4],[-120.692183,39.70346,2182.4],[-120.692177,39.703469,2182.4],[-120.69217,39.703478,2181.2],[-120.692169,39.70348,2181.2],[-120.692166,39.703486,2181.2],[-120.692154,39.703492,2183.2],[-120.692142,39.703502,2183.2],[-120.69213,39.703516,2183.2],[-120.692115,39.703536,2183.2],[-120.692104,39.703557,2183.2],[-120.692097,39.703574,2183.2],[-120.692091,39.703593,2185.6],[-120.692084,39.703613,2184.6],[-120.692077,39.703639,2184.6],[-120.692073,39.703649,2184.6],[-120.692066,39.703678,2187.1],[-120.692054,39.703698,2187.1],[-120.692043,39.703716,2187.1],[-120.69203,39.703739,2187.1],[-120.692015,39.703757,2187.1],[-120.692004,39.703775,2189.9],[-120.691995,39.703797,2188.0],[-120.691971,39.703815,2188.0],[-120.691956,39.703836,2188.0],[-120.691941,39.703855,2190.6],[-120.691929,39.703868,2190.6],[-120.691916,39.703886,2190.6],[-120.691899,39.703904,2188.6],[-120.691867,39.70393,2188.6],[-120.691845,39.703951,2191.1],[-120.691837,39.703967,2191.1],[-120.691834,39.703988,2191.1],[-120.691839,39.704006,2191.1],[-120.691844,39.704031,2193.6],[-120.691858,39.704049,2193.6],[-120.691868,39.704074,2193.6],[-120.691879,39.704104,2193.6],[-120.691884,39.70413,2195.4],[-120.691889,39.704146,2197.1],[-120.691898,39.704159,2197.1],[-120.69191,39.704173,2197.1],[-120.691912,39.704193,2197.1],[-120.691899,39.704204,2197.9],[-120.691894,39.704217,2197.9],[-120.6919,39.704231,2197.9],[-120.691903,39.704236,2197.9],[-120.691905,39.704234,2197.9],[-120.691908,39.704232,2197.9],[-120.691907,39.704239,2197.9],[-120.691907,39.704242,2197.9],[-120.69191,39.704242,2197.9],[-120.69191,39.704243,2197.9],[-120.691914,39.704245,2197.9],[-120.691908,39.704247,2197.9],[-120.691908,39.70425,2197.9],[-120.691912,39.704251,2197.9],[-120.691915,39.704245,2197.9],[-120.691921,39.704249,2197.9],[-120.691914,39.704248,2197.9],[-120.691917,39.70425,2197.9],[-120.691909,39.704254,2196.6],[-120.691903,39.704264,2196.6],[-120.691886,39.704283,2196.6],[-120.691865,39.704302,2196.6],[-120.691802,39.704355,2197.5],[-120.691785,39.704365,2197.5],[-120.691765,39.70437,2197.5],[-120.691741,39.704376,2197.5],[-120.691719,39.704386,2196.7],[-120.691679,39.704418,2200.5],[-120.691662,39.704429,2200.5],[-120.691641,39.704446,2200.5],[-120.691616,39.704471,2200.4],[-120.691599,39.704486,2200.4],[-120.691572,39.704507,2205.3],[-120.69155,39.704521,2204.7],[-120.691539,39.704529,2204.7],[-120.691524,39.704539,2204.7],[-120.691506,39.704555,2204.7],[-120.691476,39.70457,2204.7],[-120.691454,39.704588,2208.1],[-120.691436,39.704601,2208.1],[-120.691419,39.704621,2208.1],[-120.691401,39.704633,2208.1],[-120.691385,39.704644,2208.1],[-120.691368,39.704652,2207.4],[-120.69136,39.704667,2207.4],[-120.691342,39.704683,2207.4],[-120.691319,39.704699,2211.0],[-120.69131,39.704706,2211.0],[-120.691296,39.704719,2211.0],[-120.691279,39.704729,2210.3],[-120.691264,39.704733,2210.3],[-120.691252,39.704739,2210.3],[-120.691244,39.704752,2210.3],[-120.691232,39.704766,2210.3],[-120.691213,39.704778,2210.3],[-120.69119,39.704791,2213.2],[-120.691171,39.704806,2213.2],[-120.691151,39.704826,2213.2],[-120.691138,39.704837,2213.2],[-120.691121,39.70485,2213.2],[-120.691108,39.704866,2213.2],[-120.6911,39.704878,2213.2],[-120.691098,39.70488,2213.2],[-120.691095,39.70488,2213.2],[-120.691091,39.704881,2213.2],[-120.691087,39.704886,2217.3],[-120.691079,39.704888,2216.3],[-120.691071,39.704894,2216.3],[-120.691067,39.704899,2216.3],[-120.691063,39.704904,2216.3],[-120.691061,39.704907,2216.3],[-120.69106,39.704912,2216.3],[-120.691055,39.704916,2216.3],[-120.691056,39.704919,2216.3],[-120.691055,39.704922,2216.3],[-120.691047,39.704932,2216.3],[-120.691046,39.704934,2216.3],[-120.691041,39.704939,2216.3],[-120.691029,39.704947,2216.3],[-120.691014,39.704958,2216.3],[-120.690997,39.704969,2216.3],[-120.690992,39.704972,2215.2],[-120.690987,39.704976,2215.2],[-120.690983,39.704974,2215.2],[-120.690983,39.704979,2219.6],[-120.690971,39.704986,2219.6],[-120.690947,39.704994,2219.6],[-120.69092,39.705012,2219.6],[-120.690899,39.705015,2219.6],[-120.69088,39.705017,2218.2],[-120.690864,39.705022,2218.2],[-120.69085,39.70503,2218.2],[-120.69084,39.705039,2218.2],[-120.690823,39.705051,2218.2],[-120.690815,39.705057,2218.2],[-120.690808,39.705067,2221.1],[-120.690794,39.705076,2221.1],[-120.690775,39.705089,2221.1],[-120.690763,39.705101,2221.1],[-120.690759,39.705106,2221.1],[-120.690765,39.705112,2221.1],[-120.690782,39.705116,2221.1],[-120.690799,39.705122,2222.7],[-120.690817,39.705128,2222.7],[-120.690835,39.705136,2222.7],[-120.690854,39.705143,2227.0],[-120.690873,39.705146,2227.0],[-120.690894,39.705145,2228.7],[-120.690916,39.705145,2228.7],[-120.690941,39.705142,2228.7],[-120.690959,39.705143,2228.7],[-120.69097,39.705145,2228.7],[-120.690984,39.705149,2230.4],[-120.691,39.705151,2230.4],[-120.691019,39.705155,2230.4],[-120.691038,39.705162,2230.4],[-120.691055,39.705167,2230.4],[-120.691079,39.705176,2231.8],[-120.691093,39.705185,2231.8],[-120.691104,39.705193,2231.8],[-120.691113,39.705198,2231.8],[-120.69113,39.705199,2231.8],[-120.691148,39.705198,2231.8],[-120.691162,39.705199,2231.8],[-120.691179,39.705207,2233.0],[-120.691197,39.705214,2233.0],[-120.691214,39.70522,2235.8],[-120.691228,39.705219,2235.8],[-120.691247,39.705223,2235.8],[-120.691268,39.705221,2236.4],[-120.691287,39.705224,2236.4],[-120.691306,39.705242,2236.4],[-120.691324,39.705257,2236.4],[-120.691333,39.705265,2236.4],[-120.691337,39.705275,2236.4],[-120.691341,39.705288,2236.4],[-120.691353,39.705307,2236.6],[-120.69136,39.705324,2239.7],[-120.691371,39.705342,2239.7],[-120.691385,39.705353,2239.7],[-120.6914,39.705363,2239.7],[-120.691409,39.705373,2239.7],[-120.691415,39.705381,2239.7],[-120.691417,39.705384,2239.7],[-120.691416,39.705384,2239.7],[-120.691415,39.705392,2239.7],[-120.691413,39.705406,2243.2],[-120.691404,39.705424,2243.2],[-120.691392,39.705444,2243.2],[-120.691383,39.705455,2243.2],[-120.691381,39.705459,2243.2],[-120.691383,39.705462,2243.2],[-120.69138,39.705462,2243.2],[-120.691376,39.705468,2243.2],[-120.691375,39.705475,2243.2],[-120.691373,39.705479,2243.2],[-120.691366,39.705486,2243.2],[-120.691358,39.705487,2243.2],[-120.691354,39.705488,2243.2],[-120.691352,39.705489,2243.2],[-120.691349,39.705492,2243.2],[-120.691348,39.705486,2243.2],[-120.691342,39.705488,2243.2],[-120.691338,39.7055,2243.2],[-120.691329,39.705516,2246.7],[-120.691313,39.705528,2246.0],[-120.691292,39.705539,2246.0],[-120.69128,39.705542,2246.0],[-120.691274,39.705542,2246.0],[-120.691265,39.70555,2246.0],[-120.691263,39.705554,2246.0],[-120.691261,39.705554,2246.0],[-120.691255,39.705557,2246.0],[-120.691245,39.705563,2246.0],[-120.691241,39.705566,2246.0],[-120.691237,39.705569,2246.0],[-120.691233,39.705575,2246.0],[-120.691232,39.705579,2246.0],[-120.691214,39.705585,2245.2],[-120.691165,39.705606,2249.1],[-120.691146,39.705618,2249.1],[-120.691128,39.705631,2248.3],[-120.691111,39.705639,2248.3],[-120.69108,39.70567,2248.3],[-120.691063,39.70568,2248.3],[-120.691044,39.705683,2247.4],[-120.691021,39.705688,2247.4],[-120.691001,39.70569,2247.4],[-120.690976,39.705694,2247.4],[-120.690955,39.7057,2247.4],[-120.690934,39.705707,2251.0],[-120.690915,39.705712,2251.0],[-120.690902,39.705715,2251.0],[-120.690885,39.705724,2251.0],[-120.690866,39.705736,2251.0],[-120.690856,39.705742,2250.7],[-120.690839,39.705754,2250.7],[-120.690824,39.705771,2250.7],[-120.690804,39.705782,2250.7],[-120.690775,39.705791,2254.5],[-120.690744,39.705792,2254.7],[-120.69072,39.705805,2254.7],[-120.690698,39.705811,2254.7],[-120.690677,39.705816,2254.7],[-120.690657,39.705829,2255.0],[-120.69064,39.705846,2255.0],[-120.690617,39.705854,2255.0],[-120.690595,39.705859,2255.0],[-120.690576,39.705857,2255.0],[-120.690553,39.705857,2255.3],[-120.690535,39.705862,2255.3],[-120.690518,39.705864,2255.3],[-120.690495,39.705863,2255.3],[-120.690482,39.705867,2255.3],[-120.690464,39.705876,2259.9],[-120.690453,39.705884,2259.9],[-120.690439,39.70589,2259.9],[-120.690428,39.705893,2259.9],[-120.69041,39.705894,2259.9],[-120.690399,39.705895,2259.9],[-120.69039,39.705898,2259.9],[-120.690381,39.705909,2260.2],[-120.69037,39.705918,2260.2],[-120.690359,39.705925,2260.2],[-120.69034,39.705929,2260.2],[-120.690327,39.70593,2260.2],[-120.690311,39.705935,2260.2],[-120.690291,39.705942,2260.2],[-120.690274,39.705949,2260.3],[-120.690251,39.705952,2260.3],[-120.690246,39.705951,2260.3],[-120.690236,39.705952,2260.3],[-120.690213,39.705952,2260.3],[-120.69019,39.705953,2260.3],[-120.690169,39.705956,2260.3],[-120.690155,39.70596,2260.3],[-120.690145,39.705968,2260.3],[-120.690125,39.705975,2264.9],[-120.690104,39.705981,2264.9],[-120.690088,39.70598,2264.9],[-120.69006,39.705977,2264.9],[-120.690033,39.70598,2264.9],[-120.690006,39.705989,2264.9],[-120.689985,39.705996,2264.9],[-120.689961,39.706007,2264.9],[-120.689941,39.706015,2264.9],[-120.689916,39.706023,2264.9],[-120.689899,39.706027,2264.9],[-120.689875,39.70601,2264.9],[-120.689865,39.706003,2264.9],[-120.689859,39.706006,2264.9],[-120.689853,39.70601,2264.9],[-120.689844,39.706009,2264.9],[-120.689841,39.706014,2264.9],[-120.689832,39.706018,2264.7],[-120.689828,39.70602,2264.7],[-120.68983,39.706026,2264.7],[-120.689836,39.706032,2264.9],[-120.689845,39.706038,2264.9],[-120.689855,39.706039,2264.9],[-120.689864,39.706046,2264.9],[-120.689865,39.706059,2264.9],[-120.689867,39.706077,2269.9],[-120.689878,39.70609,2269.9],[-120.689893,39.706103,2269.9],[-120.689904,39.706111,2269.9],[-120.689914,39.706118,2269.9],[-120.689926,39.706133,2269.9],[-120.689933,39.706154,2275.5],[-120.689934,39.706166,2275.5],[-120.689948,39.706178,2275.5],[-120.68996,39.706185,2275.5],[-120.689969,39.706191,2275.5],[-120.689976,39.706199,2275.5],[-120.689981,39.706214,2275.5],[-120.689992,39.706232,2280.9],[-120.690008,39.70625,2280.9],[-120.690019,39.706259,2280.8],[-120.690025,39.706262,2280.8],[-120.69003,39.706271,2280.8],[-120.690037,39.706282,2280.8],[-120.690053,39.706291,2280.8],[-120.690068,39.706303,2280.8],[-120.690089,39.706319,2284.3],[-120.69011,39.706325,2284.3],[-120.690131,39.706328,2284.3],[-120.690148,39.706331,2284.3],[-120.690162,39.706333,2284.3],[-120.69018,39.706338,2284.3],[-120.690199,39.706346,2284.1],[-120.690219,39.706365,2284.1],[-120.690236,39.706374,2284.1],[-120.690248,39.706382,2284.1],[-120.690259,39.706402,2284.1],[-120.690261,39.706418,2288.5],[-120.690247,39.70644,2288.5],[-120.69023,39.70645,2288.5],[-120.690205,39.706452,2288.5],[-120.690188,39.706447,2288.4],[-120.690164,39.706439,2288.4],[-120.690143,39.706439,2288.4],[-120.690125,39.706444,2288.4],[-120.690109,39.706447,2288.4],[-120.690094,39.706451,2288.0],[-120.690084,39.706459,2288.0],[-120.690078,39.706464,2288.0],[-120.690069,39.706462,2288.0],[-120.690072,39.706474,2288.0],[-120.690074,39.706476,2288.0],[-120.690081,39.706482,2288.0],[-120.690087,39.706493,2288.0],[-120.690088,39.706498,2288.0],[-120.690083,39.706497,2288.0],[-120.690078,39.706505,2288.0],[-120.690083,39.706533,2292.2],[-120.690078,39.706539,2292.2],[-120.690077,39.706542,2292.2],[-120.690066,39.706546,2292.2],[-120.690065,39.70655,2292.2],[-120.690058,39.706542,2292.2],[-120.690055,39.706539,2292.2],[-120.690051,39.706533,2292.2],[-120.690056,39.706537,2292.2],[-120.690031,39.70654,2292.2],[-120.69003,39.706543,2292.2],[-120.690027,39.706544,2292.2],[-120.690014,39.706541,2292.2],[-120.69,39.706538,2291.0],[-120.689996,39.706539,2291.0],[-120.689994,39.706545,2291.0],[-120.689995,39.706556,2291.0],[-120.689995,39.70656,2291.0],[-120.689992,39.706562,2291.0],[-120.68998,39.706567,2291.0],[-120.689976,39.706569,2291.0],[-120.689964,39.706576,2291.0],[-120.68996,39.706578,2291.0],[-120.689937,39.706585,2291.0],[-120.689935,39.706584,2291.0],[-120.68993,39.706585,2291.0],[-120.68993,39.70659,2291.0],[-120.689932,39.706593,2291.0],[-120.689933,39.70659,2291.0],[-120.689937,39.706586,2291.0],[-120.689942,39.706585,2291.0],[-120.689945,39.706589,2291.0],[-120.689946,39.70659,2291.0],[-120.689952,39.706598,2291.0],[-120.689955,39.706604,2295.5],[-120.689956,39.706605,2295.5],[-120.689955,39.706603,2295.5],[-120.689955,39.706602,2295.5],[-120.689962,39.706602,2295.5],[-120.68997,39.706599,2295.5],[-120.689978,39.706596,2295.5],[-120.689982,39.706596,2295.5],[-120.689971,39.706582,2291.0],[-120.689972,39.706591,2295.5],[-120.689974,39.706585,2291.0],[-120.689991,39.706586,2292.2],[-120.69001,39.706615,2297.6],[-120.690038,39.706642,2297.6],[-120.690054,39.706656,2297.6],[-120.690073,39.706666,2299.3],[-120.690089,39.706677,2299.3],[-120.690108,39.706689,2305.5],[-120.690157,39.706706,2306.5],[-120.690174,39.706712,2306.5],[-120.690253,39.706737,2306.4],[-120.690275,39.706759,2306.4],[-120.6903,39.706778,2306.4],[-120.690324,39.706778,2306.4],[-120.690344,39.706772,2306.4],[-120.690359,39.706773,2305.8],[-120.690372,39.706773,2305.8],[-120.690389,39.70677,2305.8],[-120.690402,39.706767,2305.8],[-120.690409,39.706768,2305.8],[-120.69041,39.706777,2305.8],[-120.690412,39.706781,2305.8],[-120.690399,39.706795,2308.1],[-120.690385,39.70681,2308.1],[-120.690376,39.706823,2308.1],[-120.690365,39.706833,2308.1],[-120.690349,39.706847,2308.1],[-120.690336,39.706861,2308.9],[-120.690323,39.70688,2308.9],[-120.690312,39.706895,2311.3],[-120.6903,39.706905,2311.3],[-120.690286,39.706914,2311.3],[-120.690275,39.706924,2311.3],[-120.690268,39.706933,2311.3],[-120.690262,39.706939,2311.3],[-120.690253,39.706943,2311.3],[-120.690239,39.70695,2311.3],[-120.69023,39.706956,2311.6],[-120.690227,39.706959,2311.6],[-120.690232,39.706966,2311.3],[-120.690242,39.706976,2314.9],[-120.690255,39.706979,2314.9],[-120.69026,39.70698,2314.9],[-120.690261,39.706983,2314.9],[-120.690266,39.706983,2314.9],[-120.690277,39.706982,2314.9],[-120.690285,39.706983,2314.9],[-120.69029,39.706984,2314.9],[-120.6903,39.706992,2314.9],[-120.690308,39.707001,2314.9],[-120.690317,39.707012,2314.9],[-120.690329,39.707023,2314.4],[-120.690344,39.707035,2314.4],[-120.690349,39.707037,2314.4],[-120.69035,39.707025,2314.4],[-120.690345,39.707029,2314.4],[-120.690343,39.707035,2314.4],[-120.690345,39.707038,2314.4],[-120.690348,39.70704,2314.4],[-120.690409,39.707083,2318.3],[-120.690444,39.707089,2316.2],[-120.690459,39.707096,2316.2],[-120.690477,39.707108,2316.2],[-120.690485,39.707112,2316.2],[-120.690515,39.70712,2311.8],[-120.690531,39.707161,2311.8],[-120.690538,39.707177,2311.0],[-120.690552,39.70719,2311.0],[-120.690562,39.707199,2311.0],[-120.69057,39.707214,2311.0],[-120.690579,39.707229,2311.0],[-120.69059,39.707247,2311.0],[-120.690603,39.707267,2304.7],[-120.690614,39.707281,2300.8],[-120.690616,39.707292,2300.8],[-120.690621,39.707313,2300.8],[-120.690613,39.707321,2300.8],[-120.690607,39.707328,2306.7],[-120.69059,39.707337,2306.7],[-120.690568,39.707348,2306.7],[-120.690548,39.707362,2306.7],[-120.690527,39.707375,2302.9],[-120.690509,39.707387,2307.9],[-120.690505,39.707391,2307.9],[-120.690503,39.707399,2307.9],[-120.690499,39.707398,2307.9],[-120.690496,39.7074,2307.9],[-120.690495,39.707398,2307.9],[-120.690493,39.707398,2307.9],[-120.690487,39.707396,2307.9],[-120.69048,39.707395,2307.9],[-120.690475,39.707397,2307.9],[-120.69047,39.707395,2307.9],[-120.690468,39.707396,2307.9],[-120.690462,39.707386,2307.9],[-120.69046,39.707378,2307.9],[-120.690461,39.707375,2307.9],[-120.690458,39.707387,2307.9],[-120.690455,39.707391,2307.9],[-120.690447,39.707393,2307.9],[-120.690428,39.707399,2307.9],[-120.69042,39.707394,2312.9],[-120.690411,39.707411,2312.9],[-120.6904,39.707426,2312.9],[-120.690392,39.707422,2312.9],[-120.69038,39.70742,2312.9],[-120.690373,39.707419,2312.9],[-120.690363,39.707417,2312.9],[-120.69035,39.707423,2312.9],[-120.690332,39.707427,2317.2],[-120.69033,39.707432,2317.2],[-120.690327,39.707434,2317.2],[-120.69033,39.707432,2317.2],[-120.690332,39.707432,2317.2],[-120.690328,39.707436,2317.2],[-120.690331,39.707436,2317.2],[-120.690303,39.707443,2317.2],[-120.690296,39.707444,2317.2],[-120.690291,39.707446,2317.2],[-120.690312,39.707458,2317.2],[-120.690312,39.707468,2317.2],[-120.690311,39.707471,2317.2],[-120.690311,39.70748,2314.9],[-120.690303,39.707494,2314.9],[-120.690303,39.707501,2314.9],[-120.690301,39.707509,2314.9],[-120.690301,39.707512,2314.9],[-120.690281,39.707524,2314.9],[-120.690266,39.707525,2314.9],[-120.690268,39.707527,2314.9],[-120.69026,39.707527,2314.9],[-120.69025,39.707524,2320.2],[-120.690235,39.707517,2320.2],[-120.690229,39.707522,2320.2],[-120.690227,39.707534,2320.2],[-120.690211,39.707537,2320.2],[-120.690175,39.707561,2326.6],[-120.690169,39.707558,2326.6],[-120.690163,39.707561,2326.6],[-120.690163,39.707565,2326.6],[-120.690159,39.70757,2326.6],[-120.690149,39.707577,2326.6],[-120.690145,39.707581,2326.6],[-120.690145,39.70758,2326.6],[-120.690141,39.70758,2326.6],[-120.690138,39.70758,2326.6],[-120.690135,39.707586,2326.6],[-120.690138,39.70759,2326.6],[-120.690142,39.70759,2326.6],[-120.69014,39.707594,2326.6],[-120.690135,39.707611,2325.0],[-120.690122,39.707613,2325.0],[-120.690106,39.707631,2325.0],[-120.690102,39.707634,2325.0],[-120.690085,39.707641,2330.8],[-120.690082,39.707643,2330.8],[-120.690051,39.707646,2330.8],[-120.690052,39.70765,2330.8],[-120.690036,39.707656,2330.8],[-120.690028,39.707667,2330.8],[-120.690015,39.707665,2330.8],[-120.689992,39.70766,2335.3],[-120.689971,39.707657,2335.3],[-120.689966,39.707656,2335.3],[-120.689955,39.707661,2335.3],[-120.689953,39.707663,2335.3],[-120.689926,39.707687,2335.3],[-120.689901,39.707698,2335.3],[-120.689874,39.707709,2339.7],[-120.689859,39.707723,2339.7],[-120.689856,39.707737,2339.7],[-120.689836,39.707762,2339.7],[-120.689828,39.70777,2339.7],[-120.689827,39.707772,2339.7],[-120.689824,39.707775,2339.7],[-120.68982,39.707782,2339.7],[-120.689791,39.7078,2343.2],[-120.689774,39.707814,2343.2],[-120.689772,39.707818,2343.2],[-120.689762,39.707821,2343.2],[-120.689742,39.707824,2343.2],[-120.689745,39.707823,2343.2],[-120.689731,39.70782,2343.2],[-120.689727,39.707817,2343.2],[-120.689719,39.707819,2343.2],[-120.689707,39.707818,2345.5],[-120.689703,39.707814,2345.5],[-120.689691,39.707812,2345.5],[-120.68969,39.707815,2345.5],[-120.689682,39.707817,2345.5],[-120.689668,39.707824,2345.5],[-120.689658,39.707832,2345.5],[-120.689655,39.707834,2345.5],[-120.68964,39.707836,2345.5],[-120.689623,39.707844,2345.5],[-120.689606,39.707851,2347.5],[-120.689603,39.707854,2347.5],[-120.689593,39.707852,2347.5],[-120.689589,39.707853,2347.5],[-120.689582,39.707854,2347.5],[-120.689583,39.707858,2347.5],[-120.689562,39.707859,2347.5],[-120.689553,39.707856,2347.5],[-120.689533,39.70785,2347.5],[-120.689481,39.707847,2349.3],[-120.689445,39.707862,2349.3],[-120.68944,39.707866,2349.3],[-120.689406,39.707863,2351.1],[-120.689401,39.707863,2351.1],[-120.689395,39.707862,2351.1],[-120.689386,39.707865,2351.1],[-120.689375,39.707873,2351.1],[-120.689372,39.707877,2351.1],[-120.689315,39.707878,2353.4],[-120.68931,39.707874,2353.4],[-120.689299,39.707866,2353.4],[-120.689289,39.70786,2353.4],[-120.689278,39.707856,2353.4],[-120.689263,39.70787,2353.4],[-120.689245,39.707862,2356.2],[-120.689228,39.707866,2356.2],[-120.689223,39.707872,2356.2],[-120.689214,39.707876,2356.2],[-120.689214,39.707882,2356.2],[-120.689215,39.707876,2356.2],[-120.689204,39.707886,2356.2],[-120.689203,39.707893,2356.2],[-120.689197,39.707892,2356.2],[-120.689195,39.707897,2356.2],[-120.689199,39.707911,2356.2],[-120.689196,39.707915,2356.2],[-120.689194,39.707929,2359.1],[-120.689191,39.707932,2359.1],[-120.689177,39.707952,2359.1],[-120.68918,39.707961,2359.1],[-120.689184,39.707964,2359.1],[-120.689174,39.707969,2359.1],[-120.689174,39.707972,2359.1],[-120.689171,39.707977,2359.1],[-120.68917,39.707986,2359.1],[-120.689164,39.707986,2361.9],[-120.689157,39.707981,2361.9],[-120.689155,39.707979,2361.9],[-120.689149,39.707979,2361.9],[-120.689143,39.707974,2361.9],[-120.689141,39.707972,2361.9],[-120.689136,39.70797,2361.9],[-120.689126,39.707976,2361.9],[-120.689123,39.707983,2361.9],[-120.689121,39.707989,2361.9],[-120.68912,39.707987,2361.9],[-120.689121,39.707985,2361.9],[-120.689114,39.707959,2361.9],[-120.689113,39.707952,2361.9],[-120.689123,39.707937,2361.9],[-120.689153,39.707918,2361.9],[-120.68916,39.707888,2358.9],[-120.689142,39.70788,2358.9],[-120.689145,39.707881,2358.9],[-120.689143,39.707877,2358.9],[-120.689141,39.707875,2358.9],[-120.689145,39.707874,2358.9],[-120.689144,39.707862,2358.9],[-120.689145,39.707856,2358.9],[-120.689139,39.70786,2358.9],[-120.689129,39.707872,2358.9],[-120.689091,39.707869,2360.6],[-120.689068,39.707859,2360.6],[-120.689016,39.707834,2360.6],[-120.688992,39.707834,2359.9],[-120.688985,39.707834,2359.9],[-120.688971,39.707836,2359.9],[-120.688954,39.707846,2359.9],[-120.688936,39.707853,2359.9],[-120.688911,39.70785,2359.9],[-120.688907,39.707848,2359.9],[-120.688897,39.707852,2359.9],[-120.688884,39.707861,2357.0],[-120.688874,39.707874,2357.0],[-120.688859,39.707882,2357.0],[-120.688841,39.707886,2357.0],[-120.688836,39.707887,2357.0],[-120.688824,39.707888,2357.0],[-120.688825,39.707892,2357.0],[-120.688819,39.707893,2357.0],[-120.688815,39.707892,2357.0],[-120.688811,39.707896,2357.0],[-120.688806,39.707903,2353.8],[-120.688796,39.707912,2353.8],[-120.688792,39.707914,2353.8],[-120.688789,39.70792,2353.8],[-120.68877,39.707936,2356.8],[-120.688765,39.707934,2356.8],[-120.688756,39.70794,2356.8],[-120.688745,39.707941,2356.8],[-120.688736,39.707952,2356.8],[-120.688733,39.707957,2356.8],[-120.688728,39.707959,2356.8],[-120.688727,39.707963,2356.8],[-120.68872,39.707986,2355.1],[-120.688718,39.70799,2355.1],[-120.688712,39.707999,2355.1],[-120.688703,39.708013,2355.1],[-120.688705,39.70802,2361.3],[-120.688695,39.708026,2361.3],[-120.688681,39.70803,2361.3],[-120.68868,39.708032,2361.3],[-120.688679,39.708031,2361.3],[-120.688672,39.708047,2361.3],[-120.688662,39.708043,2361.3],[-120.688664,39.708046,2361.3],[-120.688656,39.70805,2361.3],[-120.688649,39.708046,2361.3],[-120.688646,39.708044,2361.3],[-120.688615,39.708038,2360.3],[-120.688615,39.708041,2360.3],[-120.688592,39.708064,2360.3],[-120.688592,39.708067,2360.3],[-120.688572,39.708055,2360.3],[-120.688562,39.708038,2360.3],[-120.688559,39.708035,2360.3],[-120.688559,39.708039,2360.3],[-120.688552,39.708032,2360.3],[-120.688552,39.708036,2360.3],[-120.688559,39.708056,2360.3],[-120.68856,39.708063,2360.3],[-120.688552,39.708083,2360.3],[-120.68855,39.70809,2360.3],[-120.688546,39.708097,2360.3],[-120.688537,39.708126,2363.6],[-120.688522,39.708141,2362.6],[-120.688513,39.708154,2362.6],[-120.688508,39.708168,2362.6],[-120.688503,39.708179,2362.6],[-120.688492,39.708201,2362.6],[-120.688488,39.708211,2362.6],[-120.68848,39.708227,2363.6],[-120.688469,39.70824,2363.6],[-120.688457,39.70825,2363.6],[-120.688442,39.708265,2362.6],[-120.688426,39.708283,2362.6],[-120.688372,39.708359,2361.2],[-120.68837,39.708377,2361.2],[-120.688372,39.708393,2361.2],[-120.688384,39.7084,2358.5],[-120.688389,39.708407,2358.5],[-120.688389,39.708422,2358.5],[-120.688387,39.708421,2358.5],[-120.688387,39.708424,2358.5],[-120.688388,39.708427,2358.5],[-120.68839,39.70843,2358.5],[-120.688389,39.708431,2358.5],[-120.688384,39.708425,2358.5],[-120.688373,39.708424,2358.5],[-120.688368,39.708426,2358.5],[-120.688365,39.708435,2358.5],[-120.688347,39.708476,2357.1],[-120.688351,39.708511,2355.0],[-120.688362,39.708525,2355.0],[-120.688366,39.708527,2355.0],[-120.688366,39.708526,2355.0],[-120.688371,39.708545,2356.2],[-120.688364,39.708565,2355.0],[-120.688358,39.70857,2355.0],[-120.688345,39.708574,2355.0],[-120.688328,39.708575,2355.0],[-120.688307,39.708575,2355.0],[-120.688264,39.708571,2354.0],[-120.688251,39.708573,2354.0],[-120.68824,39.708584,2354.0],[-120.688223,39.708593,2351.9],[-120.688205,39.708604,2351.9],[-120.688186,39.708611,2351.9],[-120.68817,39.708611,2351.0],[-120.688166,39.70861,2351.0],[-120.688159,39.708618,2351.0],[-120.688153,39.708624,2351.0],[-120.688147,39.70863,2351.0],[-120.688143,39.708636,2351.0],[-120.688135,39.708642,2351.0],[-120.688125,39.708654,2351.0],[-120.68812,39.70867,2348.7],[-120.688113,39.708678,2348.7],[-120.688101,39.70869,2347.9],[-120.688028,39.708747,2347.9],[-120.688023,39.70875,2347.9],[-120.688017,39.708749,2347.0],[-120.688003,39.708746,2347.0],[-120.687999,39.708747,2347.0],[-120.687992,39.708746,2347.0],[-120.687991,39.708747,2347.0],[-120.687991,39.708752,2347.0],[-120.687992,39.708747,2347.0],[-120.687995,39.708743,2347.0],[-120.687993,39.708744,2347.0],[-120.687991,39.708783,2344.2],[-120.687987,39.708819,2344.2],[-120.687975,39.708839,2341.0],[-120.687969,39.708857,2341.0],[-120.687972,39.708879,2341.0],[-120.687982,39.708906,2341.0],[-120.687991,39.70893,2336.9],[-120.687997,39.708933,2336.9],[-120.687996,39.708941,2336.9],[-120.687999,39.708949,2336.9],[-120.687999,39.708953,2336.9],[-120.687999,39.708958,2336.9],[-120.687994,39.708977,2336.9],[-120.688003,39.709038,2332.6],[-120.68802,39.709045,2334.2],[-120.688026,39.70905,2334.2],[-120.688028,39.709051,2334.2],[-120.688018,39.709091,2334.2],[-120.687968,39.709188,2329.2],[-120.687947,39.709215,2326.9],[-120.687928,39.70925,2326.9],[-120.687925,39.709267,2326.9],[-120.687928,39.709292,2324.9],[-120.687924,39.709307,2324.9],[-120.687909,39.709328,2323.9],[-120.687903,39.709352,2323.9],[-120.687901,39.709374,2323.9],[-120.687898,39.709393,2321.4],[-120.68789,39.709412,2321.4],[-120.687885,39.709465,2321.4],[-120.687911,39.709566,2318.9],[-120.68792,39.70959,2318.5],[-120.687951,39.709606,2318.5],[-120.687957,39.70963,2318.5],[-120.687947,39.709654,2318.5],[-120.68793,39.70968,2316.5],[-120.687909,39.709707,2314.6],[-120.687893,39.709727,2314.6],[-120.687874,39.709753,2314.6],[-120.687836,39.70986,2310.3],[-120.68782,39.70991,2308.4],[-120.687818,39.709911,2308.4],[-120.687818,39.709915,2308.4],[-120.687802,39.709928,2308.4],[-120.687782,39.709941,2308.4],[-120.68776,39.709964,2306.4],[-120.687729,39.709985,2304.2],[-120.687698,39.709994,2304.2],[-120.687687,39.709995,2304.2],[-120.687685,39.709999,2304.2],[-120.68768,39.710018,2304.2],[-120.687657,39.710048,2301.8],[-120.687636,39.71007,2299.5],[-120.687618,39.710104,2299.5],[-120.687599,39.710139,2299.5],[-120.687575,39.710162,2297.2],[-120.687526,39.710189,2295.2],[-120.687512,39.710207,2295.2],[-120.687508,39.710223,2295.2],[-120.687506,39.710238,2295.2],[-120.687497,39.710259,2293.4],[-120.687473,39.710292,2293.4],[-120.687413,39.710348,2289.9],[-120.687407,39.710353,2289.9],[-120.687408,39.710369,2289.9],[-120.687379,39.710439,2288.0],[-120.68734,39.710469,2286.2],[-120.687308,39.710511,2286.2],[-120.6873,39.710539,2284.7],[-120.687295,39.71056,2284.7],[-120.687294,39.71059,2284.7],[-120.687292,39.710625,2283.5],[-120.687279,39.710669,2283.5],[-120.687294,39.710751,2282.5],[-120.687284,39.710846,2281.6],[-120.687278,39.710873,2281.6],[-120.687298,39.710957,2280.9],[-120.687314,39.711008,2280.5],[-120.687326,39.711069,2280.5],[-120.687359,39.711267,2280.7],[-120.68736,39.711332,2280.5],[-120.687352,39.711373,2279.7],[-120.687341,39.711408,2279.7],[-120.687326,39.711441,2279.7],[-120.68731,39.711468,2279.7],[-120.687299,39.711491,2279.6],[-120.687303,39.711496,2279.6],[-120.687292,39.711497,2279.6],[-120.687282,39.711509,2279.6],[-120.687275,39.711526,2278.9],[-120.687261,39.711524,2278.9],[-120.68725,39.711541,2278.9],[-120.687242,39.711566,2278.9],[-120.687231,39.711593,2278.8],[-120.687219,39.711604,2278.8],[-120.687208,39.711611,2278.8],[-120.687204,39.711624,2278.8],[-120.687202,39.711626,2278.8],[-120.687198,39.711636,2278.8],[-120.6872,39.711634,2278.8],[-120.68721,39.71167,2278.9],[-120.687209,39.711707,2278.9],[-120.687207,39.711725,2278.9],[-120.687202,39.711745,2278.9],[-120.687188,39.711776,2278.9],[-120.687177,39.71179,2278.9],[-120.687179,39.711782,2278.9],[-120.687191,39.711803,2278.9],[-120.68719,39.711833,2278.9],[-120.687187,39.711857,2279.1],[-120.687184,39.711879,2279.1],[-120.687182,39.711894,2279.1],[-120.687181,39.711913,2279.1],[-120.687165,39.711958,2279.3],[-120.687154,39.711978,2278.6],[-120.687139,39.712016,2278.6],[-120.687125,39.712059,2278.9],[-120.68711,39.712081,2278.9],[-120.68706,39.712125,2278.2],[-120.687043,39.712127,2278.2],[-120.687037,39.712132,2278.2],[-120.687034,39.712134,2278.2],[-120.687025,39.712138,2278.2],[-120.68702,39.712172,2278.5],[-120.687021,39.712189,2278.5],[-120.686998,39.712234,2278.9],[-120.686987,39.712268,2278.9],[-120.686986,39.712276,2278.9],[-120.686977,39.712289,2278.0],[-120.686952,39.71235,2278.4],[-120.686952,39.712379,2278.4],[-120.686981,39.712427,2279.7],[-120.686963,39.712474,2278.8],[-120.686937,39.712504,2278.8],[-120.686916,39.712529,2279.2],[-120.68691,39.712548,2279.2],[-120.686871,39.712609,2278.5],[-120.686846,39.712634,2278.5],[-120.686825,39.712653,2278.5],[-120.686803,39.712667,2278.5],[-120.686775,39.712687,2277.4],[-120.686737,39.712723,2277.7],[-120.686701,39.712787,2276.9],[-120.686658,39.712846,2276.9],[-120.686607,39.712912,2275.9],[-120.68656,39.712979,2276.3],[-120.686496,39.713051,2274.8],[-120.686435,39.713176,2275.7],[-120.686411,39.713233,2274.1],[-120.686394,39.713272,2274.5],[-120.686375,39.713314,2274.5],[-120.68635,39.713346,2275.1],[-120.68632,39.713378,2273.4],[-120.686291,39.713393,2273.4],[-120.686264,39.713404,2273.4],[-120.686237,39.713415,2271.7],[-120.68621,39.713449,2272.2],[-120.686186,39.713498,2272.2],[-120.686161,39.713539,2272.9],[-120.686145,39.713586,2271.1],[-120.686133,39.713629,2271.7],[-120.686122,39.713665,2271.7],[-120.686104,39.713685,2271.7],[-120.686072,39.713729,2272.4],[-120.686048,39.713793,2270.5],[-120.686018,39.713834,2271.1],[-120.685989,39.713863,2271.1],[-120.685967,39.713896,2271.1],[-120.685939,39.713917,2269.7],[-120.685918,39.71394,2269.7],[-120.685905,39.713963,2269.7],[-120.685896,39.713986,2269.7],[-120.685914,39.71405,2270.2],[-120.685933,39.714087,2270.2],[-120.685942,39.714123,2270.7],[-120.685939,39.714151,2270.7],[-120.685937,39.714164,2270.7],[-120.685935,39.714185,2270.7],[-120.685932,39.7142,2271.3],[-120.685934,39.714218,2271.3],[-120.685944,39.71424,2271.3],[-120.685945,39.714259,2271.3],[-120.685928,39.714254,2271.3],[-120.685907,39.714269,2271.3],[-120.685893,39.714282,2271.3],[-120.685875,39.714289,2272.0],[-120.685864,39.714302,2272.0],[-120.685866,39.714348,2272.0],[-120.685868,39.714378,2272.7],[-120.685861,39.71441,2269.8],[-120.685858,39.714439,2269.8],[-120.685861,39.714445,2269.8],[-120.685856,39.714436,2269.8],[-120.685841,39.714414,2269.8],[-120.685811,39.714409,2269.8],[-120.685754,39.714399,2267.3],[-120.685727,39.714429,2267.3],[-120.685706,39.714427,2267.3],[-120.685662,39.714466,2265.4],[-120.685647,39.714495,2265.4],[-120.685644,39.714559,2265.8],[-120.685641,39.714573,2265.8],[-120.685668,39.714588,2265.8],[-120.685676,39.714616,2268.1],[-120.685674,39.714629,2268.1],[-120.685674,39.71463,2268.1],[-120.685673,39.714635,2268.1],[-120.685672,39.714642,2268.1],[-120.685672,39.714646,2268.1],[-120.685671,39.714647,2268.1],[-120.685666,39.714685,2266.2],[-120.685658,39.714708,2266.2],[-120.685671,39.7148,2266.5],[-120.685675,39.714832,2266.5],[-120.685674,39.714863,2266.7],[-120.685674,39.71489,2266.7],[-120.685677,39.7149,2266.7],[-120.685682,39.714903,2269.0],[-120.685691,39.714925,2269.0],[-120.685677,39.714963,2269.2],[-120.685669,39.714992,2266.9],[-120.685667,39.715022,2266.9],[-120.685661,39.715053,2267.1],[-120.685667,39.715078,2267.1],[-120.685675,39.71511,2269.4],[-120.685696,39.715156,2269.6],[-120.685711,39.71517,2269.6],[-120.685733,39.715189,2269.6],[-120.685751,39.715201,2269.6],[-120.685779,39.71522,2272.5],[-120.68581,39.715268,2272.5],[-120.685839,39.715257,2272.5],[-120.685792,39.715297,2272.5],[-120.685782,39.715305,2272.2],[-120.685644,39.715452,2267.1],[-120.685624,39.715495,2266.9],[-120.685613,39.715546,2266.9],[-120.685615,39.715571,2266.9],[-120.685627,39.715597,2266.4],[-120.685628,39.715595,2266.4],[-120.685616,39.715596,2266.4],[-120.685591,39.715617,2266.4],[-120.685562,39.715648,2264.7],[-120.685532,39.715694,2264.1],[-120.685506,39.715713,2264.1],[-120.68546,39.715843,2261.8],[-120.685377,39.716096,2257.3],[-120.685364,39.716175,2255.5],[-120.685356,39.716229,2255.5],[-120.68535,39.71627,2253.2],[-120.685348,39.716282,2253.2],[-120.685365,39.716274,2253.2],[-120.685384,39.716268,2253.2],[-120.685466,39.716278,2254.7],[-120.685524,39.716291,2256.1],[-120.685593,39.716307,2257.4],[-120.685674,39.71635,2255.7],[-120.685762,39.716367,2255.7],[-120.685828,39.71638,2257.0],[-120.685885,39.716406,2258.7],[-120.685923,39.716436,2255.9],[-120.685958,39.716461,2258.0],[-120.685956,39.716508,2255.4],[-120.685932,39.716546,2253.5],[-120.68595,39.716595,2255.4],[-120.686018,39.716663,2252.9],[-120.686086,39.716754,2252.2],[-120.686124,39.716849,2251.2],[-120.686153,39.716906,2248.7],[-120.686148,39.717008,2246.1],[-120.686154,39.717093,2244.1],[-120.686137,39.717201,2242.7],[-120.686113,39.717316,2239.9],[-120.68611,39.717547,2235.5],[-120.686111,39.717775,2233.8],[-120.686123,39.717821,2234.6],[-120.686129,39.717887,2233.6],[-120.686154,39.717949,2233.6],[-120.686184,39.718017,2232.5],[-120.686225,39.718096,2232.6],[-120.686255,39.718267,2231.1],[-120.68624,39.718341,2231.1],[-120.68623,39.7184,2231.0],[-120.686218,39.718465,2231.0],[-120.686219,39.718512,2231.0],[-120.686218,39.718555,2230.8],[-120.686201,39.718611,2228.9],[-120.686163,39.718673,2228.4],[-120.686134,39.718733,2227.9],[-120.686093,39.718798,2225.9],[-120.686073,39.718845,2225.3],[-120.685986,39.718966,2222.9],[-120.685909,39.719033,2220.4],[-120.685872,39.719052,2220.4],[-120.685825,39.71909,2218.6],[-120.685783,39.719143,2218.1],[-120.685744,39.719207,2215.6],[-120.685709,39.71927,2215.6],[-120.685672,39.719326,2214.9],[-120.685631,39.719365,2213.2],[-120.685605,39.719388,2212.5],[-120.685597,39.719388,2212.5],[-120.685592,39.719406,2212.5],[-120.685583,39.719452,2212.5],[-120.68559,39.719499,2211.8],[-120.685609,39.719495,2211.8],[-120.685634,39.719537,2211.8],[-120.685642,39.719574,2210.8],[-120.685619,39.719628,2210.8],[-120.68558,39.719686,2209.5],[-120.685482,39.719755,2204.1],[-120.685436,39.71977,2204.1],[-120.685411,39.719764,2204.1],[-120.685389,39.719752,2201.9],[-120.685382,39.719743,2201.9],[-120.685367,39.719721,2204.1],[-120.685365,39.719717,2204.1],[-120.685348,39.719718,2204.1],[-120.685323,39.719715,2204.1],[-120.685292,39.719707,2201.6],[-120.685252,39.7197,2201.6],[-120.685217,39.719703,2199.5],[-120.685103,39.719748,2196.3],[-120.685045,39.719798,2196.3],[-120.68502,39.719839,2192.5],[-120.684994,39.719881,2192.5],[-120.684958,39.719932,2190.2],[-120.68487,39.720032,2186.7],[-120.684829,39.72009,2185.2],[-120.68481,39.720127,2183.5],[-120.684786,39.720178,2183.5],[-120.684756,39.720219,2180.1],[-120.684721,39.720255,2180.1],[-120.684682,39.720295,2178.1],[-120.684667,39.720304,2178.1],[-120.684663,39.720317,2178.1],[-120.684659,39.720332,2178.1],[-120.684662,39.720339,2178.1],[-120.684664,39.720328,2178.1],[-120.684666,39.720326,2178.1],[-120.684667,39.720325,2178.1],[-120.684663,39.720334,2178.1],[-120.684656,39.720343,2176.2],[-120.684642,39.720351,2176.2],[-120.684638,39.720337,2176.2],[-120.68461,39.720344,2176.2],[-120.684592,39.720356,2176.2],[-120.684585,39.720357,2176.2],[-120.684602,39.720385,2174.4],[-120.68461,39.720419,2174.4],[-120.684592,39.720417,2174.4],[-120.684592,39.720426,2174.4],[-120.684615,39.720452,2174.4],[-120.684624,39.72048,2173.4],[-120.684646,39.720504,2173.4],[-120.68468,39.720519,2175.0],[-120.684701,39.720521,2175.0],[-120.684704,39.72053,2175.0],[-120.684689,39.720543,2175.0],[-120.684614,39.720614,2172.7],[-120.684581,39.720651,2171.8],[-120.68454,39.720691,2170.5],[-120.684504,39.720717,2170.5],[-120.684482,39.720732,2169.4],[-120.684477,39.720757,2168.5],[-120.684484,39.7208,2168.5],[-120.68447,39.72084,2167.2],[-120.684449,39.720898,2167.2],[-120.684416,39.720954,2165.8],[-120.684378,39.720987,2164.4],[-120.684349,39.721015,2163.0],[-120.68432,39.721042,2163.0],[-120.684307,39.721073,2163.0],[-120.684304,39.721103,2161.7],[-120.684303,39.721132,2161.7],[-120.684308,39.721149,2161.7],[-120.684316,39.721167,2161.7],[-120.684323,39.721185,2161.7],[-120.684333,39.721194,2160.7],[-120.684338,39.721199,2160.7],[-120.684342,39.721196,2160.7],[-120.684356,39.7212,2160.7],[-120.684421,39.721253,2161.7],[-120.684433,39.721267,2161.7],[-120.684446,39.721293,2160.2],[-120.684451,39.721308,2160.2],[-120.68445,39.721313,2160.2],[-120.684449,39.721323,2160.2],[-120.684431,39.721343,2160.2],[-120.684332,39.721454,2156.9],[-120.684281,39.721492,2154.4],[-120.684263,39.721512,2153.3],[-120.684249,39.721544,2153.3],[-120.684243,39.72159,2150.4],[-120.684243,39.721638,2150.4],[-120.684243,39.721666,2147.6],[-120.684249,39.721681,2147.6],[-120.684258,39.721702,2147.6],[-120.684262,39.721738,2145.5],[-120.684276,39.721764,2145.5],[-120.68429,39.721792,2146.5],[-120.684296,39.721814,2146.5],[-120.684294,39.721842,2146.1],[-120.684253,39.721899,2144.6],[-120.684218,39.721912,2144.6],[-120.684191,39.721929,2143.9],[-120.684169,39.721954,2142.2],[-120.684154,39.721987,2142.2],[-120.684132,39.722009,2142.2],[-120.684063,39.722054,2138.7],[-120.684033,39.722069,2138.7],[-120.684009,39.722084,2138.7],[-120.683989,39.722096,2137.3],[-120.683973,39.722109,2135.6],[-120.683967,39.722132,2135.6],[-120.683969,39.722159,2135.6],[-120.683977,39.722179,2135.6],[-120.68398,39.722209,2134.4],[-120.683974,39.722222,2134.4],[-120.683962,39.72225,2134.4],[-120.683945,39.722273,2134.4],[-120.683913,39.722292,2134.4],[-120.683828,39.722323,2133.8],[-120.683798,39.722325,2133.6],[-120.68376,39.722317,2133.6],[-120.683726,39.722327,2133.6],[-120.683696,39.722347,2133.3],[-120.683661,39.722372,2133.3],[-120.683606,39.722382,2132.9],[-120.68357,39.722381,2132.9],[-120.683528,39.722355,2132.7],[-120.683494,39.722317,2132.7],[-120.683458,39.722272,2133.3],[-120.683441,39.722266,2133.1],[-120.683439,39.72227,2133.1],[-120.683435,39.722266,2133.1],[-120.683434,39.722264,2133.1],[-120.683427,39.722262,2133.1],[-120.68343,39.722259,2133.1],[-120.683424,39.722272,2133.1],[-120.683416,39.722255,2133.1],[-120.68341,39.722251,2133.1],[-120.683408,39.722243,2133.1],[-120.683385,39.722209,2133.1],[-120.683338,39.722194,2133.3],[-120.683322,39.722196,2133.3],[-120.683318,39.722197,2133.3],[-120.683318,39.722199,2133.3],[-120.683319,39.722202,2133.3],[-120.683319,39.722196,2133.3],[-120.683314,39.722192,2133.3],[-120.683314,39.722195,2133.3],[-120.68331,39.722187,2133.3],[-120.683309,39.722181,2133.3],[-120.683313,39.72219,2133.3],[-120.683307,39.722186,2133.3],[-120.683297,39.722195,2133.3],[-120.683298,39.722195,2133.3],[-120.683303,39.7222,2133.3],[-120.683302,39.722206,2132.9],[-120.683301,39.722214,2132.9],[-120.683303,39.722226,2132.9],[-120.683305,39.722234,2132.9],[-120.683279,39.722203,2132.7],[-120.683266,39.722206,2132.7],[-120.683239,39.722203,2132.7],[-120.683203,39.722194,2133.1],[-120.683166,39.72218,2132.9],[-120.68313,39.722172,2132.9],[-120.683099,39.722164,2132.6],[-120.683064,39.722155,2132.6],[-120.68303,39.722139,2132.6],[-120.683003,39.722118,2132.3],[-120.682967,39.722108,2132.6],[-120.68286,39.722037,2132.2],[-120.682848,39.72201,2132.6],[-120.682836,39.721989,2132.6],[-120.682821,39.721978,2132.6],[-120.682804,39.721969,2132.4],[-120.682779,39.721961,2132.4],[-120.682745,39.721937,2132.4],[-120.682656,39.721908,2132.6],[-120.682635,39.721903,2132.4],[-120.682614,39.721903,2132.4],[-120.682564,39.721905,2132.4],[-120.682543,39.721891,2132.1],[-120.682517,39.721895,2132.1],[-120.682495,39.721902,2132.1],[-120.682472,39.721898,2132.1],[-120.682448,39.721899,2132.1],[-120.682426,39.721895,2131.8],[-120.682407,39.721879,2131.8],[-120.682388,39.721857,2131.8],[-120.682374,39.72184,2131.8],[-120.682358,39.721829,2131.8],[-120.682339,39.721822,2131.4],[-120.682317,39.72182,2131.4],[-120.682293,39.721815,2131.4],[-120.682267,39.721807,2131.4],[-120.682203,39.721783,2131.0],[-120.682187,39.721778,2131.0],[-120.682179,39.72177,2131.0],[-120.682171,39.721764,2131.0],[-120.682156,39.721756,2129.9],[-120.682098,39.721732,2129.9],[-120.682072,39.721729,2129.3],[-120.682052,39.721721,2129.3],[-120.682033,39.721704,2129.3],[-120.682016,39.721684,2129.3],[-120.682001,39.721664,2129.3],[-120.681987,39.721645,2129.3],[-120.681968,39.721628,2129.3],[-120.681949,39.721613,2129.3],[-120.681929,39.7216,2129.3],[-120.681907,39.721592,2129.3],[-120.681881,39.721583,2129.0],[-120.68169,39.721614,2128.0],[-120.681646,39.721603,2128.0],[-120.681604,39.721598,2127.1],[-120.68157,39.72161,2127.1],[-120.681539,39.721629,2127.1],[-120.681519,39.721643,2126.3],[-120.681515,39.721643,2126.3],[-120.681516,39.721643,2126.3],[-120.681515,39.721637,2126.3],[-120.681514,39.721642,2126.3],[-120.681514,39.721643,2126.3],[-120.681493,39.72165,2126.3],[-120.681445,39.721655,2126.3],[-120.681421,39.721661,2126.3],[-120.681381,39.721659,2125.7],[-120.681357,39.721662,2125.7],[-120.681341,39.721672,2125.7],[-120.681323,39.721683,2125.6],[-120.681302,39.721687,2125.6],[-120.681276,39.721684,2125.6],[-120.681237,39.721692,2125.2],[-120.68121,39.72168,2125.2],[-120.681154,39.72166,2124.2],[-120.681121,39.721649,2124.2],[-120.681085,39.721632,2124.2],[-120.681051,39.721601,2124.0],[-120.681014,39.721574,2123.6],[-120.680924,39.721536,2123.1],[-120.680831,39.721434,2122.3],[-120.680773,39.72138,2121.2],[-120.680704,39.72138,2121.2],[-120.680639,39.721361,2120.5],[-120.680576,39.721365,2120.0],[-120.680516,39.721348,2120.0],[-120.68045,39.72133,2119.6],[-120.680381,39.721307,2117.6],[-120.680311,39.72128,2116.1],[-120.680249,39.721249,2116.1],[-120.680202,39.721199,2113.7],[-120.680165,39.72114,2113.7],[-120.680135,39.721118,2112.2],[-120.680104,39.721113,2112.2],[-120.68008,39.721119,2112.4],[-120.680057,39.721122,2112.4],[-120.680022,39.721114,2111.1],[-120.680004,39.721097,2111.1],[-120.679956,39.721076,2110.2],[-120.679938,39.721079,2110.2],[-120.679915,39.721095,2110.2],[-120.679876,39.721113,2110.2],[-120.679805,39.721093,2109.7],[-120.679783,39.721071,2109.7],[-120.679767,39.721049,2109.2],[-120.679753,39.721029,2109.2],[-120.679741,39.721015,2109.2],[-120.679723,39.721004,2109.2],[-120.679704,39.720995,2109.2],[-120.679699,39.720992,2109.2],[-120.679689,39.720999,2109.2],[-120.679674,39.720999,2108.6],[-120.679657,39.721003,2108.6],[-120.679564,39.720977,2108.2],[-120.679534,39.720962,2108.2],[-120.67948,39.720955,2107.6],[-120.679433,39.720976,2107.6],[-120.679414,39.720978,2107.6],[-120.6794,39.720972,2106.9],[-120.679386,39.720964,2106.9],[-120.679364,39.720958,2106.9],[-120.679318,39.720959,2106.9],[-120.679262,39.720927,2106.5],[-120.679234,39.720913,2106.5],[-120.679204,39.720901,2106.3],[-120.679175,39.720899,2106.7],[-120.679148,39.7209,2106.8],[-120.679121,39.720896,2106.8],[-120.679096,39.720899,2106.8],[-120.679012,39.720885,2106.4],[-120.678973,39.720885,2106.0],[-120.678929,39.720872,2106.0],[-120.678909,39.720862,2106.0],[-120.678884,39.720856,2106.0],[-120.678834,39.720847,2106.0],[-120.678811,39.720837,2106.0],[-120.678778,39.720813,2105.7],[-120.678763,39.720806,2105.7],[-120.678749,39.720798,2105.7],[-120.678728,39.720782,2105.7],[-120.678707,39.720758,2105.7],[-120.678684,39.720731,2105.8],[-120.678652,39.720712,2105.8],[-120.678631,39.720702,2105.8],[-120.678604,39.720685,2105.8],[-120.67859,39.72064,2105.8],[-120.678577,39.720618,2105.7],[-120.678561,39.720605,2105.7],[-120.678557,39.720529,2105.8],[-120.678555,39.720505,2105.8],[-120.678541,39.720497,2105.8],[-120.678521,39.720507,2105.8],[-120.678521,39.720493,2105.8],[-120.678518,39.720488,2105.8],[-120.67852,39.720479,2105.8],[-120.678513,39.720462,2105.8],[-120.678503,39.720447,2105.8],[-120.678484,39.72044,2105.8],[-120.678434,39.720426,2106.6],[-120.678412,39.720417,2106.6],[-120.678387,39.720412,2106.6],[-120.678366,39.72041,2107.6],[-120.678344,39.720411,2107.6],[-120.678307,39.720424,2107.6],[-120.67829,39.720434,2108.2],[-120.678277,39.720431,2108.2],[-120.678234,39.720444,2108.2],[-120.678214,39.720441,2108.2],[-120.678165,39.720427,2108.7],[-120.678133,39.720431,2108.7],[-120.67811,39.720444,2108.7],[-120.678078,39.720474,2109.6],[-120.67807,39.720483,2109.6],[-120.678064,39.720488,2109.6],[-120.678064,39.720489,2109.6],[-120.678063,39.720491,2109.6],[-120.678065,39.720494,2109.6],[-120.678038,39.720549,2109.6],[-120.678023,39.720565,2110.5],[-120.678012,39.720581,2110.7],[-120.678015,39.720584,2110.7],[-120.67801,39.72059,2110.7],[-120.678017,39.72058,2110.7],[-120.678018,39.720572,2110.7],[-120.678016,39.720572,2110.7],[-120.678024,39.720556,2110.5],[-120.678026,39.720553,2110.5],[-120.678048,39.720547,2109.6],[-120.678057,39.720547,2109.6],[-120.678075,39.720552,2109.6],[-120.678085,39.720554,2109.6],[-120.678088,39.720557,2109.6],[-120.678096,39.720551,2109.6],[-120.678102,39.720549,2109.6],[-120.6781,39.720554,2109.6],[-120.678107,39.720549,2109.2],[-120.678104,39.720547,2109.2],[-120.678085,39.720569,2110.5],[-120.677968,39.720568,2110.7],[-120.677933,39.720575,2110.7],[-120.677896,39.720578,2110.6],[-120.677829,39.720577,2110.5],[-120.677796,39.720579,2110.5],[-120.677761,39.720579,2110.5],[-120.677576,39.720582,2110.2],[-120.677445,39.720558,2108.4],[-120.677416,39.720535,2108.4],[-120.677395,39.720509,2108.4],[-120.677375,39.72049,2108.4],[-120.677347,39.720475,2108.5],[-120.677303,39.720471,2108.5],[-120.677273,39.720451,2107.1],[-120.677198,39.720374,2105.9],[-120.677168,39.720348,2105.9],[-120.677132,39.720315,2105.9],[-120.677039,39.720228,2104.9],[-120.677012,39.720195,2104.9],[-120.676986,39.720172,2103.5],[-120.676952,39.720166,2103.5],[-120.676915,39.720174,2103.5],[-120.676891,39.720172,2103.6],[-120.676883,39.720167,2103.6],[-120.676881,39.720169,2103.6],[-120.676868,39.72017,2103.6],[-120.676853,39.720168,2103.6],[-120.676839,39.720166,2103.6],[-120.67682,39.720165,2103.6],[-120.676799,39.72017,2103.4],[-120.676766,39.720161,2103.4],[-120.676695,39.720143,2103.0],[-120.676659,39.720139,2103.0],[-120.676622,39.720139,2102.7],[-120.676588,39.720146,2102.7],[-120.67655,39.720161,2102.7],[-120.676504,39.720176,2102.3],[-120.67646,39.720202,2103.2],[-120.676425,39.72024,2102.8],[-120.676394,39.720272,2103.6],[-120.676353,39.720303,2103.6],[-120.676308,39.720321,2103.1],[-120.676259,39.720334,2102.5],[-120.676207,39.720344,2102.5],[-120.67616,39.720351,2101.9],[-120.676108,39.720354,2101.9],[-120.67605,39.720369,2101.4],[-120.676,39.720385,2101.7],[-120.675949,39.720383,2101.1],[-120.675912,39.720377,2101.1],[-120.67588,39.720385,2100.5],[-120.675849,39.720392,2100.5],[-120.675829,39.720409,2100.5],[-120.675813,39.72043,2100.5],[-120.675794,39.72044,2099.9],[-120.675762,39.720446,2099.9],[-120.675683,39.720472,2099.2],[-120.675649,39.720481,2099.2],[-120.675524,39.720572,2097.4],[-120.67548,39.720605,2097.4],[-120.675406,39.720675,2096.5],[-120.675365,39.720682,2096.5],[-120.675326,39.720689,2095.8],[-120.675284,39.720695,2095.8],[-120.675234,39.720705,2095.0],[-120.675184,39.720719,2095.0],[-120.675132,39.720734,2094.3],[-120.675085,39.720747,2094.3],[-120.675041,39.720762,2093.7],[-120.674999,39.720779,2093.7],[-120.674968,39.720791,2093.7],[-120.674946,39.720798,2093.0],[-120.674922,39.720797,2093.0],[-120.674899,39.720803,2093.0],[-120.674887,39.720814,2093.0],[-120.674877,39.720829,2093.0],[-120.674861,39.72084,2093.0],[-120.674836,39.720851,2092.2],[-120.674809,39.720851,2092.2],[-120.674725,39.720859,2091.5],[-120.674696,39.720862,2091.5],[-120.674638,39.720835,2090.9],[-120.674554,39.72073,2090.2],[-120.674514,39.720707,2090.1],[-120.674457,39.720691,2089.5],[-120.674403,39.720694,2089.5],[-120.674366,39.720709,2089.0],[-120.674339,39.720728,2089.0],[-120.674314,39.720747,2088.3],[-120.67429,39.720763,2088.3],[-120.67424,39.720788,2088.3],[-120.674224,39.720823,2088.3],[-120.674215,39.720841,2087.6],[-120.674198,39.720854,2087.6],[-120.674168,39.720869,2087.6],[-120.674127,39.720891,2086.9],[-120.674082,39.720918,2086.7],[-120.67404,39.720934,2085.8],[-120.673997,39.720962,2085.8],[-120.673912,39.720995,2084.3],[-120.67388,39.721007,2084.3],[-120.673844,39.721031,2083.1],[-120.673824,39.721071,2083.1],[-120.673819,39.721117,2082.7],[-120.673816,39.721167,2082.7],[-120.673819,39.721221,2081.9],[-120.673826,39.721253,2081.9],[-120.673829,39.721279,2080.8],[-120.673842,39.721319,2080.8],[-120.673856,39.721355,2080.8],[-120.673871,39.721402,2080.5],[-120.67388,39.721448,2080.5],[-120.673859,39.72159,2077.3],[-120.673844,39.721634,2076.2],[-120.673828,39.721687,2074.5],[-120.673773,39.721799,2073.2],[-120.673767,39.721843,2071.2],[-120.67377,39.721875,2071.2],[-120.673758,39.721902,2071.2],[-120.673741,39.721916,2071.2],[-120.673734,39.72192,2071.2],[-120.673739,39.72192,2071.2],[-120.673746,39.721914,2071.2],[-120.67373,39.721927,2071.2],[-120.673722,39.721944,2070.2],[-120.673728,39.721932,2071.2],[-120.673731,39.721931,2071.2],[-120.67374,39.721931,2071.2],[-120.673751,39.721912,2071.2],[-120.673758,39.721909,2071.2],[-120.67376,39.721909,2071.2],[-120.673754,39.721914,2071.2],[-120.673743,39.72192,2071.2],[-120.673724,39.721933,2070.2],[-120.673667,39.721922,2070.2],[-120.67361,39.721919,2070.2],[-120.673555,39.721936,2067.8],[-120.673478,39.721964,2066.3],[-120.673397,39.722009,2063.5],[-120.673252,39.722068,2062.4],[-120.673142,39.722157,2060.7],[-120.673079,39.722192,2060.1],[-120.673011,39.722198,2058.9],[-120.672957,39.722189,2059.7],[-120.672902,39.722176,2059.3],[-120.672852,39.722163,2059.0],[-120.67281,39.722153,2059.0],[-120.672745,39.722146,2058.6],[-120.672697,39.722173,2058.6],[-120.672608,39.722219,2056.9],[-120.672558,39.72224,2056.3],[-120.672505,39.722271,2056.3],[-120.672312,39.722392,2052.7],[-120.672246,39.722414,2052.2],[-120.672183,39.722449,2051.7],[-120.672027,39.722583,2048.9],[-120.671947,39.72264,2048.5],[-120.671877,39.722672,2047.1],[-120.671817,39.722728,2046.8],[-120.671771,39.722784,2045.9],[-120.67164,39.72289,2044.5],[-120.671571,39.722918,2044.5],[-120.671486,39.722934,2043.1],[-120.67142,39.722956,2042.8],[-120.671381,39.722995,2042.8],[-120.671363,39.723045,2042.0],[-120.671333,39.723095,2042.0],[-120.671287,39.723149,2041.2],[-120.671245,39.723192,2041.2],[-120.671211,39.72325,2040.3],[-120.671175,39.723306,2039.1],[-120.67113,39.723362,2039.1],[-120.670995,39.723489,2036.2],[-120.670978,39.723515,2036.2],[-120.670984,39.723546,2036.2],[-120.670996,39.723582,2034.7],[-120.671002,39.723634,2034.7],[-120.670999,39.723701,2033.3],[-120.671011,39.723764,2031.8],[-120.671078,39.723876,2031.0],[-120.671108,39.723922,2031.0],[-120.671114,39.723986,2030.2],[-120.671122,39.724053,2029.3],[-120.671138,39.724121,2028.3],[-120.671147,39.724177,2028.3],[-120.671169,39.724235,2027.3],[-120.671201,39.724295,2026.4],[-120.671277,39.724438,2025.0],[-120.671327,39.724516,2023.2],[-120.671422,39.724664,2018.7],[-120.671449,39.724754,2016.4],[-120.671462,39.724832,2016.4],[-120.671458,39.725027,2012.9],[-120.671427,39.725109,2011.7],[-120.671376,39.72519,2010.7],[-120.67132,39.725257,2009.3],[-120.671262,39.725304,2009.0],[-120.671221,39.725348,2008.0],[-120.671159,39.725394,2007.6],[-120.671065,39.725439,2006.4],[-120.671009,39.725474,2006.4],[-120.670942,39.725528,2004.9],[-120.670893,39.725574,2004.6],[-120.670828,39.725609,2003.3],[-120.670752,39.725646,2003.0],[-120.67069,39.72568,2002.5],[-120.670646,39.725722,2001.2],[-120.670619,39.725769,2000.6],[-120.670596,39.725827,1998.4],[-120.670576,39.725879,1995.9],[-120.670556,39.725949,1995.9],[-120.67056,39.726018,1993.7],[-120.670576,39.726094,1992.1],[-120.670602,39.726165,1990.6],[-120.670651,39.726225,1991.6],[-120.670702,39.726278,1990.0],[-120.670703,39.726303,1990.0],[-120.670671,39.726328,1988.4],[-120.670619,39.726344,1987.2],[-120.670554,39.726353,1987.2],[-120.670491,39.726356,1986.0],[-120.670433,39.72638,1984.7],[-120.670316,39.726405,1983.4],[-120.670244,39.726381,1982.0],[-120.670192,39.726344,1982.0],[-120.670154,39.726304,1981.8],[-120.670116,39.726261,1981.8],[-120.670078,39.726202,1981.5],[-120.670045,39.726183,1981.5],[-120.67001,39.72617,1981.5],[-120.669975,39.726158,1979.9],[-120.669942,39.726141,1979.9],[-120.669803,39.726088,1979.3],[-120.669648,39.72606,1975.8],[-120.669528,39.72607,1974.1],[-120.669447,39.726062,1972.5],[-120.66939,39.726026,1971.9],[-120.669324,39.725973,1970.1],[-120.669266,39.725899,1970.8],[-120.669236,39.725829,1969.1],[-120.669208,39.725754,1969.1],[-120.669193,39.725689,1969.5],[-120.66919,39.72562,1969.8],[-120.669195,39.725556,1969.8],[-120.669209,39.725505,1969.8],[-120.669214,39.725463,1969.8],[-120.669211,39.72545,1969.7],[-120.669199,39.725438,1969.7],[-120.669192,39.725448,1969.7],[-120.669177,39.725447,1969.7],[-120.669154,39.725472,1969.8],[-120.669135,39.725504,1966.9],[-120.669104,39.725571,1967.1],[-120.669076,39.725592,1967.1],[-120.669047,39.725598,1964.7],[-120.669042,39.725605,1964.7],[-120.669047,39.725615,1964.7],[-120.669044,39.72562,1964.7],[-120.669043,39.725624,1964.7],[-120.669054,39.725621,1967.1],[-120.669051,39.725612,1967.1],[-120.669054,39.725607,1967.1],[-120.669056,39.725605,1967.1],[-120.669051,39.725608,1964.7],[-120.669047,39.725622,1964.7],[-120.669052,39.725632,1964.7],[-120.669037,39.725706,1964.9],[-120.669013,39.725747,1964.9],[-120.668994,39.725787,1964.9],[-120.668981,39.725825,1964.6],[-120.668982,39.725867,1964.6],[-120.668977,39.725905,1964.6],[-120.668984,39.725935,1964.5],[-120.668984,39.725974,1964.5],[-120.668978,39.726004,1964.5],[-120.668968,39.726032,1963.9],[-120.668944,39.726046,1961.7],[-120.668899,39.726041,1961.7],[-120.668845,39.726032,1959.4],[-120.668805,39.725999,1959.9],[-120.668763,39.725956,1957.7],[-120.668722,39.725909,1957.7],[-120.668695,39.72587,1958.0],[-120.668676,39.725837,1955.6],[-120.66866,39.725792,1955.5],[-120.668655,39.725745,1955.5],[-120.668664,39.725667,1955.3],[-120.66868,39.725586,1955.0],[-120.668695,39.725525,1957.0],[-120.668726,39.725425,1956.3],[-120.66875,39.725384,1956.3],[-120.668761,39.725353,1955.5],[-120.668762,39.725345,1955.5],[-120.66876,39.725346,1955.5],[-120.668749,39.725361,1955.5],[-120.668735,39.725387,1956.3],[-120.668727,39.725402,1956.3],[-120.668722,39.72541,1956.3],[-120.66868,39.725496,1954.6],[-120.668662,39.725546,1955.0],[-120.668633,39.725589,1955.0],[-120.66852,39.725691,1952.7],[-120.668485,39.72573,1950.3],[-120.668399,39.725821,1947.8],[-120.668345,39.725898,1947.8],[-120.668311,39.725992,1947.5],[-120.668301,39.726052,1943.3],[-120.668302,39.7261,1941.8],[-120.668316,39.726142,1944.7],[-120.668349,39.726187,1942.3],[-120.668394,39.726273,1940.0],[-120.668495,39.726364,1946.1],[-120.668575,39.726426,1942.6],[-120.668635,39.726479,1942.4],[-120.668701,39.726531,1945.2],[-120.668759,39.726575,1942.3],[-120.668827,39.726607,1944.9],[-120.668975,39.726674,1947.0],[-120.669013,39.726716,1947.0],[-120.669024,39.726762,1944.2],[-120.669033,39.726798,1944.2],[-120.669018,39.726828,1944.2],[-120.668981,39.726821,1944.2],[-120.66895,39.726782,1941.7],[-120.668809,39.726723,1942.1],[-120.668719,39.726746,1939.5],[-120.668669,39.726747,1936.9],[-120.668626,39.726743,1936.9],[-120.668571,39.726728,1934.4],[-120.668419,39.726665,1932.1],[-120.668351,39.726606,1933.2],[-120.668281,39.726582,1931.5],[-120.66822,39.726579,1931.5],[-120.668127,39.726549,1929.9],[-120.668042,39.726528,1931.4],[-120.667946,39.726503,1930.4],[-120.667872,39.726481,1929.6],[-120.667829,39.726459,1929.1],[-120.667791,39.726432,1931.3],[-120.667772,39.726418,1931.3],[-120.667733,39.726404,1930.8],[-120.667679,39.726395,1930.8],[-120.667623,39.726408,1930.2],[-120.667588,39.72643,1930.2],[-120.667543,39.726449,1929.7],[-120.6675,39.726465,1928.3],[-120.667502,39.726457,1928.3],[-120.66754,39.726458,1928.3],[-120.667572,39.726465,1928.6],[-120.667595,39.726471,1928.6],[-120.667613,39.726475,1928.6],[-120.667626,39.726479,1928.6],[-120.667631,39.726481,1928.6],[-120.667629,39.726461,1928.6],[-120.667644,39.726453,1930.2],[-120.667655,39.726452,1930.2],[-120.667685,39.726451,1930.8],[-120.667727,39.726458,1928.9],[-120.667767,39.726475,1929.1],[-120.66781,39.7265,1929.1],[-120.667846,39.726519,1929.1],[-120.667893,39.72654,1927.0],[-120.667947,39.726555,1927.8],[-120.667979,39.726555,1927.8],[-120.668015,39.726556,1927.8],[-120.668037,39.726558,1928.8],[-120.668044,39.726571,1928.8],[-120.66803,39.726591,1928.8],[-120.668001,39.726614,1927.8],[-120.667957,39.726639,1924.6],[-120.667745,39.72672,1923.2],[-120.667672,39.726749,1919.4],[-120.667602,39.726806,1919.4],[-120.66756,39.726842,1916.1],[-120.667507,39.726871,1916.5],[-120.667466,39.726888,1916.5],[-120.667402,39.726924,1913.9],[-120.66731,39.726987,1914.4],[-120.667249,39.727027,1911.9],[-120.667229,39.727052,1911.9],[-120.667212,39.727066,1911.9],[-120.667205,39.727078,1911.9],[-120.667204,39.727091,1911.9],[-120.667245,39.727089,1911.9],[-120.667288,39.727082,1911.4],[-120.667391,39.727053,1910.8],[-120.667529,39.726997,1913.5],[-120.667675,39.726958,1912.7],[-120.667757,39.726957,1912.7],[-120.667763,39.726956,1912.7],[-120.667767,39.726963,1912.7],[-120.667757,39.726979,1912.7],[-120.66771,39.727028,1909.6],[-120.667666,39.727075,1909.6],[-120.667623,39.727109,1906.9],[-120.667562,39.727143,1906.9],[-120.667516,39.727169,1907.3],[-120.667483,39.727192,1904.5],[-120.667424,39.727222,1904.6],[-120.667335,39.727273,1904.6],[-120.667315,39.727301,1902.0],[-120.667313,39.727323,1902.0],[-120.667328,39.727335,1902.0],[-120.667369,39.727328,1901.9],[-120.667411,39.727301,1901.9],[-120.66746,39.727268,1904.5],[-120.667506,39.727247,1904.5],[-120.667567,39.727238,1904.3],[-120.667626,39.727233,1904.3],[-120.667722,39.727243,1903.2],[-120.667796,39.727262,1903.2],[-120.66787,39.727281,1902.5],[-120.667956,39.72733,1900.5],[-120.668027,39.727371,1900.8],[-120.668205,39.727438,1899.9],[-120.668262,39.727462,1899.9],[-120.668279,39.727473,1900.8],[-120.668285,39.727477,1900.8],[-120.668262,39.727492,1897.6],[-120.668238,39.727519,1897.6],[-120.6682,39.727547,1897.6],[-120.668118,39.727602,1894.0],[-120.668055,39.727638,1894.0],[-120.667949,39.727715,1892.1],[-120.667852,39.727771,1890.6],[-120.667774,39.727778,1890.9],[-120.667701,39.727787,1891.2],[-120.667625,39.727803,1891.2],[-120.667569,39.727809,1891.2],[-120.667522,39.727823,1890.9],[-120.667487,39.727852,1889.3],[-120.667445,39.727898,1889.1],[-120.667384,39.727946,1887.7],[-120.667331,39.728021,1886.5],[-120.667245,39.728104,1886.9],[-120.667213,39.728135,1885.1],[-120.667178,39.728178,1885.1],[-120.667144,39.728227,1884.2],[-120.667119,39.728256,1884.2],[-120.667088,39.728293,1884.2],[-120.667035,39.728426,1883.2],[-120.667027,39.728481,1883.2],[-120.667012,39.72858,1880.9],[-120.666999,39.728709,1879.5],[-120.666992,39.728761,1877.9],[-120.666983,39.728809,1877.9],[-120.666991,39.728862,1875.6],[-120.666992,39.728922,1875.6],[-120.667011,39.729063,1872.3],[-120.667022,39.729115,1872.3],[-120.66702,39.729165,1871.2],[-120.667014,39.729218,1871.2],[-120.667006,39.729263,1870.9],[-120.66701,39.729306,1870.9],[-120.667005,39.729346,1870.4],[-120.667008,39.729382,1870.4],[-120.667027,39.729415,1870.0],[-120.667067,39.729448,1870.0],[-120.667105,39.72946,1867.7],[-120.667141,39.729466,1867.7],[-120.667154,39.729461,1867.7],[-120.667184,39.729452,1866.1],[-120.667202,39.729433,1866.1],[-120.667207,39.729411,1866.3],[-120.667218,39.729384,1866.3],[-120.667233,39.729355,1866.3],[-120.667241,39.729326,1867.0],[-120.667243,39.729313,1867.0],[-120.667257,39.729283,1867.0],[-120.667329,39.729184,1866.7],[-120.667385,39.729153,1865.9],[-120.667436,39.729141,1865.9],[-120.667498,39.729128,1866.5],[-120.667556,39.729121,1866.5],[-120.667612,39.729117,1866.5],[-120.667685,39.729122,1866.8],[-120.667749,39.729134,1867.3],[-120.667805,39.72914,1866.2],[-120.667836,39.729161,1866.5],[-120.667882,39.729204,1866.5],[-120.66792,39.729259,1865.5],[-120.667958,39.729316,1865.5],[-120.667985,39.729366,1864.4],[-120.668027,39.729458,1863.5],[-120.66806,39.729491,1863.5],[-120.668105,39.72954,1862.8],[-120.668124,39.729577,1862.8],[-120.668171,39.729628,1862.1],[-120.668209,39.729685,1862.1],[-120.668232,39.729737,1861.3],[-120.66824,39.729805,1860.0],[-120.668263,39.72986,1860.0],[-120.668243,39.729918,1858.6],[-120.668243,39.729971,1858.6],[-120.66823,39.730028,1857.3],[-120.668206,39.730066,1856.3],[-120.668195,39.730091,1856.3],[-120.668185,39.73012,1856.3],[-120.668161,39.730167,1854.8],[-120.668144,39.730211,1854.8],[-120.668128,39.730292,1854.2],[-120.668113,39.730325,1854.2],[-120.668105,39.730364,1853.8],[-120.668103,39.730402,1853.8],[-120.668113,39.730436,1853.4],[-120.668129,39.73047,1853.4],[-120.668132,39.730516,1853.4],[-120.668137,39.730575,1853.0],[-120.668154,39.73061,1853.0],[-120.668154,39.730645,1852.6],[-120.668124,39.730844,1851.8],[-120.668094,39.730888,1851.8],[-120.668069,39.730928,1851.7],[-120.668033,39.730977,1851.3],[-120.667986,39.73103,1851.4],[-120.667962,39.731072,1850.9],[-120.667948,39.731118,1851.2],[-120.667934,39.731146,1851.2],[-120.667933,39.73115,1851.2],[-120.667933,39.731161,1851.2],[-120.667939,39.731169,1851.2],[-120.66795,39.731171,1851.2],[-120.667954,39.731172,1851.2],[-120.66796,39.731175,1851.9],[-120.667964,39.731177,1851.9],[-120.66797,39.731184,1852.8],[-120.66797,39.731191,1852.8],[-120.667986,39.731196,1852.8],[-120.66799,39.731196,1852.8],[-120.667991,39.731228,1852.8],[-120.667988,39.731251,1852.8],[-120.667999,39.73128,1853.9],[-120.668028,39.731331,1853.9],[-120.668027,39.731338,1853.9],[-120.668025,39.731349,1853.9],[-120.668018,39.73136,1853.9],[-120.668014,39.731362,1853.9],[-120.668015,39.731372,1853.9],[-120.668016,39.73137,1853.9],[-120.668015,39.731376,1855.2],[-120.668005,39.731383,1855.2],[-120.668021,39.731399,1855.2],[-120.668028,39.731416,1855.2],[-120.667999,39.731434,1855.2],[-120.667917,39.731491,1855.7],[-120.667872,39.731503,1855.7],[-120.667839,39.731516,1855.0],[-120.667809,39.731532,1855.0],[-120.66772,39.731559,1855.4],[-120.667671,39.731572,1855.4],[-120.667618,39.731616,1854.8],[-120.667567,39.731676,1855.3],[-120.667489,39.731791,1856.0],[-120.667462,39.731847,1856.3],[-120.667423,39.73187,1856.3],[-120.667377,39.731893,1855.8],[-120.66733,39.73192,1856.5],[-120.667293,39.731945,1856.0],[-120.667273,39.731975,1856.0],[-120.667254,39.731997,1856.6],[-120.667212,39.732021,1856.1],[-120.667171,39.732035,1856.1],[-120.667135,39.732054,1856.1],[-120.667095,39.732077,1855.6],[-120.666927,39.732144,1854.1],[-120.666865,39.732174,1854.1],[-120.666816,39.732192,1851.5],[-120.666775,39.732221,1851.5],[-120.666766,39.732249,1851.5],[-120.666736,39.73227,1849.4],[-120.666715,39.732291,1847.9],[-120.666704,39.732313,1847.9],[-120.666691,39.732344,1847.9],[-120.666677,39.732381,1846.1],[-120.666627,39.732446,1844.5],[-120.666562,39.732574,1841.8],[-120.666569,39.732605,1842.7],[-120.666571,39.732644,1842.2],[-120.666576,39.732671,1842.2],[-120.666583,39.732698,1842.2],[-120.6666,39.732763,1841.7],[-120.666606,39.732798,1841.7],[-120.66661,39.73288,1841.3],[-120.666594,39.732922,1840.6],[-120.66655,39.732963,1839.8],[-120.666529,39.732986,1839.8],[-120.666516,39.733008,1839.8],[-120.666508,39.733022,1839.0],[-120.666503,39.733041,1839.0],[-120.666496,39.73307,1839.0],[-120.666479,39.733097,1839.0],[-120.666397,39.733163,1837.5],[-120.666345,39.733203,1836.2],[-120.666331,39.733224,1836.2],[-120.666319,39.733252,1836.2],[-120.666308,39.733278,1836.2],[-120.666289,39.733316,1835.6],[-120.666256,39.733457,1834.5],[-120.666197,39.733684,1833.1],[-120.666202,39.73372,1833.1],[-120.666209,39.733762,1832.5],[-120.666212,39.733794,1832.5],[-120.666214,39.733839,1831.9],[-120.666226,39.733886,1831.9],[-120.66629,39.73399,1831.8],[-120.666308,39.734058,1831.1],[-120.666322,39.734111,1830.4],[-120.666334,39.734166,1830.4],[-120.666389,39.734223,1830.0],[-120.666435,39.734281,1830.0],[-120.666465,39.734351,1828.7],[-120.666488,39.73442,1825.6],[-120.666518,39.734501,1822.3],[-120.666581,39.734633,1820.7],[-120.666631,39.734726,1817.3],[-120.666651,39.7348,1816.5],[-120.666659,39.734863,1813.7],[-120.666665,39.734919,1813.7],[-120.666665,39.73497,1810.6],[-120.666667,39.73502,1810.6],[-120.666704,39.73507,1807.8],[-120.666766,39.735123,1810.5],[-120.666806,39.735171,1807.7],[-120.666819,39.735217,1807.7],[-120.666835,39.735284,1807.4],[-120.666825,39.735349,1803.3],[-120.666821,39.735418,1800.9],[-120.666826,39.735489,1802.2],[-120.666842,39.735636,1797.3],[-120.666857,39.73569,1794.9],[-120.666866,39.735742,1794.9],[-120.66687,39.735797,1792.2],[-120.666881,39.735858,1792.2],[-120.666894,39.735909,1789.4],[-120.666906,39.735955,1789.4],[-120.666913,39.735994,1786.4],[-120.666917,39.736027,1786.4],[-120.666927,39.736059,1786.9],[-120.666943,39.736095,1783.8],[-120.666984,39.736103,1783.8],[-120.667013,39.736105,1783.8],[-120.667085,39.736114,1783.8],[-120.667099,39.736058,1787.3],[-120.667171,39.735955,1790.7],[-120.667195,39.735978,1787.7],[-120.667219,39.736,1788.2],[-120.667228,39.73605,1788.2],[-120.667187,39.736116,1784.1],[-120.667182,39.736192,1780.8],[-120.667158,39.73627,1778.2],[-120.667114,39.736353,1775.6],[-120.667094,39.736468,1772.4],[-120.667126,39.736515,1769.6],[-120.667147,39.73654,1769.6],[-120.667164,39.736579,1769.6],[-120.66718,39.736621,1767.3],[-120.667193,39.736677,1767.3],[-120.667191,39.736724,1765.0],[-120.667185,39.736779,1765.0],[-120.667165,39.736855,1762.6],[-120.66715,39.736903,1760.2],[-120.667139,39.736959,1758.1],[-120.66716,39.737093,1756.1],[-120.667221,39.737131,1755.6],[-120.667284,39.737189,1753.9],[-120.667325,39.737232,1753.9],[-120.667355,39.73726,1752.3],[-120.667355,39.737286,1752.3],[-120.667341,39.737318,1752.3],[-120.667342,39.73734,1750.7],[-120.667342,39.737355,1750.7],[-120.667363,39.737377,1750.7],[-120.667397,39.737432,1750.7],[-120.667402,39.737438,1750.0],[-120.667433,39.737472,1750.0],[-120.667457,39.737499,1750.0],[-120.667471,39.737525,1748.6],[-120.667514,39.737525,1749.5],[-120.667532,39.737536,1749.5],[-120.667548,39.737549,1749.5],[-120.667547,39.737582,1749.5],[-120.66752,39.737623,1747.8],[-120.667481,39.737664,1747.2],[-120.667449,39.737689,1747.2],[-120.667427,39.737696,1747.2],[-120.667413,39.737697,1747.2],[-120.667415,39.737702,1747.2],[-120.667416,39.737703,1747.2],[-120.667418,39.737707,1747.2],[-120.66743,39.737717,1745.6],[-120.667439,39.737719,1745.6],[-120.667447,39.737725,1745.6],[-120.667445,39.73773,1745.6],[-120.667446,39.737763,1745.6],[-120.667411,39.737822,1743.7],[-120.667376,39.737848,1743.3],[-120.667319,39.737867,1743.3],[-120.667251,39.737894,1740.9],[-120.667181,39.73793,1740.2],[-120.667116,39.737957,1739.5],[-120.667052,39.737985,1737.7],[-120.666989,39.738012,1736.8],[-120.666913,39.738072,1734.2],[-120.666862,39.73813,1734.2],[-120.666799,39.738174,1731.7],[-120.66671,39.738258,1729.6],[-120.666682,39.738294,1729.6],[-120.666656,39.738343,1728.0],[-120.666635,39.738396,1727.6],[-120.666629,39.738453,1725.9],[-120.666607,39.738498,1725.9],[-120.666568,39.73853,1724.2],[-120.666531,39.738558,1724.0],[-120.666507,39.738599,1724.0],[-120.666486,39.738654,1722.4],[-120.66648,39.738689,1722.4],[-120.666471,39.738743,1720.3],[-120.666445,39.738878,1717.4],[-120.666438,39.738949,1714.0],[-120.666443,39.739011,1711.0],[-120.666453,39.739061,1711.0],[-120.666461,39.7391,1708.6],[-120.66646,39.739163,1708.6],[-120.666467,39.739284,1705.4],[-120.666467,39.739335,1705.4],[-120.666468,39.739376,1704.5],[-120.666473,39.739421,1705.4],[-120.666476,39.739451,1705.0],[-120.666476,39.739466,1705.0],[-120.666481,39.739477,1705.0],[-120.666491,39.739499,1705.0],[-120.666493,39.739507,1705.0],[-120.666491,39.739502,1705.0],[-120.666487,39.739505,1705.0],[-120.666484,39.739511,1705.0],[-120.666471,39.739501,1705.0],[-120.666459,39.739495,1705.0],[-120.666455,39.739501,1705.0],[-120.666425,39.739519,1703.9],[-120.666287,39.739595,1702.3],[-120.666235,39.739618,1701.2],[-120.666062,39.739745,1697.6],[-120.66598,39.739823,1696.5],[-120.665925,39.739825,1696.5],[-120.665898,39.739835,1696.5],[-120.665885,39.739893,1695.3],[-120.665865,39.739956,1694.8],[-120.665818,39.739984,1694.8],[-120.665771,39.740027,1692.6],[-120.665735,39.740053,1692.6],[-120.665687,39.740087,1690.9],[-120.665623,39.740091,1689.2],[-120.665582,39.740126,1688.7],[-120.665541,39.740153,1688.7],[-120.665509,39.740179,1687.3],[-120.665507,39.740184,1687.3],[-120.665513,39.740183,1687.3],[-120.665519,39.740181,1688.7],[-120.665527,39.740179,1688.7],[-120.665525,39.74018,1688.7],[-120.665529,39.740179,1688.7],[-120.665537,39.740176,1688.7],[-120.665496,39.740181,1687.1],[-120.665485,39.740192,1687.1],[-120.665482,39.740194,1687.1],[-120.665471,39.740196,1687.1],[-120.665447,39.7402,1687.1],[-120.665441,39.740212,1687.1],[-120.665403,39.740246,1686.0],[-120.665379,39.740256,1686.0],[-120.66538,39.740256,1686.0],[-120.665322,39.74027,1685.0],[-120.665286,39.740292,1685.0],[-120.665262,39.740293,1685.0],[-120.665254,39.740294,1685.0],[-120.665264,39.740293,1685.0],[-120.665256,39.740289,1685.0],[-120.66526,39.740291,1685.0],[-120.665254,39.740289,1685.0],[-120.665253,39.740281,1685.0],[-120.665251,39.74027,1685.0],[-120.665246,39.740269,1683.8],[-120.665253,39.740235,1685.0],[-120.665256,39.740215,1685.0],[-120.665255,39.740207,1685.0],[-120.665248,39.740209,1683.8],[-120.665239,39.740212,1683.8],[-120.665243,39.740207,1683.8],[-120.665253,39.740222,1683.8],[-120.665304,39.740309,1685.0],[-120.665318,39.740338,1685.0],[-120.665336,39.740322,1685.0],[-120.665345,39.740316,1685.0],[-120.665358,39.740335,1686.0],[-120.665373,39.740353,1686.0],[-120.665399,39.740371,1686.0],[-120.665427,39.740382,1685.6],[-120.665437,39.740391,1686.5],[-120.665437,39.740375,1686.9],[-120.665431,39.740365,1686.0],[-120.665415,39.740358,1686.0],[-120.66541,39.740355,1686.0],[-120.665411,39.740352,1686.0],[-120.665415,39.740356,1686.0],[-120.665396,39.740334,1686.0],[-120.665368,39.740302,1686.0],[-120.665367,39.740295,1686.0],[-120.665086,39.740135,1682.4],[-120.665004,39.740094,1682.4],[-120.664982,39.740084,1683.0],[-120.665028,39.740045,1682.4],[-120.665056,39.740014,1682.4],[-120.665099,39.74,1683.7],[-120.66514,39.739984,1683.7],[-120.665185,39.739953,1683.9],[-120.665225,39.739942,1683.9],[-120.665269,39.739939,1684.9],[-120.665343,39.739983,1684.9],[-120.665355,39.740037,1684.6],[-120.665331,39.740076,1684.6],[-120.665299,39.740102,1684.7],[-120.6653,39.740099,1684.7],[-120.665294,39.740103,1684.7],[-120.665288,39.740109,1684.7],[-120.665282,39.740128,1684.7],[-120.665281,39.740142,1684.7],[-120.665255,39.740154,1683.5],[-120.66522,39.740161,1683.5],[-120.665179,39.740168,1683.5],[-120.665162,39.740158,1682.4],[-120.665176,39.740139,1682.4],[-120.6652,39.740122,1683.5],[-120.66513,39.740119,1682.4],[-120.665104,39.740111,1682.4],[-120.665103,39.740111,1682.4],[-120.66512,39.740136,1682.4],[-120.665144,39.740156,1682.4],[-120.665199,39.740206,1683.8],[-120.665225,39.740238,1683.8],[-120.665235,39.740245,1683.8],[-120.665234,39.740245,1683.8],[-120.665213,39.740254,1683.8],[-120.665211,39.740269,1683.8],[-120.665228,39.740292,1683.9],[-120.665232,39.740301,1683.9],[-120.665238,39.740291,1683.9],[-120.665228,39.740195,1683.5],[-120.665209,39.740188,1683.5],[-120.665189,39.740178,1683.5],[-120.665187,39.740153,1683.5],[-120.665171,39.740161,1682.4],[-120.665168,39.740161,1682.4],[-120.66516,39.74017,1682.4],[-120.665156,39.74017,1682.4],[-120.665172,39.740183,1683.5],[-120.665151,39.740195,1682.4],[-120.665151,39.74021,1682.4],[-120.66508,39.740316,1682.5],[-120.665055,39.740347,1681.1],[-120.665054,39.740355,1681.1],[-120.664977,39.740336,1680.0],[-120.664907,39.740365,1680.0],[-120.664847,39.740398,1678.6],[-120.664765,39.740481,1678.2],[-120.664782,39.740518,1677.5],[-120.664761,39.740558,1677.5],[-120.664617,39.740713,1675.5],[-120.664576,39.740731,1675.7],[-120.66455,39.740755,1675.7],[-120.664512,39.740777,1675.0],[-120.66452,39.740782,1674.6],[-120.664515,39.740792,1675.0],[-120.664489,39.740824,1675.0],[-120.664443,39.740907,1673.8],[-120.664426,39.740936,1674.5],[-120.664407,39.740967,1673.1],[-120.664378,39.741015,1673.1],[-120.664319,39.741156,1670.3],[-120.664284,39.741212,1670.3],[-120.664193,39.741347,1667.8],[-120.664076,39.741517,1665.1],[-120.663978,39.741688,1663.8],[-120.66388,39.741823,1661.3],[-120.663828,39.741863,1661.3],[-120.6638,39.741903,1659.7],[-120.663769,39.741932,1659.7],[-120.663705,39.741993,1657.8],[-120.663659,39.742028,1657.8],[-120.663614,39.74207,1657.5],[-120.663549,39.742171,1656.3],[-120.663564,39.742222,1656.3],[-120.663576,39.742282,1656.9],[-120.663557,39.742354,1657.7],[-120.663498,39.742413,1655.6],[-120.663444,39.74246,1656.0],[-120.663394,39.742491,1653.8],[-120.663338,39.742506,1651.7],[-120.663287,39.742528,1651.7],[-120.663234,39.742546,1649.2],[-120.663174,39.742557,1649.2],[-120.663112,39.74257,1647.1],[-120.66308,39.742615,1647.1],[-120.663054,39.742673,1645.1],[-120.66302,39.742722,1645.1],[-120.662995,39.742745,1645.2],[-120.66298,39.742748,1645.2],[-120.662952,39.742754,1643.2],[-120.662909,39.742799,1643.2],[-120.662887,39.742832,1643.4],[-120.662869,39.742862,1641.2],[-120.662852,39.74287,1641.2],[-120.662807,39.742883,1641.2],[-120.662756,39.742884,1638.6],[-120.662723,39.74289,1638.6],[-120.662703,39.742902,1638.6],[-120.662684,39.742931,1636.3],[-120.662675,39.742989,1636.3],[-120.662638,39.74304,1636.7],[-120.662611,39.743089,1634.3],[-120.662588,39.743118,1634.8],[-120.662577,39.743139,1634.8],[-120.662557,39.743165,1634.8],[-120.662532,39.743191,1635.7],[-120.662503,39.74321,1633.2],[-120.662472,39.743231,1633.2],[-120.662453,39.743245,1633.2],[-120.662413,39.743268,1630.7],[-120.662333,39.743293,1628.2],[-120.66222,39.74331,1625.2],[-120.662185,39.743323,1625.2],[-120.662115,39.743345,1622.7],[-120.661997,39.743371,1621.1],[-120.661958,39.743377,1619.8],[-120.661925,39.743382,1619.8],[-120.661894,39.743387,1619.8],[-120.66187,39.743395,1619.2],[-120.661858,39.743407,1619.2],[-120.661848,39.743422,1619.2],[-120.661838,39.743432,1619.2],[-120.661822,39.743441,1619.2],[-120.6618,39.743448,1618.4],[-120.661779,39.743456,1617.8],[-120.661746,39.743476,1617.8],[-120.661689,39.743515,1617.8],[-120.661639,39.743565,1616.5],[-120.661593,39.743605,1616.4],[-120.66155,39.743642,1615.1],[-120.661524,39.743687,1615.1],[-120.661458,39.743741,1613.7],[-120.661425,39.743797,1613.7],[-120.661366,39.743833,1612.4],[-120.661314,39.743884,1612.5],[-120.661279,39.743938,1611.2],[-120.66123,39.743998,1609.6],[-120.661185,39.744051,1609.6],[-120.661115,39.744134,1608.0],[-120.661074,39.744189,1607.1],[-120.661012,39.744238,1606.5],[-120.660944,39.744319,1604.8],[-120.660938,39.744346,1604.8],[-120.660925,39.744383,1604.3],[-120.660919,39.74442,1604.3],[-120.660912,39.74445,1604.3],[-120.660896,39.744478,1604.3],[-120.660881,39.744505,1604.3],[-120.660865,39.744529,1603.2],[-120.660846,39.744553,1603.0],[-120.660834,39.744581,1603.0],[-120.660821,39.744618,1603.0],[-120.660811,39.744656,1602.7],[-120.660798,39.744694,1602.7],[-120.660761,39.744852,1600.9],[-120.66074,39.744897,1600.9],[-120.660729,39.744917,1600.6],[-120.660717,39.744937,1600.6],[-120.660702,39.74497,1600.6],[-120.660687,39.744985,1599.3],[-120.660687,39.744997,1599.3],[-120.660696,39.745011,1599.0],[-120.660698,39.745013,1599.0],[-120.660713,39.745013,1600.2],[-120.660677,39.745058,1599.0],[-120.660676,39.745057,1599.0],[-120.660671,39.745062,1599.0],[-120.660657,39.745064,1599.0],[-120.660614,39.745084,1599.0],[-120.660591,39.745087,1597.6],[-120.660581,39.745101,1597.6],[-120.660568,39.745114,1597.0],[-120.660532,39.745126,1597.0],[-120.660516,39.745121,1597.0],[-120.660489,39.745116,1595.4],[-120.660462,39.745106,1596.0],[-120.660437,39.745086,1596.0],[-120.660404,39.745073,1594.3],[-120.660369,39.745072,1594.3],[-120.660326,39.745063,1594.3],[-120.660246,39.745028,1592.7],[-120.660214,39.745012,1592.2],[-120.660185,39.745006,1592.2],[-120.660136,39.744994,1592.2],[-120.660144,39.744924,1593.4],[-120.660058,39.744953,1591.8],[-120.660011,39.744937,1593.3],[-120.65992,39.744918,1593.4],[-120.659916,39.744909,1593.4],[-120.659885,39.744887,1593.4],[-120.65989,39.744883,1593.4],[-120.659888,39.744885,1593.4],[-120.65987,39.744877,1593.4],[-120.659839,39.744874,1593.5],[-120.659802,39.744872,1593.5],[-120.659671,39.744864,1593.7],[-120.659631,39.744857,1594.0],[-120.65956,39.744849,1594.1],[-120.659552,39.744848,1594.1],[-120.659534,39.744843,1594.1],[-120.659507,39.744831,1595.3],[-120.659481,39.744819,1595.3],[-120.659448,39.744816,1595.3],[-120.659405,39.744815,1595.3],[-120.659362,39.744817,1595.4],[-120.659312,39.744828,1595.4],[-120.65927,39.744833,1595.4],[-120.659237,39.744823,1595.9],[-120.65922,39.744821,1595.9],[-120.659201,39.744818,1595.9],[-120.659173,39.744802,1596.7],[-120.659129,39.744785,1596.7],[-120.659084,39.744767,1597.6],[-120.659038,39.744757,1597.6],[-120.659021,39.744756,1598.6],[-120.65902,39.744757,1598.6],[-120.658918,39.744749,1599.9],[-120.658901,39.744751,1599.9],[-120.658877,39.744757,1599.9],[-120.658855,39.744767,1599.9],[-120.658839,39.744777,1599.9],[-120.658817,39.744782,1601.2],[-120.658797,39.744782,1601.2],[-120.658776,39.744774,1601.2],[-120.65875,39.744771,1601.2],[-120.658727,39.744774,1602.6],[-120.658706,39.74478,1602.6],[-120.658699,39.744784,1602.6],[-120.658693,39.744789,1602.6],[-120.658683,39.744801,1602.6],[-120.658657,39.744814,1604.0],[-120.658633,39.744829,1604.0],[-120.6586,39.744837,1603.3],[-120.658568,39.744851,1603.3],[-120.658536,39.744855,1604.6],[-120.658485,39.744857,1604.6],[-120.658454,39.744859,1606.2],[-120.658416,39.744867,1606.2],[-120.658378,39.744873,1606.2],[-120.65834,39.744879,1607.8],[-120.658328,39.74488,1607.8],[-120.658312,39.744885,1607.8],[-120.658283,39.74489,1609.3],[-120.658254,39.744891,1609.3],[-120.658224,39.744893,1609.3],[-120.658189,39.744896,1610.6],[-120.65816,39.744896,1610.6],[-120.65813,39.744897,1610.6],[-120.658105,39.7449,1610.6],[-120.65809,39.744905,1611.7],[-120.658074,39.744912,1611.7],[-120.658056,39.744919,1611.7],[-120.658039,39.744929,1611.7],[-120.658019,39.744934,1611.2],[-120.657998,39.744935,1611.2],[-120.657975,39.74494,1611.2],[-120.65795,39.744943,1611.2],[-120.657928,39.744947,1611.2],[-120.657922,39.744947,1612.0],[-120.657902,39.744953,1612.0],[-120.657874,39.744955,1612.0],[-120.657844,39.744959,1612.0],[-120.657804,39.744971,1612.8],[-120.65777,39.744981,1612.8],[-120.657735,39.744991,1612.8],[-120.657706,39.745,1613.7],[-120.657682,39.745006,1613.7],[-120.657675,39.74504,1611.8],[-120.657665,39.745054,1611.8],[-120.657641,39.745053,1611.8],[-120.657616,39.745051,1612.8],[-120.657588,39.745057,1612.8],[-120.65756,39.745073,1612.8],[-120.657552,39.745077,1612.8],[-120.657539,39.74508,1614.0],[-120.657508,39.745083,1614.0],[-120.657486,39.745081,1614.0],[-120.657457,39.745088,1614.0],[-120.657428,39.745103,1615.1],[-120.657393,39.745115,1615.1],[-120.657367,39.745128,1613.6],[-120.657343,39.745138,1614.7],[-120.65732,39.745143,1614.7],[-120.657296,39.74515,1614.7],[-120.657267,39.745164,1614.7],[-120.657234,39.745179,1615.6],[-120.657216,39.745184,1615.6],[-120.657194,39.74518,1615.6],[-120.65717,39.745184,1615.6],[-120.657136,39.745177,1616.6],[-120.657104,39.745176,1616.6],[-120.657079,39.745175,1616.6],[-120.657048,39.745169,1617.5],[-120.65704,39.745163,1617.5],[-120.657031,39.745167,1617.5],[-120.657007,39.745176,1617.5],[-120.65698,39.745183,1617.5],[-120.656941,39.745192,1618.3],[-120.656914,39.745197,1618.3],[-120.656895,39.7452,1618.3],[-120.656878,39.7452,1619.1],[-120.656854,39.745192,1619.1],[-120.656836,39.745183,1619.1],[-120.656834,39.745179,1619.1],[-120.656823,39.745161,1619.1],[-120.656818,39.745157,1619.1],[-120.656812,39.745146,1619.1],[-120.65681,39.745142,1619.1],[-120.656797,39.745129,1619.1],[-120.656793,39.74511,1620.5],[-120.656796,39.745108,1620.5],[-120.6568,39.74508,1620.5],[-120.65681,39.74505,1620.5],[-120.65681,39.745028,1621.9],[-120.656802,39.745009,1621.9],[-120.656795,39.744995,1622.9],[-120.656794,39.74499,1622.9],[-120.656788,39.744983,1622.9],[-120.656789,39.744977,1622.9],[-120.656789,39.744969,1622.9],[-120.656792,39.744951,1624.4],[-120.656791,39.74493,1624.4],[-120.656786,39.744902,1624.4],[-120.656784,39.744879,1624.4],[-120.656786,39.744855,1624.4],[-120.65679,39.74484,1626.0],[-120.656804,39.744824,1626.0],[-120.65681,39.744808,1626.0],[-120.656809,39.744788,1626.0],[-120.656809,39.744783,1626.0],[-120.656797,39.744765,1627.6],[-120.656804,39.744754,1627.6],[-120.656807,39.744727,1627.6],[-120.656803,39.7447,1627.6],[-120.656799,39.74467,1629.1],[-120.656802,39.744649,1629.1],[-120.656803,39.744629,1629.1],[-120.656799,39.744613,1629.1],[-120.656791,39.744592,1630.6],[-120.656777,39.744578,1630.6],[-120.656772,39.744559,1630.6],[-120.656778,39.744526,1630.6],[-120.656784,39.744492,1630.6],[-120.656783,39.744466,1632.1],[-120.656785,39.74446,1632.1],[-120.656786,39.744453,1632.1],[-120.656797,39.744439,1632.1],[-120.656808,39.744427,1631.3],[-120.656811,39.744425,1631.3],[-120.656808,39.744424,1631.3],[-120.656808,39.74442,1631.3],[-120.656791,39.744408,1632.1],[-120.656779,39.744404,1632.1],[-120.656767,39.744408,1632.1],[-120.656757,39.744414,1632.1],[-120.656759,39.744413,1632.1],[-120.656751,39.744408,1632.1],[-120.656745,39.744406,1632.1],[-120.656753,39.744402,1632.1],[-120.656764,39.74439,1632.1],[-120.65676,39.744384,1633.6],[-120.656749,39.744389,1632.1],[-120.656744,39.744394,1632.1],[-120.656741,39.744399,1632.1],[-120.656727,39.744407,1632.1],[-120.656716,39.74442,1632.1],[-120.656702,39.744436,1632.1],[-120.656685,39.744435,1632.9],[-120.656665,39.744431,1632.9],[-120.656663,39.74443,1632.9],[-120.656646,39.744437,1632.9],[-120.656613,39.744449,1632.9],[-120.656571,39.744465,1632.3],[-120.656548,39.744468,1632.3],[-120.656533,39.744466,1632.3],[-120.656515,39.744467,1633.2],[-120.656509,39.74447,1633.2],[-120.656499,39.744472,1633.2],[-120.656472,39.744476,1633.2],[-120.656436,39.744488,1634.2],[-120.656405,39.744496,1634.2],[-120.656383,39.744506,1634.2],[-120.656374,39.744512,1634.2],[-120.65636,39.744513,1634.2],[-120.656356,39.744512,1634.2],[-120.656343,39.744514,1634.2],[-120.656303,39.744512,1635.4],[-120.656291,39.744509,1635.4],[-120.656275,39.744511,1635.4],[-120.656241,39.744511,1635.4],[-120.65622,39.744505,1636.7],[-120.656204,39.744515,1636.7],[-120.656178,39.74453,1636.7],[-120.656146,39.744541,1638.0],[-120.656114,39.744548,1638.0],[-120.656082,39.744552,1638.0],[-120.656049,39.744551,1639.3],[-120.656042,39.744548,1639.3],[-120.656024,39.744548,1639.3],[-120.655994,39.744547,1639.3],[-120.655964,39.744538,1639.3],[-120.655959,39.744535,1640.7],[-120.655937,39.744534,1640.7],[-120.655907,39.744532,1640.7],[-120.655875,39.744523,1640.7],[-120.655843,39.744505,1642.1],[-120.65582,39.744501,1642.1],[-120.655801,39.744498,1642.1],[-120.655781,39.744498,1642.1],[-120.655777,39.744499,1642.1],[-120.655759,39.744499,1643.5],[-120.65572,39.744484,1643.5],[-120.655712,39.744483,1643.5],[-120.655684,39.744478,1644.7],[-120.65564,39.744464,1644.7],[-120.655593,39.744444,1647.0],[-120.655532,39.744425,1648.2],[-120.655459,39.744416,1649.4],[-120.655403,39.744419,1650.5],[-120.655364,39.744422,1650.5],[-120.655331,39.744419,1650.5],[-120.655327,39.744418,1650.5],[-120.655292,39.744424,1651.4],[-120.655242,39.744438,1651.4],[-120.655197,39.744454,1649.7],[-120.655131,39.744462,1649.7],[-120.65512,39.74446,1649.9],[-120.655108,39.74446,1649.9],[-120.655096,39.744455,1649.9],[-120.655095,39.744455,1649.9],[-120.655084,39.744456,1649.9],[-120.655062,39.744463,1649.9],[-120.655031,39.744469,1649.9],[-120.654999,39.744484,1649.8],[-120.654974,39.744484,1649.8],[-120.654942,39.74449,1649.8],[-120.654903,39.744487,1649.6],[-120.654858,39.744473,1649.6],[-120.654851,39.744471,1649.6],[-120.654834,39.744465,1649.2],[-120.654806,39.74446,1649.2],[-120.654768,39.74445,1649.2],[-120.65473,39.74444,1648.7],[-120.654683,39.744434,1652.2],[-120.654649,39.744437,1651.9],[-120.654619,39.744437,1651.9],[-120.654619,39.744439,1651.9],[-120.654618,39.744444,1648.2],[-120.654622,39.744445,1648.2],[-120.654613,39.744449,1648.2],[-120.65461,39.744451,1648.2],[-120.654609,39.744451,1648.2],[-120.654598,39.744452,1648.2],[-120.654601,39.744451,1648.2],[-120.654599,39.744449,1648.2],[-120.65459,39.744447,1648.2],[-120.654616,39.744438,1651.9],[-120.654613,39.744438,1651.9],[-120.654605,39.744437,1651.9],[-120.654602,39.744437,1651.9],[-120.654599,39.744437,1651.9],[-120.654596,39.744437,1651.9],[-120.654594,39.744436,1651.9],[-120.654591,39.744436,1651.9],[-120.654588,39.744436,1651.9],[-120.654585,39.744436,1651.9],[-120.654582,39.744436,1651.9],[-120.65458,39.744435,1651.9],[-120.654577,39.744435,1651.9],[-120.654574,39.744435,1651.9],[-120.654517,39.744437,1651.8],[-120.654558,39.74443,1651.9],[-120.654598,39.744424,1651.9],[-120.654625,39.744419,1651.9],[-120.654639,39.744417,1651.9],[-120.654675,39.744416,1652.2],[-120.654644,39.744442,1652.2],[-120.654604,39.744453,1648.2],[-120.654554,39.744459,1648.2],[-120.654507,39.744464,1647.8],[-120.654483,39.744454,1647.8],[-120.654463,39.744436,1651.8],[-120.65446,39.74443,1651.8],[-120.654462,39.744423,1651.8],[-120.654389,39.744358,1651.9],[-120.654344,39.744361,1652.6],[-120.654325,39.744359,1652.6],[-120.654308,39.74438,1652.6],[-120.654308,39.744383,1652.6],[-120.654304,39.744384,1652.6],[-120.654304,39.744382,1652.6],[-120.654236,39.744445,1653.7],[-120.654236,39.744448,1653.7],[-120.654224,39.744456,1650.7],[-120.654196,39.744467,1650.7],[-120.654144,39.744483,1652.7],[-120.654101,39.744506,1652.7],[-120.65408,39.744515,1652.7],[-120.654056,39.744524,1654.7],[-120.653976,39.74456,1654.8],[-120.653946,39.744576,1654.8],[-120.653926,39.744582,1654.8],[-120.653904,39.744591,1654.8],[-120.653883,39.744592,1656.9],[-120.653856,39.744594,1656.9],[-120.653831,39.744597,1656.9],[-120.653794,39.744601,1658.9],[-120.653758,39.744608,1658.9],[-120.653732,39.744621,1658.9],[-120.653712,39.744637,1658.5],[-120.653688,39.744653,1658.5],[-120.653661,39.744672,1658.5],[-120.653626,39.744684,1658.5],[-120.653594,39.74469,1660.3],[-120.653567,39.744701,1660.3],[-120.653548,39.74471,1660.3],[-120.653516,39.74472,1659.6],[-120.653482,39.744727,1659.6],[-120.653452,39.744731,1659.6],[-120.653424,39.744759,1660.9],[-120.653392,39.744789,1660.9],[-120.653369,39.744803,1660.9],[-120.65332,39.744832,1659.3],[-120.65327,39.744859,1659.3],[-120.653242,39.744859,1660.7],[-120.65323,39.744858,1660.7],[-120.653221,39.744868,1660.7],[-120.653206,39.744886,1660.7],[-120.653196,39.744899,1660.7],[-120.653185,39.744901,1660.7],[-120.653173,39.7449,1660.7],[-120.653155,39.744902,1662.4],[-120.653136,39.744908,1659.1],[-120.653118,39.744917,1659.1],[-120.653099,39.74492,1659.1],[-120.65308,39.744928,1659.1],[-120.653055,39.744933,1660.5],[-120.653031,39.744932,1660.5],[-120.653003,39.744929,1660.5],[-120.652965,39.744933,1662.2],[-120.652941,39.744941,1662.2],[-120.652915,39.744953,1662.2],[-120.652892,39.744966,1662.2],[-120.652878,39.744974,1664.1],[-120.652861,39.744979,1664.1],[-120.652828,39.744989,1660.1],[-120.6528,39.745005,1660.1],[-120.652775,39.745008,1662.0],[-120.65276,39.745005,1662.0],[-120.652739,39.745,1662.0],[-120.652717,39.744999,1662.0],[-120.652699,39.745001,1662.0],[-120.65268,39.745008,1664.0],[-120.652661,39.745017,1664.0],[-120.652639,39.745025,1664.0],[-120.652629,39.745029,1664.0],[-120.652604,39.745033,1666.3],[-120.65258,39.745033,1666.3],[-120.652557,39.745035,1666.3],[-120.652541,39.745033,1666.3],[-120.652526,39.74503,1666.3],[-120.652507,39.745039,1668.7],[-120.652488,39.745053,1668.7],[-120.65247,39.745068,1668.7],[-120.652456,39.745078,1664.7],[-120.652446,39.745089,1664.7],[-120.652446,39.745092,1664.7],[-120.652438,39.745084,1664.7],[-120.652425,39.745083,1667.1],[-120.652409,39.745099,1667.1],[-120.652382,39.745106,1667.1],[-120.652362,39.745119,1667.1],[-120.652344,39.745127,1667.1],[-120.652329,39.745131,1669.8],[-120.652314,39.745136,1669.8],[-120.652295,39.745139,1669.8],[-120.652279,39.745142,1669.8],[-120.652267,39.745146,1669.8],[-120.652255,39.745154,1669.8],[-120.652239,39.745158,1672.7],[-120.652158,39.745179,1675.7],[-120.652141,39.745186,1672.2],[-120.652125,39.745191,1672.2],[-120.652109,39.745195,1672.2],[-120.652096,39.745206,1672.2],[-120.652082,39.745215,1672.2],[-120.652068,39.745223,1672.2],[-120.652039,39.745238,1675.1],[-120.652006,39.745252,1675.1],[-120.651979,39.745265,1675.1],[-120.651954,39.745278,1677.9],[-120.651932,39.745289,1674.7],[-120.651911,39.745305,1674.7],[-120.651897,39.745313,1674.7],[-120.65188,39.745324,1674.7],[-120.651864,39.745334,1677.6],[-120.651849,39.745347,1677.6],[-120.651845,39.745362,1677.6],[-120.651833,39.745371,1677.6],[-120.65181,39.745394,1674.5],[-120.651782,39.745415,1677.4],[-120.651761,39.745439,1677.4],[-120.651734,39.745468,1677.4],[-120.651706,39.745499,1674.2],[-120.651679,39.745516,1677.3],[-120.651666,39.745538,1677.3],[-120.651653,39.745547,1677.3],[-120.651626,39.745559,1677.3],[-120.651595,39.745564,1680.4],[-120.65157,39.745579,1677.1],[-120.651549,39.745587,1677.1],[-120.651541,39.74559,1677.1],[-120.65153,39.745593,1677.1],[-120.651509,39.7456,1677.1],[-120.651489,39.74561,1680.4],[-120.651473,39.745621,1680.4],[-120.651455,39.745633,1680.4],[-120.651438,39.745642,1680.4],[-120.651418,39.745644,1683.7],[-120.651396,39.745646,1683.7],[-120.651378,39.745649,1683.7],[-120.65136,39.745653,1683.7],[-120.65134,39.74566,1683.7],[-120.651321,39.745672,1687.3],[-120.651299,39.745685,1683.8],[-120.651277,39.745695,1683.8],[-120.65126,39.745711,1683.8],[-120.651243,39.745729,1683.8],[-120.651222,39.745743,1687.4],[-120.651201,39.745759,1687.4],[-120.651177,39.745773,1683.9],[-120.651157,39.745783,1683.9],[-120.651137,39.745795,1687.5],[-120.651111,39.745808,1687.5],[-120.651079,39.745819,1687.5],[-120.651052,39.745828,1691.1],[-120.651031,39.745838,1691.1],[-120.651014,39.74585,1691.1],[-120.650997,39.745865,1687.3],[-120.650978,39.745879,1687.3],[-120.650958,39.745894,1690.8],[-120.650934,39.745908,1690.8],[-120.650907,39.745918,1690.8],[-120.650884,39.745933,1690.8],[-120.650862,39.745949,1694.3],[-120.650849,39.745965,1694.3],[-120.650826,39.745982,1690.4],[-120.650802,39.745997,1690.4],[-120.650781,39.74601,1690.4],[-120.650759,39.746027,1694.0],[-120.650738,39.746045,1694.0],[-120.650708,39.74607,1689.9],[-120.650681,39.746085,1689.9],[-120.650656,39.746096,1693.6],[-120.65063,39.746111,1693.6],[-120.650598,39.746131,1693.6],[-120.650575,39.746153,1693.2],[-120.65056,39.746168,1693.2],[-120.650547,39.746189,1693.2],[-120.650531,39.74621,1693.2],[-120.650506,39.746232,1693.2],[-120.650482,39.746249,1692.8],[-120.650458,39.746264,1692.8],[-120.650443,39.746291,1692.8],[-120.650414,39.746324,1692.8],[-120.650381,39.746348,1696.2],[-120.650351,39.746371,1692.4],[-120.650322,39.746387,1692.4],[-120.650293,39.746403,1696.0],[-120.650282,39.746419,1696.0],[-120.650215,39.746466,1695.9],[-120.650175,39.746493,1695.9],[-120.650148,39.746506,1695.9],[-120.650123,39.746529,1695.4],[-120.65007,39.746593,1695.4],[-120.650053,39.746612,1695.4],[-120.650029,39.746626,1694.9],[-120.650002,39.74664,1694.9],[-120.64997,39.746657,1694.9],[-120.649843,39.746729,1698.0],[-120.6498,39.746757,1698.0],[-120.649576,39.746891,1699.3],[-120.649515,39.746909,1698.4],[-120.64949,39.746891,1699.4],[-120.649461,39.746863,1698.5],[-120.649418,39.746775,1698.3],[-120.64941,39.746729,1697.8],[-120.649401,39.746626,1697.3],[-120.6494,39.746578,1697.3],[-120.64939,39.746534,1696.7],[-120.649365,39.746515,1695.2],[-120.649327,39.746523,1695.2],[-120.649289,39.746538,1693.2],[-120.649257,39.746568,1694.0],[-120.649213,39.746602,1694.0],[-120.649165,39.746643,1692.9],[-120.649121,39.746677,1692.9],[-120.649061,39.746726,1690.7],[-120.648998,39.746783,1689.3],[-120.648936,39.746843,1690.0],[-120.648868,39.746903,1687.8],[-120.648796,39.746974,1686.4],[-120.64874,39.74705,1687.2],[-120.648721,39.747066,1685.3],[-120.648703,39.747065,1685.3],[-120.648689,39.747058,1685.3],[-120.64868,39.747041,1685.3],[-120.648683,39.747009,1685.3],[-120.648683,39.746962,1684.5],[-120.64868,39.746905,1683.7],[-120.648681,39.746855,1683.7],[-120.648684,39.746811,1682.9],[-120.648686,39.746775,1682.9],[-120.64869,39.746749,1682.9],[-120.648691,39.746725,1682.2],[-120.648688,39.746704,1682.2],[-120.648684,39.746688,1682.2],[-120.648677,39.746669,1682.2],[-120.648672,39.746652,1682.2],[-120.648672,39.746648,1682.2],[-120.648663,39.746634,1681.5],[-120.648654,39.746575,1681.5],[-120.64865,39.746499,1680.8],[-120.648646,39.74645,1680.2],[-120.648646,39.746397,1680.2],[-120.648648,39.74634,1679.5],[-120.648643,39.746285,1679.5],[-120.648621,39.746162,1676.6],[-120.648632,39.746096,1676.6],[-120.648651,39.74604,1677.4],[-120.648671,39.745978,1676.6],[-120.648682,39.745908,1676.6],[-120.648682,39.745833,1675.6],[-120.6487,39.745701,1673.5],[-120.648701,39.745649,1673.5],[-120.648702,39.7456,1672.1],[-120.648702,39.745547,1672.1],[-120.64871,39.7455,1670.5],[-120.648724,39.745448,1670.5],[-120.648728,39.74539,1668.7],[-120.648723,39.745337,1667.4],[-120.648714,39.745285,1667.4],[-120.648712,39.745236,1666.5],[-120.648716,39.745192,1666.5],[-120.648714,39.745159,1666.5],[-120.648701,39.745125,1666.0],[-120.64869,39.745084,1666.0],[-120.648697,39.744993,1665.5],[-120.648724,39.744944,1664.7],[-120.648748,39.744901,1667.3],[-120.648752,39.744868,1667.3],[-120.648745,39.744848,1666.3],[-120.648719,39.744833,1663.8],[-120.648696,39.74482,1663.8],[-120.648661,39.744813,1663.8],[-120.648626,39.7448,1661.5],[-120.64859,39.744791,1661.5],[-120.648556,39.744764,1658.3],[-120.648534,39.74473,1658.3],[-120.648515,39.744696,1658.3],[-120.648511,39.744659,1657.1],[-120.648517,39.744621,1657.1],[-120.648522,39.744584,1655.4],[-120.648503,39.744567,1655.4],[-120.648486,39.744546,1655.4],[-120.648464,39.744535,1655.4],[-120.648453,39.744556,1655.4],[-120.648409,39.744584,1653.1],[-120.648397,39.744598,1654.7],[-120.648384,39.744612,1654.7],[-120.648348,39.744624,1652.3],[-120.648322,39.744637,1652.3],[-120.648304,39.74466,1652.3],[-120.648289,39.744688,1652.3],[-120.648266,39.744722,1653.6],[-120.648234,39.744754,1651.4],[-120.648197,39.744786,1651.4],[-120.648162,39.744822,1650.5],[-120.648145,39.744847,1650.5],[-120.6481,39.744902,1650.8],[-120.647997,39.744982,1648.9],[-120.647974,39.744996,1647.2],[-120.647962,39.745015,1647.2],[-120.647954,39.745039,1647.2],[-120.647942,39.745058,1647.2],[-120.647911,39.745074,1647.1],[-120.647862,39.745083,1645.7],[-120.647758,39.74511,1644.7],[-120.64761,39.745148,1643.4],[-120.647533,39.745204,1642.3],[-120.647504,39.745218,1641.3],[-120.647473,39.745228,1641.3],[-120.647436,39.745237,1641.3],[-120.647355,39.74526,1640.0],[-120.647316,39.745266,1639.0],[-120.647265,39.745278,1639.0],[-120.647113,39.745375,1636.6],[-120.647076,39.745412,1636.6],[-120.647052,39.745445,1636.0],[-120.647027,39.745471,1635.0],[-120.647008,39.745484,1635.0],[-120.647002,39.745487,1635.0],[-120.646998,39.745494,1635.0],[-120.646991,39.745518,1634.4],[-120.646984,39.745543,1634.4],[-120.646982,39.745563,1634.4],[-120.646985,39.745578,1634.4],[-120.646988,39.745589,1634.4],[-120.646987,39.745594,1634.4],[-120.647008,39.745625,1633.9],[-120.647042,39.745664,1633.9],[-120.647051,39.745684,1633.9],[-120.647056,39.745724,1633.5],[-120.647057,39.74575,1633.5],[-120.647056,39.745853,1633.2],[-120.647046,39.745886,1633.1],[-120.647041,39.745915,1633.1],[-120.64704,39.74594,1633.1],[-120.647044,39.745961,1633.1],[-120.647042,39.745985,1633.0],[-120.647036,39.746008,1633.0],[-120.647029,39.746029,1633.0],[-120.647006,39.746073,1633.0],[-120.646995,39.746099,1633.1],[-120.646973,39.746128,1631.8],[-120.646941,39.746156,1631.8],[-120.6469,39.746188,1632.1],[-120.646778,39.746377,1629.9],[-120.646723,39.746496,1630.6],[-120.646684,39.746544,1629.5],[-120.646656,39.746592,1629.5],[-120.646625,39.746627,1630.4],[-120.646575,39.74672,1628.4],[-120.646562,39.746754,1629.1],[-120.646565,39.746799,1629.1],[-120.646553,39.746843,1629.6],[-120.646509,39.746881,1627.9],[-120.646478,39.746905,1627.9],[-120.646451,39.746927,1628.1],[-120.646429,39.746947,1628.1],[-120.646402,39.746966,1626.5],[-120.646376,39.746987,1626.5],[-120.646355,39.747007,1626.5],[-120.646331,39.747029,1626.5],[-120.646308,39.747055,1624.9],[-120.646283,39.747098,1624.9],[-120.646258,39.747142,1624.8],[-120.646106,39.747368,1620.2],[-120.646068,39.747407,1619.6],[-120.646052,39.747442,1616.7],[-120.646039,39.747476,1616.7],[-120.646019,39.747504,1616.3],[-120.645996,39.747525,1616.3],[-120.645976,39.747546,1616.3],[-120.645959,39.747573,1616.2],[-120.64594,39.7476,1613.4],[-120.645894,39.747626,1613.4],[-120.645852,39.747626,1610.9],[-120.645807,39.747614,1610.9],[-120.645756,39.747611,1608.7],[-120.645748,39.74762,1608.7],[-120.645737,39.747641,1608.7],[-120.645695,39.747725,1609.4],[-120.64568,39.747753,1607.8],[-120.645654,39.747785,1607.8],[-120.645626,39.747821,1607.8],[-120.645614,39.747859,1608.1],[-120.645616,39.747932,1608.1],[-120.645618,39.747977,1608.1],[-120.64561,39.748024,1608.1],[-120.64559,39.748069,1605.7],[-120.645564,39.748105,1605.2],[-120.645544,39.748143,1605.2],[-120.645529,39.748186,1605.2],[-120.64551,39.748236,1602.1],[-120.64549,39.748288,1601.1],[-120.645478,39.748344,1601.1],[-120.645463,39.748463,1599.7],[-120.64546,39.748575,1597.8],[-120.645443,39.748599,1597.8],[-120.645419,39.748619,1595.9],[-120.6454,39.748637,1595.9],[-120.645395,39.748648,1595.9],[-120.645407,39.748661,1595.6],[-120.645421,39.748681,1595.6],[-120.645427,39.748711,1595.6],[-120.645436,39.748747,1597.6],[-120.645437,39.74878,1597.6],[-120.64542,39.748817,1595.5],[-120.645386,39.748852,1595.5],[-120.645349,39.748884,1595.5],[-120.645205,39.748974,1590.2],[-120.645168,39.748998,1590.2],[-120.645152,39.749018,1587.0],[-120.645138,39.749041,1587.1],[-120.645117,39.749063,1587.1],[-120.645085,39.749075,1587.1],[-120.645059,39.749081,1583.4],[-120.645045,39.74909,1583.4],[-120.645029,39.749112,1583.4],[-120.64501,39.749139,1584.4],[-120.644992,39.749168,1584.4],[-120.644974,39.749203,1580.6],[-120.644958,39.749242,1582.3],[-120.644955,39.749274,1582.3],[-120.644952,39.749301,1582.3],[-120.64491,39.749367,1583.9],[-120.644906,39.749402,1585.2],[-120.644864,39.749456,1582.3],[-120.64486,39.749462,1582.3],[-120.644859,39.749458,1582.3],[-120.644852,39.74946,1582.3],[-120.644856,39.749456,1582.3],[-120.644847,39.749478,1583.9],[-120.644833,39.749487,1583.9],[-120.64481,39.749504,1583.9],[-120.644775,39.749506,1581.3],[-120.644777,39.749516,1581.3],[-120.644781,39.749514,1581.3],[-120.644784,39.749504,1581.3],[-120.644792,39.749516,1583.9],[-120.644798,39.749528,1583.9],[-120.644812,39.749546,1583.9],[-120.64482,39.749552,1583.9],[-120.644819,39.74955,1583.9],[-120.644816,39.749546,1583.9],[-120.644815,39.749551,1583.9],[-120.6448,39.749552,1583.9],[-120.644779,39.749557,1583.9],[-120.644733,39.749581,1583.8],[-120.644704,39.7496,1583.8],[-120.644676,39.749623,1580.4],[-120.644641,39.749648,1580.4],[-120.644603,39.749664,1582.6],[-120.644551,39.749698,1579.2],[-120.644446,39.749762,1577.8],[-120.644302,39.74986,1574.6],[-120.644197,39.749941,1573.4],[-120.644136,39.749982,1573.4],[-120.643999,39.750053,1571.6],[-120.64387,39.750154,1571.3],[-120.643784,39.750262,1571.1],[-120.643763,39.750319,1570.8],[-120.643749,39.750363,1570.8],[-120.643731,39.750404,1571.6],[-120.643698,39.750445,1571.6],[-120.643664,39.750478,1570.3],[-120.643632,39.750505,1571.2],[-120.643598,39.750548,1571.2],[-120.643561,39.750586,1569.9],[-120.643486,39.750691,1571.6],[-120.643461,39.75074,1570.3],[-120.643444,39.750785,1571.2],[-120.64343,39.750828,1571.2],[-120.643392,39.750901,1572.1],[-120.643375,39.750934,1570.7],[-120.643353,39.75096,1571.4],[-120.643323,39.750985,1571.4],[-120.643289,39.751007,1569.8],[-120.643253,39.751038,1569.8],[-120.643204,39.751084,1568.8],[-120.643152,39.751132,1569.3],[-120.643104,39.751175,1567.8],[-120.64303,39.75121,1567.8],[-120.643013,39.751207,1566.4],[-120.642998,39.751197,1566.4],[-120.642986,39.751167,1566.4],[-120.642973,39.751072,1565.8],[-120.642968,39.751034,1565.3],[-120.642984,39.750913,1564.8],[-120.642978,39.750817,1564.3],[-120.642932,39.750698,1563.7],[-120.642924,39.750688,1562.5],[-120.642921,39.750687,1562.5],[-120.642921,39.750692,1562.5],[-120.642912,39.750706,1562.5],[-120.642859,39.75079,1562.9],[-120.642839,39.750822,1562.9],[-120.64282,39.750857,1561.1],[-120.642794,39.750924,1561.6],[-120.642776,39.750962,1559.9],[-120.642744,39.751079,1560.4],[-120.642726,39.751122,1560.9],[-120.642708,39.751166,1560.9],[-120.642674,39.751292,1560.3],[-120.642664,39.751329,1560.3],[-120.642659,39.751368,1560.3],[-120.642663,39.751413,1560.9],[-120.642666,39.751503,1561.6],[-120.642647,39.751599,1562.1],[-120.642641,39.751707,1562.6],[-120.642623,39.751815,1562.9],[-120.642618,39.751868,1561.1],[-120.642617,39.751916,1561.1],[-120.642617,39.752003,1561.5],[-120.642623,39.752041,1563.5],[-120.642632,39.752079,1563.5],[-120.642655,39.752122,1563.8],[-120.642667,39.752159,1563.8],[-120.642669,39.752196,1564.0],[-120.642687,39.752418,1564.5],[-120.642699,39.752488,1564.7],[-120.642701,39.752532,1564.7],[-120.642708,39.752591,1564.8],[-120.642715,39.752647,1566.2],[-120.642706,39.752764,1565.0],[-120.642689,39.75282,1565.0],[-120.642666,39.752924,1565.1],[-120.64262,39.753077,1563.7],[-120.642567,39.753194,1563.7],[-120.64254,39.753247,1563.6],[-120.642502,39.753306,1561.7],[-120.642457,39.753404,1562.0],[-120.642423,39.753457,1559.6],[-120.642403,39.753509,1560.2],[-120.642375,39.753562,1560.2],[-120.642365,39.753603,1561.3],[-120.642349,39.753644,1559.4],[-120.64232,39.753678,1559.4],[-120.642285,39.753713,1561.0],[-120.642248,39.753756,1559.2],[-120.642207,39.753808,1560.9],[-120.642163,39.753882,1562.2],[-120.642095,39.753958,1560.7],[-120.642057,39.753987,1560.6],[-120.642011,39.754018,1560.6],[-120.641884,39.754116,1558.0],[-120.641837,39.754142,1558.0],[-120.641789,39.754165,1556.9],[-120.641749,39.754194,1556.9],[-120.641695,39.754222,1554.8],[-120.641637,39.754254,1555.5],[-120.641609,39.754289,1553.9],[-120.641552,39.754358,1554.6],[-120.641512,39.754397,1553.4],[-120.641473,39.754433,1553.9],[-120.641396,39.754501,1553.1],[-120.641359,39.754541,1553.5],[-120.641319,39.754592,1552.9],[-120.641281,39.754635,1553.0],[-120.64122,39.754723,1551.9],[-120.641196,39.754771,1551.9],[-120.64117,39.754817,1550.1],[-120.641138,39.754863,1550.1],[-120.6411,39.754904,1548.8],[-120.641071,39.75495,1548.6],[-120.64105,39.755003,1547.8],[-120.641021,39.755043,1547.8],[-120.641001,39.755085,1547.5],[-120.640985,39.755136,1546.8],[-120.640947,39.755198,1546.7],[-120.640886,39.755272,1545.9],[-120.640793,39.755366,1545.2],[-120.640711,39.755441,1545.2],[-120.640638,39.755494,1544.4],[-120.640577,39.755535,1542.9],[-120.640513,39.755575,1541.9],[-120.640453,39.755606,1541.9],[-120.640395,39.755637,1540.6],[-120.64035,39.755681,1541.4],[-120.640302,39.755721,1540.3],[-120.640251,39.755751,1541.5],[-120.640195,39.755773,1540.6],[-120.640144,39.755798,1539.7],[-120.640096,39.755827,1539.7],[-120.640035,39.755869,1539.7],[-120.639982,39.755914,1539.7],[-120.639804,39.756051,1539.2],[-120.63956,39.756236,1538.4],[-120.639532,39.756257,1538.4],[-120.639509,39.75628,1538.4],[-120.639469,39.7563,1538.4],[-120.639419,39.756327,1538.4],[-120.639377,39.756349,1538.0],[-120.639341,39.756367,1538.0],[-120.639305,39.756387,1537.9],[-120.639262,39.756414,1537.9],[-120.63921,39.756429,1537.5],[-120.63912,39.756461,1537.0],[-120.639085,39.756488,1537.1],[-120.638984,39.756554,1536.5],[-120.63885,39.75659,1534.8],[-120.638714,39.75664,1534.1],[-120.638662,39.756657,1532.6],[-120.638622,39.756673,1532.6],[-120.638581,39.756689,1532.6],[-120.638542,39.756703,1532.0],[-120.638492,39.75671,1532.0],[-120.638384,39.756707,1531.3],[-120.638342,39.756698,1531.3],[-120.638324,39.756695,1531.3],[-120.638314,39.756697,1531.3],[-120.638278,39.756703,1531.2],[-120.638227,39.756715,1531.2],[-120.638173,39.756714,1531.2],[-120.638006,39.756699,1530.6],[-120.637873,39.756719,1530.2],[-120.637804,39.756738,1528.9],[-120.637729,39.756747,1529.3],[-120.637652,39.756754,1529.5],[-120.637583,39.756756,1529.5],[-120.63749,39.756728,1529.4],[-120.637454,39.756679,1530.6],[-120.637411,39.756643,1530.6],[-120.63736,39.756622,1531.9],[-120.637307,39.756613,1531.9],[-120.637256,39.756603,1531.7],[-120.637211,39.756606,1531.7],[-120.637171,39.756608,1531.7],[-120.637111,39.756595,1531.7],[-120.636994,39.75657,1530.7],[-120.636926,39.756565,1529.9],[-120.636858,39.756561,1529.9],[-120.636791,39.756559,1529.3],[-120.636738,39.75655,1528.8],[-120.636699,39.756553,1528.8],[-120.636672,39.756575,1528.8],[-120.636661,39.756596,1528.8],[-120.636668,39.756616,1528.8],[-120.636683,39.756635,1528.8],[-120.636702,39.756651,1528.5],[-120.636729,39.756669,1528.5],[-120.636768,39.75669,1528.9],[-120.636812,39.756707,1528.9],[-120.63686,39.756727,1529.0],[-120.636948,39.756774,1529.0],[-120.637018,39.756829,1528.3],[-120.637041,39.756858,1528.3],[-120.637058,39.756882,1528.3],[-120.637056,39.756898,1528.3],[-120.63704,39.756908,1527.4],[-120.637038,39.756909,1527.4],[-120.637026,39.756911,1527.4],[-120.636946,39.756906,1528.1],[-120.636909,39.756904,1528.1],[-120.636865,39.756902,1528.1],[-120.636688,39.756917,1527.0],[-120.636562,39.756956,1526.9],[-120.63648,39.756989,1526.6],[-120.636372,39.757013,1525.7],[-120.636272,39.757013,1525.0],[-120.636177,39.757022,1524.6],[-120.636085,39.757028,1524.1],[-120.636,39.75704,1524.1],[-120.635835,39.757085,1523.0],[-120.635759,39.757106,1521.9],[-120.635585,39.757147,1520.5],[-120.63543,39.757182,1519.3],[-120.635369,39.757204,1519.6],[-120.635321,39.757225,1519.2],[-120.635282,39.757239,1519.2],[-120.635239,39.757252,1518.6],[-120.635192,39.757269,1518.6],[-120.635133,39.757281,1518.0],[-120.635057,39.757287,1517.3],[-120.634975,39.757293,1516.3],[-120.634892,39.757318,1516.3],[-120.634783,39.757327,1515.0],[-120.634573,39.757309,1513.4],[-120.634506,39.757315,1511.3],[-120.634475,39.757338,1511.3],[-120.634464,39.757376,1511.7],[-120.63446,39.757414,1511.7],[-120.634458,39.75748,1511.5],[-120.634437,39.757526,1511.5],[-120.634375,39.75755,1509.0],[-120.634308,39.757565,1506.2],[-120.63423,39.757575,1504.1],[-120.634162,39.757582,1504.1],[-120.634103,39.757592,1502.2],[-120.634075,39.757604,1502.2],[-120.634058,39.757617,1500.2],[-120.634061,39.757634,1500.2],[-120.634063,39.757664,1500.1],[-120.63407,39.757707,1501.7],[-120.63407,39.757801,1501.1],[-120.634067,39.757849,1500.6],[-120.634063,39.757888,1500.6],[-120.634054,39.757924,1499.4],[-120.634025,39.757953,1499.2],[-120.633979,39.757974,1499.2],[-120.633935,39.757992,1498.3],[-120.633864,39.758009,1497.6],[-120.633796,39.758021,1497.4],[-120.633722,39.75803,1496.5],[-120.633651,39.758049,1495.4],[-120.63362,39.75808,1495.4],[-120.633603,39.758135,1495.3],[-120.633606,39.75819,1495.3],[-120.633613,39.758247,1495.0],[-120.633613,39.758307,1494.7],[-120.633621,39.758358,1494.7],[-120.633638,39.758406,1494.5],[-120.633657,39.758458,1494.5],[-120.63371,39.758557,1494.8],[-120.633753,39.758604,1494.4],[-120.633799,39.758646,1495.0],[-120.633847,39.758685,1494.5],[-120.633898,39.758722,1495.1],[-120.633941,39.758761,1494.6],[-120.634002,39.758839,1494.6],[-120.634034,39.758874,1494.6],[-120.634064,39.758906,1495.2],[-120.634094,39.758931,1495.2],[-120.634127,39.758954,1494.5],[-120.634171,39.758979,1495.2],[-120.634209,39.759004,1495.2],[-120.634217,39.759029,1495.2],[-120.634218,39.759063,1494.6],[-120.634206,39.759098,1494.6],[-120.634191,39.759124,1494.0],[-120.634163,39.759152,1494.0],[-120.63415,39.759176,1493.4],[-120.634139,39.759194,1493.4],[-120.634124,39.75922,1492.8],[-120.634121,39.759253,1492.8],[-120.634105,39.75929,1492.8],[-120.634089,39.759325,1492.4],[-120.634031,39.759381,1491.7],[-120.633982,39.759424,1491.2],[-120.63392,39.759476,1490.5],[-120.633882,39.759565,1489.4],[-120.633858,39.759611,1489.0],[-120.633822,39.759653,1489.0],[-120.633774,39.759684,1487.3],[-120.633679,39.759717,1486.0],[-120.633627,39.759729,1486.0],[-120.63356,39.759737,1484.8],[-120.633497,39.759746,1483.6],[-120.63345,39.759752,1483.6],[-120.633422,39.759756,1482.2],[-120.63339,39.759761,1482.2],[-120.633387,39.75976,1482.2],[-120.633381,39.759777,1481.4],[-120.633375,39.759794,1481.4],[-120.633373,39.759798,1481.4],[-120.633361,39.759805,1481.4],[-120.633341,39.759808,1479.9],[-120.633284,39.759808,1479.9],[-120.633277,39.759804,1479.9],[-120.63327,39.759814,1479.9],[-120.63327,39.759837,1479.9],[-120.633278,39.759861,1479.9],[-120.633289,39.759876,1479.0],[-120.633298,39.759885,1479.0],[-120.633301,39.759896,1479.0],[-120.633302,39.7599,1479.0],[-120.633294,39.759907,1479.0],[-120.633289,39.759922,1479.0],[-120.63328,39.759925,1479.0],[-120.633275,39.759923,1479.0],[-120.633255,39.759919,1477.2],[-120.633223,39.759904,1477.2],[-120.633184,39.75989,1477.2],[-120.633134,39.759878,1474.5],[-120.633001,39.759861,1471.0],[-120.632848,39.759821,1466.6],[-120.632729,39.759786,1464.2],[-120.632656,39.759769,1463.9],[-120.63261,39.759761,1462.2],[-120.632548,39.759747,1462.2],[-120.632479,39.759735,1460.9],[-120.632371,39.759734,1459.7],[-120.632331,39.759737,1458.5],[-120.632291,39.759746,1458.5],[-120.632253,39.759765,1458.5],[-120.632198,39.759782,1456.1],[-120.632144,39.759812,1454.8],[-120.632101,39.759825,1454.8],[-120.632057,39.759838,1453.6],[-120.632024,39.759843,1453.6],[-120.631997,39.759838,1453.6],[-120.631969,39.759831,1452.1],[-120.631938,39.759819,1452.1],[-120.631912,39.759801,1452.1],[-120.63189,39.759765,1453.1],[-120.63187,39.75973,1451.5],[-120.631849,39.759695,1451.5],[-120.631837,39.759658,1452.5],[-120.63183,39.75962,1452.5],[-120.631825,39.75958,1453.4],[-120.631773,39.759509,1451.6],[-120.631763,39.759494,1452.4],[-120.631734,39.759478,1452.4],[-120.63167,39.759461,1450.5],[-120.631602,39.759448,1450.5],[-120.631517,39.759428,1448.3],[-120.631439,39.759442,1446.1],[-120.631349,39.759436,1444.0],[-120.63125,39.759429,1445.0],[-120.631187,39.759425,1443.9],[-120.631135,39.75942,1443.9],[-120.631107,39.759427,1443.3],[-120.631089,39.759446,1441.2],[-120.631078,39.759464,1441.2],[-120.631076,39.759489,1441.2],[-120.63107,39.75951,1441.2],[-120.631051,39.759519,1438.9],[-120.631022,39.759522,1438.7],[-120.630992,39.759525,1438.7],[-120.630942,39.759519,1441.0],[-120.630867,39.759572,1438.7],[-120.630823,39.759623,1435.3],[-120.630763,39.759682,1435.3],[-120.630707,39.759744,1432.1],[-120.630656,39.759805,1432.1],[-120.630604,39.759854,1429.2],[-120.630568,39.759915,1425.4],[-120.630531,39.75998,1425.4],[-120.630477,39.760107,1416.1],[-120.630432,39.760155,1416.1],[-120.630388,39.760196,1414.1],[-120.63035,39.760229,1414.1],[-120.630336,39.760258,1414.1],[-120.630331,39.760292,1412.6],[-120.630316,39.760322,1412.6],[-120.630309,39.760353,1413.1],[-120.630315,39.760392,1410.9],[-120.630314,39.760438,1410.9],[-120.630299,39.760484,1407.7],[-120.630267,39.760521,1407.7],[-120.630231,39.76055,1404.5],[-120.630197,39.760543,1408.6],[-120.630159,39.76055,1405.6],[-120.630119,39.760558,1407.1],[-120.630043,39.760577,1407.1],[-120.629982,39.760596,1408.5],[-120.629919,39.760632,1407.7],[-120.629769,39.760739,1407.6],[-120.629716,39.760783,1409.2],[-120.629696,39.760824,1407.4],[-120.629705,39.760864,1407.4],[-120.629727,39.760919,1406.3],[-120.629754,39.761044,1403.5],[-120.629764,39.761086,1403.5],[-120.629778,39.761111,1402.5],[-120.629792,39.761133,1402.5],[-120.629802,39.761147,1402.5],[-120.629831,39.76116,1402.5],[-120.629871,39.761176,1400.3],[-120.629897,39.761202,1397.8],[-120.629918,39.76124,1397.8],[-120.629924,39.761298,1396.0],[-120.629945,39.761389,1391.7],[-120.630022,39.761441,1391.7],[-120.630071,39.761472,1389.7],[-120.630114,39.761501,1389.7],[-120.630152,39.761535,1389.1],[-120.630204,39.761566,1388.9],[-120.630262,39.761599,1388.4],[-120.6303,39.761625,1388.4],[-120.630356,39.761654,1386.6],[-120.630384,39.761688,1386.6],[-120.630439,39.761735,1386.6],[-120.630474,39.761784,1383.7],[-120.630513,39.761826,1383.5],[-120.630555,39.761858,1380.9],[-120.630591,39.761909,1381.3],[-120.63062,39.761941,1379.2],[-120.630646,39.761973,1379.2],[-120.630684,39.762027,1380.0],[-120.63067,39.762043,1379.1],[-120.630658,39.762059,1379.1],[-120.630647,39.762068,1377.6],[-120.630644,39.762071,1377.6],[-120.630646,39.762073,1377.6],[-120.630649,39.762074,1377.6],[-120.630655,39.762088,1379.1],[-120.630663,39.762151,1379.4],[-120.630662,39.762184,1379.4],[-120.630631,39.762211,1377.2],[-120.63058,39.762239,1377.8],[-120.630517,39.762274,1376.8],[-120.630461,39.762312,1376.3],[-120.630393,39.762358,1376.0],[-120.630328,39.762402,1375.4],[-120.630309,39.762461,1375.3],[-120.630278,39.762563,1375.3],[-120.630254,39.762599,1374.4],[-120.630253,39.762629,1374.4],[-120.630229,39.762654,1374.4],[-120.630209,39.762703,1374.6],[-120.630191,39.762774,1374.3],[-120.630174,39.762837,1373.0],[-120.63015,39.762884,1371.7],[-120.63013,39.762934,1371.7],[-120.630108,39.762991,1371.7],[-120.630091,39.763049,1372.0],[-120.630068,39.763103,1369.7],[-120.63003,39.763207,1369.7],[-120.630024,39.763282,1370.0],[-120.630013,39.763314,1370.0],[-120.629993,39.763351,1370.0],[-120.629972,39.763393,1367.8],[-120.629953,39.763433,1367.6],[-120.629939,39.763476,1367.6],[-120.629916,39.763572,1367.4],[-120.629893,39.763671,1367.3],[-120.629896,39.763725,1367.0],[-120.629947,39.763826,1366.2],[-120.629985,39.763877,1367.2],[-120.630025,39.763933,1366.1],[-120.630072,39.763993,1364.7],[-120.630114,39.764047,1365.3],[-120.630195,39.764129,1364.7],[-120.630243,39.764164,1364.7],[-120.630296,39.7642,1364.5],[-120.630415,39.764293,1363.9],[-120.630535,39.764424,1363.9],[-120.630545,39.76453,1363.0],[-120.63052,39.764569,1363.2],[-120.6305,39.764601,1363.2],[-120.630471,39.764628,1364.2],[-120.630436,39.764644,1363.1],[-120.630393,39.764659,1363.1],[-120.630339,39.764664,1363.1],[-120.630285,39.764674,1362.1],[-120.630235,39.764687,1361.1],[-120.630179,39.764709,1361.1],[-120.630138,39.764734,1361.9],[-120.630099,39.764765,1361.9],[-120.630061,39.764801,1360.8],[-120.630025,39.764842,1362.0],[-120.629988,39.764885,1362.0],[-120.629943,39.764917,1361.7],[-120.629897,39.764941,1361.7],[-120.629844,39.764957,1360.6],[-120.629785,39.764979,1359.7],[-120.629725,39.765002,1360.6],[-120.629667,39.765026,1359.3],[-120.629573,39.765108,1358.0],[-120.62954,39.765148,1358.0],[-120.629505,39.765189,1357.4],[-120.629451,39.765227,1357.8],[-120.629381,39.765263,1357.2],[-120.629305,39.765302,1357.1],[-120.629236,39.765351,1356.5],[-120.629086,39.765461,1356.4],[-120.62892,39.765558,1356.2],[-120.628833,39.765596,1355.8],[-120.628642,39.765685,1354.8],[-120.628466,39.765774,1353.6],[-120.628255,39.765811,1352.4],[-120.628145,39.765823,1351.7],[-120.628065,39.765821,1351.1],[-120.627983,39.765819,1350.5],[-120.627898,39.765826,1349.9],[-120.62782,39.765845,1349.3],[-120.627753,39.765875,1348.8],[-120.627696,39.765909,1348.8],[-120.627634,39.765937,1347.9],[-120.627569,39.765958,1347.5],[-120.627509,39.765976,1347.5],[-120.627456,39.766002,1346.8],[-120.627413,39.76604,1346.8],[-120.627375,39.766086,1346.5],[-120.627347,39.766145,1346.3],[-120.627331,39.766206,1345.9],[-120.627315,39.766267,1345.6],[-120.627316,39.766323,1345.1],[-120.627312,39.76638,1345.0],[-120.627296,39.766438,1345.0],[-120.627286,39.766496,1344.9],[-120.627269,39.766538,1344.9],[-120.627229,39.766557,1344.5],[-120.62718,39.766562,1344.2],[-120.627137,39.766559,1344.2],[-120.627109,39.76655,1343.8],[-120.62709,39.766569,1343.8],[-120.627074,39.766547,1343.8],[-120.627055,39.766527,1343.9],[-120.627039,39.766504,1343.5],[-120.627022,39.766473,1343.5],[-120.626992,39.766435,1343.8],[-120.626879,39.766277,1343.8],[-120.62677,39.766144,1343.8],[-120.62672,39.766095,1343.8],[-120.626549,39.765983,1343.5],[-120.62641,39.765883,1343.7],[-120.626346,39.765847,1343.8],[-120.626215,39.76578,1343.9],[-120.626096,39.765715,1343.8],[-120.625929,39.765616,1344.0],[-120.625873,39.765571,1344.3],[-120.625765,39.765521,1344.2],[-120.625621,39.765451,1344.3],[-120.62552,39.765407,1344.4],[-120.625381,39.765352,1344.0],[-120.625339,39.765329,1344.4],[-120.625296,39.765309,1344.4],[-120.625246,39.765287,1344.2],[-120.625191,39.765266,1344.2],[-120.625131,39.765251,1344.2],[-120.625073,39.765242,1344.1],[-120.62502,39.765234,1344.1],[-120.624912,39.765211,1344.4],[-120.624857,39.765209,1344.4],[-120.624803,39.765214,1344.3],[-120.624746,39.76522,1343.8],[-120.624691,39.765221,1343.8],[-120.624643,39.765223,1343.7],[-120.624599,39.765227,1343.7],[-120.624547,39.765243,1343.6],[-120.624447,39.765261,1343.5],[-120.624396,39.765275,1343.5],[-120.62434,39.765282,1343.4],[-120.624294,39.765287,1343.4],[-120.624249,39.765291,1343.4],[-120.624203,39.765305,1343.4],[-120.624101,39.765331,1342.9],[-120.623948,39.76533,1342.9],[-120.623914,39.76534,1342.9],[-120.623803,39.765369,1342.9],[-120.62375,39.765379,1342.9],[-120.623705,39.765386,1342.9],[-120.623664,39.765392,1342.9],[-120.623621,39.765401,1342.6],[-120.623579,39.765413,1342.6],[-120.623505,39.765434,1342.7],[-120.623446,39.765444,1342.7],[-120.62335,39.765427,1342.9],[-120.623307,39.765408,1342.9],[-120.623266,39.765389,1343.3],[-120.623186,39.765354,1343.3],[-120.62315,39.765326,1343.4],[-120.623123,39.765303,1343.7],[-120.623086,39.76529,1343.7],[-120.623041,39.765285,1343.7],[-120.623006,39.765283,1343.7],[-120.62296,39.765301,1343.9],[-120.622813,39.76544,1343.2],[-120.622783,39.765477,1343.1],[-120.622753,39.765513,1342.7],[-120.622719,39.765544,1342.7],[-120.622683,39.765573,1342.2],[-120.62265,39.765607,1342.2],[-120.622605,39.765649,1342.1],[-120.622564,39.765694,1341.8],[-120.622447,39.765831,1341.4],[-120.622346,39.765975,1340.5],[-120.622305,39.766014,1340.5],[-120.622263,39.766048,1339.9],[-120.622227,39.766082,1339.9],[-120.62216,39.766152,1339.3],[-120.622127,39.766187,1339.3],[-120.622097,39.766221,1339.3],[-120.62207,39.766259,1338.6],[-120.622009,39.766333,1338.0],[-120.621985,39.766368,1338.0],[-120.621962,39.7664,1337.9],[-120.621941,39.76643,1337.3],[-120.621919,39.766459,1337.3],[-120.621893,39.766494,1337.3],[-120.621864,39.76653,1336.6],[-120.621788,39.766618,1336.0],[-120.621767,39.766642,1336.0],[-120.62174,39.766668,1336.0],[-120.621708,39.766694,1335.5],[-120.621648,39.766736,1335.3],[-120.621565,39.766782,1334.6],[-120.621543,39.766798,1334.6],[-120.621505,39.76681,1334.5],[-120.621454,39.766822,1334.5],[-120.621411,39.766829,1334.3],[-120.621101,39.766857,1333.7],[-120.621047,39.766868,1333.3],[-120.620984,39.76687,1333.1],[-120.620945,39.766874,1333.0],[-120.620902,39.766879,1333.0],[-120.62087,39.76688,1333.0],[-120.620853,39.766881,1332.9],[-120.620848,39.766887,1332.9],[-120.620839,39.766899,1332.9],[-120.620849,39.766911,1332.9],[-120.620856,39.766922,1332.9],[-120.620865,39.766936,1333.0],[-120.620872,39.766955,1333.0],[-120.620869,39.766969,1332.8],[-120.620847,39.766988,1332.6],[-120.620809,39.767016,1332.6],[-120.62071,39.767037,1332.5],[-120.620649,39.767056,1331.9],[-120.620608,39.767089,1331.9],[-120.620509,39.767132,1332.0],[-120.6204,39.767169,1331.5],[-120.620194,39.767299,1330.6],[-120.620148,39.767319,1330.6],[-120.620108,39.767329,1330.5],[-120.62007,39.767341,1330.3],[-120.62004,39.767351,1330.3],[-120.620005,39.76735,1330.4],[-120.619978,39.76735,1330.4],[-120.619954,39.767358,1330.4],[-120.619925,39.767368,1330.5],[-120.619889,39.767381,1330.5],[-120.619854,39.767397,1330.5],[-120.6198,39.767421,1330.7],[-120.619748,39.767434,1330.6],[-120.619676,39.767439,1331.1],[-120.61966,39.76744,1331.1],[-120.619642,39.767445,1331.6],[-120.619566,39.767466,1331.6],[-120.619566,39.767468,1331.6],[-120.619556,39.76746,1332.0],[-120.619539,39.767457,1332.0],[-120.619523,39.76745,1332.0],[-120.619465,39.767392,1332.2],[-120.619455,39.767375,1332.2],[-120.619443,39.767356,1332.2],[-120.619423,39.767331,1332.4],[-120.619398,39.767301,1332.4],[-120.619354,39.767227,1332.6],[-120.619296,39.767095,1332.5],[-120.619241,39.766992,1332.8],[-120.619215,39.766944,1332.8],[-120.61919,39.766907,1333.0],[-120.619115,39.766813,1332.9],[-120.619088,39.76679,1333.0],[-120.619056,39.766772,1333.2],[-120.619032,39.76676,1333.2],[-120.619002,39.766738,1333.2],[-120.618966,39.766707,1333.2],[-120.618934,39.766688,1333.2],[-120.618765,39.766554,1333.3],[-120.618722,39.766502,1333.2],[-120.618684,39.766435,1333.3],[-120.618664,39.7664,1333.3],[-120.618642,39.766362,1333.3],[-120.618624,39.766331,1333.2],[-120.618606,39.766306,1333.3],[-120.61853,39.766236,1333.1],[-120.618514,39.766229,1333.1],[-120.618498,39.766224,1333.1],[-120.618487,39.766214,1333.1],[-120.618485,39.76621,1333.1],[-120.61849,39.766205,1333.1],[-120.618493,39.766203,1333.1],[-120.618501,39.766203,1333.1],[-120.618503,39.766194,1333.1],[-120.618491,39.766189,1333.1],[-120.618492,39.766181,1333.1],[-120.618486,39.766175,1333.1],[-120.618484,39.766175,1333.1],[-120.61848,39.766167,1333.1],[-120.618474,39.766161,1332.9],[-120.618463,39.766153,1332.9],[-120.618452,39.766147,1332.9],[-120.618446,39.766146,1332.9],[-120.618451,39.766148,1332.9],[-120.618451,39.766174,1333.0],[-120.61843,39.766159,1332.9],[-120.618425,39.766135,1332.9],[-120.618428,39.766134,1332.9],[-120.618444,39.766138,1332.9],[-120.618457,39.766136,1332.9],[-120.618461,39.766137,1332.9],[-120.618467,39.766132,1332.9],[-120.618478,39.766134,1332.9],[-120.618502,39.766137,1333.0],[-120.618516,39.766136,1333.0],[-120.618533,39.766135,1333.0],[-120.618577,39.76614,1333.0],[-120.618563,39.766134,1333.0],[-120.618581,39.76614,1333.0],[-120.618654,39.766203,1333.2],[-120.618684,39.766233,1333.3],[-120.618713,39.766264,1333.4],[-120.618815,39.766359,1333.4],[-120.618854,39.766395,1333.4],[-120.618937,39.766479,1333.3],[-120.619006,39.766593,1333.3],[-120.619272,39.767005,1332.8],[-120.6193,39.767057,1332.8],[-120.619331,39.767116,1332.5],[-120.619363,39.767177,1332.5],[-120.619387,39.767227,1332.6],[-120.619408,39.76724,1332.6],[-120.619421,39.767277,1332.6],[-120.619431,39.767314,1332.4],[-120.619442,39.767351,1332.4],[-120.619457,39.767387,1332.2],[-120.619483,39.76745,1332.2],[-120.619497,39.767483,1332.2],[-120.619511,39.767514,1332.2],[-120.619521,39.76755,1332.2],[-120.61953,39.767591,1332.0],[-120.619544,39.767679,1331.6],[-120.619523,39.767793,1331.5],[-120.61951,39.767815,1331.5],[-120.6195,39.767829,1331.5],[-120.619494,39.767832,1331.5],[-120.619495,39.767832,1331.5],[-120.619494,39.767829,1331.5],[-120.61949,39.767834,1331.5],[-120.619492,39.767841,1331.3],[-120.619456,39.767881,1331.3],[-120.619442,39.767894,1331.3],[-120.61944,39.767898,1331.3],[-120.619446,39.767896,1331.3],[-120.619447,39.7679,1331.3],[-120.619423,39.767922,1331.4],[-120.61942,39.767928,1331.4],[-120.619419,39.767929,1331.4],[-120.619423,39.767926,1331.4],[-120.619419,39.767928,1331.4]]}}
